IMG_ID,normal_rg_dice,normal_rg_predicted_voxels,normal_rg_ostia_status,normal_rg_left_distance_mm,normal_rg_right_distance_mm,normal_rg_left_ostium,normal_rg_right_ostium,normal_rg_threshold_voxels,normal_rg_lcc_voxels,normal_rg_fc_processed_voxels,normal_rg_fc_candidate_voxels,normal_rg_ostia_success,fuzzy_rg_dice,fuzzy_rg_predicted_voxels,fuzzy_rg_ostia_status,fuzzy_rg_left_distance_mm,fuzzy_rg_right_distance_mm,fuzzy_rg_left_ostium,fuzzy_rg_right_ostium,fuzzy_rg_threshold_voxels,fuzzy_rg_lcc_voxels,fuzzy_rg_fc_processed_voxels,fuzzy_rg_fc_candidate_voxels,fuzzy_rg_ostia_success,normal_fc_dice,normal_fc_predicted_voxels,normal_fc_ostia_status,normal_fc_left_distance_mm,normal_fc_right_distance_mm,normal_fc_left_ostium,normal_fc_right_ostium,normal_fc_threshold_voxels,normal_fc_lcc_voxels,normal_fc_fc_processed_voxels,normal_fc_fc_candidate_voxels,normal_fc_ostia_success,fuzzy_fc_dice,fuzzy_fc_predicted_voxels,fuzzy_fc_ostia_status,fuzzy_fc_left_distance_mm,fuzzy_fc_right_distance_mm,fuzzy_fc_left_ostium,fuzzy_fc_right_ostium,fuzzy_fc_threshold_voxels,fuzzy_fc_lcc_voxels,fuzzy_fc_fc_processed_voxels,fuzzy_fc_fc_candidate_voxels,fuzzy_fc_ostia_success,same_ostia_between_thresholds,normal_fc_delta_vs_rg,fuzzy_fc_delta_vs_rg,fuzzy_rg_delta_vs_normal_rg,fuzzy_threshold_rescue,fuzzy_threshold_regression,shared_ostia_failure,shared_low_dice_with_good_ostia,fc_prevents_rg_leakage_normal,fc_recovers_rg_undersegmentation_normal,fc_undersegments_normal,fc_undersegments_fuzzy,threshold_changes_segmentation_with_same_ostia,failure_categories
2,0.7060443572784744,24835.0,both tolerable,2.6759950872584297,0.8948979188467532,"(87, 155, 222)","(105, 122, 258)",,,,,True,0.7059706158174429,24891.0,both tolerable,2.6759950872584297,0.8948979188467532,"(87, 155, 222)","(105, 122, 258)",12883759.0,12638729.0,,,True,0.67529463116543,22726.0,both tolerable,2.6759950872584297,0.8948979188467532,"(87, 155, 222)","(105, 122, 258)",,,5942.0,500000.0,True,0.6753212807667175,22816.0,both tolerable,2.6759950872584297,0.8948979188467532,"(87, 155, 222)","(105, 122, 258)",12883759.0,12638729.0,5975.0,500000.0,True,True,-0.030749726113044384,-0.030649335050725424,-7.37414610314513e-05,False,False,False,False,False,False,False,False,False,no_flag
6,0.521472627667318,10826.0,both tolerable,1.580969937216648,1.4141380332036633,"(83, 145, 140)","(106, 120, 189)",,,,,True,0.5201055974289321,10860.0,both tolerable,1.580969937216648,1.4141380332036633,"(83, 145, 140)","(106, 120, 189)",11745465.0,11540137.0,,,True,0.4823297914207005,10133.0,both tolerable,1.580969937216648,1.4141380332036633,"(83, 145, 140)","(106, 120, 189)",,,2533.0,402690.0,True,0.4813985464545276,10178.0,both tolerable,1.580969937216648,1.4141380332036633,"(83, 145, 140)","(106, 120, 189)",11745465.0,11540137.0,2551.0,400043.0,True,True,-0.03914283624661746,-0.03870705097440452,-0.0013670302383858024,False,False,False,False,False,False,False,False,False,no_flag
9,0.4875729315018147,15209.0,both tolerable,2.3964899462547304,3.081097866426836,"(95, 166, 199)","(110, 141, 223)",,,,,True,0.4880217451395927,15087.0,both tolerable,2.3964899462547304,3.081097866426836,"(95, 166, 199)","(110, 141, 223)",8337474.0,8102896.0,,,True,0.4349364724386227,12366.0,both tolerable,2.3964899462547304,3.081097866426836,"(95, 166, 199)","(110, 141, 223)",,,3237.0,500000.0,True,0.4346006106569486,12287.0,both tolerable,2.3964899462547304,3.081097866426836,"(95, 166, 199)","(110, 141, 223)",8337474.0,8102896.0,3209.0,500000.0,True,True,-0.052636459063191976,-0.05342113448264407,0.00044881363777798944,False,False,False,False,False,False,False,False,False,no_flag
10,0.6501526976586359,33691.0,both tolerable,0.9943689110435824,0.0,"(91, 161, 178)","(118, 126, 211)",,,,,True,0.6499483199756002,33768.0,both tolerable,0.9943689110435824,0.0,"(91, 161, 178)","(118, 126, 211)",11387662.0,11038363.0,,,True,0.6506733016155877,34234.0,both tolerable,0.9943689110435824,0.0,"(91, 161, 178)","(118, 126, 211)",,,9686.0,500000.0,True,0.6501434732267213,34344.0,both tolerable,0.9943689110435824,0.0,"(91, 161, 178)","(118, 126, 211)",11387662.0,11038363.0,9774.0,500000.0,True,True,0.0005206039569517484,0.00019515325112107185,-0.0002043776830357169,False,False,False,False,False,False,False,False,False,no_flag
11,0.5077697995927554,10541.0,found but incorrect,0.0,inf,"(96, 144, 172)",,,,,,False,0.3770361330715763,20242.0,found but incorrect,20.13861268069688,0.0,"(99, 186, 103)","(96, 144, 172)",11950739.0,11514521.0,,,False,0.5107282301106852,10465.0,found but incorrect,0.0,inf,"(96, 144, 172)",,,,2460.0,432718.0,False,0.376846834941192,20383.0,found but incorrect,20.13861268069688,0.0,"(99, 186, 103)","(96, 144, 172)",11950739.0,11514521.0,5179.0,439527.0,False,False,0.0029584305179298775,-0.00018929813038431886,-0.13073366652117907,False,False,True,False,False,False,False,False,False,shared_ostia_failure
23,0.0,7192.0,found but incorrect,55.035933113883154,30.65221233006745,"(44, 150, 250)","(87, 131, 250)",,,,,False,0.0,7188.0,found but incorrect,55.287466334747336,31.085496951593665,"(44, 150, 251)","(87, 131, 251)",12433507.0,11738688.0,,,False,0.0,7928.0,found but incorrect,55.035933113883154,30.65221233006745,"(44, 150, 250)","(87, 131, 250)",,,2479.0,469438.0,False,0.0,7868.0,found but incorrect,55.287466334747336,31.085496951593665,"(44, 150, 251)","(87, 131, 251)",12433507.0,11738688.0,2478.0,480999.0,False,False,0.0,0.0,0.0,False,False,True,False,False,False,False,False,False,shared_ostia_failure
30,0.5580723795237202,17946.0,found but incorrect,0.0,14.848428539011293,"(96, 152, 167)","(180, 121, 146)",,,,,False,0.5469569245020843,18591.0,found but incorrect,0.0,17.206303634587673,"(96, 152, 167)","(147, 81, 158)",11951656.0,11615914.0,,,False,0.5592683521055491,17975.0,found but incorrect,0.0,14.848428539011293,"(96, 152, 167)","(180, 121, 146)",,,5398.0,493464.0,False,0.5493360041546109,18532.0,found but incorrect,0.0,17.206303634587673,"(96, 152, 167)","(147, 81, 158)",11951656.0,11615914.0,5490.0,487903.0,False,False,0.001195972581828908,0.0023790796525265945,-0.011115455021635912,False,False,True,False,False,False,False,False,False,shared_ostia_failure
32,0.7893705305906241,28658.0,both tolerable,1.1855002178833889,0.0,"(110, 173, 161)","(137, 136, 210)",,,,,True,0.5823681936041487,18303.0,both tolerable,6.706717286623562,0.0,"(100, 169, 172)","(137, 136, 210)",12375081.0,12276192.0,,,True,0.7795618379540687,28760.0,both tolerable,1.1855002178833889,0.0,"(110, 173, 161)","(137, 136, 210)",,,8267.0,500000.0,True,0.5662337662337662,17838.0,both tolerable,6.706717286623562,0.0,"(100, 169, 172)","(137, 136, 210)",12375081.0,12276192.0,5159.0,500000.0,True,False,-0.009808692636555372,-0.01613442737038251,-0.2070023369864754,False,False,False,False,False,False,False,False,False,no_flag
35,0.5805992027069605,87419.0,both tolerable,1.2734375,0.8095744354916121,"(109, 133, 199)","(126, 101, 238)",,,,,True,0.6029583524855134,74134.0,both tolerable,2.248134263342745,0.8095744354916121,"(111, 133, 204)","(126, 101, 238)",9663222.0,9478918.0,,,True,0.6206625638339662,78891.0,both tolerable,1.2734375,0.8095744354916121,"(109, 133, 199)","(126, 101, 238)",,,22312.0,500000.0,True,0.6264572979615328,70002.0,both tolerable,2.248134263342745,0.8095744354916121,"(111, 133, 204)","(126, 101, 238)",9663222.0,9478918.0,20383.0,500000.0,True,False,0.0400633611270057,0.023498945476019384,0.02235914977855291,False,False,False,False,False,False,False,False,False,no_flag
46,0.4820089001907183,20461.0,both tolerable,0.0,4.8465780554589495,"(94, 177, 185)","(139, 86, 170)",,,,,True,0.4818959214165368,20455.0,both tolerable,0.0,4.8465780554589495,"(94, 177, 185)","(139, 86, 170)",11751495.0,11453775.0,,,True,0.481367144432194,21031.0,both tolerable,0.0,4.8465780554589495,"(94, 177, 185)","(139, 86, 170)",,,6372.0,500000.0,True,0.4812819058423142,21009.0,both tolerable,0.0,4.8465780554589495,"(94, 177, 185)","(139, 86, 170)",11751495.0,11453775.0,6364.0,500000.0,True,True,-0.000641755758524265,-0.0006140155742226372,-0.0001129787741814825,False,False,False,False,False,False,False,False,False,no_flag
65,0.6823468596536573,20150.0,both tolerable,1.375,0.5,"(100, 151, 147)","(114, 112, 164)",,,,,True,0.6819626385551507,20163.0,both tolerable,1.375,0.5,"(100, 151, 147)","(114, 112, 164)",9119699.0,8907297.0,,,True,0.6757207048013328,21074.0,both tolerable,1.375,0.5,"(100, 151, 147)","(114, 112, 164)",,,5258.0,297968.0,True,0.673080331147624,20959.0,both tolerable,1.375,0.5,"(100, 151, 147)","(114, 112, 164)",9119699.0,8907297.0,5262.0,308292.0,True,True,-0.0066261548523244285,-0.008882307407526713,-0.00038422109850655417,False,False,False,False,False,False,False,False,False,no_flag
68,0.4488971391133435,12525.0,found but incorrect,0.0,19.97053073351633,"(115, 132, 173)","(150, 84, 139)",,,,,False,0.4511352418558736,12361.0,found but incorrect,0.0,49.51775064958556,"(115, 132, 173)","(59, 78, 136)",9723503.0,9464480.0,,,False,0.4615129945373282,12139.0,found but incorrect,0.0,19.97053073351633,"(115, 132, 173)","(150, 84, 139)",,,3315.0,314101.0,False,0.4529731777952201,12840.0,found but incorrect,0.0,49.51775064958556,"(115, 132, 173)","(59, 78, 136)",9723503.0,9464480.0,3500.0,317082.0,False,False,0.01261585542398469,0.0018379359393465022,0.0022381027425301125,False,False,True,False,False,False,False,False,False,shared_ostia_failure
72,0.7618599249878379,31466.0,both tolerable,0.76171875,0.0,"(96, 178, 190)","(123, 145, 212)",,,,,True,0.7622906537007024,30677.0,both tolerable,0.76171875,0.0,"(96, 178, 190)","(123, 145, 212)",12590308.0,12467223.0,,,True,0.7600452034153692,31455.0,both tolerable,0.76171875,0.0,"(96, 178, 190)","(123, 145, 212)",,,9463.0,500000.0,True,0.7605866294203543,30747.0,both tolerable,0.76171875,0.0,"(96, 178, 190)","(123, 145, 212)",12590308.0,12467223.0,9125.0,500000.0,True,True,-0.0018147215724687582,-0.0017040242803481043,0.0004307287128644255,False,False,False,False,False,False,False,False,False,no_flag
73,0.7093365821242662,43454.0,both tolerable,0.0,0.5,"(91, 155, 159)","(119, 126, 195)",,,,,True,0.7130235023855805,43708.0,both tolerable,0.0,0.8095744354916121,"(91, 155, 159)","(119, 126, 194)",10477586.0,10272235.0,,,True,0.6954152404972077,41980.0,both tolerable,0.0,0.5,"(91, 155, 159)","(119, 126, 195)",,,12989.0,334880.0,True,0.7124647122692725,45264.0,both tolerable,0.0,0.8095744354916121,"(91, 155, 159)","(119, 126, 194)",10477586.0,10272235.0,13956.0,325745.0,True,False,-0.013921341627058492,-0.0005587901163079945,0.0036869202613143415,False,False,False,False,False,False,False,False,False,no_flag
80,0.6528477650968322,17945.0,both tolerable,0.5,0.63671875,"(84, 161, 156)","(119, 131, 183)",,,,,True,0.6536614645858343,17884.0,both tolerable,0.5,0.63671875,"(84, 161, 156)","(119, 131, 183)",11424569.0,11047323.0,,,True,0.6522633195353185,18677.0,both tolerable,0.5,0.63671875,"(84, 161, 156)","(119, 131, 183)",,,4948.0,413368.0,True,0.6526518494744443,18621.0,both tolerable,0.5,0.63671875,"(84, 161, 156)","(119, 131, 183)",11424569.0,11047323.0,4921.0,419632.0,True,True,-0.0005844455615137134,-0.001009615111389972,0.0008136994890021176,False,False,False,False,False,False,False,False,False,no_flag
83,0.6626279404939297,20377.0,both tolerable,0.8125,0.0,"(102, 168, 184)","(108, 122, 211)",,,,,True,0.6627432785524163,20391.0,both tolerable,0.8125,0.0,"(102, 168, 184)","(108, 122, 211)",14168234.0,14080504.0,,,True,0.647881542295851,13545.0,both tolerable,0.8125,0.0,"(102, 168, 184)","(108, 122, 211)",,,3688.0,500000.0,True,0.6479038405159777,13550.0,both tolerable,0.8125,0.0,"(102, 168, 184)","(108, 122, 211)",14168234.0,14080504.0,3691.0,500000.0,True,True,-0.014746398198078658,-0.014839438036438612,0.00011533805848662482,False,False,False,False,False,False,False,False,False,no_flag
87,0.6918347665354014,26106.0,both tolerable,0.0,1.345667690480501,"(101, 162, 191)","(111, 122, 218)",,,,,True,0.0,4550.0,found but incorrect,38.58417494139538,40.117573368701706,"(79, 162, 268)","(61, 130, 268)",12562115.0,11412354.0,,,False,0.672549295491548,26085.0,both tolerable,0.0,1.345667690480501,"(101, 162, 191)","(111, 122, 218)",,,6928.0,494007.0,True,0.0,5121.0,found but incorrect,38.58417494139538,40.117573368701706,"(79, 162, 268)","(61, 130, 268)",12562115.0,11412354.0,1403.0,500000.0,False,False,-0.019285471043853475,0.0,-0.6918347665354014,False,True,False,False,False,False,False,False,False,fuzzy_threshold_regression
89,0.7145972187937135,26167.0,both tolerable,0.0,1.0,"(93, 172, 162)","(106, 130, 195)",,,,,True,0.7216654138478242,25447.0,both tolerable,0.0,1.0,"(94, 171, 161)","(106, 130, 195)",11951297.0,11650803.0,,,True,0.6973312725399279,26080.0,both tolerable,0.0,1.0,"(93, 172, 162)","(106, 130, 195)",,,7282.0,372469.0,True,0.7020035822884992,25569.0,both tolerable,0.0,1.0,"(94, 171, 161)","(106, 130, 195)",11951297.0,11650803.0,7157.0,362277.0,True,False,-0.017265946253785636,-0.019661831559324994,0.007068195054110715,False,False,False,False,False,False,False,False,False,no_flag
101,0.2868193924123374,64965.0,found but incorrect,0.8095744354916121,58.01201557794743,"(133, 122, 167)","(52, 66, 131)",,,,,False,0.5360165118679051,22926.0,found but incorrect,17.914483698847953,0.8095744354916121,"(92, 137, 153)","(133, 122, 167)",9651325.0,9424550.0,,,False,0.4913886975266117,19475.0,found but incorrect,0.8095744354916121,58.01201557794743,"(133, 122, 167)","(52, 66, 131)",,,4952.0,414285.0,False,0.5055241668001006,18193.0,found but incorrect,17.914483698847953,0.8095744354916121,"(92, 137, 153)","(133, 122, 167)",9651325.0,9424550.0,4621.0,395507.0,False,False,0.2045693051142743,-0.030492345067804516,0.24919711945556772,False,False,True,False,False,False,False,False,False,shared_ostia_failure
110,0.6923461086140512,32146.0,both tolerable,1.8706859550397048,2.1793269471061043,"(94, 175, 174)","(107, 141, 200)",,,,,True,0.6907961767987968,31906.0,both tolerable,1.8706859550397048,2.1793269471061043,"(94, 175, 174)","(107, 141, 200)",11526318.0,11188720.0,,,True,0.6846481704865299,32248.0,both tolerable,1.8706859550397048,2.1793269471061043,"(94, 175, 174)","(107, 141, 200)",,,8693.0,500000.0,True,0.6856976969227792,32077.0,both tolerable,1.8706859550397048,2.1793269471061043,"(94, 175, 174)","(107, 141, 200)",11526318.0,11188720.0,8705.0,500000.0,True,True,-0.007697938127521287,-0.005098479876017636,-0.001549931815254424,False,False,False,False,False,False,False,False,False,no_flag
116,0.3521238162423309,15970.0,found but incorrect,1.811961126790528,22.734584406252075,"(121, 137, 183)","(106, 127, 123)",,,,,False,0.3629061545363269,16002.0,found but incorrect,1.663310422771408,22.734584406252075,"(120, 137, 184)","(106, 127, 123)",9107584.0,8943397.0,,,False,0.2779987439815784,12184.0,found but incorrect,1.811961126790528,22.734584406252075,"(121, 137, 183)","(106, 127, 123)",,,2779.0,419934.0,False,0.3182114662288298,13652.0,found but incorrect,1.663310422771408,22.734584406252075,"(120, 137, 184)","(106, 127, 123)",9107584.0,8943397.0,3507.0,418240.0,False,False,-0.07412507226075249,-0.04469468830749712,0.010782338293995997,False,False,True,False,False,False,False,False,False,shared_ostia_failure
117,0.644619831036016,45113.0,both correct,0.0,0.0,"(101, 156, 175)","(112, 116, 205)",,,,,True,0.6406582042569633,43150.0,both correct,0.0,0.0,"(101, 156, 175)","(112, 116, 205)",11446268.0,11259577.0,,,True,0.6821936613884352,39651.0,both correct,0.0,0.0,"(101, 156, 175)","(112, 116, 205)",,,11299.0,500000.0,True,0.681314751010384,39032.0,both correct,0.0,0.0,"(101, 156, 175)","(112, 116, 205)",11446268.0,11259577.0,11317.0,500000.0,True,True,0.037573830352419124,0.040656546753420675,-0.003961626779052763,False,False,False,False,False,False,False,False,False,no_flag
122,0.5420555901265298,14134.0,both tolerable,0.74609375,5.912360688517981,"(74, 161, 170)","(75, 134, 211)",,,,,True,0.5403442781391218,13849.0,both tolerable,0.74609375,5.912360688517981,"(74, 161, 170)","(75, 134, 211)",13169723.0,13074030.0,,,True,0.363135259555394,8584.0,both tolerable,0.74609375,5.912360688517981,"(74, 161, 170)","(75, 134, 211)",,,2092.0,460464.0,True,0.361854917234664,8430.0,both tolerable,0.74609375,5.912360688517981,"(74, 161, 170)","(75, 134, 211)",13169723.0,13074030.0,2031.0,444067.0,True,True,-0.17892033057113582,-0.17848936090445777,-0.0017113119874080374,False,False,False,False,False,False,True,True,False,fc_undersegments_normal;fc_undersegments_fuzzy
127,0.7257407052772686,18831.0,both tolerable,0.0,0.9841347052939768,"(89, 174, 209)","(105, 131, 233)",,,,,True,0.7258143991240077,18808.0,both tolerable,0.0,0.9841347052939768,"(89, 174, 209)","(105, 131, 233)",11685707.0,11592746.0,,,True,0.7025079672994319,18363.0,both tolerable,0.0,0.9841347052939768,"(89, 174, 209)","(105, 131, 233)",,,4588.0,444345.0,True,0.7027086972192187,18347.0,both tolerable,0.0,0.9841347052939768,"(89, 174, 209)","(105, 131, 233)",11685707.0,11592746.0,4583.0,436739.0,True,True,-0.02323273797783676,-0.023105701904789,7.369384673905355e-05,False,False,False,False,False,False,False,False,False,no_flag
134,0.0772822787765584,4606.0,found but incorrect,1.4237464075486943,26.65251321304033,"(83, 187, 141)","(94, 161, 104)",,,,,False,0.0773786332112522,4574.0,found but incorrect,1.4237464075486943,26.65251321304033,"(83, 187, 141)","(94, 161, 104)",10000282.0,9895145.0,,,False,0.0790029068609883,4021.0,found but incorrect,1.4237464075486943,26.65251321304033,"(83, 187, 141)","(94, 161, 104)",,,1101.0,500000.0,False,0.0788718929254302,4012.0,found but incorrect,1.4237464075486943,26.65251321304033,"(83, 187, 141)","(94, 161, 104)",10000282.0,9895145.0,1094.0,500000.0,False,True,0.0017206280844299093,0.0014932597141780052,9.635443469380167e-05,False,False,True,False,False,False,False,False,False,shared_ostia_failure
140,0.731896810748165,49291.0,both tolerable,0.0,1.661626187478418,"(91, 154, 140)","(96, 119, 186)",,,,,True,0.4699298940551416,19721.0,found but incorrect,0.0,25.280633152626063,"(91, 154, 140)","(99, 102, 142)",11473825.0,10718973.0,,,False,0.7159192903519099,41892.0,both tolerable,0.0,1.661626187478418,"(91, 154, 140)","(96, 119, 186)",,,11986.0,405857.0,True,0.4710971786833856,19903.0,found but incorrect,0.0,25.280633152626063,"(91, 154, 140)","(99, 102, 142)",11473825.0,10718973.0,5736.0,395485.0,False,False,-0.015977520396255107,0.001167284628244003,-0.26196691669302347,False,True,False,False,False,False,False,False,False,fuzzy_threshold_regression
145,0.4036533180047263,8113.0,both tolerable,0.74609375,0.74609375,"(84, 156, 165)","(99, 117, 196)",,,,,True,0.3982332269400651,7816.0,both tolerable,0.74609375,0.74609375,"(84, 156, 165)","(99, 117, 196)",10482868.0,10361821.0,,,True,0.384171958964338,7504.0,both tolerable,0.74609375,0.74609375,"(84, 156, 165)","(99, 117, 196)",,,1950.0,362234.0,True,0.3820445609436435,7319.0,both tolerable,0.74609375,0.74609375,"(84, 156, 165)","(99, 117, 196)",10482868.0,10361821.0,1878.0,344662.0,True,True,-0.019481359040388335,-0.016188665996421603,-0.005420091064661237,False,False,False,False,False,False,False,False,False,no_flag
150,0.6392649903288201,26118.0,both tolerable,3.0688410914433564,0.0,"(108, 147, 156)","(131, 122, 199)",,,,,True,0.6395543175487465,25927.0,both tolerable,3.0688410914433564,0.0,"(108, 147, 156)","(131, 122, 199)",10643179.0,10387718.0,,,True,0.6163358039405564,23980.0,both tolerable,3.0688410914433564,0.0,"(108, 147, 156)","(131, 122, 199)",,,6116.0,400012.0,True,0.616312957704379,23810.0,both tolerable,3.0688410914433564,0.0,"(108, 147, 156)","(131, 122, 199)",10643179.0,10387718.0,6039.0,412380.0,True,True,-0.02292918638826369,-0.023241359844367482,0.0002893272199263608,False,False,False,False,False,False,False,False,False,no_flag
154,0.7106381170872631,24572.0,both tolerable,0.8375058302035873,1.0737001589130926,"(94, 165, 135)","(108, 129, 162)",,,,,True,0.7107641916753514,24513.0,both tolerable,0.8375058302035873,1.0737001589130926,"(94, 165, 135)","(108, 129, 162)",9856216.0,9757696.0,,,True,0.714343382837232,24563.0,both tolerable,0.8375058302035873,1.0737001589130926,"(94, 165, 135)","(108, 129, 162)",,,6368.0,382058.0,True,0.714668595252276,24508.0,both tolerable,0.8375058302035873,1.0737001589130926,"(94, 165, 135)","(108, 129, 162)",9856216.0,9757696.0,6349.0,385510.0,True,True,0.003705265749968878,0.0039044035769245644,0.00012607458808833183,False,False,False,False,False,False,False,False,False,no_flag
156,0.6223604787705239,21102.0,both correct,0.0,0.0,"(100, 148, 157)","(109, 95, 178)",,,,,True,0.6765439622174402,25072.0,both correct,0.0,0.0,"(100, 148, 157)","(108, 95, 177)",10550521.0,10428118.0,,,True,0.5446639749623718,14418.0,both correct,0.0,0.0,"(100, 148, 157)","(109, 95, 178)",,,4476.0,246393.0,True,0.6449806118052563,18981.0,both correct,0.0,0.0,"(100, 148, 157)","(108, 95, 177)",10550521.0,10428118.0,5911.0,235670.0,True,False,-0.07769650380815207,-0.03156335041218383,0.05418348344691626,False,False,False,False,False,False,False,False,False,no_flag
162,0.3126657148684479,80161.0,found but incorrect,0.0,7.519380071532244,"(106, 161, 173)","(108, 119, 189)",,,,,False,0.3131619040541042,79939.0,found but incorrect,0.0,7.519380071532244,"(106, 161, 173)","(108, 119, 189)",9972522.0,9892123.0,,,False,0.3233572075563316,79384.0,found but incorrect,0.0,7.519380071532244,"(106, 161, 173)","(108, 119, 189)",,,25100.0,500000.0,False,0.3240064426714612,79083.0,found but incorrect,0.0,7.519380071532244,"(106, 161, 173)","(108, 119, 189)",9972522.0,9892123.0,24968.0,500000.0,False,True,0.010691492687883719,0.010844538617357014,0.0004961891856563039,False,False,True,False,False,False,False,False,False,shared_ostia_failure
170,0.651539129103068,58361.0,both tolerable,0.66796875,1.0688145311292905,"(95, 136, 162)","(95, 90, 195)",,,,,True,0.6614272069859463,50762.0,both tolerable,0.0,1.0688145311292905,"(92, 138, 165)","(95, 90, 195)",10239366.0,10139172.0,,,True,0.6069584151413923,48294.0,both tolerable,0.66796875,1.0688145311292905,"(95, 136, 162)","(95, 90, 195)",,,13369.0,500000.0,True,0.6123171399514981,43091.0,both tolerable,0.0,1.0688145311292905,"(92, 138, 165)","(95, 90, 195)",10239366.0,10139172.0,13812.0,500000.0,True,False,-0.04458071396167573,-0.0491100670344482,0.009888077882878266,False,False,False,False,False,False,False,False,False,no_flag
177,0.5779162226412001,18895.0,both tolerable,1.3417101614084028,1.3417101614084028,"(92, 148, 119)","(100, 121, 180)",,,,,True,0.4198626086165324,14061.0,found but incorrect,7.94070778255255,0.5,"(105, 141, 148)","(97, 121, 182)",10875165.0,10779801.0,,,False,0.5698423085854215,17470.0,both tolerable,1.3417101614084028,1.3417101614084028,"(92, 148, 119)","(100, 121, 180)",,,4572.0,434986.0,True,0.3999526346950858,12324.0,found but incorrect,7.94070778255255,0.5,"(105, 141, 148)","(97, 121, 182)",10875165.0,10779801.0,3171.0,439265.0,False,False,-0.00807391405577862,-0.01990997392144661,-0.15805361402466772,False,True,False,False,False,False,False,False,False,fuzzy_threshold_regression
180,0.3184842554705568,30739.0,found but incorrect,0.0,63.43898178399492,"(98, 142, 191)","(63, 49, 170)",,,,,False,0.6356986987796007,24021.0,both tolerable,1.5025308239610675,1.8728584775559325,"(98, 139, 187)","(112, 114, 225)",11571008.0,11338784.0,,,True,0.3239000916590284,26897.0,found but incorrect,0.0,63.43898178399492,"(98, 142, 191)","(63, 49, 170)",,,7983.0,500000.0,False,0.636474073442595,21450.0,both tolerable,1.5025308239610675,1.8728584775559325,"(98, 139, 187)","(112, 114, 225)",11571008.0,11338784.0,5645.0,473296.0,True,False,0.005415836188471579,0.0007753746629942659,0.3172144433090439,True,False,False,False,False,False,False,False,False,fuzzy_threshold_rescue
184,0.6902841831345168,19084.0,both tolerable,0.73828125,1.4457241812334485,"(90, 150, 162)","(110, 125, 192)",,,,,True,0.6909344203085496,19033.0,both tolerable,0.73828125,1.4457241812334485,"(90, 150, 162)","(110, 125, 192)",10679846.0,10396874.0,,,True,0.6449752665132397,18074.0,both tolerable,0.73828125,1.4457241812334485,"(90, 150, 162)","(110, 125, 192)",,,4651.0,412760.0,True,0.6448996899265894,18004.0,both tolerable,0.73828125,1.4457241812334485,"(90, 150, 162)","(110, 125, 192)",10679846.0,10396874.0,4618.0,414258.0,True,True,-0.04530891662127712,-0.046034730381960154,0.0006502371740327861,False,False,False,False,False,False,False,False,False,no_flag
187,0.5738360271564945,26506.0,found but incorrect,15.36298130110194,0.0,"(122, 144, 139)","(121, 119, 182)",,,,,False,0.5742144432194046,26520.0,found but incorrect,15.36298130110194,0.0,"(122, 144, 139)","(121, 119, 182)",12617936.0,12488804.0,,,False,0.6016397569132296,24090.0,found but incorrect,15.36298130110194,0.0,"(122, 144, 139)","(121, 119, 182)",,,7616.0,430707.0,False,0.6017686390107125,24108.0,found but incorrect,15.36298130110194,0.0,"(122, 144, 139)","(121, 119, 182)",12617936.0,12488804.0,7629.0,440352.0,False,True,0.027803729756735063,0.02755419579130791,0.0003784160629101141,False,False,True,False,False,False,False,False,False,shared_ostia_failure
188,0.6277169031794503,21691.0,both tolerable,2.830368585206704,1.4417396718027842,"(101, 174, 201)","(119, 152, 219)",,,,,True,0.6255456443347884,19307.0,both tolerable,2.830368585206704,1.4417396718027842,"(101, 174, 201)","(119, 152, 219)",11136151.0,10998414.0,,,True,0.6107045689089032,19791.0,both tolerable,2.830368585206704,1.4417396718027842,"(101, 174, 201)","(119, 152, 219)",,,4922.0,500000.0,True,0.6090842107765075,19228.0,both tolerable,2.830368585206704,1.4417396718027842,"(101, 174, 201)","(119, 152, 219)",11136151.0,10998414.0,4776.0,500000.0,True,True,-0.017012334270547047,-0.01646143355828089,-0.0021712588446618497,False,False,False,False,False,False,False,False,False,no_flag
190,0.3750186659315161,134307.0,found but incorrect,25.59303366528444,0.63671875,"(60, 174, 240)","(133, 140, 212)",,,,,False,0.6906321826735119,53299.0,both tolerable,0.8095744354916121,0.8095744354916121,"(104, 159, 170)","(133, 140, 211)",10789177.0,10287845.0,,,True,0.4119952447515905,113287.0,found but incorrect,25.59303366528444,0.63671875,"(60, 174, 240)","(133, 140, 212)",,,27002.0,500000.0,False,0.7087984093271273,48709.0,both tolerable,0.8095744354916121,0.8095744354916121,"(104, 159, 170)","(133, 140, 211)",10789177.0,10287845.0,13669.0,500000.0,True,False,0.03697657882007438,0.018166226653615447,0.3156135167419958,True,False,False,False,False,False,False,False,False,fuzzy_threshold_rescue
193,0.7078664402942841,40671.0,both tolerable,0.0,1.3986011601161086,"(94, 157, 182)","(114, 108, 221)",,,,,True,0.7094639610646251,40878.0,both tolerable,0.0,1.3986011601161086,"(94, 157, 182)","(114, 108, 221)",12795311.0,12583120.0,,,True,0.7105995332974331,41457.0,both tolerable,0.0,1.3986011601161086,"(94, 157, 182)","(114, 108, 221)",,,13296.0,500000.0,True,0.7114496975128837,41581.0,both tolerable,0.0,1.3986011601161086,"(94, 157, 182)","(114, 108, 221)",12795311.0,12583120.0,13382.0,500000.0,True,True,0.0027330930031489453,0.0019857364482586126,0.001597520770340921,False,False,False,False,False,False,False,False,False,no_flag
207,0.5293293609297003,22134.0,found but incorrect,10.740002618714763,1.7001838135919305,"(127, 155, 184)","(118, 125, 211)",,,,,False,0.5291495739981067,22155.0,found but incorrect,10.740002618714763,1.6165646445471953,"(127, 155, 184)","(119, 124, 210)",12747903.0,12444908.0,,,False,0.5258254000405105,20821.0,found but incorrect,10.740002618714763,1.7001838135919305,"(127, 155, 184)","(118, 125, 211)",,,5513.0,500000.0,False,0.5255678367545245,20849.0,found but incorrect,10.740002618714763,1.6165646445471953,"(127, 155, 184)","(119, 124, 210)",12747903.0,12444908.0,5521.0,500000.0,False,False,-0.0035039608891898055,-0.003581737243582239,-0.00017978693159359516,False,False,True,False,False,False,False,False,False,shared_ostia_failure
208,0.7696110988118958,27774.0,both tolerable,2.112197908549957,1.27849599215372,"(83, 155, 138)","(102, 130, 187)",,,,,True,0.7695322610464042,27660.0,both tolerable,2.112197908549957,1.27849599215372,"(83, 155, 138)","(102, 130, 187)",11124916.0,10871925.0,,,True,0.7639417158186796,27993.0,both tolerable,2.112197908549957,1.27849599215372,"(83, 155, 138)","(102, 130, 187)",,,7920.0,490940.0,True,0.7643814898836201,27789.0,both tolerable,2.112197908549957,1.27849599215372,"(83, 155, 138)","(102, 130, 187)",11124916.0,10871925.0,7829.0,487254.0,True,True,-0.0056693829932161766,-0.0051507711627840624,-7.883776549166832e-05,False,False,False,False,False,False,False,False,False,no_flag
209,0.7200745024148312,25985.0,both tolerable,0.0,0.5,"(97, 172, 157)","(119, 133, 188)",,,,,True,0.7201559623091086,25977.0,both tolerable,0.0,0.5,"(97, 172, 157)","(119, 133, 188)",9321008.0,9025033.0,,,True,0.6929929127202583,25951.0,both tolerable,0.0,0.5,"(97, 172, 157)","(119, 133, 188)",,,6444.0,421523.0,True,0.6932934365445912,25931.0,both tolerable,0.0,0.5,"(97, 172, 157)","(119, 133, 188)",9321008.0,9025033.0,6437.0,428306.0,True,True,-0.02708158969457286,-0.02686252576451742,8.145989427743583e-05,False,False,False,False,False,False,False,False,False,no_flag
213,0.7239644535840188,26262.0,both correct,0.0,0.0,"(86, 172, 210)","(108, 121, 232)",,,,,True,0.7240834619058115,26242.0,both correct,0.0,0.0,"(86, 172, 210)","(108, 121, 232)",13139726.0,13003462.0,,,True,0.7009191521290564,25108.0,both correct,0.0,0.0,"(86, 172, 210)","(108, 121, 232)",,,6983.0,500000.0,True,0.7008033636158871,25074.0,both correct,0.0,0.0,"(86, 172, 210)","(108, 121, 232)",13139726.0,13003462.0,6970.0,500000.0,True,True,-0.02304530145496242,-0.02328009828992439,0.00011900832179267962,False,False,False,False,False,False,False,False,False,no_flag
214,0.7440940962296084,35853.0,both tolerable,0.0,0.5,"(92, 175, 214)","(121, 141, 243)",,,,,True,0.7442956278379073,35576.0,both tolerable,0.0,0.5,"(92, 175, 214)","(121, 141, 243)",12007439.0,11552167.0,,,True,0.6954424812315159,31477.0,both tolerable,0.0,0.5,"(92, 175, 214)","(121, 141, 243)",,,8790.0,442341.0,True,0.6571673764147735,27301.0,both tolerable,0.0,0.5,"(92, 175, 214)","(121, 141, 243)",12007439.0,11552167.0,7839.0,429758.0,True,True,-0.04865161499809256,-0.08712825142313374,0.00020153160829883277,False,False,False,False,False,False,False,False,False,no_flag
215,0.7182343128448607,20327.0,both tolerable,1.892774636663148,0.0,"(93, 169, 187)","(114, 142, 225)",,,,,True,0.7196698052366826,20127.0,both tolerable,1.892774636663148,0.0,"(93, 169, 187)","(114, 142, 225)",13141797.0,13054534.0,,,True,0.7271641481019889,19876.0,both tolerable,1.892774636663148,0.0,"(93, 169, 187)","(114, 142, 225)",,,5085.0,496170.0,True,0.7282070008868485,19700.0,both tolerable,1.892774636663148,0.0,"(93, 169, 187)","(114, 142, 225)",13141797.0,13054534.0,5021.0,495151.0,True,True,0.008929835257128205,0.008537195650165974,0.0014354923918218354,False,False,False,False,False,False,False,False,False,no_flag
219,0.7278085770725802,31281.0,both tolerable,0.9111615960418672,0.9111615960418672,"(95, 157, 173)","(118, 131, 211)",,,,,True,0.72136394813339,29743.0,both tolerable,0.9111615960418672,0.9111615960418672,"(95, 157, 173)","(118, 131, 211)",12689795.0,12493703.0,,,True,0.7141325052422647,30982.0,both tolerable,0.9111615960418672,0.9111615960418672,"(95, 157, 173)","(118, 131, 211)",,,8124.0,493420.0,True,0.7152042542905487,30564.0,both tolerable,0.9111615960418672,0.9111615960418672,"(95, 157, 173)","(118, 131, 211)",12689795.0,12493703.0,7942.0,478821.0,True,True,-0.013676071830315495,-0.006159693842841318,-0.006444628939190178,False,False,False,False,False,False,False,False,False,no_flag
222,0.7189038749732392,30017.0,both tolerable,2.4079520410976967,1.8662638274981715,"(105, 152, 193)","(112, 113, 224)",,,,,True,0.7190648134408336,29945.0,both tolerable,2.4079520410976967,1.8662638274981715,"(105, 152, 193)","(112, 113, 224)",14015726.0,13948987.0,,,True,0.6852808429579036,27565.0,both tolerable,2.4079520410976967,1.8662638274981715,"(105, 152, 193)","(112, 113, 224)",,,7421.0,500000.0,True,0.6853770175861238,27408.0,both tolerable,2.4079520410976967,1.8662638274981715,"(105, 152, 193)","(112, 113, 224)",14015726.0,13948987.0,7352.0,500000.0,True,True,-0.03362303201533556,-0.03368779585470982,0.0001609384675944625,False,False,False,False,False,False,False,False,False,no_flag
227,0.5332326283987915,42252.0,both tolerable,0.0,4.085989782170288,"(104, 162, 132)","(124, 134, 185)",,,,,True,0.5924743443557583,33470.0,both tolerable,0.0,0.8375058302035873,"(103, 161, 132)","(127, 141, 186)",9901468.0,8844648.0,,,True,0.5460340775558167,40160.0,both tolerable,0.0,4.085989782170288,"(104, 162, 132)","(124, 134, 185)",,,9838.0,500000.0,True,0.6275346851654215,31111.0,both tolerable,0.0,0.8375058302035873,"(103, 161, 132)","(127, 141, 186)",9901468.0,8844648.0,8163.0,500000.0,True,False,0.012801449157025191,0.03506034080966325,0.05924171595696681,False,False,False,False,False,False,False,False,False,no_flag
230,0.6418913617700134,18902.0,both tolerable,0.703125,0.5,"(96, 199, 169)","(109, 167, 200)",,,,,True,0.6460062719055525,18612.0,both tolerable,0.703125,0.5,"(96, 199, 169)","(109, 167, 200)",12835102.0,12726355.0,,,True,0.6226236242034863,18643.0,both tolerable,0.703125,0.5,"(96, 199, 169)","(109, 167, 200)",,,4733.0,500000.0,True,0.6234431074519738,18561.0,both tolerable,0.703125,0.5,"(96, 199, 169)","(109, 167, 200)",12835102.0,12726355.0,4703.0,500000.0,True,True,-0.01926773756652711,-0.022563164453578644,0.004114910135539107,False,False,False,False,False,False,False,False,False,no_flag
239,0.7169332234130256,30949.0,both correct,0.0,0.0,"(98, 179, 165)","(121, 146, 191)",,,,,True,0.7177324668022689,30770.0,both correct,0.0,0.0,"(98, 179, 165)","(121, 146, 191)",11227121.0,11118304.0,,,True,0.7191859135604848,31521.0,both correct,0.0,0.0,"(98, 179, 165)","(121, 146, 191)",,,7524.0,500000.0,True,0.7063596713662643,29453.0,both correct,0.0,0.0,"(98, 179, 165)","(121, 146, 191)",11227121.0,11118304.0,7119.0,500000.0,True,True,0.002252690147459213,-0.011372795436004557,0.0007992433892433093,False,False,False,False,False,False,False,False,False,no_flag
241,0.7325397279612355,51689.0,both tolerable,0.0,1.2025731790525525,"(84, 140, 118)","(106, 104, 166)",,,,,True,0.7389488953796092,48877.0,both tolerable,0.0,1.3756324007354308,"(85, 140, 118)","(105, 103, 166)",8885415.0,8765186.0,,,True,0.6615336772007335,40104.0,both tolerable,0.0,1.2025731790525525,"(84, 140, 118)","(106, 104, 166)",,,12702.0,354595.0,True,0.744146246596655,49691.0,both tolerable,0.0,1.3756324007354308,"(85, 140, 118)","(105, 103, 166)",8885415.0,8765186.0,15877.0,318308.0,True,False,-0.07100605076050193,0.005197351217045787,0.006409167418373718,False,False,False,False,False,False,False,False,False,no_flag
242,0.7249594611450667,22338.0,both tolerable,1.1048543456039803,1.2689962815154343,"(99, 172, 146)","(119, 146, 189)",,,,,True,0.7233348664130117,22070.0,both tolerable,1.1048543456039803,1.2689962815154343,"(99, 172, 146)","(119, 146, 189)",12452966.0,12288378.0,,,True,0.7183084106382541,22853.0,both tolerable,1.1048543456039803,1.2689962815154343,"(99, 172, 146)","(119, 146, 189)",,,6366.0,500000.0,True,0.6975645065145193,21208.0,both tolerable,1.1048543456039803,1.2689962815154343,"(99, 172, 146)","(119, 146, 189)",12452966.0,12288378.0,6051.0,500000.0,True,True,-0.006651050506812584,-0.025770359898492412,-0.001624594732055007,False,False,False,False,False,False,False,False,False,no_flag
243,0.5902133639964227,31998.0,both tolerable,0.9998931827716024,2.061449187806057,"(85, 167, 168)","(111, 130, 196)",,,,,True,0.5901341853035144,31978.0,both tolerable,0.9998931827716024,1.658280189978932,"(85, 167, 168)","(112, 130, 196)",10638029.0,10435559.0,,,True,0.5790951398058999,31729.0,both tolerable,0.9998931827716024,2.061449187806057,"(85, 167, 168)","(111, 130, 196)",,,8924.0,500000.0,True,0.5788623721514444,31750.0,both tolerable,0.9998931827716024,1.658280189978932,"(85, 167, 168)","(112, 130, 196)",10638029.0,10435559.0,8950.0,500000.0,True,False,-0.011118224190522774,-0.011271813152069932,-7.917869290829938e-05,False,False,False,False,False,False,False,False,False,no_flag
248,0.5109741191475793,12707.0,found but incorrect,0.0,21.58573250219344,"(99, 178, 199)","(96, 147, 176)",,,,,False,0.5107458240238323,12669.0,found but incorrect,0.0,21.58573250219344,"(99, 178, 199)","(96, 147, 176)",10765586.0,10583574.0,,,False,0.5125825731362064,13221.0,found but incorrect,0.0,21.58573250219344,"(99, 178, 199)","(96, 147, 176)",,,3665.0,500000.0,False,0.5125902586320074,13158.0,found but incorrect,0.0,21.58573250219344,"(99, 178, 199)","(96, 147, 176)",10765586.0,10583574.0,3642.0,500000.0,False,True,0.0016084539886270788,0.0018444346081750718,-0.00022829512374700212,False,False,True,False,False,False,False,False,False,shared_ostia_failure
251,0.3448521236379809,14497.0,both tolerable,0.5,1.029961908617559,"(95, 148, 154)","(121, 110, 179)",,,,,True,0.5759321707293573,21422.0,both tolerable,0.8095744354916121,1.029961908617559,"(95, 147, 154)","(121, 110, 179)",10111515.0,9973584.0,,,True,0.3576867295141406,13655.0,both tolerable,0.5,1.029961908617559,"(95, 148, 154)","(121, 110, 179)",,,3668.0,396560.0,True,0.5826787078574647,20574.0,both tolerable,0.8095744354916121,1.029961908617559,"(95, 147, 154)","(121, 110, 179)",10111515.0,9973584.0,5861.0,372861.0,True,False,0.0128346058761597,0.006746537128107355,0.23108004709137642,False,False,False,False,False,False,False,False,False,no_flag
263,0.5581092287643644,14041.0,both tolerable,2.690280629094528,0.0,"(103, 166, 161)","(125, 131, 208)",,,,,True,0.4784854870505064,9699.0,both tolerable,2.690280629094528,0.0,"(103, 166, 161)","(125, 131, 208)",11405481.0,11183227.0,,,True,0.1054246269697392,1790.0,both tolerable,2.690280629094528,0.0,"(103, 166, 161)","(125, 131, 208)",,,396.0,447728.0,True,0.0976021772793393,1588.0,both tolerable,2.690280629094528,0.0,"(103, 166, 161)","(125, 131, 208)",11405481.0,11183227.0,330.0,423050.0,True,True,-0.4526846017946252,-0.38088330977116713,-0.079623741713858,False,False,False,False,False,False,True,True,True,fc_undersegments_normal;fc_undersegments_fuzzy;threshold_changes_segmentation_with_same_ostia
266,0.7139732685297692,21276.0,both tolerable,1.91015625,1.345667690480501,"(99, 170, 173)","(117, 133, 193)",,,,,True,0.714562242741128,20956.0,both tolerable,1.91015625,1.345667690480501,"(99, 170, 173)","(117, 133, 193)",10165305.0,9948254.0,,,True,0.7069326573349498,21376.0,both tolerable,1.91015625,1.345667690480501,"(99, 170, 173)","(117, 133, 193)",,,6268.0,422285.0,True,0.7078422684980062,21151.0,both tolerable,1.91015625,1.345667690480501,"(99, 170, 173)","(117, 133, 193)",10165305.0,9948254.0,6169.0,418524.0,True,True,-0.007040611194819357,-0.006719974243121762,0.0005889742113588392,False,False,False,False,False,False,False,False,False,no_flag
267,0.6941027334892607,27896.0,both tolerable,0.907898554441106,0.0,"(92, 135, 152)","(104, 102, 200)",,,,,True,0.6873466717548928,26916.0,both tolerable,0.907898554441106,0.0,"(92, 135, 152)","(104, 102, 200)",11825000.0,11708445.0,,,True,0.4902616826571536,17018.0,both tolerable,0.907898554441106,0.0,"(92, 135, 152)","(104, 102, 200)",,,4514.0,470339.0,True,0.4900431352390318,16630.0,both tolerable,0.907898554441106,0.0,"(92, 135, 152)","(104, 102, 200)",11825000.0,11708445.0,4350.0,459261.0,True,True,-0.20384105083210707,-0.19730353651586102,-0.006756061734367824,False,False,False,False,False,False,True,True,False,fc_undersegments_normal;fc_undersegments_fuzzy
269,0.4377113050198023,9001.0,both tolerable,0.0,3.4258324718234543,"(107, 178, 185)","(128, 136, 218)",,,,,True,0.4443363807300785,8790.0,both tolerable,0.0,3.4258324718234543,"(107, 178, 185)","(128, 136, 218)",12340232.0,12248041.0,,,True,0.4448577750697495,9127.0,both tolerable,0.0,3.4258324718234543,"(107, 178, 185)","(128, 136, 218)",,,2585.0,500000.0,True,0.4511133245509751,9067.0,both tolerable,0.0,3.4258324718234543,"(107, 178, 185)","(128, 136, 218)",12340232.0,12248041.0,2610.0,500000.0,True,True,0.007146470049947173,0.006776943820896608,0.0066250757102761515,False,False,False,False,False,False,False,False,False,no_flag
270,0.6647359913793104,28715.0,both correct,0.0,0.0,"(104, 162, 165)","(114, 119, 189)",,,,,True,0.6647681315718522,28667.0,both correct,0.0,0.0,"(104, 162, 165)","(114, 119, 189)",13648388.0,13521555.0,,,True,0.6829399683512339,28725.0,both correct,0.0,0.0,"(104, 162, 165)","(114, 119, 189)",,,8413.0,500000.0,True,0.6832614264527437,28659.0,both correct,0.0,0.0,"(104, 162, 165)","(114, 119, 189)",13648388.0,13521555.0,8386.0,500000.0,True,True,0.018203976971923552,0.018493294880891464,3.214019254182965e-05,False,False,False,False,False,False,False,False,False,no_flag
276,0.5908642786723628,8730.0,both tolerable,1.580969937216648,3.353942737252028,"(86, 165, 168)","(113, 129, 184)",,,,,True,0.5924611973392461,8512.0,both tolerable,1.580969937216648,3.353942737252028,"(86, 165, 168)","(113, 129, 184)",11145996.0,10842138.0,,,True,0.5695961737050926,8871.0,both tolerable,1.580969937216648,3.353942737252028,"(86, 165, 168)","(113, 129, 184)",,,1985.0,378975.0,True,0.5679053677044973,8394.0,both tolerable,1.580969937216648,3.353942737252028,"(86, 165, 168)","(113, 129, 184)",11145996.0,10842138.0,1840.0,378001.0,True,True,-0.021268104967270163,-0.024555829634748783,0.0015969186668832736,False,False,False,False,False,False,False,False,False,no_flag
279,0.7628230110988732,29520.0,both tolerable,0.0,0.8852031375489823,"(91, 170, 157)","(115, 129, 187)",,,,,True,0.7586230589528652,28721.0,both tolerable,0.0,0.8852031375489823,"(91, 170, 157)","(115, 129, 187)",11516827.0,11380379.0,,,True,0.7492484076433121,29380.0,both tolerable,0.0,0.8852031375489823,"(91, 170, 157)","(115, 129, 187)",,,8541.0,456193.0,True,0.7485204064178441,28967.0,both tolerable,0.0,0.8852031375489823,"(91, 170, 157)","(115, 129, 187)",11516827.0,11380379.0,8452.0,450654.0,True,True,-0.013574603455561052,-0.010102652535021073,-0.00419995214600799,False,False,False,False,False,False,False,False,False,no_flag
280,0.0,8161.0,found but incorrect,33.272640465037114,65.08211647423296,"(72, 100, 223)","(30, 83, 244)",,,,,False,0.0,8088.0,found but incorrect,33.272640465037114,65.08211647423296,"(72, 100, 223)","(30, 83, 244)",12524667.0,12378427.0,,,False,0.0,7659.0,found but incorrect,33.272640465037114,65.08211647423296,"(72, 100, 223)","(30, 83, 244)",,,2596.0,442187.0,False,0.0,7624.0,found but incorrect,33.272640465037114,65.08211647423296,"(72, 100, 223)","(30, 83, 244)",12524667.0,12378427.0,2571.0,442114.0,False,True,0.0,0.0,0.0,False,False,True,False,False,False,False,False,False,shared_ostia_failure
283,0.5342875953023127,18595.0,both tolerable,0.0,1.4698404363069908,"(95, 166, 180)","(120, 136, 223)",,,,,True,0.5343154945124928,18615.0,both tolerable,0.0,1.4698404363069908,"(95, 166, 180)","(120, 136, 223)",10615393.0,10473939.0,,,True,0.5390025980609594,18851.0,both tolerable,0.0,1.4698404363069908,"(95, 166, 180)","(120, 136, 223)",,,4684.0,500000.0,True,0.5386838829461781,18905.0,both tolerable,0.0,1.4698404363069908,"(95, 166, 180)","(120, 136, 223)",10615393.0,10473939.0,4704.0,500000.0,True,True,0.004715002758646669,0.004368388433685255,2.7899210180093448e-05,False,False,False,False,False,False,False,False,False,no_flag
284,0.6684771327752024,31053.0,both correct,0.0,0.0,"(96, 156, 203)","(130, 124, 257)",,,,,True,0.6703367313269541,30824.0,both correct,0.0,0.0,"(96, 155, 204)","(130, 124, 257)",10199978.0,9901543.0,,,True,0.6873718447288412,29813.0,both correct,0.0,0.0,"(96, 156, 203)","(130, 124, 257)",,,7842.0,500000.0,True,0.6878254401190181,29703.0,both correct,0.0,0.0,"(96, 155, 204)","(130, 124, 257)",10199978.0,9901543.0,7799.0,500000.0,True,False,0.018894711953638788,0.01748870879206399,0.0018595985517517732,False,False,False,False,False,False,False,False,False,no_flag
291,0.6859507586841115,23836.0,both tolerable,1.328125,0.6640625,"(101, 138, 227)","(130, 110, 245)",,,,,True,0.68482197056915,23763.0,both tolerable,1.328125,0.6640625,"(101, 138, 227)","(130, 110, 245)",11322101.0,11135078.0,,,True,0.6814746194496495,23487.0,both tolerable,1.328125,0.6640625,"(101, 138, 227)","(130, 110, 245)",,,5797.0,464647.0,True,0.6818200969033074,23460.0,both tolerable,1.328125,0.6640625,"(101, 138, 227)","(130, 110, 245)",11322101.0,11135078.0,5785.0,466785.0,True,True,-0.0044761392344619955,-0.0030018736658425915,-0.001128788114961532,False,False,False,False,False,False,False,False,False,no_flag
293,0.7041845380312233,52438.0,both tolerable,0.7578125,0.7578125,"(82, 188, 187)","(96, 157, 218)",,,,,True,0.0002881792474919,3742.0,both tolerable,3.706156459612168,3.3670515488795982,"(77, 186, 199)","(92, 161, 220)",14162341.0,14070152.0,,,True,0.6701932260671516,43498.0,both tolerable,0.7578125,0.7578125,"(82, 188, 187)","(96, 157, 218)",,,11956.0,500000.0,True,0.0003631543587601,3294.0,both tolerable,3.706156459612168,3.3670515488795982,"(77, 186, 199)","(92, 161, 220)",14162341.0,14070152.0,891.0,500000.0,True,False,-0.03399131196407168,7.497511126820002e-05,-0.7038963587837314,False,False,False,False,False,False,False,False,False,no_flag
294,0.653516577681102,31114.0,both tolerable,0.5,1.7447080981230785,"(107, 165, 166)","(116, 132, 194)",,,,,True,0.454362584862962,18154.0,found but incorrect,7.706760995324982,1.7447080981230785,"(94, 162, 206)","(116, 132, 194)",11344322.0,11236067.0,,,False,0.5883029864320583,24307.0,both tolerable,0.5,1.7447080981230785,"(107, 165, 166)","(116, 132, 194)",,,6131.0,500000.0,True,0.4056350933455503,14085.0,found but incorrect,7.706760995324982,1.7447080981230785,"(94, 162, 206)","(116, 132, 194)",11344322.0,11236067.0,3833.0,500000.0,False,False,-0.0652135912490438,-0.04872749151741168,-0.19915399281814006,False,True,False,False,False,False,False,False,False,fuzzy_threshold_regression
296,0.6301797376177541,16901.0,both tolerable,0.7109375,2.2481817740259573,"(100, 182, 211)","(110, 150, 221)",,,,,True,0.6315820215531088,16536.0,both tolerable,0.7109375,2.2481817740259573,"(100, 182, 211)","(110, 150, 221)",11486126.0,11305782.0,,,True,0.4786641929499072,9245.0,both tolerable,0.7109375,2.2481817740259573,"(100, 182, 211)","(110, 150, 221)",,,2527.0,500000.0,True,0.4787078924739223,9042.0,both tolerable,0.7109375,2.2481817740259573,"(100, 182, 211)","(110, 150, 221)",11486126.0,11305782.0,2455.0,500000.0,True,True,-0.15151554466784695,-0.15287412907918652,0.0014022839353546868,False,False,False,False,False,False,True,True,False,fc_undersegments_normal;fc_undersegments_fuzzy
307,0.321605566313302,13039.0,both tolerable,0.9673629182602568,6.482736991907816,"(94, 191, 168)","(135, 105, 175)",,,,,True,0.3247432089341718,12364.0,found but incorrect,0.9673629182602568,40.53810719268507,"(94, 191, 168)","(69, 118, 134)",10565622.0,10444092.0,,,False,0.3166464115071503,12168.0,both tolerable,0.9673629182602568,6.482736991907816,"(94, 191, 168)","(135, 105, 175)",,,3215.0,500000.0,True,0.3145330839141159,12508.0,found but incorrect,0.9673629182602568,40.53810719268507,"(94, 191, 168)","(69, 118, 134)",10565622.0,10444092.0,3249.0,500000.0,False,False,-0.004959154806151722,-0.010210125020055916,0.003137642620869796,False,True,False,False,False,False,False,False,False,fuzzy_threshold_regression
308,0.68101739081176,23921.0,both tolerable,0.0,0.8564224849081498,"(99, 178, 190)","(116, 131, 225)",,,,,True,0.6810528901570265,23883.0,both tolerable,0.0,0.8564224849081498,"(99, 178, 190)","(116, 131, 225)",13623572.0,13296599.0,,,True,0.6806353752520209,24033.0,both tolerable,0.0,0.8564224849081498,"(99, 178, 190)","(116, 131, 225)",,,6917.0,500000.0,True,0.6808863743517208,23987.0,both tolerable,0.0,0.8564224849081498,"(99, 178, 190)","(116, 131, 225)",13623572.0,13296599.0,6901.0,500000.0,True,True,-0.00038201555973915724,-0.0001665158053056892,3.549934526647647e-05,False,False,False,False,False,False,False,False,False,no_flag
314,0.3214683233764169,10682.0,found but incorrect,0.9004562916672442,52.01076821559144,"(92, 123, 174)","(56, 40, 172)",,,,,False,0.4122988570043445,20290.0,found but incorrect,2.4287233064748364,52.01076821559144,"(113, 91, 203)","(56, 40, 172)",11144611.0,11007187.0,,,False,0.3312761388041144,10894.0,found but incorrect,0.9004562916672442,52.01076821559144,"(92, 123, 174)","(56, 40, 172)",,,3753.0,396900.0,False,0.3184494709167155,12682.0,found but incorrect,2.4287233064748364,52.01076821559144,"(113, 91, 203)","(56, 40, 172)",11144611.0,11007187.0,3780.0,388876.0,False,False,0.009807815427697486,-0.093849386087629,0.09083053362792759,False,False,True,False,False,False,False,False,False,shared_ostia_failure
316,0.3660208989241496,16078.0,found but incorrect,9.932558378503638,1.6718430560616515,"(78, 150, 186)","(110, 123, 203)",,,,,False,0.3651577662850834,15932.0,found but incorrect,9.932558378503638,1.6718430560616515,"(78, 150, 186)","(110, 123, 203)",11849328.0,11766102.0,,,False,0.36348173493404,14866.0,found but incorrect,9.932558378503638,1.6718430560616515,"(78, 150, 186)","(110, 123, 203)",,,3745.0,500000.0,False,0.3647584760849784,14859.0,found but incorrect,9.932558378503638,1.6718430560616515,"(78, 150, 186)","(110, 123, 203)",11849328.0,11766102.0,3757.0,500000.0,False,True,-0.002539163990109561,-0.00039929020010498473,-0.0008631326390661775,False,False,True,False,False,False,False,False,False,shared_ostia_failure
317,0.6312931115203346,34711.0,both tolerable,0.63671875,2.672448882995999,"(95, 157, 214)","(119, 113, 243)",,,,,True,0.6314129093720229,34664.0,both tolerable,0.63671875,2.672448882995999,"(95, 157, 214)","(119, 113, 243)",11763653.0,11300566.0,,,True,0.6417523774064938,35094.0,both tolerable,0.63671875,2.672448882995999,"(95, 157, 214)","(119, 113, 243)",,,9270.0,500000.0,True,0.642338941448789,35004.0,both tolerable,0.63671875,2.672448882995999,"(95, 157, 214)","(119, 113, 243)",11763653.0,11300566.0,9235.0,500000.0,True,True,0.010459265886159197,0.010926032076766123,0.00011979785168825252,False,False,False,False,False,False,False,False,False,no_flag
324,0.746493860845839,36728.0,both tolerable,1.5145977511062962,0.5,"(76, 177, 195)","(91, 137, 216)",,,,,True,0.7471344454007678,36625.0,both tolerable,1.5145977511062962,0.5,"(76, 177, 195)","(91, 137, 216)",12023814.0,11893510.0,,,True,0.7399167032003507,36420.0,both tolerable,1.5145977511062962,0.5,"(76, 177, 195)","(91, 137, 216)",,,10572.0,500000.0,True,0.7399752984767394,36298.0,both tolerable,1.5145977511062962,0.5,"(76, 177, 195)","(91, 137, 216)",12023814.0,11893510.0,10523.0,500000.0,True,True,-0.006577157645488274,-0.0071591469240284145,0.0006405845549287692,False,False,False,False,False,False,False,False,False,no_flag
325,0.7269753556910569,31228.0,both tolerable,0.6953125,1.6533177167913764,"(96, 164, 125)","(107, 133, 155)",,,,,True,0.7276271932582856,31856.0,both tolerable,0.6953125,1.7935771367054445,"(96, 164, 125)","(107, 134, 155)",8275894.0,8138937.0,,,True,0.7200340441628446,31699.0,both tolerable,0.6953125,1.6533177167913764,"(96, 164, 125)","(107, 133, 155)",,,8559.0,348847.0,True,0.7189321829918257,32233.0,both tolerable,0.6953125,1.7935771367054445,"(96, 164, 125)","(107, 134, 155)",8275894.0,8138937.0,8751.0,362427.0,True,False,-0.006941311528212313,-0.008695010266459913,0.0006518375672287524,False,False,False,False,False,False,False,False,False,no_flag
339,0.6907382944371055,28726.0,both tolerable,2.508512120090438,0.0,"(97, 169, 154)","(106, 132, 201)",,,,,True,0.6935587850656647,28513.0,both tolerable,2.508512120090438,0.0,"(97, 169, 154)","(106, 132, 201)",11514739.0,11173893.0,,,True,0.6169341876861754,20885.0,both tolerable,2.508512120090438,0.0,"(97, 169, 154)","(106, 132, 201)",,,5922.0,423781.0,True,0.6178756476683938,20542.0,both tolerable,2.508512120090438,0.0,"(97, 169, 154)","(106, 132, 201)",11514739.0,11173893.0,5850.0,417992.0,True,True,-0.07380410675093019,-0.07568313739727095,0.002820490628559158,False,False,False,False,False,False,False,False,False,no_flag
340,0.525928914966246,61003.0,both tolerable,1.975114495543945,0.0,"(77, 155, 176)","(106, 135, 219)",,,,,True,0.6489430718494891,43298.0,both tolerable,1.975114495543945,0.0,"(77, 155, 176)","(106, 135, 219)",10713597.0,10533722.0,,,True,0.6819191271816732,36403.0,both tolerable,1.975114495543945,0.0,"(77, 155, 176)","(106, 135, 219)",,,9068.0,500000.0,True,0.6770442101452554,35607.0,both tolerable,1.975114495543945,0.0,"(77, 155, 176)","(106, 135, 219)",10713597.0,10533722.0,8885.0,500000.0,True,True,0.1559902122154272,0.028101138295766326,0.12301415688324302,False,False,False,False,True,False,False,False,True,fc_prevents_rg_leakage_normal;threshold_changes_segmentation_with_same_ostia
341,0.4918320184875289,22203.0,both tolerable,0.0,0.8095744354916121,"(80, 166, 163)","(105, 124, 197)",,,,,True,0.4915969733174034,22233.0,both tolerable,0.0,0.8095744354916121,"(80, 166, 163)","(105, 124, 197)",10536078.0,10317732.0,,,True,0.451479103412805,19731.0,both tolerable,0.0,0.8095744354916121,"(80, 166, 163)","(105, 124, 197)",,,5625.0,331750.0,True,0.4514812726006038,19744.0,both tolerable,0.0,0.8095744354916121,"(80, 166, 163)","(105, 124, 197)",10536078.0,10317732.0,5633.0,330383.0,True,True,-0.04035291507472388,-0.040115700716799596,-0.00023504517012551407,False,False,False,False,False,False,False,False,False,no_flag
347,0.0,788.0,found but incorrect,47.0395070682052,54.0364866967797,"(34, 110, 245)","(42, 92, 261)",,,,,False,0.0,782.0,found but incorrect,47.0395070682052,54.0364866967797,"(34, 110, 245)","(42, 92, 261)",12194273.0,11926147.0,,,False,0.0,463.0,found but incorrect,47.0395070682052,54.0364866967797,"(34, 110, 245)","(42, 92, 261)",,,73.0,477089.0,False,0.0,463.0,found but incorrect,47.0395070682052,54.0364866967797,"(34, 110, 245)","(42, 92, 261)",12194273.0,11926147.0,73.0,475920.0,False,True,0.0,0.0,0.0,False,False,True,False,False,False,False,False,False,shared_ostia_failure
352,0.7155567651307388,24882.0,both correct,0.0,0.0,"(112, 149, 105)","(121, 112, 163)",,,,,True,0.7159026952660872,25088.0,both correct,0.0,0.0,"(112, 149, 105)","(121, 112, 163)",13019159.0,12822165.0,,,True,0.7061285125436779,24908.0,both correct,0.0,0.0,"(112, 149, 105)","(121, 112, 163)",,,6606.0,500000.0,True,0.7069974793242089,25118.0,both correct,0.0,0.0,"(112, 149, 105)","(121, 112, 163)",13019159.0,12822165.0,6693.0,500000.0,True,True,-0.009428252587060926,-0.00890521594187832,0.00034593013534833794,False,False,False,False,False,False,False,False,False,no_flag
358,0.4512314605223149,10454.0,both tolerable,1.4698404363069908,2.137957393496477,"(87, 187, 167)","(104, 154, 199)",,,,,True,0.4522534733988478,10365.0,both tolerable,1.4698404363069908,2.137957393496477,"(87, 187, 167)","(104, 154, 199)",13856479.0,13682199.0,,,True,0.4428994378097867,10916.0,both tolerable,1.4698404363069908,2.137957393496477,"(87, 187, 167)","(104, 154, 199)",,,2786.0,500000.0,True,0.4424153559050919,10863.0,both tolerable,1.4698404363069908,2.137957393496477,"(87, 187, 167)","(104, 154, 199)",13856479.0,13682199.0,2763.0,500000.0,True,True,-0.008332022712528198,-0.009838117493755905,0.0010220128765329184,False,False,False,False,False,False,False,False,False,no_flag
362,0.3353279361727091,12260.0,found but incorrect,1.546875,19.538751684353137,"(102, 164, 190)","(107, 143, 155)",,,,,False,0.332449983983226,12507.0,found but incorrect,1.546875,19.538751684353137,"(102, 164, 190)","(107, 143, 155)",8645639.0,8308054.0,,,False,0.3478003083125815,11900.0,found but incorrect,1.546875,19.538751684353137,"(102, 164, 190)","(107, 143, 155)",,,3154.0,500000.0,False,0.3472805823518968,11962.0,found but incorrect,1.546875,19.538751684353137,"(102, 164, 190)","(107, 143, 155)",8645639.0,8308054.0,3181.0,500000.0,False,True,0.0124723721398724,0.014830598368670789,-0.002877952189483113,False,False,True,False,False,False,False,False,False,shared_ostia_failure
364,0.6484483424663414,28656.0,both tolerable,0.0,0.8819824637747907,"(106, 170, 132)","(128, 142, 174)",,,,,True,0.6486393583500429,28583.0,both tolerable,0.0,0.8819824637747907,"(106, 170, 132)","(128, 142, 174)",10631369.0,10298576.0,,,True,0.4635208325958441,15261.0,both tolerable,0.0,0.8819824637747907,"(106, 170, 132)","(128, 142, 174)",,,5478.0,500000.0,True,0.4636197829051051,15236.0,both tolerable,0.0,0.8819824637747907,"(106, 170, 132)","(128, 142, 174)",10631369.0,10298576.0,5466.0,500000.0,True,True,-0.18492750987049733,-0.18501957544493786,0.00019101588370151745,False,False,False,False,False,False,True,True,False,fc_undersegments_normal;fc_undersegments_fuzzy
376,0.7304800352038571,24170.0,both tolerable,0.0,0.9013878188659972,"(84, 196, 198)","(98, 159, 232)",,,,,True,0.7310257346581845,23934.0,both tolerable,0.0,0.9013878188659972,"(84, 196, 198)","(98, 159, 232)",13802230.0,13630618.0,,,True,0.6991974442886084,23239.0,both tolerable,0.0,0.9013878188659972,"(84, 196, 198)","(98, 159, 232)",,,6044.0,500000.0,True,0.6972664298749975,22862.0,both tolerable,0.0,0.9013878188659972,"(84, 196, 198)","(98, 159, 232)",13802230.0,13630618.0,5914.0,500000.0,True,True,-0.031282590915248654,-0.033759304783187005,0.0005456994543274751,False,False,False,False,False,False,False,False,False,no_flag
382,0.6316558562588533,34912.0,both correct,0.0,0.0,"(77, 148, 176)","(103, 110, 210)",,,,,True,0.6368676472797752,34404.0,both correct,0.0,0.0,"(78, 149, 176)","(103, 111, 210)",14958308.0,14876673.0,,,True,0.6460908541030135,32324.0,both correct,0.0,0.0,"(77, 148, 176)","(103, 110, 210)",,,8641.0,482140.0,True,0.6507162020113274,31586.0,both correct,0.0,0.0,"(78, 149, 176)","(103, 111, 210)",14958308.0,14876673.0,8535.0,444480.0,True,False,0.014434997844160136,0.01384855473155222,0.005211791020921841,False,False,False,False,False,False,False,False,False,no_flag
384,0.7437848578589654,23009.0,both tolerable,0.0,0.8852031375489823,"(97, 160, 224)","(108, 117, 244)",,,,,True,0.7458603970359527,22446.0,both tolerable,0.0,0.8852031375489823,"(97, 160, 224)","(108, 117, 244)",12181275.0,11994628.0,,,True,0.7222010960742646,23427.0,both tolerable,0.0,0.8852031375489823,"(97, 160, 224)","(108, 117, 244)",,,6067.0,486276.0,True,0.7195380788278523,22539.0,both tolerable,0.0,0.8852031375489823,"(97, 160, 224)","(108, 117, 244)",12181275.0,11994628.0,5813.0,469558.0,True,True,-0.021583761784700783,-0.026322318208100492,0.002075539176987329,False,False,False,False,False,False,False,False,False,no_flag
391,0.5031537886961573,17440.0,both tolerable,2.9577329500990386,1.0,"(99, 182, 197)","(117, 148, 224)",,,,,True,0.5028916163927606,17314.0,both tolerable,2.9577329500990386,1.0,"(99, 182, 197)","(117, 148, 224)",13742771.0,13539818.0,,,True,0.0316461669130831,1033.0,both tolerable,2.9577329500990386,1.0,"(99, 182, 197)","(117, 148, 224)",,,254.0,500000.0,True,0.0296842503308754,978.0,both tolerable,2.9577329500990386,1.0,"(99, 182, 197)","(117, 148, 224)",13742771.0,13539818.0,238.0,500000.0,True,True,-0.47150762178307426,-0.4732073660618852,-0.0002621723033967571,False,False,False,False,False,False,True,True,False,fc_undersegments_normal;fc_undersegments_fuzzy
396,0.3311007911133929,10234.0,both tolerable,3.0289259978076903,2.322498050027774,"(93, 167, 184)","(108, 138, 208)",,,,,True,0.329969798422026,10096.0,both tolerable,3.0289259978076903,2.322498050027774,"(93, 167, 184)","(108, 138, 208)",11301675.0,11181016.0,,,True,0.2881009205591544,8445.0,both tolerable,3.0289259978076903,2.322498050027774,"(93, 167, 184)","(108, 138, 208)",,,2322.0,500000.0,True,0.2355973317161916,6959.0,both tolerable,3.0289259978076903,2.322498050027774,"(93, 167, 184)","(108, 138, 208)",11301675.0,11181016.0,1868.0,500000.0,True,True,-0.042999870554238484,-0.0943724667058344,-0.0011309926913669055,False,False,False,True,False,False,False,False,False,shared_low_dice_with_good_ostia
401,0.0,45809.0,found but incorrect,19.583307577346204,13.739327467627202,"(87, 86, 106)","(122, 61, 166)",,,,,False,0.6614977800992426,34291.0,both tolerable,1.3828125,1.6248732297306496,"(103, 162, 174)","(121, 123, 197)",11990172.0,11663662.0,,,True,0.0,5095.0,found but incorrect,19.583307577346204,13.739327467627202,"(87, 86, 106)","(122, 61, 166)",,,1284.0,500000.0,False,0.6229125647196091,27879.0,both tolerable,1.3828125,1.6248732297306496,"(103, 162, 174)","(121, 123, 197)",11990172.0,11663662.0,6816.0,500000.0,True,False,0.0,-0.03858521537963355,0.6614977800992426,True,False,False,False,False,False,False,False,False,fuzzy_threshold_rescue
403,0.6307692307692307,21666.0,both tolerable,1.253121103485214,3.395769426801531,"(100, 144, 181)","(113, 111, 203)",,,,,True,0.6296401823510257,21402.0,both tolerable,1.253121103485214,3.395769426801531,"(100, 144, 181)","(113, 111, 203)",13138947.0,13066049.0,,,True,0.6663713080168776,19666.0,both tolerable,1.253121103485214,3.395769426801531,"(100, 144, 181)","(113, 111, 203)",,,6244.0,469507.0,True,0.6664972146321831,19477.0,both tolerable,1.253121103485214,3.395769426801531,"(100, 144, 181)","(113, 111, 203)",13138947.0,13066049.0,6156.0,466454.0,True,True,0.03560207724764686,0.03685703228115744,-0.0011290484182050475,False,False,False,False,False,False,False,False,False,no_flag
407,0.6220561397410272,16955.0,found but incorrect,17.155318326962462,1.6331115156829463,"(112, 131, 141)","(114, 110, 198)",,,,,False,0.6230060725804109,16851.0,found but incorrect,17.155318326962462,1.6331115156829463,"(112, 131, 141)","(114, 110, 198)",11346412.0,11220153.0,,,False,0.6043431571411526,15958.0,found but incorrect,17.155318326962462,1.6331115156829463,"(112, 131, 141)","(114, 110, 198)",,,3983.0,500000.0,False,0.6051404662283323,15894.0,found but incorrect,17.155318326962462,1.6331115156829463,"(112, 131, 141)","(114, 110, 198)",11346412.0,11220153.0,3950.0,500000.0,False,True,-0.017712982599874638,-0.017865606352078567,0.0009499328393836048,False,False,True,False,False,False,False,False,False,shared_ostia_failure
409,0.5667081111836976,18750.0,both tolerable,1.703254904736168,0.5,"(94, 152, 185)","(122, 117, 221)",,,,,True,0.5666043639876515,18914.0,both tolerable,1.703254904736168,0.5,"(94, 152, 185)","(122, 117, 221)",12586959.0,12463173.0,,,True,0.2855166306934529,7435.0,both tolerable,1.703254904736168,0.5,"(94, 152, 185)","(122, 117, 221)",,,2066.0,449468.0,True,0.2859193419272918,7524.0,both tolerable,1.703254904736168,0.5,"(94, 152, 185)","(122, 117, 221)",12586959.0,12463173.0,2117.0,450060.0,True,True,-0.28119148049024467,-0.28068502206035967,-0.00010374719604611116,False,False,False,False,False,False,True,True,False,fc_undersegments_normal;fc_undersegments_fuzzy
410,0.7011445315434897,18763.0,both correct,0.0,0.0,"(88, 152, 149)","(113, 118, 184)",,,,,True,0.7008684302996837,18676.0,both correct,0.0,0.0,"(88, 152, 149)","(113, 118, 184)",10903571.0,10589353.0,,,True,0.6515985052937513,17370.0,both correct,0.0,0.0,"(88, 152, 149)","(113, 118, 184)",,,4714.0,404385.0,True,0.6522599458446157,17242.0,both correct,0.0,0.0,"(88, 152, 149)","(113, 118, 184)",10903571.0,10589353.0,4665.0,402913.0,True,True,-0.04954602624973836,-0.048608484455068046,-0.00027610124380594847,False,False,False,False,False,False,False,False,False,no_flag
411,0.6880087025777502,27530.0,both tolerable,0.0,1.252347648933419,"(94, 163, 146)","(110, 133, 172)",,,,,True,0.672733790027083,26267.0,both tolerable,0.0,1.252347648933419,"(94, 163, 146)","(110, 133, 172)",11433217.0,11284949.0,,,True,0.6356209883747026,20609.0,both tolerable,0.0,1.252347648933419,"(94, 163, 146)","(110, 133, 172)",,,5584.0,500000.0,True,0.6350246969016614,20591.0,both tolerable,0.0,1.252347648933419,"(94, 163, 146)","(110, 133, 172)",11433217.0,11284949.0,5583.0,500000.0,True,True,-0.05238771420304755,-0.03770909312542159,-0.015274912550667152,False,False,False,False,False,False,False,False,False,no_flag
420,0.7495649244933476,25822.0,both correct,0.0,0.0,"(97, 159, 187)","(124, 112, 208)",,,,,True,0.7305227787762757,23571.0,both correct,0.0,0.0,"(97, 159, 187)","(124, 112, 209)",13540224.0,13420579.0,,,True,0.5308374659495705,15334.0,both correct,0.0,0.0,"(97, 159, 187)","(124, 112, 208)",,,4277.0,500000.0,True,0.5191911049998814,14564.0,both correct,0.0,0.0,"(97, 159, 187)","(124, 112, 209)",13540224.0,13420579.0,3978.0,500000.0,True,False,-0.21872745854377706,-0.21133167377639428,-0.019042145717071857,False,False,False,False,False,False,True,True,False,fc_undersegments_normal;fc_undersegments_fuzzy
433,0.601327525409666,21737.0,both tolerable,0.0,0.5,"(105, 141, 185)","(131, 110, 206)",,,,,True,0.5218398845699794,19269.0,both tolerable,0.5,3.613046867398156,"(131, 110, 206)","(156, 65, 167)",10386448.0,10169890.0,,,True,0.5976070396083479,20916.0,both tolerable,0.0,0.5,"(105, 141, 185)","(131, 110, 206)",,,5125.0,487919.0,True,0.5330172263789803,19503.0,both tolerable,0.5,3.613046867398156,"(131, 110, 206)","(156, 65, 167)",10386448.0,10169890.0,4997.0,471963.0,True,False,-0.0037204858013181186,0.011177341809000874,-0.07948764083968662,False,False,False,False,False,False,False,False,False,no_flag
434,0.4454578327775322,29825.0,both tolerable,0.71484375,0.8723540490615392,"(95, 131, 146)","(113, 97, 183)",,,,,True,0.4449532072137205,29841.0,both tolerable,0.71484375,0.5,"(95, 131, 146)","(113, 97, 184)",10136479.0,10009781.0,,,True,0.4886856908021473,18980.0,both tolerable,0.71484375,0.8723540490615392,"(95, 131, 146)","(113, 97, 183)",,,4915.0,412961.0,True,0.48813159177808,19016.0,both tolerable,0.71484375,0.5,"(95, 131, 146)","(113, 97, 184)",10136479.0,10009781.0,4944.0,429799.0,True,False,0.043227858024615096,0.04317838456435952,-0.0005046255638117003,False,False,False,False,False,False,False,False,False,no_flag
437,0.5828623305121973,39824.0,both tolerable,0.8532541254157887,1.0982191061341653,"(106, 165, 188)","(119, 133, 215)",,,,,True,0.60554723097153,36932.0,both tolerable,0.8532541254157887,1.0982191061341653,"(106, 165, 188)","(119, 133, 215)",10250369.0,9943807.0,,,True,0.687469762941461,29406.0,both tolerable,0.8532541254157887,1.0982191061341653,"(106, 165, 188)","(119, 133, 215)",,,7122.0,453625.0,True,0.6974024830501012,28315.0,both tolerable,0.8532541254157887,1.0982191061341653,"(106, 165, 188)","(119, 133, 215)",10250369.0,9943807.0,6885.0,426845.0,True,True,0.10460743242926374,0.09185525207857126,0.02268490045933269,False,False,False,False,False,False,False,False,False,no_flag
439,0.6156139105748758,51612.0,both tolerable,1.5089909983190133,0.8095744354916121,"(107, 166, 116)","(132, 134, 155)",,,,,True,0.6214880385682744,51716.0,both tolerable,1.739843048383334,0.8095744354916121,"(107, 165, 115)","(132, 134, 155)",8924333.0,8757908.0,,,True,0.6755510547068583,45804.0,both tolerable,1.5089909983190133,0.8095744354916121,"(107, 166, 116)","(132, 134, 155)",,,12896.0,500000.0,True,0.6837872221144101,45736.0,both tolerable,1.739843048383334,0.8095744354916121,"(107, 165, 115)","(132, 134, 155)",8924333.0,8757908.0,13261.0,500000.0,True,False,0.05993714413198248,0.06229918354613573,0.005874127993398592,False,False,False,False,False,False,False,False,False,no_flag
444,0.6222059568717978,39821.0,both tolerable,0.0,1.7845449924499313,"(94, 168, 229)","(120, 128, 258)",,,,,True,0.6251010996807379,39252.0,both tolerable,0.0,1.7845449924499313,"(94, 168, 229)","(120, 128, 258)",11352280.0,11001441.0,,,True,0.6076116641705577,36883.0,both tolerable,0.0,1.7845449924499313,"(94, 168, 229)","(120, 128, 258)",,,9822.0,500000.0,True,0.6113779200758923,36241.0,both tolerable,0.0,1.7845449924499313,"(94, 168, 229)","(120, 128, 258)",11352280.0,11001441.0,9602.0,500000.0,True,True,-0.01459429270124013,-0.013723179604845592,0.002895142808940099,False,False,False,False,False,False,False,False,False,no_flag
445,0.7168456257701109,30546.0,both tolerable,2.109375,1.113000238656758,"(106, 162, 185)","(118, 126, 208)",,,,,True,0.7162373626373626,30611.0,both tolerable,2.109375,1.113000238656758,"(106, 162, 185)","(118, 126, 208)",11275405.0,11075855.0,,,True,0.7073601707517626,30895.0,both tolerable,2.109375,1.113000238656758,"(106, 162, 185)","(118, 126, 208)",,,7840.0,500000.0,True,0.7070519988817445,30968.0,both tolerable,2.109375,1.113000238656758,"(106, 162, 185)","(118, 126, 208)",11275405.0,11075855.0,7884.0,500000.0,True,True,-0.009485455018348299,-0.00918536375561807,-0.0006082631327483101,False,False,False,False,False,False,False,False,False,no_flag
446,0.6967879151442439,34921.0,both tolerable,4.8503105772014745,0.5,"(102, 157, 182)","(109, 126, 206)",,,,,True,0.6989305979921432,34885.0,both tolerable,4.8503105772014745,0.5,"(102, 157, 182)","(109, 126, 206)",13029772.0,12899074.0,,,True,0.6751834660534571,32022.0,both tolerable,4.8503105772014745,0.5,"(102, 157, 182)","(109, 126, 206)",,,8948.0,461520.0,True,0.6762553191489362,32073.0,both tolerable,4.8503105772014745,0.5,"(102, 157, 182)","(109, 126, 206)",13029772.0,12899074.0,8982.0,460895.0,True,True,-0.021604449090786737,-0.02267527884320697,0.002142682847899313,False,False,False,False,False,False,False,False,False,no_flag
449,0.7658316103284127,21661.0,both tolerable,0.7734375,0.5,"(99, 152, 186)","(110, 117, 215)",,,,,True,0.7681883545784689,21096.0,both tolerable,0.7734375,0.5,"(99, 152, 186)","(110, 117, 215)",12860206.0,12771342.0,,,True,0.7614774230115247,22411.0,both tolerable,0.7734375,0.5,"(99, 152, 186)","(110, 117, 215)",,,6187.0,439481.0,True,0.7608423284502699,21571.0,both tolerable,0.7734375,0.5,"(99, 152, 186)","(110, 117, 215)",12860206.0,12771342.0,5870.0,408142.0,True,True,-0.004354187316888081,-0.0073460261281990125,0.002356744250056164,False,False,False,False,False,False,False,False,False,no_flag
450,0.7122767286408299,28902.0,both tolerable,2.293447831127092,1.167609424241739,"(105, 154, 143)","(102, 119, 172)",,,,,True,0.7130460254110066,28770.0,both tolerable,2.293447831127092,1.4537234150890344,"(105, 154, 143)","(102, 119, 171)",12497088.0,12384347.0,,,True,0.7051921804296113,30059.0,both tolerable,2.293447831127092,1.167609424241739,"(105, 154, 143)","(102, 119, 172)",,,7717.0,417668.0,True,0.7055592420555924,28400.0,both tolerable,2.293447831127092,1.4537234150890344,"(105, 154, 143)","(102, 119, 171)",12497088.0,12384347.0,7395.0,401929.0,True,False,-0.007084548211218622,-0.007486783355414195,0.0007692967701766751,False,False,False,False,False,False,False,False,False,no_flag
451,0.6560369762067412,33641.0,both tolerable,1.703125,1.565348965187156,"(101, 163, 162)","(108, 131, 196)",,,,,True,0.6547332385621863,33778.0,both tolerable,1.703125,1.565348965187156,"(101, 163, 162)","(108, 131, 196)",10460171.0,10382220.0,,,True,0.6536226831677415,33684.0,both tolerable,1.703125,1.565348965187156,"(101, 163, 162)","(108, 131, 196)",,,8658.0,443643.0,True,0.653339720976148,33723.0,both tolerable,1.703125,1.565348965187156,"(101, 163, 162)","(108, 131, 196)",10460171.0,10382220.0,8665.0,439158.0,True,True,-0.0024142930389996486,-0.0013935175860383398,-0.0013037376445548254,False,False,False,False,False,False,False,False,False,no_flag
456,0.5568280586942073,18741.0,both tolerable,0.70703125,0.5,"(93, 191, 152)","(107, 153, 193)",,,,,True,0.5566102909193256,18706.0,both tolerable,0.70703125,0.5,"(93, 191, 152)","(107, 153, 193)",10056261.0,9741935.0,,,True,0.6101780174943409,15406.0,both tolerable,0.70703125,0.5,"(93, 191, 152)","(107, 153, 193)",,,4505.0,368909.0,True,0.6101628518663608,15361.0,both tolerable,0.70703125,0.5,"(93, 191, 152)","(107, 153, 193)",10056261.0,9741935.0,4485.0,367861.0,True,True,0.0533499588001336,0.0535525609470352,-0.0002177677748816942,False,False,False,False,False,False,False,False,False,no_flag
459,0.4038141700853753,26574.0,both tolerable,0.0,0.8437861682062879,"(108, 166, 149)","(130, 133, 187)",,,,,True,0.4940507215082426,39611.0,both tolerable,0.0,0.5,"(108, 166, 149)","(130, 134, 188)",12048818.0,11869608.0,,,True,0.4167213739649732,19681.0,both tolerable,0.0,0.8437861682062879,"(108, 166, 149)","(130, 133, 187)",,,4967.0,500000.0,True,0.4960843225139142,33369.0,both tolerable,0.0,0.5,"(108, 166, 149)","(130, 134, 188)",12048818.0,11869608.0,9350.0,500000.0,True,False,0.012907203879597928,0.002033601005671626,0.0902365514228673,False,False,False,False,False,False,False,False,False,no_flag
460,0.3314067351325531,10593.0,both tolerable,0.8406427884967327,1.6451991666213432,"(91, 148, 167)","(107, 117, 202)",,,,,True,0.3313858825782971,10487.0,both tolerable,1.441083339507556,1.6451991666213432,"(91, 147, 167)","(107, 117, 202)",12935753.0,12816801.0,,,True,0.309439601494396,8873.0,both tolerable,0.8406427884967327,1.6451991666213432,"(91, 148, 167)","(107, 117, 202)",,,2539.0,500001.0,True,0.3091199361404909,8811.0,both tolerable,1.441083339507556,1.6451991666213432,"(91, 147, 167)","(107, 117, 202)",12935753.0,12816801.0,2523.0,500000.0,True,False,-0.02196713363815711,-0.022265946437806217,-2.0852554255990086e-05,False,False,False,True,False,False,False,False,False,shared_low_dice_with_good_ostia
464,0.2731182166574028,47088.0,found but incorrect,1.0,55.044200683910965,"(126, 133, 191)","(60, 82, 139)",,,,,False,0.6427841237388329,23720.0,both tolerable,0.0,1.0,"(116, 178, 165)","(126, 133, 191)",9596136.0,8692511.0,,,True,0.3193931664093442,23413.0,found but incorrect,1.0,55.044200683910965,"(126, 133, 191)","(60, 82, 139)",,,7271.0,453133.0,False,0.6194619261339418,18605.0,both tolerable,0.0,1.0,"(116, 178, 165)","(126, 133, 191)",9596136.0,8692511.0,4878.0,464423.0,True,False,0.04627494975194135,-0.02332219760489107,0.36966590708143005,True,False,False,False,False,False,False,False,False,fuzzy_threshold_rescue
468,0.5545291870193936,14765.0,both tolerable,0.0,6.287897795877908,"(100, 153, 188)","(129, 126, 197)",,,,,True,0.5544094144994915,14709.0,both tolerable,0.0,6.287897795877908,"(100, 153, 188)","(129, 126, 197)",11084053.0,10911726.0,,,True,0.5276167830782187,13785.0,both tolerable,0.0,6.287897795877908,"(100, 153, 188)","(129, 126, 197)",,,3808.0,424996.0,True,0.5273493677163402,13741.0,both tolerable,0.0,6.287897795877908,"(100, 153, 188)","(129, 126, 197)",11084053.0,10911726.0,3788.0,425701.0,True,True,-0.02691240394117489,-0.027060046783151326,-0.00011977251990202831,False,False,False,False,False,False,False,False,False,no_flag
470,0.3442162019119447,8022.0,both tolerable,1.276244270692943,1.8728584775559325,"(84, 150, 150)","(98, 132, 193)",,,,,True,0.3437892925683277,8013.0,both tolerable,1.276244270692943,1.8728584775559325,"(84, 150, 150)","(98, 132, 193)",12832842.0,12741807.0,,,True,0.3280235593333779,7673.0,both tolerable,1.276244270692943,1.8728584775559325,"(84, 150, 150)","(98, 132, 193)",,,1862.0,488438.0,True,0.3276041143163467,7638.0,both tolerable,1.276244270692943,1.8728584775559325,"(84, 150, 150)","(98, 132, 193)",12832842.0,12741807.0,1848.0,491798.0,True,True,-0.016192642578566785,-0.016185178251981014,-0.00042690934361699906,False,False,False,True,False,False,False,False,False,shared_low_dice_with_good_ostia
472,0.7064866369710467,35465.0,both tolerable,1.0385630848677416,1.7768586219786875,"(101, 159, 202)","(117, 131, 231)",,,,,True,0.706713977596883,35490.0,both tolerable,1.0385630848677416,1.7768586219786875,"(101, 159, 202)","(117, 131, 231)",11153225.0,10898216.0,,,True,0.6801748461324796,32028.0,both tolerable,1.0385630848677416,1.7768586219786875,"(101, 159, 202)","(117, 131, 231)",,,8484.0,500000.0,True,0.6802030456852792,31984.0,both tolerable,1.0385630848677416,1.7768586219786875,"(101, 159, 202)","(117, 131, 231)",11153225.0,10898216.0,8493.0,500000.0,True,True,-0.02631179083856716,-0.026510931911603808,0.000227340625836292,False,False,False,False,False,False,False,False,False,no_flag
475,0.6941520467836257,24254.0,both tolerable,1.3984375,2.050762648725164,"(94, 164, 173)","(115, 142, 210)",,,,,True,0.6955639250355202,24135.0,both tolerable,1.3984375,2.050762648725164,"(94, 164, 173)","(115, 142, 210)",11772990.0,11615063.0,,,True,0.7128618458394823,23839.0,both tolerable,1.3984375,2.050762648725164,"(94, 164, 173)","(115, 142, 210)",,,6065.0,460893.0,True,0.7140383651524126,23688.0,both tolerable,1.3984375,2.050762648725164,"(94, 164, 173)","(115, 142, 210)",11772990.0,11615063.0,6001.0,462702.0,True,True,0.01870979905585657,0.018474440116892366,0.0014118782518944828,False,False,False,False,False,False,False,False,False,no_flag
483,0.5683363003722285,29898.0,both tolerable,0.0,1.029961908617559,"(114, 169, 185)","(131, 132, 216)",,,,,True,0.6610073571024335,22874.0,both tolerable,0.0,1.029961908617559,"(114, 169, 185)","(131, 132, 216)",9632260.0,9070189.0,,,True,0.5949591036127279,19467.0,both tolerable,0.0,1.029961908617559,"(114, 169, 185)","(131, 132, 216)",,,4953.0,500000.0,True,0.6312437052562812,17203.0,both tolerable,0.0,1.029961908617559,"(114, 169, 185)","(131, 132, 216)",9632260.0,9070189.0,4466.0,500000.0,True,True,0.02662280324049937,-0.029763651846152372,0.09267105673020504,False,False,False,False,False,False,False,False,True,threshold_changes_segmentation_with_same_ostia
490,0.2299769748494509,189485.0,both tolerable,0.0,0.8095744354916121,"(91, 158, 142)","(112, 118, 176)",,,,,True,0.6218451629378466,34132.0,both tolerable,0.5,0.8095744354916121,"(92, 158, 142)","(112, 118, 176)",10887114.0,10789036.0,,,True,0.299516561792247,130988.0,both tolerable,0.0,0.8095744354916121,"(91, 158, 142)","(112, 118, 176)",,,32797.0,500000.0,True,0.6174792794623547,32538.0,both tolerable,0.5,0.8095744354916121,"(92, 158, 142)","(112, 118, 176)",10887114.0,10789036.0,9475.0,500000.0,True,False,0.0695395869427961,-0.0043658834754919384,0.39186818808839574,False,False,False,False,False,False,False,False,False,no_flag
493,0.3650212591801005,12723.0,both tolerable,0.5,0.8095744354916121,"(101, 179, 197)","(121, 138, 229)",,,,,True,0.3623315956942658,13055.0,both tolerable,0.5,0.8095744354916121,"(101, 179, 197)","(121, 138, 229)",13244545.0,13064376.0,,,True,0.3727793504669772,13605.0,both tolerable,0.5,0.8095744354916121,"(101, 179, 197)","(121, 138, 229)",,,4200.0,500000.0,True,0.3725883348928396,13628.0,both tolerable,0.5,0.8095744354916121,"(101, 179, 197)","(121, 138, 229)",13244545.0,13064376.0,4205.0,500000.0,True,True,0.007758091286876712,0.010256739198573783,-0.002689663485834659,False,False,False,True,False,False,False,False,False,shared_low_dice_with_good_ostia
496,0.5566161291038647,50865.0,both tolerable,2.25,1.25,"(95, 162, 196)","(107, 134, 216)",,,,,True,0.5573996311848741,50785.0,both tolerable,2.25,1.25,"(95, 162, 196)","(107, 134, 216)",13197645.0,13048800.0,,,True,0.57314611799213,29636.0,both tolerable,2.25,1.25,"(95, 162, 196)","(107, 134, 216)",,,7298.0,500000.0,True,0.5710957747299147,29449.0,both tolerable,2.25,1.25,"(95, 162, 196)","(107, 134, 216)",13197645.0,13048800.0,7326.0,500000.0,True,True,0.01652998888826529,0.013696143545040562,0.0007835020810094129,False,False,False,False,False,False,False,False,False,no_flag
507,0.6064355914725256,23466.0,both tolerable,2.1796875,0.7265625,"(97, 145, 197)","(108, 107, 227)",,,,,True,0.6065269637812539,23383.0,both tolerable,2.1796875,0.7265625,"(97, 145, 197)","(108, 107, 227)",12279122.0,12154303.0,,,True,0.625395753303221,23327.0,both tolerable,2.1796875,0.7265625,"(97, 145, 197)","(108, 107, 227)",,,5911.0,500000.0,True,0.624891577989803,23218.0,both tolerable,2.1796875,0.7265625,"(97, 145, 197)","(108, 107, 227)",12279122.0,12154303.0,5869.0,500000.0,True,True,0.018960161830695377,0.018364614208549068,9.137230872835467e-05,False,False,False,False,False,False,False,False,False,no_flag
508,0.2303061449232802,54997.0,found but incorrect,0.734375,16.79781247383867,"(100, 152, 164)","(122, 119, 120)",,,,,False,0.6297212154059821,32313.0,both tolerable,2.136458079392152,0.734375,"(101, 150, 160)","(116, 113, 186)",11961991.0,11872438.0,,,True,0.4157513947001394,19159.0,found but incorrect,0.734375,16.79781247383867,"(100, 152, 164)","(122, 119, 120)",,,4796.0,500000.0,False,0.6425385683995029,27979.0,both tolerable,2.136458079392152,0.734375,"(101, 150, 160)","(116, 113, 186)",11961991.0,11872438.0,7063.0,469094.0,True,False,0.1854452497768592,0.012817352993520714,0.399415070482702,True,False,False,False,False,False,False,False,False,fuzzy_threshold_rescue
510,0.6798404962339388,37749.0,both tolerable,0.0,1.137745187345622,"(86, 155, 179)","(114, 118, 222)",,,,,True,0.678782651552489,34967.0,both tolerable,0.0,1.137745187345622,"(86, 155, 179)","(114, 118, 222)",11961240.0,11776374.0,,,True,0.6822434565849606,30214.0,both tolerable,0.0,1.137745187345622,"(86, 155, 179)","(114, 118, 222)",,,8060.0,370595.0,True,0.6685047201912506,27346.0,both tolerable,0.0,1.137745187345622,"(86, 155, 179)","(114, 118, 222)",11961240.0,11776374.0,7443.0,350906.0,True,True,0.0024029603510217212,-0.010277931361238335,-0.001057844681449871,False,False,False,False,False,False,False,False,False,no_flag
511,0.763012002798859,37630.0,both tolerable,0.0,0.5,"(104, 156, 206)","(114, 107, 224)",,,,,True,0.7638813870584422,37370.0,both tolerable,0.0,0.5,"(104, 156, 206)","(114, 107, 224)",11188441.0,10889677.0,,,True,0.7606487398057996,39215.0,both tolerable,0.0,0.5,"(104, 156, 206)","(114, 107, 224)",,,11257.0,451041.0,True,0.762096453825578,38832.0,both tolerable,0.0,0.5,"(104, 156, 206)","(114, 107, 224)",11188441.0,10889677.0,11098.0,450033.0,True,True,-0.002363262993059334,-0.0017849332328642165,0.0008693842595832724,False,False,False,False,False,False,False,False,False,no_flag
512,0.6556342978739574,29389.0,both correct,0.0,0.0,"(93, 151, 206)","(109, 112, 237)",,,,,True,0.6558418100579902,29351.0,both correct,0.0,0.0,"(93, 151, 206)","(109, 112, 237)",12738975.0,12496301.0,,,True,0.6478884738636131,25749.0,both correct,0.0,0.0,"(93, 151, 206)","(109, 112, 237)",,,6736.0,342368.0,True,0.6481088146393269,25720.0,both correct,0.0,0.0,"(93, 151, 206)","(109, 112, 237)",12738975.0,12496301.0,6723.0,343309.0,True,True,-0.007745824010344293,-0.0077329954186633465,0.0002075121840328098,False,False,False,False,False,False,False,False,False,no_flag
513,0.7368498168498169,27966.0,both tolerable,0.0,1.4617623841028764,"(97, 155, 163)","(123, 117, 210)",,,,,True,0.7360350090096716,27752.0,both tolerable,0.0,1.1776031876562347,"(97, 155, 163)","(124, 117, 210)",10895662.0,10255783.0,,,True,0.7398805573988055,27618.0,both tolerable,0.0,1.4617623841028764,"(97, 155, 163)","(123, 117, 210)",,,7327.0,500000.0,True,0.7403198341600652,27394.0,both tolerable,0.0,1.1776031876562347,"(97, 155, 163)","(124, 117, 210)",10895662.0,10255783.0,7250.0,477854.0,True,False,0.003030740548988664,0.004284825150393634,-0.0008148078401453152,False,False,False,False,False,False,False,False,False,no_flag
515,0.7484767139631002,22961.0,both tolerable,1.6770509831248424,1.1726039399558574,"(82, 148, 171)","(95, 119, 202)",,,,,True,0.7453257912690531,22341.0,both tolerable,1.6770509831248424,1.1726039399558574,"(82, 148, 171)","(95, 119, 202)",12087126.0,11657122.0,,,True,0.7287736876497495,21933.0,both tolerable,1.6770509831248424,1.1726039399558574,"(82, 148, 171)","(95, 119, 202)",,,5992.0,427337.0,True,0.7282118625519808,21713.0,both tolerable,1.6770509831248424,1.1726039399558574,"(82, 148, 171)","(95, 119, 202)",12087126.0,11657122.0,5895.0,418106.0,True,True,-0.019703026313350747,-0.01711392871707229,-0.0031509226940471535,False,False,False,False,False,False,False,False,False,no_flag
522,0.0,5409.0,found but incorrect,43.38362515136805,26.06302281868444,"(58, 142, 260)","(86, 115, 261)",,,,,False,0.0,5353.0,found but incorrect,43.08198857130219,26.928353936465168,"(59, 144, 261)","(85, 115, 262)",12843899.0,12509058.0,,,False,0.0,5888.0,found but incorrect,43.38362515136805,26.06302281868444,"(58, 142, 260)","(86, 115, 261)",,,1723.0,500000.0,False,0.0,5818.0,found but incorrect,43.08198857130219,26.928353936465168,"(59, 144, 261)","(85, 115, 262)",12843899.0,12509058.0,1698.0,500000.0,False,False,0.0,0.0,0.0,False,False,True,False,False,False,False,False,False,shared_ostia_failure
523,0.7259779785896426,41230.0,both correct,0.0,0.0,"(99, 178, 162)","(125, 142, 184)",,,,,True,0.7257518796992481,41251.0,both correct,0.0,0.0,"(99, 178, 162)","(125, 142, 184)",12799063.0,12480019.0,,,True,0.7198105576591679,41434.0,both correct,0.0,0.0,"(99, 178, 162)","(125, 142, 184)",,,12201.0,440621.0,True,0.7197533613888661,41438.0,both correct,0.0,0.0,"(99, 178, 162)","(125, 142, 184)",12799063.0,12480019.0,12209.0,452307.0,True,True,-0.006167420930474732,-0.005998518310382006,-0.00022609889039448827,False,False,False,False,False,False,False,False,False,no_flag
525,0.6933556352752163,23289.0,both tolerable,0.9013878188659972,0.9013878188659972,"(112, 150, 196)","(125, 114, 224)",,,,,True,0.6943726386955658,23113.0,both tolerable,0.9013878188659972,0.75,"(112, 150, 196)","(125, 115, 225)",12905507.0,12688432.0,,,True,0.651872399445215,21112.0,both tolerable,0.9013878188659972,0.9013878188659972,"(112, 150, 196)","(125, 114, 224)",,,4935.0,440765.0,True,0.6464168185799853,20091.0,both tolerable,0.9013878188659972,0.75,"(112, 150, 196)","(125, 115, 225)",12905507.0,12688432.0,4730.0,402651.0,True,False,-0.04148323583000124,-0.047955820115580416,0.0010170034203494938,False,False,False,False,False,False,False,False,False,no_flag
526,0.7170398163461775,20505.0,both tolerable,1.0938058021479409,1.8564512201543293,"(89, 162, 157)","(110, 128, 193)",,,,,True,0.7170985992044865,20471.0,both tolerable,1.0938058021479409,1.8564512201543293,"(89, 162, 157)","(110, 128, 193)",12408003.0,12275008.0,,,True,0.7139958452099135,21392.0,both tolerable,1.0938058021479409,1.8564512201543293,"(89, 162, 157)","(110, 128, 193)",,,5532.0,500000.0,True,0.7143168130034105,21337.0,both tolerable,1.0938058021479409,1.8564512201543293,"(89, 162, 157)","(110, 128, 193)",12408003.0,12275008.0,5509.0,500000.0,True,True,-0.0030439711362639787,-0.002781786201075942,5.878285830895891e-05,False,False,False,False,False,False,False,False,False,no_flag
527,0.7069042849026702,32651.0,both tolerable,0.0,1.6788015468747528,"(90, 157, 150)","(100, 114, 195)",,,,,True,0.7074045721319103,32386.0,both tolerable,0.0,1.6788015468747528,"(90, 157, 150)","(100, 114, 195)",10911906.0,10819890.0,,,True,0.7023348309641305,33650.0,both tolerable,0.0,1.6788015468747528,"(90, 157, 150)","(100, 114, 195)",,,9811.0,426646.0,True,0.7059874622154056,32922.0,both tolerable,0.0,1.6788015468747528,"(90, 157, 150)","(100, 114, 195)",10911906.0,10819890.0,9608.0,421591.0,True,True,-0.0045694539385396915,-0.0014171099165046774,0.000500287229240115,False,False,False,False,False,False,False,False,False,no_flag
534,0.7006190008403261,46523.0,both tolerable,0.0,0.8437861682062879,"(92, 161, 237)","(114, 120, 248)",,,,,True,0.7021154398391883,45608.0,both tolerable,0.0,0.8437861682062879,"(92, 161, 237)","(114, 120, 248)",11592847.0,11404953.0,,,True,0.6941043532961336,47875.0,both tolerable,0.0,0.8437861682062879,"(92, 161, 237)","(114, 120, 248)",,,13003.0,493401.0,True,0.6968693311486921,47477.0,both tolerable,0.0,0.8437861682062879,"(92, 161, 237)","(114, 120, 248)",11592847.0,11404953.0,12965.0,463888.0,True,True,-0.006514647544192509,-0.005246108690496243,0.001496438998862204,False,False,False,False,False,False,False,False,False,no_flag
539,0.6323960046532151,26245.0,both tolerable,0.0,1.2179735106545833,"(102, 162, 112)","(109, 128, 152)",,,,,True,0.6320743381263267,26321.0,both tolerable,0.0,1.2179735106545833,"(102, 162, 112)","(109, 128, 152)",8836859.0,8707381.0,,,True,0.5868345833960156,22918.0,both tolerable,0.0,1.2179735106545833,"(102, 162, 112)","(109, 128, 152)",,,5748.0,394524.0,True,0.6068589700285978,20796.0,both tolerable,0.0,1.2179735106545833,"(102, 162, 112)","(109, 128, 152)",8836859.0,8707381.0,5369.0,394350.0,True,True,-0.04556142125719953,-0.025215368097728952,-0.0003216665268883645,False,False,False,False,False,False,False,False,False,no_flag
540,0.5108048145624793,22998.0,both tolerable,2.0020131469660734,0.5,"(92, 172, 146)","(101, 139, 187)",,,,,True,0.4385204673837344,17447.0,both tolerable,2.0020131469660734,0.5,"(92, 172, 146)","(101, 139, 187)",11694139.0,11629062.0,,,True,0.4360331026997693,17352.0,both tolerable,2.0020131469660734,0.5,"(92, 172, 146)","(101, 139, 187)",,,4702.0,500000.0,True,0.4369916697847535,16534.0,both tolerable,2.0020131469660734,0.5,"(92, 172, 146)","(101, 139, 187)",11694139.0,11629062.0,4334.0,467536.0,True,True,-0.07477171186270998,-0.001528797598980891,-0.07228434717874488,False,False,False,False,False,False,False,False,True,threshold_changes_segmentation_with_same_ostia
541,0.6608217699920756,29940.0,both tolerable,0.77734375,0.0,"(96, 174, 174)","(114, 144, 214)",,,,,True,0.6603090417665358,29456.0,both tolerable,0.77734375,0.0,"(96, 174, 174)","(114, 144, 214)",13303823.0,13170443.0,,,True,0.6404759462508975,29123.0,both tolerable,0.77734375,0.0,"(96, 174, 174)","(114, 144, 214)",,,7510.0,500000.0,True,0.6247555865921788,27909.0,both tolerable,0.77734375,0.0,"(96, 174, 174)","(114, 144, 214)",13303823.0,13170443.0,7206.0,500000.0,True,True,-0.020345823741178104,-0.03555345517435704,-0.0005127282255398269,False,False,False,False,False,False,False,False,False,no_flag
545,0.6972019061250851,27198.0,both tolerable,0.0,1.2202077119702048,"(107, 179, 127)","(123, 141, 177)",,,,,True,0.6964984623986581,27141.0,both tolerable,0.0,1.2202077119702048,"(107, 179, 127)","(123, 141, 177)",10332594.0,10129102.0,,,True,0.6824215642951834,26484.0,both tolerable,0.0,1.2202077119702048,"(107, 179, 127)","(123, 141, 177)",,,7186.0,480748.0,True,0.6822808787862694,26396.0,both tolerable,0.0,1.2202077119702048,"(107, 179, 127)","(123, 141, 177)",10332594.0,10129102.0,7182.0,488940.0,True,True,-0.014780341829901733,-0.014217583612388673,-0.0007034437264270554,False,False,False,False,False,False,False,False,False,no_flag
547,0.6531667674121835,32314.0,both tolerable,1.5372967345311055,0.5,"(87, 190, 230)","(116, 150, 252)",,,,,True,0.6538299840242159,32223.0,both tolerable,1.5372967345311055,0.5,"(87, 190, 230)","(116, 150, 252)",10940672.0,10549674.0,,,True,0.6701776089069541,29343.0,both tolerable,1.5372967345311055,0.5,"(87, 190, 230)","(116, 150, 252)",,,7630.0,500002.0,True,0.6712367591313282,29212.0,both tolerable,1.5372967345311055,0.5,"(87, 190, 230)","(116, 150, 252)",10940672.0,10549674.0,7595.0,500000.0,True,True,0.017010841494770612,0.017406775107112304,0.0006632166120323912,False,False,False,False,False,False,False,False,False,no_flag
552,0.5575156372165755,16895.0,both tolerable,1.1048543456039803,1.2689962815154343,"(85, 175, 187)","(103, 144, 233)",,,,,True,0.5584549609317411,16665.0,both tolerable,1.1048543456039803,1.2689962815154343,"(85, 175, 187)","(103, 144, 233)",13780460.0,13663631.0,,,True,0.5645984684861575,16711.0,both tolerable,1.1048543456039803,1.2689962815154343,"(85, 175, 187)","(103, 144, 233)",,,4352.0,500000.0,True,0.5646276923076923,16592.0,both tolerable,1.1048543456039803,1.2689962815154343,"(85, 175, 187)","(103, 144, 233)",13780460.0,13663631.0,4300.0,500000.0,True,True,0.0070828312695819795,0.0061727313759512015,0.0009393237151655853,False,False,False,False,False,False,False,False,False,no_flag
553,0.5492039363149052,23474.0,both tolerable,0.8595969173697416,1.1080675614343762,"(104, 153, 140)","(123, 122, 184)",,,,,True,0.558378486855308,23308.0,both tolerable,1.3984375,1.0,"(105, 155, 147)","(122, 122, 185)",12845348.0,12641209.0,,,True,0.534447190506342,22437.0,both tolerable,0.8595969173697416,1.1080675614343762,"(104, 153, 140)","(123, 122, 184)",,,5638.0,446768.0,True,0.5303445858165096,21971.0,both tolerable,1.3984375,1.0,"(105, 155, 147)","(122, 122, 185)",12845348.0,12641209.0,5755.0,421764.0,True,False,-0.014756745808563121,-0.028033901038798437,0.009174550540402837,False,False,False,False,False,False,False,False,False,no_flag
556,0.6571369237159075,13893.0,both tolerable,0.87109375,0.0,"(85, 153, 174)","(103, 115, 228)",,,,,True,0.0070375780108883,63.0,both tolerable,0.87109375,1.3261992012096306,"(85, 153, 174)","(104, 118, 228)",12884036.0,12775273.0,,,True,0.0254926188463289,378.0,both tolerable,0.87109375,0.0,"(85, 153, 174)","(103, 115, 228)",,,60.0,378914.0,True,0.0129338788438696,155.0,both tolerable,0.87109375,1.3261992012096306,"(85, 153, 174)","(104, 118, 228)",12884036.0,12775273.0,8.0,342604.0,True,False,-0.6316443048695786,0.0058963008329813,-0.6500993457050191,False,False,False,False,False,False,True,False,False,fc_undersegments_normal
557,0.7555515598309809,22727.0,both tolerable,0.5,1.231503780952377,"(95, 149, 161)","(103, 111, 201)",,,,,True,0.7537044094241072,22844.0,both tolerable,0.5,1.231503780952377,"(95, 149, 161)","(103, 111, 201)",12677489.0,12474083.0,,,True,0.7306926518469935,20926.0,both tolerable,0.5,1.231503780952377,"(95, 149, 161)","(103, 111, 201)",,,5339.0,457902.0,True,0.7306881529020471,20929.0,both tolerable,0.5,1.231503780952377,"(95, 149, 161)","(103, 111, 201)",12677489.0,12474083.0,5340.0,464069.0,True,True,-0.024858907983987377,-0.023016256522060075,-0.0018471504068736655,False,False,False,False,False,False,False,False,False,no_flag
558,0.7328251734584188,29853.0,both tolerable,0.0,0.74609375,"(96, 163, 174)","(122, 133, 214)",,,,,True,0.6811935610522183,24489.0,both tolerable,0.0,0.74609375,"(96, 163, 174)","(122, 133, 214)",11598401.0,11356336.0,,,True,0.6513552068473609,24535.0,both tolerable,0.0,0.74609375,"(96, 163, 174)","(122, 133, 214)",,,6917.0,398248.0,True,0.6525924070562136,24349.0,both tolerable,0.0,0.74609375,"(96, 163, 174)","(122, 133, 214)",11598401.0,11356336.0,6830.0,399089.0,True,True,-0.08146996661105788,-0.028601153996004713,-0.05163161240620051,False,False,False,False,False,False,False,False,True,threshold_changes_segmentation_with_same_ostia
567,0.7374479742900796,39691.0,both tolerable,0.0,1.9931523398877469,"(101, 171, 191)","(114, 132, 242)",,,,,True,0.5466913822048125,20951.0,found but incorrect,0.0,19.03125,"(101, 171, 191)","(135, 71, 197)",11542474.0,10599670.0,,,False,0.7206569333351078,38904.0,both tolerable,0.0,1.9931523398877469,"(101, 171, 191)","(114, 132, 242)",,,10801.0,500000.0,True,0.545990751243347,21072.0,found but incorrect,0.0,19.03125,"(101, 171, 191)","(135, 71, 197)",11542474.0,10599670.0,5916.0,500000.0,False,False,-0.016791040954971748,-0.0007006309614655537,-0.19075659208526707,False,True,False,False,False,False,False,False,False,fuzzy_threshold_regression
570,0.4384591170221138,16081.0,both tolerable,0.63671875,1.5089909983190133,"(94, 188, 198)","(112, 149, 226)",,,,,True,0.4384656261685922,16062.0,both tolerable,0.63671875,1.5089909983190133,"(94, 188, 198)","(112, 149, 226)",11105465.0,10825805.0,,,True,0.4425191343875053,16731.0,both tolerable,0.63671875,1.5089909983190133,"(94, 188, 198)","(112, 149, 226)",,,4680.0,473999.0,True,0.4426178539504877,16715.0,both tolerable,0.63671875,1.5089909983190133,"(94, 188, 198)","(112, 149, 226)",11105465.0,10825805.0,4673.0,473837.0,True,True,0.004060017365391466,0.004152227781895501,6.5091464783728625e-06,False,False,False,False,False,False,False,False,False,no_flag
585,0.4909161900824548,18053.0,both tolerable,0.0,0.8281342128025279,"(96, 131, 142)","(110, 92, 168)",,,,,True,0.491103039220194,18012.0,both tolerable,0.0,0.8281342128025279,"(96, 131, 142)","(110, 92, 168)",9417341.0,9334932.0,,,True,0.4756658764467996,17540.0,both tolerable,0.0,0.8281342128025279,"(96, 131, 142)","(110, 92, 168)",,,4728.0,360312.0,True,0.4758980085613251,17498.0,both tolerable,0.0,0.8281342128025279,"(96, 131, 142)","(110, 92, 168)",9417341.0,9334932.0,4735.0,353715.0,True,True,-0.01525031363565521,-0.015205030658868912,0.00018684913773919787,False,False,False,False,False,False,False,False,False,no_flag
590,0.5497256587319801,23600.0,both tolerable,0.0,0.907898554441106,"(111, 137, 141)","(120, 100, 180)",,,,,True,0.5498672575621381,23504.0,both tolerable,0.0,0.907898554441106,"(111, 137, 141)","(120, 100, 180)",11327570.0,11210654.0,,,True,0.5200412020242734,20325.0,both tolerable,0.0,0.907898554441106,"(111, 137, 141)","(120, 100, 180)",,,5023.0,500000.0,True,0.5264583437829162,15541.0,both tolerable,0.0,0.907898554441106,"(111, 137, 141)","(120, 100, 180)",11327570.0,11210654.0,3861.0,500000.0,True,True,-0.029684456707706697,-0.02340891377922183,0.00014159883015796293,False,False,False,False,False,False,False,False,False,no_flag
594,0.5352081040407898,15237.0,found but incorrect,0.0,24.84363453196437,"(92, 151, 163)","(103, 111, 143)",,,,,False,0.5351827705588778,15198.0,found but incorrect,0.0,24.84363453196437,"(92, 151, 163)","(103, 111, 143)",11356643.0,11096744.0,,,False,0.5427392153381857,15780.0,found but incorrect,0.0,24.84363453196437,"(92, 151, 163)","(103, 111, 143)",,,4355.0,387239.0,False,0.5426280841235648,15745.0,found but incorrect,0.0,24.84363453196437,"(92, 151, 163)","(103, 111, 143)",11356643.0,11096744.0,4341.0,392505.0,False,True,0.0075311112973959204,0.007445313564687028,-2.5333481912026556e-05,False,False,True,False,False,False,False,False,False,shared_ostia_failure
597,0.2068663471130684,48364.0,found but incorrect,0.63671875,48.82403545374226,"(87, 141, 179)","(42, 70, 149)",,,,,False,0.2661885149631207,30023.0,found but incorrect,0.63671875,48.61183486448132,"(87, 141, 179)","(42, 71, 149)",8410170.0,8263080.0,,,False,0.3210071120392442,16925.0,found but incorrect,0.63671875,48.82403545374226,"(87, 141, 179)","(42, 70, 149)",,,5067.0,396713.0,False,0.3210372822574289,16914.0,found but incorrect,0.63671875,48.61183486448132,"(87, 141, 179)","(42, 71, 149)",8410170.0,8263080.0,5098.0,395343.0,False,False,0.11414076492617581,0.05484876729430821,0.05932216785005229,False,False,True,False,False,False,False,False,False,shared_ostia_failure
599,0.7249285316858848,25532.0,both tolerable,0.77734375,1.4861112378715549,"(99, 148, 180)","(118, 118, 223)",,,,,True,0.7254864335879034,25525.0,both tolerable,0.77734375,1.4861112378715549,"(99, 148, 180)","(118, 118, 223)",11817224.0,11480272.0,,,True,0.5761374713790212,17522.0,both tolerable,0.77734375,1.4861112378715549,"(99, 148, 180)","(118, 118, 223)",,,4547.0,466493.0,True,0.6904847828702033,23289.0,both tolerable,0.77734375,1.4861112378715549,"(99, 148, 180)","(118, 118, 223)",11817224.0,11480272.0,5919.0,469407.0,True,True,-0.14879106030686362,-0.03500165071770012,0.0005579019020186538,False,False,False,False,False,False,False,False,False,no_flag
602,0.576859229747676,14059.0,found but incorrect,0.0,34.400178988678604,"(91, 176, 179)","(77, 110, 159)",,,,,False,0.5766259656117618,14032.0,found but incorrect,0.0,34.400178988678604,"(91, 176, 179)","(77, 110, 159)",12395957.0,12165594.0,,,False,0.0570593149540517,1855.0,found but incorrect,0.0,34.400178988678604,"(91, 176, 179)","(77, 110, 159)",,,449.0,500000.0,False,0.0570664661402849,1852.0,found but incorrect,0.0,34.400178988678604,"(91, 176, 179)","(77, 110, 159)",12395957.0,12165594.0,448.0,500000.0,False,True,-0.5197999147936243,-0.519559499471477,-0.0002332641359141796,False,False,True,False,False,False,False,False,False,shared_ostia_failure
604,0.637148412184057,16429.0,both tolerable,2.2759999519442,1.8828287084364577,"(97, 186, 164)","(107, 157, 212)",,,,,True,0.637092380730018,16401.0,both tolerable,2.2759999519442,1.8828287084364577,"(97, 186, 164)","(107, 157, 212)",13333257.0,13173047.0,,,True,0.6115565533461621,15270.0,both tolerable,2.2759999519442,1.8828287084364577,"(97, 186, 164)","(107, 157, 212)",,,4159.0,500000.0,True,0.6114578032514664,15191.0,both tolerable,2.2759999519442,1.8828287084364577,"(97, 186, 164)","(107, 157, 212)",13333257.0,13173047.0,4121.0,500000.0,True,True,-0.025591858837894943,-0.02563457747855158,-5.603145403909604e-05,False,False,False,False,False,False,False,False,False,no_flag
605,0.7511075844739801,32839.0,both tolerable,0.0,0.5,"(90, 167, 145)","(104, 131, 183)",,,,,True,0.7524647302904565,32597.0,both tolerable,0.0,0.5,"(90, 167, 145)","(104, 131, 183)",12689156.0,12466962.0,,,True,0.6989979821671869,30330.0,both tolerable,0.0,0.5,"(90, 167, 145)","(104, 131, 183)",,,7752.0,500000.0,True,0.7003257328990228,30063.0,both tolerable,0.0,0.5,"(90, 167, 145)","(104, 131, 183)",12689156.0,12466962.0,7633.0,500000.0,True,True,-0.05210960230679318,-0.052138997391433684,0.0013571458164763905,False,False,False,False,False,False,False,False,False,no_flag
606,0.0,,not found,,,,,,,,,False,0.0,,not found,,,,,9629087.0,8406642.0,,,False,0.0,,not found,,,,,,,,,False,0.0,,not found,,,,,9629087.0,8406642.0,,,False,True,0.0,0.0,0.0,False,False,True,False,False,False,False,False,False,shared_ostia_failure
607,0.7167834457468404,38101.0,both tolerable,0.9740592917816912,1.3033769615526622,"(90, 158, 143)","(113, 128, 187)",,,,,True,0.7174081619241638,37831.0,both tolerable,0.9740592917816912,1.3033769615526622,"(90, 158, 143)","(113, 128, 187)",13111595.0,12956494.0,,,True,0.6796414216058676,34143.0,both tolerable,0.9740592917816912,1.3033769615526622,"(90, 158, 143)","(113, 128, 187)",,,9606.0,500000.0,True,0.6798667961703899,33816.0,both tolerable,0.9740592917816912,1.3033769615526622,"(90, 158, 143)","(113, 128, 187)",13111595.0,12956494.0,9471.0,500000.0,True,True,-0.037142024140972785,-0.03754136575377387,0.0006247161773234033,False,False,False,False,False,False,False,False,False,no_flag
614,0.7171692652413407,26575.0,both tolerable,1.650847061513517,1.8275990830056588,"(92, 134, 191)","(110, 100, 206)",,,,,True,0.716344174557431,26458.0,both tolerable,1.650847061513517,1.8275990830056588,"(92, 134, 191)","(110, 100, 206)",12227547.0,12062190.0,,,True,0.571408846136144,16474.0,both tolerable,1.650847061513517,1.8275990830056588,"(92, 134, 191)","(110, 100, 206)",,,4459.0,392721.0,True,0.5669509103480065,16410.0,both tolerable,1.650847061513517,1.8275990830056588,"(92, 134, 191)","(110, 100, 206)",12227547.0,12062190.0,4437.0,373468.0,True,True,-0.14576041910519677,-0.14939326420942456,-0.0008250906839096794,False,False,False,False,False,False,True,True,False,fc_undersegments_normal;fc_undersegments_fuzzy
615,0.7147917713284642,38552.0,both tolerable,0.9556990089474432,0.0,"(94, 163, 167)","(123, 127, 202)",,,,,True,0.714027149321267,38271.0,both tolerable,0.9556990089474432,0.0,"(94, 163, 167)","(123, 127, 202)",10775251.0,10616646.0,,,True,0.7285751497785882,37701.0,both tolerable,0.9556990089474432,0.0,"(94, 163, 167)","(123, 127, 202)",,,10808.0,387485.0,True,0.7280492105160051,37490.0,both tolerable,0.9556990089474432,0.0,"(94, 163, 167)","(123, 127, 202)",10775251.0,10616646.0,10822.0,362494.0,True,True,0.013783378450124006,0.014022061194738145,-0.0007646220071971799,False,False,False,False,False,False,False,False,False,no_flag
618,0.6692293909729122,30380.0,both tolerable,0.0,0.5,"(110, 162, 213)","(128, 119, 237)",,,,,True,0.6697252200035919,30236.0,both tolerable,0.0,0.5,"(110, 162, 213)","(128, 119, 237)",11710686.0,11590013.0,,,True,0.6675033386429824,31138.0,both tolerable,0.0,0.5,"(110, 162, 213)","(128, 119, 237)",,,8180.0,500000.0,True,0.6619296933433059,30489.0,both tolerable,0.0,0.5,"(110, 162, 213)","(128, 119, 237)",11710686.0,11590013.0,8029.0,500000.0,True,True,-0.0017260523299298391,-0.007795526660286045,0.0004958290306796842,False,False,False,False,False,False,False,False,False,no_flag
639,0.6331214649401086,46916.0,both tolerable,0.8095744354916121,3.18359375,"(95, 168, 162)","(115, 140, 196)",,,,,True,0.6332992145001207,45290.0,both tolerable,0.63671875,3.18359375,"(94, 168, 162)","(115, 140, 196)",7739620.0,7559798.0,,,True,0.6806427376941906,40861.0,both tolerable,0.8095744354916121,3.18359375,"(95, 168, 162)","(115, 140, 196)",,,11982.0,500000.0,True,0.6822787771334293,39558.0,both tolerable,0.63671875,3.18359375,"(94, 168, 162)","(115, 140, 196)",7739620.0,7559798.0,11515.0,500000.0,True,False,0.04752127275408202,0.048979562633308604,0.00017774956001215259,False,False,False,False,False,False,False,False,False,no_flag
645,0.5257024300880658,18175.0,found but incorrect,0.0,8.428200351037377,"(92, 153, 168)","(141, 66, 157)",,,,,False,0.774140350877193,29868.0,both tolerable,0.0,2.156083694900099,"(92, 153, 168)","(113, 114, 194)",8669293.0,8285593.0,,,True,0.5211811206696118,15878.0,found but incorrect,0.0,8.428200351037377,"(92, 153, 168)","(141, 66, 157)",,,4806.0,356302.0,False,0.7723027264610947,31112.0,both tolerable,0.0,2.156083694900099,"(92, 153, 168)","(113, 114, 194)",8669293.0,8285593.0,9402.0,311374.0,True,False,-0.004521309418454078,-0.0018376244160983601,0.2484379207891272,True,False,False,False,False,False,False,False,False,fuzzy_threshold_rescue
646,0.6162917575961054,21584.0,both tolerable,0.0,0.8981402361485997,"(94, 175, 168)","(113, 144, 207)",,,,,True,0.0,3098.0,found but incorrect,22.512366732171653,24.363334798822827,"(94, 174, 218)","(104, 136, 159)",12846779.0,12703959.0,,,False,0.5910934803559021,18547.0,both tolerable,0.0,0.8981402361485997,"(94, 175, 168)","(113, 144, 207)",,,4989.0,500000.0,True,0.0,1812.0,found but incorrect,22.512366732171653,24.363334798822827,"(94, 174, 218)","(104, 136, 159)",12846779.0,12703959.0,419.0,500000.0,False,False,-0.025198277240203293,0.0,-0.6162917575961054,False,True,False,False,False,False,False,False,False,fuzzy_threshold_regression
647,0.7206715476840263,27052.0,both tolerable,1.42984758325079,0.8787673501354397,"(102, 160, 192)","(112, 129, 234)",,,,,True,0.7205500094179695,27011.0,both tolerable,1.42984758325079,0.8787673501354397,"(102, 160, 192)","(112, 129, 234)",12007409.0,11902767.0,,,True,0.7182503770739065,26961.0,both tolerable,1.42984758325079,0.8787673501354397,"(102, 160, 192)","(112, 129, 234)",,,6864.0,500000.0,True,0.7183085309040156,26940.0,both tolerable,1.42984758325079,0.8787673501354397,"(102, 160, 192)","(112, 129, 234)",12007409.0,11902767.0,6853.0,500000.0,True,True,-0.002421170610119816,-0.002241478513953954,-0.00012153826605676432,False,False,False,False,False,False,False,False,False,no_flag
651,0.5644357378431324,17462.0,both tolerable,1.213530489934225,2.872961233640301,"(109, 170, 155)","(124, 150, 186)",,,,,True,0.5650088236025154,17368.0,both tolerable,1.213530489934225,2.872961233640301,"(109, 170, 155)","(124, 150, 186)",14965644.0,14823852.0,,,True,0.5787100470840288,17276.0,both tolerable,1.213530489934225,2.872961233640301,"(109, 170, 155)","(124, 150, 186)",,,4725.0,500000.0,True,0.5787686623058871,17189.0,both tolerable,1.213530489934225,2.872961233640301,"(109, 170, 155)","(124, 150, 186)",14965644.0,14823852.0,4688.0,500000.0,True,True,0.014274309240896454,0.013759838703371718,0.0005730857593829741,False,False,False,False,False,False,False,False,False,no_flag
656,0.7173079346788859,28801.0,both tolerable,0.0,1.2860108290908994,"(89, 160, 183)","(106, 124, 224)",,,,,True,0.6482499335935106,22201.0,both tolerable,0.0,1.2860108290908994,"(89, 160, 183)","(106, 124, 224)",11740115.0,11580486.0,,,True,0.6959814615949811,26339.0,both tolerable,0.0,1.2860108290908994,"(89, 160, 183)","(106, 124, 224)",,,6411.0,487978.0,True,0.6292017246431412,21038.0,both tolerable,0.0,1.2860108290908994,"(89, 160, 183)","(106, 124, 224)",11740115.0,11580486.0,5212.0,458542.0,True,True,-0.021326473083904784,-0.019048208950369405,-0.0690580010853753,False,False,False,False,False,False,False,False,True,threshold_changes_segmentation_with_same_ostia
660,0.763638783522992,38133.0,both tolerable,0.0,2.185671668968432,"(91, 160, 156)","(105, 125, 194)",,,,,True,0.7603476211518633,37677.0,both tolerable,0.0,2.0668160333288013,"(91, 160, 156)","(105, 124, 194)",10644353.0,9828414.0,,,True,0.7499557744907263,36485.0,both tolerable,0.0,2.185671668968432,"(91, 160, 156)","(105, 125, 194)",,,10704.0,500000.0,True,0.7400856399205172,34460.0,both tolerable,0.0,2.0668160333288013,"(91, 160, 156)","(105, 124, 194)",10644353.0,9828414.0,10266.0,500000.0,True,False,-0.013683009032265714,-0.020261981231346038,-0.0032911623711286975,False,False,False,False,False,False,False,False,False,no_flag
663,0.6361720689886585,40180.0,both tolerable,0.5,0.8095744354916121,"(94, 180, 171)","(119, 136, 209)",,,,,True,0.6433927541406872,38489.0,both tolerable,0.5,0.8095744354916121,"(94, 180, 171)","(119, 136, 209)",11158165.0,10423563.0,,,True,0.6657341471685317,36451.0,both tolerable,0.5,0.8095744354916121,"(94, 180, 171)","(119, 136, 209)",,,10131.0,500000.0,True,0.6780856863802679,34274.0,both tolerable,0.5,0.8095744354916121,"(94, 180, 171)","(119, 136, 209)",11158165.0,10423563.0,10740.0,500000.0,True,True,0.02956207817987322,0.0346929322395807,0.007220685152028672,False,False,False,False,False,False,False,False,False,no_flag
668,0.0,1020.0,found but incorrect,25.315876752003994,inf,"(89, 127, 154)",,,,,,False,0.0,974.0,found but incorrect,25.315876752003994,inf,"(89, 127, 154)",,12565195.0,12421514.0,,,False,0.0,607.0,found but incorrect,25.315876752003994,inf,"(89, 127, 154)",,,,111.0,500000.0,False,0.0,578.0,found but incorrect,25.315876752003994,inf,"(89, 127, 154)",,12565195.0,12421514.0,98.0,498592.0,False,True,0.0,0.0,0.0,False,False,True,False,False,False,False,False,False,shared_ostia_failure
672,0.6988969725416568,30012.0,both tolerable,0.63671875,1.345667690480501,"(86, 146, 200)","(110, 108, 222)",,,,,True,0.6992365389766944,30086.0,both tolerable,0.63671875,1.345667690480501,"(86, 146, 200)","(110, 108, 222)",11620064.0,11323472.0,,,True,0.6569168729123038,28137.0,both tolerable,0.63671875,1.345667690480501,"(86, 146, 200)","(110, 108, 222)",,,7512.0,491131.0,True,0.6846475051586592,31905.0,both tolerable,0.63671875,1.345667690480501,"(86, 146, 200)","(110, 108, 222)",11620064.0,11323472.0,8498.0,500000.0,True,True,-0.04198009962935301,-0.014589033818035113,0.0003395664350375194,False,False,False,False,False,False,False,False,False,no_flag
674,0.6114680993012395,32958.0,both tolerable,0.0,0.8095744354916121,"(84, 137, 194)","(106, 105, 221)",,,,,True,0.5156924782337591,19301.0,found but incorrect,0.0,11.512983208040946,"(84, 137, 195)","(123, 65, 215)",10013591.0,9860825.0,,,False,0.6233761002235695,25649.0,both tolerable,0.0,0.8095744354916121,"(84, 137, 194)","(106, 105, 221)",,,6332.0,500000.0,True,0.4741878619994963,15710.0,found but incorrect,0.0,11.512983208040946,"(84, 137, 195)","(123, 65, 215)",10013591.0,9860825.0,4048.0,495418.0,False,False,0.01190800092233002,-0.04150461623426277,-0.09577562106748039,False,True,False,False,False,False,False,False,False,fuzzy_threshold_regression
675,0.7635004462957453,27739.0,both tolerable,0.0,0.5,"(95, 169, 162)","(116, 129, 188)",,,,,True,0.7644537610660878,27392.0,both tolerable,0.0,0.5,"(95, 169, 162)","(116, 129, 188)",12246236.0,11851492.0,,,True,0.7714133980729838,26687.0,both tolerable,0.0,0.5,"(95, 169, 162)","(116, 129, 188)",,,7783.0,493542.0,True,0.7723473037856036,26240.0,both tolerable,0.0,0.5,"(95, 169, 162)","(116, 129, 188)",12246236.0,11851492.0,7624.0,477939.0,True,True,0.007912951777238497,0.007893542719515811,0.0009533147703424394,False,False,False,False,False,False,False,False,False,no_flag
677,0.6696357120489892,35675.0,both correct,0.0,0.0,"(92, 172, 118)","(100, 120, 191)",,,,,True,0.668902786997892,35315.0,both correct,0.0,0.0,"(92, 172, 118)","(99, 119, 190)",11450798.0,11351917.0,,,True,0.5126527801687037,24969.0,both correct,0.0,0.0,"(92, 172, 118)","(100, 120, 191)",,,6953.0,500000.0,True,0.5085068699012452,23980.0,both correct,0.0,0.0,"(92, 172, 118)","(99, 119, 190)",11450798.0,11351917.0,6710.0,500000.0,True,False,-0.15698293188028545,-0.1603959170966468,-0.0007329250510972329,False,False,False,False,False,False,False,False,False,no_flag
680,0.5876393991434968,20318.0,both tolerable,0.63671875,1.029961908617559,"(91, 153, 162)","(108, 111, 182)",,,,,True,0.6531645569620254,24877.0,both tolerable,0.63671875,1.029961908617559,"(91, 153, 162)","(108, 111, 182)",9436052.0,9321232.0,,,True,0.5815720934204347,21159.0,both tolerable,0.63671875,1.029961908617559,"(91, 153, 162)","(108, 111, 182)",,,5371.0,407544.0,True,0.6277058035170369,23563.0,both tolerable,0.63671875,1.029961908617559,"(91, 153, 162)","(108, 111, 182)",9436052.0,9321232.0,6005.0,405725.0,True,True,-0.006067305723062133,-0.02545875344498849,0.06552515781852852,False,False,False,False,False,False,False,False,True,threshold_changes_segmentation_with_same_ostia
681,0.728032937806874,41526.0,both tolerable,1.029961908617559,0.0,"(97, 156, 135)","(126, 111, 167)",,,,,True,0.7477560383574068,38297.0,both tolerable,1.029961908617559,0.0,"(97, 156, 135)","(126, 111, 167)",8848229.0,8672335.0,,,True,0.7349445375570937,41479.0,both tolerable,1.029961908617559,0.0,"(97, 156, 135)","(126, 111, 167)",,,11780.0,407080.0,True,0.7407174570743782,39671.0,both tolerable,1.029961908617559,0.0,"(97, 156, 135)","(126, 111, 167)",8848229.0,8672335.0,11217.0,374888.0,True,True,0.00691159975021971,-0.007038581283028589,0.019723100550532835,False,False,False,False,False,False,False,False,False,no_flag
682,0.7297492146866471,43474.0,both tolerable,1.029961908617559,0.5,"(84, 163, 137)","(101, 120, 178)",,,,,True,0.7294617017171522,43543.0,both tolerable,1.029961908617559,0.5,"(84, 163, 137)","(101, 120, 178)",10914551.0,10803802.0,,,True,0.7274225954355777,43442.0,both tolerable,1.029961908617559,0.5,"(84, 163, 137)","(101, 120, 178)",,,12405.0,426080.0,True,0.7270294609545864,43528.0,both tolerable,1.029961908617559,0.5,"(84, 163, 137)","(101, 120, 178)",10914551.0,10803802.0,12441.0,432757.0,True,True,-0.0023266192510693617,-0.0024322407625657627,-0.00028751296949491856,False,False,False,False,False,False,False,False,False,no_flag
688,0.6902082524899754,47641.0,both tolerable,0.5,0.5,"(101, 178, 136)","(105, 137, 171)",,,,,True,0.7042396547347043,45319.0,both tolerable,0.5,0.5,"(101, 178, 136)","(105, 137, 171)",10148867.0,10041986.0,,,True,0.6708840486867392,37528.0,both tolerable,0.5,0.5,"(101, 178, 136)","(105, 137, 171)",,,10261.0,397851.0,True,0.6730901212471908,36911.0,both tolerable,0.5,0.5,"(101, 178, 136)","(105, 137, 171)",10148867.0,10041986.0,10097.0,361858.0,True,True,-0.019324203803236184,-0.03114953348751348,0.014031402244728874,False,False,False,False,False,False,False,False,False,no_flag
692,0.6421419698579702,30700.0,both correct,0.0,0.0,"(97, 195, 140)","(117, 142, 178)",,,,,True,0.6826030742709381,33493.0,both correct,0.0,0.0,"(97, 195, 140)","(114, 142, 179)",7359282.0,6783701.0,,,True,0.6450600184672207,28863.0,both correct,0.0,0.0,"(97, 195, 140)","(117, 142, 178)",,,8110.0,353437.0,True,0.6857948107040126,32717.0,both correct,0.0,0.0,"(97, 195, 140)","(114, 142, 179)",7359282.0,6783701.0,9461.0,352500.0,True,False,0.00291804860925049,0.0031917364330744658,0.04046110441296791,False,False,False,False,False,False,False,False,False,no_flag
694,0.428033634732435,8871.0,found but incorrect,0.0,10.03945615716512,"(102, 160, 161)","(136, 128, 168)",,,,,False,0.4266244057052298,8843.0,found but incorrect,0.0,10.03945615716512,"(102, 160, 161)","(136, 128, 168)",11856232.0,11614221.0,,,False,0.4280440258082324,9431.0,found but incorrect,0.0,10.03945615716512,"(102, 160, 161)","(136, 128, 168)",,,2474.0,500000.0,False,0.4308323767783227,9197.0,found but incorrect,0.0,10.03945615716512,"(102, 160, 161)","(136, 128, 168)",11856232.0,11614221.0,2450.0,500000.0,False,True,1.0391075797422378e-05,0.004207971073092898,-0.0014092290272051944,False,False,True,False,False,False,False,False,False,shared_ostia_failure
702,0.4921873223099142,15095.0,both tolerable,0.63671875,1.345667690480501,"(89, 160, 156)","(107, 120, 189)",,,,,True,0.4917496992668921,15187.0,both tolerable,0.63671875,1.345667690480501,"(89, 160, 156)","(107, 120, 189)",12018120.0,10706180.0,,,True,0.4036056109788828,10622.0,both tolerable,0.63671875,1.345667690480501,"(89, 160, 156)","(107, 120, 189)",,,3096.0,408473.0,True,0.4030333670374115,10688.0,both tolerable,0.63671875,1.345667690480501,"(89, 160, 156)","(107, 120, 189)",12018120.0,10706180.0,3112.0,357300.0,True,True,-0.08858171133103138,-0.08871633222948061,-0.000437623043022084,False,False,False,False,False,False,False,False,False,no_flag
705,0.1684522254159045,6202.0,found but incorrect,1.6876627525682524,30.69414328709805,"(120, 140, 207)","(101, 124, 150)",,,,,False,0.1684962537027356,6196.0,found but incorrect,1.6876627525682524,30.69414328709805,"(120, 140, 207)","(101, 124, 150)",13259625.0,12900176.0,,,False,0.1583267973856209,2365.0,found but incorrect,1.6876627525682524,30.69414328709805,"(120, 140, 207)","(101, 124, 150)",,,604.0,500000.0,False,0.1583433561679652,2363.0,found but incorrect,1.6876627525682524,30.69414328709805,"(120, 140, 207)","(101, 124, 150)",13259625.0,12900176.0,603.0,500000.0,False,True,-0.0101254280302836,-0.010152897534770416,4.4028286831115926e-05,False,False,True,False,False,False,False,False,False,shared_ostia_failure
707,0.675159791453066,23807.0,both tolerable,2.25,0.9013878188659972,"(95, 155, 108)","(112, 113, 153)",,,,,True,0.6304670658682635,19716.0,both tolerable,5.055937104039171,0.9013878188659972,"(89, 153, 106)","(112, 113, 153)",8447717.0,8273785.0,,,True,0.6705120203172417,24429.0,both tolerable,2.25,0.9013878188659972,"(95, 155, 108)","(112, 113, 153)",,,5926.0,449654.0,True,0.6269220776153247,20303.0,both tolerable,5.055937104039171,0.9013878188659972,"(89, 153, 106)","(112, 113, 153)",8447717.0,8273785.0,5193.0,452723.0,True,False,-0.0046477711358243745,-0.0035449882529388077,-0.04469272558480253,False,False,False,False,False,False,False,False,False,no_flag
711,0.7229661319073084,33197.0,both correct,0.0,0.0,"(80, 188, 157)","(103, 139, 189)",,,,,True,0.7234612971307969,33196.0,both correct,0.0,0.0,"(80, 188, 157)","(103, 139, 189)",12924458.0,12772149.0,,,True,0.7014446460980036,31947.0,both correct,0.0,0.0,"(80, 188, 157)","(103, 139, 189)",,,9351.0,470487.0,True,0.701939420353018,31907.0,both correct,0.0,0.0,"(80, 188, 157)","(103, 139, 189)",12924458.0,12772149.0,9330.0,476046.0,True,True,-0.021521485809304797,-0.021521876777778837,0.0004951652234884696,False,False,False,False,False,False,False,False,False,no_flag
713,0.4116864484152863,10307.0,both tolerable,0.0,6.230836098104757,"(86, 150, 193)","(158, 106, 202)",,,,,True,0.3529201083428469,16645.0,found but incorrect,0.0,62.7350176064535,"(86, 150, 193)","(45, 62, 191)",10302408.0,10052370.0,,,False,0.4072772379574116,10668.0,both tolerable,0.0,6.230836098104757,"(86, 150, 193)","(158, 106, 202)",,,2817.0,485907.0,True,0.3562525495172914,16098.0,found but incorrect,0.0,62.7350176064535,"(86, 150, 193)","(45, 62, 191)",10302408.0,10052370.0,4741.0,485938.0,False,False,-0.004409210457874679,0.003332441174444478,-0.05876634007243936,False,True,False,False,False,False,False,False,False,fuzzy_threshold_regression
716,0.6791842543625572,31666.0,both tolerable,1.3828125,0.5,"(96, 173, 154)","(94, 133, 172)",,,,,True,0.6791842543625572,31666.0,both tolerable,1.3828125,0.5,"(96, 173, 154)","(94, 133, 172)",11974108.0,11881856.0,,,True,0.6726008344923505,30948.0,both tolerable,1.3828125,0.5,"(96, 173, 154)","(94, 133, 172)",,,8086.0,473053.0,True,0.672512802054873,30956.0,both tolerable,1.3828125,0.5,"(96, 173, 154)","(94, 133, 172)",11974108.0,11881856.0,8089.0,471558.0,True,True,-0.006583419870206719,-0.006671452307684289,0.0,False,False,False,False,False,False,False,False,False,no_flag
720,0.5241604947148918,18110.0,both tolerable,1.0054174544996222,0.0,"(96, 165, 180)","(115, 123, 202)",,,,,True,0.5234768831917038,18026.0,both tolerable,1.0054174544996222,0.0,"(96, 165, 180)","(115, 123, 202)",10765665.0,10423441.0,,,True,0.5303377981749293,18699.0,both tolerable,1.0054174544996222,0.0,"(96, 165, 180)","(115, 123, 202)",,,5409.0,460023.0,True,0.5299355782786374,18519.0,both tolerable,1.0054174544996222,0.0,"(96, 165, 180)","(115, 123, 202)",10765665.0,10423441.0,5340.0,458197.0,True,True,0.006177303460037531,0.00645869508693353,-0.0006836115231879658,False,False,False,False,False,False,False,False,False,no_flag
727,0.6535890088898685,40719.0,both tolerable,0.0,1.029961908617559,"(102, 173, 131)","(117, 131, 167)",,,,,True,0.6592434372669709,38174.0,both tolerable,0.0,1.029961908617559,"(102, 173, 130)","(117, 131, 167)",7735063.0,7442277.0,,,True,0.6488310019277347,39977.0,both tolerable,0.0,1.029961908617559,"(102, 173, 131)","(117, 131, 167)",,,10968.0,384264.0,True,0.6569202264016853,37851.0,both tolerable,0.0,1.029961908617559,"(102, 173, 130)","(117, 131, 167)",7735063.0,7442277.0,10735.0,340185.0,True,False,-0.004758006962133798,-0.00232321086528553,0.005654428377102394,False,False,False,False,False,False,False,False,False,no_flag
728,0.0536691542288557,3362.0,found but incorrect,0.0,32.287698875225324,"(124, 106, 253)","(149, 67, 185)",,,,,False,0.0,2934.0,found but incorrect,20.466475079330383,32.287698875225324,"(97, 118, 185)","(149, 67, 185)",8688921.0,8470358.0,,,False,0.05259889461591,3408.0,found but incorrect,0.0,32.287698875225324,"(124, 106, 253)","(149, 67, 185)",,,949.0,500000.0,False,0.0,2666.0,found but incorrect,20.466475079330383,32.287698875225324,"(97, 118, 185)","(149, 67, 185)",8688921.0,8470358.0,658.0,500000.0,False,False,-0.001070259612945705,0.0,-0.0536691542288557,False,False,True,False,False,False,False,False,False,shared_ostia_failure
729,0.7127070112985606,18339.0,both tolerable,1.8339250938901512,0.8500919067959652,"(105, 154, 151)","(111, 122, 181)",,,,,True,0.7117387139634768,18397.0,both tolerable,1.8339250938901512,0.8500919067959652,"(105, 154, 151)","(111, 122, 181)",10882924.0,10796935.0,,,True,0.6455310647496152,16567.0,both tolerable,1.8339250938901512,0.8500919067959652,"(105, 154, 151)","(111, 122, 181)",,,4228.0,366260.0,True,0.6446259392355439,16644.0,both tolerable,1.8339250938901512,0.8500919067959652,"(105, 154, 151)","(111, 122, 181)",10882924.0,10796935.0,4261.0,371112.0,True,True,-0.06717594654894543,-0.06711277472793287,-0.0009682973350838564,False,False,False,False,False,False,False,False,False,no_flag
730,0.773968253968254,34843.0,both tolerable,0.0,0.8343753657536651,"(88, 143, 183)","(110, 111, 212)",,,,,True,0.7745164548565571,35026.0,both tolerable,0.0,0.8343753657536651,"(88, 143, 183)","(110, 111, 212)",10274803.0,10070379.0,,,True,0.7559839833901824,36123.0,both tolerable,0.0,0.8343753657536651,"(88, 143, 183)","(110, 111, 212)",,,10071.0,370017.0,True,0.7570445972930996,36298.0,both tolerable,0.0,0.8343753657536651,"(88, 143, 183)","(110, 111, 212)",10274803.0,10070379.0,10156.0,363024.0,True,True,-0.017984270578071615,-0.017471857563457482,0.0005482008883030964,False,False,False,False,False,False,False,False,False,no_flag
737,0.7437957460325864,36849.0,both tolerable,0.0,1.2269605245916635,"(95, 176, 214)","(107, 131, 240)",,,,,True,0.742016572013779,36483.0,both tolerable,0.0,1.2269605245916635,"(95, 176, 214)","(107, 131, 240)",9506897.0,8802539.0,,,True,0.724763959704795,34059.0,both tolerable,0.0,1.2269605245916635,"(95, 176, 214)","(107, 131, 240)",,,9822.0,397803.0,True,0.7234177652011871,33741.0,both tolerable,0.0,1.2269605245916635,"(95, 176, 214)","(107, 131, 240)",9506897.0,8802539.0,9745.0,394503.0,True,True,-0.019031786327791345,-0.01859880681259196,-0.001779174018807339,False,False,False,False,False,False,False,False,False,no_flag
746,0.7392974910394265,33690.0,both tolerable,0.0,0.8884293109893437,"(83, 191, 161)","(88, 135, 196)",,,,,True,0.7397817803948735,33228.0,both tolerable,0.0,0.8884293109893437,"(83, 191, 161)","(88, 135, 196)",10428602.0,10241254.0,,,True,0.7617671286327442,33137.0,both tolerable,0.0,0.8884293109893437,"(83, 191, 161)","(88, 135, 196)",,,9830.0,484698.0,True,0.7607855716097803,32527.0,both tolerable,0.0,0.8884293109893437,"(83, 191, 161)","(88, 135, 196)",10428602.0,10241254.0,9565.0,472829.0,True,True,0.02246963759331766,0.02100379121490681,0.00048428935544697627,False,False,False,False,False,False,False,False,False,no_flag
747,0.5320439893818734,12856.0,both tolerable,0.0,0.8852031375489823,"(96, 176, 179)","(110, 131, 209)",,,,,True,0.5310180780209325,12704.0,both tolerable,0.0,0.8852031375489823,"(96, 176, 179)","(110, 131, 209)",12407700.0,11987937.0,,,True,0.5310018903591682,12984.0,both tolerable,0.0,0.8852031375489823,"(96, 176, 179)","(110, 131, 209)",,,3914.0,417360.0,True,0.5275863707646248,12750.0,both tolerable,0.0,0.8852031375489823,"(96, 176, 179)","(110, 131, 209)",12407700.0,11987937.0,3797.0,405099.0,True,True,-0.001042099022705134,-0.0034317072563077033,-0.0010259113609408788,False,False,False,False,False,False,False,False,False,no_flag
750,0.3780826529753388,17309.0,both tolerable,0.0,0.9740592917816912,"(92, 152, 185)","(106, 122, 207)",,,,,True,0.3780727111598759,17178.0,both tolerable,0.0,0.9740592917816912,"(92, 152, 185)","(106, 122, 207)",11773616.0,11707010.0,,,True,0.2788640361899975,9575.0,both tolerable,0.0,0.9740592917816912,"(92, 152, 185)","(106, 122, 207)",,,2447.0,500000.0,True,0.2778309731391423,9471.0,both tolerable,0.0,0.9740592917816912,"(92, 152, 185)","(106, 122, 207)",11773616.0,11707010.0,2408.0,500000.0,True,True,-0.09921861678534127,-0.1002417380207336,-9.941815462877202e-06,False,False,False,True,False,False,True,True,False,shared_low_dice_with_good_ostia;fc_undersegments_normal;fc_undersegments_fuzzy
751,0.5866372980910426,26570.0,both tolerable,1.8412531093511595,1.0982191061341653,"(95, 181, 162)","(99, 145, 191)",,,,,True,0.5868086910049205,26353.0,both tolerable,1.8412531093511595,1.0982191061341653,"(95, 181, 162)","(99, 145, 191)",11443308.0,11258395.0,,,True,0.5580414485918598,24251.0,both tolerable,1.8412531093511595,1.0982191061341653,"(95, 181, 162)","(99, 145, 191)",,,5894.0,500000.0,True,0.4728462188332647,18253.0,both tolerable,1.8412531093511595,1.0982191061341653,"(95, 181, 162)","(99, 145, 191)",11443308.0,11258395.0,4570.0,500000.0,True,True,-0.028595849499182813,-0.11396247217165578,0.00017139291387791022,False,False,False,False,False,False,False,False,False,no_flag
753,0.0398905442383703,14658.0,found but incorrect,1.4936235318455626,34.099413994818725,"(96, 150, 143)","(49, 109, 139)",,,,,False,0.6475818113652188,19110.0,both tolerable,1.4936235318455626,0.8343753657536651,"(96, 150, 143)","(108, 117, 162)",10697606.0,10573414.0,,,True,0.0444995432598199,12420.0,found but incorrect,1.4936235318455626,34.099413994818725,"(96, 150, 143)","(49, 109, 139)",,,3126.0,433920.0,False,0.599515247167578,17250.0,both tolerable,1.4936235318455626,0.8343753657536651,"(96, 150, 143)","(108, 117, 162)",10697606.0,10573414.0,4268.0,437721.0,True,False,0.004608999021449595,-0.04806656419764077,0.6076912671268484,True,False,False,False,False,False,False,False,False,fuzzy_threshold_rescue
755,0.6315283495997827,26932.0,both tolerable,2.015625,0.0,"(107, 142, 149)","(113, 113, 184)",,,,,True,0.6316581653984447,26919.0,both tolerable,2.015625,0.0,"(107, 142, 149)","(113, 113, 184)",12610032.0,12507022.0,,,True,0.6325324222876537,23574.0,both tolerable,2.015625,0.0,"(107, 142, 149)","(113, 113, 184)",,,6337.0,486909.0,True,0.6328578499752509,23529.0,both tolerable,2.015625,0.0,"(107, 142, 149)","(113, 113, 184)",12610032.0,12507022.0,6326.0,486650.0,True,True,0.0010040726878710604,0.0011996845768061926,0.000129815798662003,False,False,False,False,False,False,False,False,False,no_flag
759,0.4117970424935407,12340.0,found but incorrect,0.63671875,11.664570720048289,"(107, 159, 193)","(145, 82, 197)",,,,,False,0.4118569032364506,12325.0,found but incorrect,0.63671875,11.664570720048289,"(107, 159, 193)","(145, 82, 197)",12964623.0,12745625.0,,,False,0.3324255683730608,8639.0,found but incorrect,0.63671875,11.664570720048289,"(107, 159, 193)","(145, 82, 197)",,,2225.0,497830.0,False,0.3324557644033551,8624.0,found but incorrect,0.63671875,11.664570720048289,"(107, 159, 193)","(145, 82, 197)",12964623.0,12745625.0,2218.0,500000.0,False,True,-0.0793714741204799,-0.07940113883309546,5.9860742909867426e-05,False,False,True,False,False,False,False,False,False,shared_ostia_failure
763,0.6286250101921561,46637.0,both tolerable,0.9833203675875426,1.2179735106545833,"(100, 193, 174)","(112, 155, 198)",,,,,True,0.6159322686165095,45809.0,both tolerable,0.9833203675875426,1.2179735106545833,"(100, 193, 174)","(112, 155, 198)",10142410.0,9887020.0,,,True,0.7328013029315961,34451.0,both tolerable,0.9833203675875426,1.2179735106545833,"(100, 193, 174)","(112, 155, 198)",,,9557.0,500000.0,True,0.7208098545406892,34099.0,both tolerable,0.9833203675875426,1.2179735106545833,"(100, 193, 174)","(112, 155, 198)",10142410.0,9887020.0,9545.0,500000.0,True,True,0.10417629273943996,0.10487758592417973,-0.012692741575646593,False,False,False,False,False,False,False,False,False,no_flag
764,0.7582193006413456,53444.0,both tolerable,0.0,1.6191488709832242,"(100, 185, 117)","(112, 134, 152)",,,,,True,0.7625055902866984,52354.0,both tolerable,0.0,1.029961908617559,"(99, 185, 117)","(113, 135, 153)",8736251.0,8505909.0,,,True,0.7545369504209541,54161.0,both tolerable,0.0,1.6191488709832242,"(100, 185, 117)","(112, 134, 152)",,,16371.0,439410.0,True,0.7579780468271541,53396.0,both tolerable,0.0,1.029961908617559,"(99, 185, 117)","(113, 135, 153)",8736251.0,8505909.0,16245.0,424155.0,True,False,-0.0036823502203914282,-0.004527543459544314,0.004286289645352825,False,False,False,False,False,False,False,False,False,no_flag
767,0.3101055338772614,63842.0,found but incorrect,26.68100461152237,1.6191488709832242,"(66, 115, 176)","(111, 98, 166)",,,,,False,0.4948953412247642,30151.0,both tolerable,0.8095744354916121,1.6191488709832242,"(99, 131, 134)","(111, 98, 166)",7061926.0,6884973.0,,,True,0.5161738861744656,25415.0,found but incorrect,26.68100461152237,1.6191488709832242,"(66, 115, 176)","(111, 98, 166)",,,6413.0,500000.0,False,0.5564642422133287,25357.0,both tolerable,0.8095744354916121,1.6191488709832242,"(99, 131, 134)","(111, 98, 166)",7061926.0,6884973.0,6486.0,480331.0,True,False,0.20606835229720416,0.06156890098856449,0.18478980734750278,True,False,False,False,False,False,False,False,False,fuzzy_threshold_rescue
769,0.7138101402943274,38034.0,both tolerable,0.63671875,1.029961908617559,"(101, 149, 121)","(118, 113, 143)",,,,,True,0.713724971915681,38001.0,both tolerable,0.63671875,1.029961908617559,"(101, 149, 121)","(118, 113, 143)",8525590.0,8363420.0,,,True,0.7053795362645238,40484.0,both tolerable,0.63671875,1.029961908617559,"(101, 149, 121)","(118, 113, 143)",,,11584.0,392465.0,True,0.7054500761756007,40445.0,both tolerable,0.63671875,1.029961908617559,"(101, 149, 121)","(118, 113, 143)",8525590.0,8363420.0,11566.0,391254.0,True,True,-0.008430604029803668,-0.008274895740080224,-8.516837864647187e-05,False,False,False,False,False,False,False,False,False,no_flag
771,0.7587230883444692,23776.0,both correct,0.0,0.0,"(99, 181, 168)","(125, 130, 197)",,,,,True,0.7585461022987531,23787.0,both correct,0.0,0.0,"(99, 181, 168)","(125, 130, 197)",12767986.0,12212496.0,,,True,0.7456831230923566,23482.0,both correct,0.0,0.0,"(99, 181, 168)","(125, 130, 197)",,,6194.0,500000.0,True,0.7452854339107432,23507.0,both correct,0.0,0.0,"(99, 181, 168)","(125, 130, 197)",12767986.0,12212496.0,6197.0,500000.0,True,True,-0.013039965252112595,-0.013260668388009877,-0.00017698604571614318,False,False,False,False,False,False,False,False,False,no_flag
772,0.659971131201094,38822.0,both tolerable,0.0,1.345667690480501,"(97, 164, 120)","(122, 131, 154)",,,,,True,0.7141542117859713,32756.0,both tolerable,0.0,1.345667690480501,"(97, 163, 120)","(122, 131, 154)",8416929.0,8276644.0,,,True,0.6990234470207822,34550.0,both tolerable,0.0,1.345667690480501,"(97, 164, 120)","(122, 131, 154)",,,9571.0,395893.0,True,0.7155195772930497,32055.0,both tolerable,0.0,1.345667690480501,"(97, 163, 120)","(122, 131, 154)",8416929.0,8276644.0,8995.0,340666.0,True,False,0.039052315819688266,0.001365365507078442,0.05418308058487731,False,False,False,False,False,False,False,False,False,no_flag
776,0.5527849067073594,28671.0,both tolerable,1.2734375,1.1855002178833889,"(97, 141, 146)","(117, 113, 171)",,,,,True,0.6344164730594188,33845.0,both tolerable,1.2734375,1.1855002178833889,"(97, 141, 146)","(117, 113, 171)",9515553.0,9353259.0,,,True,0.5191327996322825,23217.0,both tolerable,1.2734375,1.1855002178833889,"(97, 141, 146)","(117, 113, 171)",,,6022.0,438637.0,True,0.6219978165938864,29627.0,both tolerable,1.2734375,1.1855002178833889,"(97, 141, 146)","(117, 113, 171)",9515553.0,9353259.0,7684.0,401842.0,True,True,-0.03365210707507682,-0.012418656465532418,0.08163156635205948,False,False,False,False,False,False,False,False,True,threshold_changes_segmentation_with_same_ostia
783,0.600163794903088,35025.0,both tolerable,0.0,0.7943049856045535,"(98, 142, 146)","(119, 103, 189)",,,,,True,0.6465634916414047,29161.0,both tolerable,0.0,1.0,"(98, 142, 146)","(119, 102, 188)",9537526.0,9369589.0,,,True,0.6237353350395932,30969.0,both tolerable,0.0,0.7943049856045535,"(98, 142, 146)","(119, 103, 189)",,,8102.0,424836.0,True,0.6523080253260458,28189.0,both tolerable,0.0,1.0,"(98, 142, 146)","(119, 102, 188)",9537526.0,9369589.0,7533.0,378599.0,True,False,0.023571540136505198,0.005744533684641118,0.046399696738316676,False,False,False,False,False,False,False,False,False,no_flag
786,0.7308184034229412,31468.0,both correct,0.0,0.0,"(103, 170, 175)","(116, 117, 190)",,,,,True,0.731568771707701,31252.0,both correct,0.0,0.0,"(103, 170, 175)","(116, 117, 190)",11115662.0,10991850.0,,,True,0.726268744283964,30756.0,both correct,0.0,0.0,"(103, 170, 175)","(116, 117, 190)",,,8481.0,379017.0,True,0.7276472726643239,30572.0,both correct,0.0,0.0,"(103, 170, 175)","(116, 117, 190)",11115662.0,10991850.0,8404.0,381649.0,True,True,-0.004549659138977202,-0.003921499043377019,0.0007503682847597171,False,False,False,False,False,False,False,False,False,no_flag
788,0.6979482525840508,52198.0,both tolerable,0.9004562916672442,0.63671875,"(86, 176, 214)","(118, 153, 247)",,,,,True,0.6981119546692047,52194.0,both tolerable,0.9004562916672442,0.63671875,"(86, 176, 214)","(118, 153, 247)",10668080.0,10465168.0,,,True,0.729155060352832,47996.0,both tolerable,0.9004562916672442,0.63671875,"(86, 176, 214)","(118, 153, 247)",,,12714.0,500000.0,True,0.7294382596380438,47979.0,both tolerable,0.9004562916672442,0.63671875,"(86, 176, 214)","(118, 153, 247)",10668080.0,10465168.0,12717.0,500000.0,True,True,0.031206807768781153,0.031326304968839036,0.00016370208515392726,False,False,False,False,False,False,False,False,False,no_flag
789,0.6970819137905495,27671.0,both tolerable,1.46875,0.8884293109893437,"(93, 152, 195)","(110, 121, 218)",,,,,True,0.7211680969022743,28316.0,both tolerable,1.46875,0.8884293109893437,"(93, 152, 195)","(110, 121, 218)",10231514.0,9905182.0,,,True,0.6685390016350871,25648.0,both tolerable,1.46875,0.8884293109893437,"(93, 152, 195)","(110, 121, 218)",,,6700.0,478879.0,True,0.692893063858051,26358.0,both tolerable,1.46875,0.8884293109893437,"(93, 152, 195)","(110, 121, 218)",10231514.0,9905182.0,7081.0,471829.0,True,True,-0.028542912155462452,-0.028275033044223297,0.024086183111724835,False,False,False,False,False,False,False,False,False,no_flag
790,0.0,11036.0,found but incorrect,12.884175706756649,11.70362044178264,"(180, 164, 57)","(155, 125, 80)",,,,,False,0.0,10973.0,found but incorrect,12.884175706756649,11.70362044178264,"(180, 164, 57)","(155, 125, 80)",9696008.0,9257717.0,,,False,0.0,7850.0,found but incorrect,12.884175706756649,11.70362044178264,"(180, 164, 57)","(155, 125, 80)",,,2105.0,500000.0,False,0.0,7803.0,found but incorrect,12.884175706756649,11.70362044178264,"(180, 164, 57)","(155, 125, 80)",9696008.0,9257717.0,2081.0,500000.0,False,True,0.0,0.0,0.0,False,False,True,False,False,False,False,False,False,shared_ostia_failure
791,0.2739833757495658,56830.0,found but incorrect,0.0,36.47646963336861,"(84, 161, 152)","(68, 64, 140)",,,,,False,0.6635391143249866,32209.0,both tolerable,0.0,1.345667690480501,"(84, 161, 152)","(109, 129, 193)",12891245.0,12690106.0,,,True,0.4184420896077337,19067.0,found but incorrect,0.0,36.47646963336861,"(84, 161, 152)","(68, 64, 140)",,,5282.0,457723.0,False,0.6431535269709544,29865.0,both tolerable,0.0,1.345667690480501,"(84, 161, 152)","(109, 129, 193)",12891245.0,12690106.0,8102.0,401589.0,True,False,0.1444587138581679,-0.020385587354032175,0.38955573857542075,True,False,False,False,False,False,False,False,False,fuzzy_threshold_rescue
792,0.0,683.0,found but incorrect,8.290800065292629,10.071741255802202,"(108, 177, 184)","(146, 143, 188)",,,,,False,0.0,631.0,found but incorrect,8.290800065292629,10.071741255802202,"(108, 177, 184)","(146, 143, 188)",9333723.0,8876875.0,,,False,0.0,469.0,found but incorrect,8.290800065292629,10.071741255802202,"(108, 177, 184)","(146, 143, 188)",,,69.0,360171.0,False,0.0,412.0,found but incorrect,8.290800065292629,10.071741255802202,"(108, 177, 184)","(146, 143, 188)",9333723.0,8876875.0,58.0,320340.0,False,True,0.0,0.0,0.0,False,False,True,False,False,False,False,False,False,shared_ostia_failure
794,0.7540046225167333,37800.0,both tolerable,0.9177027540149166,1.8532017400847445,"(96, 170, 162)","(107, 135, 197)",,,,,True,0.7533045553261657,37543.0,both tolerable,0.9177027540149166,1.8532017400847445,"(96, 170, 162)","(107, 135, 197)",10162072.0,10105409.0,,,True,0.7575417519308205,38694.0,both tolerable,0.9177027540149166,1.8532017400847445,"(96, 170, 162)","(107, 135, 197)",,,10832.0,450570.0,True,0.7586052099974914,38688.0,both tolerable,0.9177027540149166,1.8532017400847445,"(96, 170, 162)","(107, 135, 197)",10162072.0,10105409.0,10834.0,446724.0,True,True,0.0035371294140872367,0.0053006546713256775,-0.0007000671905675881,False,False,False,False,False,False,False,False,False,no_flag
797,0.2468529108952008,86952.0,found but incorrect,21.155862328542835,1.029961908617559,"(91, 160, 248)","(134, 124, 214)",,,,,False,0.5857340619307833,39994.0,both tolerable,1.91015625,1.029961908617559,"(117, 160, 194)","(134, 124, 214)",11413279.0,11073506.0,,,True,0.3022969943840536,54347.0,found but incorrect,21.155862328542835,1.029961908617559,"(91, 160, 248)","(134, 124, 214)",,,12662.0,498046.0,False,0.6112384940019273,31555.0,both tolerable,1.91015625,1.029961908617559,"(117, 160, 194)","(134, 124, 214)",11413279.0,11073506.0,7672.0,475028.0,True,False,0.0554440834888528,0.025504432071144056,0.3388811510355825,True,False,False,False,False,False,False,False,False,fuzzy_threshold_rescue
798,0.520517220872343,31313.0,found but incorrect,12.341811556655692,1.3443176489975317,"(124, 168, 183)","(121, 143, 207)",,,,,False,0.536709212951692,29966.0,found but incorrect,12.885749551497042,1.3443176489975317,"(124, 167, 183)","(121, 143, 207)",10377803.0,10321868.0,,,False,0.3103546392819266,11119.0,found but incorrect,12.341811556655692,1.3443176489975317,"(124, 168, 183)","(121, 143, 207)",,,2831.0,500000.0,False,0.3145566376217324,11480.0,found but incorrect,12.885749551497042,1.3443176489975317,"(124, 167, 183)","(121, 143, 207)",10377803.0,10321868.0,3034.0,500000.0,False,False,-0.2101625815904164,-0.22215257532995963,0.01619199207934907,False,False,True,False,False,False,False,False,False,shared_ostia_failure
802,0.6978373863003527,21267.0,both tolerable,0.9943689110435824,0.5,"(84, 147, 148)","(117, 118, 188)",,,,,True,0.6989608089845752,21089.0,both tolerable,0.9943689110435824,0.5,"(84, 147, 148)","(117, 118, 188)",10281196.0,9993566.0,,,True,0.6838823369933578,22433.0,both tolerable,0.9943689110435824,0.5,"(84, 147, 148)","(117, 118, 188)",,,5875.0,352319.0,True,0.668513302762971,21132.0,both tolerable,0.9943689110435824,0.5,"(84, 147, 148)","(117, 118, 188)",10281196.0,9993566.0,5581.0,336474.0,True,True,-0.013955049306994982,-0.030447506221604193,0.001123422684222497,False,False,False,False,False,False,False,False,False,no_flag
804,0.6255662453082531,19979.0,both tolerable,1.137745187345622,2.733554564416197,"(99, 164, 162)","(123, 133, 181)",,,,,True,0.6288659793814433,19599.0,both tolerable,1.137745187345622,2.733554564416197,"(99, 164, 162)","(123, 133, 181)",11733636.0,11637816.0,,,True,0.64882584847446,20293.0,both tolerable,1.137745187345622,2.733554564416197,"(99, 164, 162)","(123, 133, 181)",,,5233.0,486616.0,True,0.6485112250614039,20035.0,both tolerable,1.137745187345622,2.733554564416197,"(99, 164, 162)","(123, 133, 181)",11733636.0,11637816.0,5124.0,473073.0,True,True,0.0232596031662069,0.01964524567996062,0.0032997340731901748,False,False,False,False,False,False,False,False,False,no_flag
805,0.6459334886256629,20354.0,both tolerable,0.0,1.0785919505091464,"(103, 160, 188)","(112, 123, 205)",,,,,True,0.6460979132426914,20158.0,both tolerable,0.0,1.0785919505091464,"(103, 160, 188)","(112, 123, 205)",11596651.0,11538029.0,,,True,0.6340364115159649,19493.0,both tolerable,0.0,1.0785919505091464,"(103, 160, 188)","(112, 123, 205)",,,4636.0,463478.0,True,0.6346055979643765,19300.0,both tolerable,0.0,1.0785919505091464,"(103, 160, 188)","(112, 123, 205)",11596651.0,11538029.0,4574.0,462558.0,True,True,-0.011897077109698007,-0.011492315278314846,0.0001644246170284802,False,False,False,False,False,False,False,False,False,no_flag
808,0.6145315871343269,18157.0,both tolerable,2.383055827739879,1.7134150155829146,"(106, 172, 140)","(116, 137, 185)",,,,,True,0.615796925566343,17851.0,both tolerable,2.383055827739879,2.164668800446156,"(106, 172, 140)","(116, 137, 184)",12427786.0,12335703.0,,,True,0.6046952688502742,17317.0,both tolerable,2.383055827739879,1.7134150155829146,"(106, 172, 140)","(116, 137, 185)",,,4549.0,500000.0,True,0.6153563363268736,16381.0,both tolerable,2.383055827739879,2.164668800446156,"(106, 172, 140)","(116, 137, 184)",12427786.0,12335703.0,4313.0,500000.0,True,False,-0.009836318284052625,-0.0004405892394694355,0.0012653384320161498,False,False,False,False,False,False,False,False,False,no_flag
810,0.7120997868343851,24725.0,both tolerable,1.53125,0.9144296805249708,"(113, 163, 177)","(126, 133, 209)",,,,,True,0.7152988422266843,24158.0,both tolerable,1.53125,0.9144296805249708,"(113, 163, 177)","(126, 133, 209)",13853646.0,13739348.0,,,True,0.6544159350257492,21423.0,both tolerable,1.53125,0.9144296805249708,"(113, 163, 177)","(126, 133, 209)",,,5555.0,500001.0,True,0.6552599675183567,21061.0,both tolerable,1.53125,0.9144296805249708,"(113, 163, 177)","(126, 133, 209)",13853646.0,13739348.0,5403.0,500000.0,True,True,-0.05768385180863589,-0.06003887470832758,0.003199055392299144,False,False,False,False,False,False,False,False,False,no_flag
813,0.5358525099616785,37221.0,both tolerable,0.0,1.0785919505091464,"(106, 190, 154)","(125, 153, 184)",,,,,True,0.709461640017603,18855.0,both tolerable,0.0,1.0785919505091464,"(106, 190, 154)","(125, 153, 184)",11175066.0,11086471.0,,,True,0.6939295644114921,19298.0,both tolerable,0.0,1.0785919505091464,"(106, 190, 154)","(125, 153, 184)",,,5228.0,447559.0,True,0.6956115507022103,19019.0,both tolerable,0.0,1.0785919505091464,"(106, 190, 154)","(125, 153, 184)",11175066.0,11086471.0,5095.0,443327.0,True,True,0.15807705444981357,-0.013850089315392777,0.1736091300559245,False,False,False,False,True,False,False,False,True,fc_prevents_rg_leakage_normal;threshold_changes_segmentation_with_same_ostia
814,0.7302917173120334,25071.0,both tolerable,1.7525093616012442,1.349551430105574,"(92, 137, 170)","(92, 107, 220)",,,,,True,0.7133878488882882,23390.0,both tolerable,1.7525093616012442,1.349551430105574,"(92, 137, 170)","(92, 107, 220)",12336640.0,12260371.0,,,True,0.6921920511134079,21571.0,both tolerable,1.7525093616012442,1.349551430105574,"(92, 137, 170)","(92, 107, 220)",,,5287.0,376676.0,True,0.6913410470409712,21175.0,both tolerable,1.7525093616012442,1.349551430105574,"(92, 137, 170)","(92, 107, 220)",12336640.0,12260371.0,5159.0,355354.0,True,True,-0.03809966619862548,-0.022046801847317,-0.01690386842374514,False,False,False,False,False,False,False,False,False,no_flag
821,0.3428536292925876,7715.0,both tolerable,3.762998305872592,1.232890721536179,"(137, 167, 177)","(150, 140, 206)",,,,,True,0.3340713562753036,6804.0,both tolerable,3.762998305872592,1.232890721536179,"(137, 167, 177)","(150, 140, 206)",12919298.0,12808508.0,,,True,0.3465637065637065,7563.0,both tolerable,3.762998305872592,1.232890721536179,"(137, 167, 177)","(150, 140, 206)",,,1927.0,500000.0,True,0.339532695624902,7073.0,both tolerable,3.762998305872592,1.232890721536179,"(137, 167, 177)","(150, 140, 206)",12919298.0,12808508.0,1702.0,500000.0,True,True,0.0037100772711188834,0.005461339349598415,-0.008782273017284015,False,False,False,True,False,False,False,False,False,shared_low_dice_with_good_ostia
822,0.0,,not found,,,,,,,,,False,0.0,,not found,,,,,12319108.0,12158918.0,,,False,0.0,,not found,,,,,,,,,False,0.0,,not found,,,,,12319108.0,12158918.0,,,False,True,0.0,0.0,0.0,False,False,True,False,False,False,False,False,False,shared_ostia_failure
823,0.6949488339967647,27945.0,both tolerable,0.0,1.19610370056279,"(90, 160, 172)","(113, 123, 200)",,,,,True,0.6968811628076839,27692.0,both tolerable,0.0,1.19610370056279,"(90, 160, 173)","(113, 123, 200)",12016878.0,11722466.0,,,True,0.7177813420866127,26546.0,both tolerable,0.0,1.19610370056279,"(90, 160, 172)","(113, 123, 200)",,,6877.0,493025.0,True,0.7162317043383499,26151.0,both tolerable,0.0,1.19610370056279,"(90, 160, 173)","(113, 123, 200)",12016878.0,11722466.0,6822.0,475171.0,True,False,0.022832508089848047,0.019350541530666066,0.0019323288109192038,False,False,False,False,False,False,False,False,False,no_flag
824,0.6898050831263137,21621.0,both correct,0.0,0.0,"(94, 169, 178)","(126, 128, 207)",,,,,True,0.6899456716846565,21540.0,both correct,0.0,0.0,"(94, 169, 178)","(126, 128, 207)",9495391.0,8751084.0,,,True,0.6672530909446318,20683.0,both correct,0.0,0.0,"(94, 169, 178)","(126, 128, 207)",,,5199.0,416575.0,True,0.6679409890702348,20563.0,both correct,0.0,0.0,"(94, 169, 178)","(126, 128, 207)",9495391.0,8751084.0,5152.0,405701.0,True,True,-0.022551992181681912,-0.022004682614421678,0.00014058855834275796,False,False,False,False,False,False,False,False,False,no_flag
831,0.7476708559994998,34675.0,both tolerable,0.0,0.5,"(95, 170, 181)","(121, 135, 210)",,,,,True,0.7483688833124216,34463.0,both tolerable,0.0,0.5,"(95, 170, 181)","(121, 135, 210)",11827347.0,11484436.0,,,True,0.7399879506611282,33777.0,both tolerable,0.0,0.5,"(95, 170, 181)","(121, 135, 210)",,,9300.0,414675.0,True,0.7407348395525956,33465.0,both tolerable,0.0,0.5,"(95, 170, 181)","(121, 135, 210)",11827347.0,11484436.0,9160.0,410505.0,True,True,-0.007682905338371571,-0.007634043759826015,0.0006980273129217895,False,False,False,False,False,False,False,False,False,no_flag
832,0.7503043258810606,38055.0,both tolerable,0.703125,0.8627773557674077,"(90, 158, 191)","(106, 127, 227)",,,,,True,0.7510950862659793,37811.0,both tolerable,0.703125,0.8627773557674077,"(90, 158, 191)","(106, 127, 227)",13260838.0,13002845.0,,,True,0.7202539453295422,37164.0,both tolerable,0.703125,0.8627773557674077,"(90, 158, 191)","(106, 127, 227)",,,9778.0,440347.0,True,0.7226862780703347,36777.0,both tolerable,0.703125,0.8627773557674077,"(90, 158, 191)","(106, 127, 227)",13260838.0,13002845.0,9614.0,437561.0,True,True,-0.03005038055151832,-0.02840880819564462,0.000790760384918765,False,False,False,False,False,False,False,False,False,no_flag
835,0.046235662975751,26965.0,found but incorrect,2.0390625,35.40059617397222,"(103, 157, 180)","(61, 119, 229)",,,,,False,0.1170758025357431,2520.0,both tolerable,2.0390625,0.8437861682062879,"(103, 157, 180)","(111, 120, 203)",13909828.0,13795782.0,,,True,0.0538709824066918,20565.0,found but incorrect,2.0390625,35.40059617397222,"(103, 157, 180)","(61, 119, 229)",,,5169.0,500000.0,False,0.1195790447554065,2512.0,both tolerable,2.0390625,0.8437861682062879,"(103, 157, 180)","(111, 120, 203)",13909828.0,13795782.0,715.0,500000.0,True,False,0.007635319430940805,0.0025032422196634013,0.0708401395599921,True,False,False,False,False,False,False,False,False,fuzzy_threshold_rescue
838,0.2165289649753565,53129.0,found but incorrect,0.0,34.22246341152438,"(92, 141, 194)","(98, 49, 174)",,,,,False,0.2197764820213799,51451.0,found but incorrect,0.0,34.22246341152438,"(92, 141, 194)","(98, 49, 174)",9351099.0,8700253.0,,,False,0.300926602080392,30754.0,found but incorrect,0.0,34.22246341152438,"(92, 141, 194)","(98, 49, 174)",,,10214.0,478310.0,False,0.3043971398043889,29966.0,found but incorrect,0.0,34.22246341152438,"(92, 141, 194)","(98, 49, 174)",9351099.0,8700253.0,10062.0,477836.0,False,True,0.0843976371050355,0.08462065778300903,0.003247517046023385,False,False,True,False,False,False,False,False,False,shared_ostia_failure
847,0.7125289286200481,23432.0,both correct,0.0,0.0,"(93, 159, 196)","(120, 129, 223)",,,,,True,0.7177170254944447,22740.0,both correct,0.0,0.0,"(93, 159, 196)","(120, 129, 223)",9852393.0,9378187.0,,,True,0.3202801200514506,7346.0,both correct,0.0,0.0,"(93, 159, 196)","(120, 129, 223)",,,1668.0,368814.0,True,0.1521004763967085,2448.0,both correct,0.0,0.0,"(93, 159, 196)","(120, 129, 223)",9852393.0,9378187.0,599.0,349077.0,True,True,-0.3922488085685975,-0.5656165490977362,0.005188096874396586,False,False,False,False,False,False,True,True,False,fc_undersegments_normal;fc_undersegments_fuzzy
850,0.5158121930620289,14755.0,both correct,0.0,0.0,"(123, 186, 134)","(131, 145, 166)",,,,,True,0.5166003072389252,14683.0,both correct,0.0,0.0,"(123, 186, 134)","(131, 145, 166)",13431121.0,13305611.0,,,True,0.5387007972542991,10757.0,both correct,0.0,0.0,"(123, 186, 134)","(131, 145, 166)",,,3202.0,500000.0,True,0.5388029782359679,10722.0,both correct,0.0,0.0,"(123, 186, 134)","(131, 145, 166)",13431121.0,13305611.0,3186.0,500000.0,True,True,0.022888604192270234,0.02220267099704265,0.0007881141768963928,False,False,False,False,False,False,False,False,False,no_flag
853,0.3193142994145971,30545.0,found but incorrect,0.9013878188659972,52.075066010519855,"(112, 117, 213)","(60, 69, 177)",,,,,False,0.3209946085137201,30202.0,found but incorrect,0.9013878188659972,52.075066010519855,"(112, 117, 213)","(60, 69, 177)",13388434.0,13267251.0,,,False,0.458180987202925,15502.0,found but incorrect,0.9013878188659972,52.075066010519855,"(112, 117, 213)","(60, 69, 177)",,,4075.0,500000.0,False,0.458967523719437,15381.0,found but incorrect,0.9013878188659972,52.075066010519855,"(112, 117, 213)","(60, 69, 177)",13388434.0,13267251.0,4019.0,500000.0,False,True,0.1388666877883279,0.13797291520571692,0.0016803090991229785,False,False,True,False,False,False,False,False,False,shared_ostia_failure
855,0.6842739796492469,30266.0,both tolerable,2.7236956633233183,0.0,"(103, 148, 181)","(115, 111, 204)",,,,,True,0.6854176376990951,30276.0,both tolerable,2.7236956633233183,0.0,"(103, 148, 181)","(115, 111, 204)",12826999.0,12749495.0,,,True,0.6737152772147178,29724.0,both tolerable,2.7236956633233183,0.0,"(103, 148, 181)","(115, 111, 204)",,,8132.0,500000.0,True,0.6752084076681047,29715.0,both tolerable,2.7236956633233183,0.0,"(103, 148, 181)","(115, 111, 204)",12826999.0,12749495.0,8176.0,500000.0,True,True,-0.010558702434529055,-0.01020923003099039,0.001143658049848284,False,False,False,False,False,False,False,False,False,no_flag
857,0.6819192632708055,40545.0,both tolerable,0.69921875,0.0,"(85, 152, 143)","(103, 111, 182)",,,,,True,0.4813234872383137,19891.0,found but incorrect,0.0,inf,"(68, 144, 53)",,12017622.0,11830863.0,,,False,0.675491407838603,39342.0,both tolerable,0.69921875,0.0,"(85, 152, 143)","(103, 111, 182)",,,9798.0,500000.0,True,0.4776146325625022,19537.0,found but incorrect,0.0,inf,"(68, 144, 53)",,12017622.0,11830863.0,4918.0,500000.0,False,False,-0.006427855432202589,-0.0037088546758115015,-0.20059577603249185,False,True,False,False,False,False,False,False,False,fuzzy_threshold_regression
860,0.6914471309996392,28792.0,both tolerable,0.0,2.712934917969951,"(90, 158, 175)","(102, 128, 212)",,,,,True,0.6913049188940698,28738.0,both tolerable,0.0,2.712934917969951,"(90, 158, 175)","(102, 128, 212)",11167431.0,10930838.0,,,True,0.6793850036527861,28058.0,both tolerable,0.0,2.712934917969951,"(90, 158, 175)","(102, 128, 212)",,,7883.0,500000.0,True,0.6798011538397593,27977.0,both tolerable,0.0,2.712934917969951,"(90, 158, 175)","(102, 128, 212)",11167431.0,10930838.0,7852.0,500000.0,True,True,-0.01206212734685308,-0.0115037650543105,-0.000142212105569417,False,False,False,False,False,False,False,False,False,no_flag
861,0.0178229540153862,12388.0,found but incorrect,22.069193832268773,1.162619701498517,"(80, 125, 203)","(121, 98, 185)",,,,,False,0.0382497826716893,916.0,both tolerable,1.162619701498517,1.162619701498517,"(103, 130, 160)","(121, 98, 185)",10096226.0,9827193.0,,,True,0.0209681594615583,6839.0,found but incorrect,22.069193832268773,1.162619701498517,"(80, 125, 203)","(121, 98, 185)",,,1471.0,393045.0,False,0.0375422641949399,815.0,both tolerable,1.162619701498517,1.162619701498517,"(103, 130, 160)","(121, 98, 185)",10096226.0,9827193.0,172.0,378807.0,True,False,0.0031452054461720974,-0.0007075184767493942,0.020426828656303096,True,False,False,False,False,False,False,False,False,fuzzy_threshold_rescue
862,0.6536515498264133,30814.0,both tolerable,0.796875,0.0,"(85, 127, 193)","(98, 85, 225)",,,,,True,0.6547658298400139,30274.0,both tolerable,0.796875,0.0,"(85, 127, 193)","(98, 85, 225)",13072390.0,13023220.0,,,True,0.6449841347327313,32133.0,both tolerable,0.796875,0.0,"(85, 127, 193)","(98, 85, 225)",,,8302.0,453534.0,True,0.64583726044612,30241.0,both tolerable,0.796875,0.0,"(85, 127, 193)","(98, 85, 225)",13072390.0,13023220.0,7796.0,441014.0,True,True,-0.008667415093681963,-0.00892856939389386,0.0011142800136005881,False,False,False,False,False,False,False,False,False,no_flag
867,0.3429891198486239,19192.0,found but incorrect,13.620368380277132,1.8150658696940245,"(117, 151, 177)","(111, 129, 213)",,,,,False,0.6921636913165793,42937.0,both tolerable,1.529355492570727,2.204803909267288,"(98, 157, 178)","(110, 129, 213)",12225986.0,12129918.0,,,True,0.3343162234118691,17180.0,found but incorrect,13.620368380277132,1.8150658696940245,"(117, 151, 177)","(111, 129, 213)",,,4831.0,500000.0,False,0.3349345040409368,17475.0,both tolerable,1.529355492570727,2.204803909267288,"(98, 157, 178)","(110, 129, 213)",12225986.0,12129918.0,5013.0,500001.0,True,False,-0.008672896436754784,-0.3572291872756425,0.3491745714679554,True,False,False,False,False,False,False,True,False,fuzzy_threshold_rescue;fc_undersegments_fuzzy
869,0.6033251567184519,33522.0,both tolerable,0.72265625,1.0,"(93, 188, 162)","(104, 155, 188)",,,,,True,0.6031550911698422,33357.0,both tolerable,0.72265625,1.0,"(93, 188, 162)","(104, 155, 188)",11364220.0,11234369.0,,,True,0.5982224031481105,33837.0,both tolerable,0.72265625,1.0,"(93, 188, 162)","(104, 155, 188)",,,9305.0,500000.0,True,0.5977214879745198,33611.0,both tolerable,0.72265625,1.0,"(93, 188, 162)","(104, 155, 188)",11364220.0,11234369.0,9202.0,500000.0,True,True,-0.005102753570341401,-0.0054336031953223785,-0.00017006554860965473,False,False,False,False,False,False,False,False,False,no_flag
870,0.6641897417922654,22619.0,both tolerable,0.8564224849081498,1.6331862610496235,"(102, 156, 136)","(127, 126, 166)",,,,,True,0.6648173397903051,22362.0,both tolerable,0.8564224849081498,1.6331862610496235,"(102, 156, 136)","(127, 126, 166)",13064194.0,12863355.0,,,True,0.4293164462655988,12038.0,both tolerable,0.8564224849081498,1.6331862610496235,"(102, 156, 136)","(127, 126, 166)",,,2912.0,499904.0,True,0.422935663627153,11408.0,both tolerable,0.8564224849081498,1.6331862610496235,"(102, 156, 136)","(127, 126, 166)",13064194.0,12863355.0,2779.0,496772.0,True,True,-0.23487329552666664,-0.2418816761631521,0.0006275979980396862,False,False,False,False,False,False,True,True,False,fc_undersegments_normal;fc_undersegments_fuzzy
873,0.7894684484530955,29615.0,both tolerable,2.484375,1.2734135350505742,"(95, 152, 172)","(113, 126, 209)",,,,,True,0.7888393154424985,29369.0,both tolerable,2.484375,1.2734135350505742,"(95, 152, 172)","(113, 126, 209)",10962127.0,10760054.0,,,True,0.18958910240273,5052.0,both tolerable,2.484375,1.2734135350505742,"(95, 152, 172)","(113, 126, 209)",,,1347.0,479882.0,True,0.1884358701138466,4963.0,both tolerable,2.484375,1.2734135350505742,"(95, 152, 172)","(113, 126, 209)",10962127.0,10760054.0,1316.0,477827.0,True,True,-0.5998793460503655,-0.600403445328652,-0.0006291330105969717,False,False,False,False,False,False,True,True,False,fc_undersegments_normal;fc_undersegments_fuzzy
875,0.68486053545424,36453.0,both tolerable,0.8095744354916121,0.5,"(92, 150, 151)","(110, 113, 194)",,,,,True,0.7130465310182409,33400.0,both tolerable,1.029961908617559,0.5,"(92, 150, 152)","(110, 113, 194)",12222076.0,12075527.0,,,True,0.7091592025426178,34257.0,both tolerable,0.8095744354916121,0.5,"(92, 150, 151)","(110, 113, 194)",,,9379.0,378561.0,True,0.7144044684915924,33606.0,both tolerable,1.029961908617559,0.5,"(92, 150, 152)","(110, 113, 194)",12222076.0,12075527.0,9222.0,340431.0,True,False,0.0242986670883778,0.001357937473351556,0.02818599556400092,False,False,False,False,False,False,False,False,False,no_flag
881,0.6839767277301675,25317.0,both correct,0.0,0.0,"(106, 167, 185)","(123, 132, 227)",,,,,True,0.6848576187832157,24869.0,both correct,0.0,0.0,"(106, 167, 185)","(123, 132, 227)",12550363.0,12249067.0,,,True,0.6700427768506263,26572.0,both correct,0.0,0.0,"(106, 167, 185)","(123, 132, 227)",,,7120.0,442806.0,True,0.6727934733931735,25800.0,both correct,0.0,0.0,"(106, 167, 185)","(123, 132, 227)",12550363.0,12249067.0,6831.0,429669.0,True,True,-0.01393395087954119,-0.012064145390042191,0.0008808910530482272,False,False,False,False,False,False,False,False,False,no_flag
883,0.6062832579014146,26803.0,both tolerable,1.3828125,0.0,"(113, 165, 189)","(136, 137, 220)",,,,,True,0.6059504883034295,26832.0,both tolerable,1.3828125,0.0,"(113, 165, 189)","(136, 137, 220)",11689176.0,11450897.0,,,True,0.6065110395129568,24587.0,both tolerable,1.3828125,0.0,"(113, 165, 189)","(136, 137, 220)",,,5894.0,500000.0,True,0.6070411392405063,24556.0,both tolerable,1.3828125,0.0,"(113, 165, 189)","(136, 137, 220)",11689176.0,11450897.0,5893.0,500000.0,True,True,0.00022778161154224374,0.0010906509370768314,-0.0003327695979851164,False,False,False,False,False,False,False,False,False,no_flag
886,0.6127084718799306,40449.0,both tolerable,0.0,0.8095744354916121,"(81, 167, 158)","(101, 123, 195)",,,,,True,0.6190526791169673,39046.0,both tolerable,0.0,0.8095744354916121,"(81, 167, 157)","(101, 123, 195)",10598244.0,10418959.0,,,True,0.3932662728593806,16747.0,both tolerable,0.0,0.8095744354916121,"(81, 167, 158)","(101, 123, 195)",,,4264.0,500000.0,True,0.6505924457815864,33893.0,both tolerable,0.0,0.8095744354916121,"(81, 167, 157)","(101, 123, 195)",10598244.0,10418959.0,9085.0,500000.0,True,False,-0.21944219902055,0.03153976666461911,0.006344207237036659,False,False,False,False,False,False,True,False,False,fc_undersegments_normal
891,0.6916302856430087,21382.0,both tolerable,0.0,1.1855002178833889,"(106, 158, 192)","(126, 118, 220)",,,,,True,0.736861712035337,18878.0,both tolerable,0.63671875,1.1855002178833889,"(106, 157, 192)","(126, 118, 220)",11750667.0,11548544.0,,,True,0.6906246906246907,21701.0,both tolerable,0.0,1.1855002178833889,"(106, 158, 192)","(126, 118, 220)",,,5422.0,351798.0,True,0.7222955999274856,19910.0,both tolerable,0.63671875,1.1855002178833889,"(106, 157, 192)","(126, 118, 220)",11750667.0,11548544.0,5097.0,334884.0,True,False,-0.001005595018317984,-0.014566112107851414,0.045231426392328355,False,False,False,False,False,False,False,False,False,no_flag
897,0.0,1724.0,found but incorrect,50.53333549465957,55.57513565547996,"(36, 101, 265)","(30, 96, 271)",,,,,False,0.0,1321.0,found but incorrect,48.37214104141623,45.20001477941761,"(42, 99, 268)","(52, 91, 271)",11594049.0,11454701.0,,,False,0.0,1428.0,found but incorrect,50.53333549465957,55.57513565547996,"(36, 101, 265)","(30, 96, 271)",,,351.0,492783.0,False,0.0,108.0,found but incorrect,48.37214104141623,45.20001477941761,"(42, 99, 268)","(52, 91, 271)",11594049.0,11454701.0,6.0,453050.0,False,False,0.0,0.0,0.0,False,False,True,False,False,False,False,False,False,shared_ostia_failure
898,0.7212985436893203,33190.0,both tolerable,0.69140625,0.0,"(102, 169, 170)","(112, 125, 201)",,,,,True,0.7215636208888079,33066.0,both tolerable,0.69140625,0.0,"(102, 169, 170)","(112, 125, 201)",12598698.0,12313082.0,,,True,0.6842287476788468,30816.0,both tolerable,0.69140625,0.0,"(102, 169, 170)","(112, 125, 201)",,,8530.0,466063.0,True,0.6847599823377278,30682.0,both tolerable,0.69140625,0.0,"(102, 169, 170)","(112, 125, 201)",12598698.0,12313082.0,8472.0,459034.0,True,True,-0.037069796010473555,-0.03680363855108004,0.00026507719948754005,False,False,False,False,False,False,False,False,False,no_flag
899,0.7935245064669844,23550.0,both correct,0.0,0.0,"(84, 158, 177)","(107, 124, 207)",,,,,True,0.7934004402556047,23333.0,both correct,0.0,0.0,"(84, 158, 177)","(107, 124, 207)",10200437.0,9844640.0,,,True,0.7845524144805208,23695.0,both correct,0.0,0.0,"(84, 158, 177)","(107, 124, 207)",,,6989.0,344163.0,True,0.7847825622851775,23383.0,both correct,0.0,0.0,"(84, 158, 177)","(107, 124, 207)",10200437.0,9844640.0,6849.0,331192.0,True,True,-0.008972091986463537,-0.008617877970427235,-0.00012406621137961427,False,False,False,False,False,False,False,False,False,no_flag
906,0.5102119112635689,14598.0,found but incorrect,0.0,19.167405531642856,"(95, 157, 124)","(153, 61, 134)",,,,,False,0.7190673185408049,23467.0,both tolerable,0.0,0.5,"(95, 157, 124)","(116, 108, 171)",10843205.0,10721870.0,,,True,0.5150697155605131,15112.0,found but incorrect,0.0,19.167405531642856,"(95, 157, 124)","(153, 61, 134)",,,4588.0,500000.0,False,0.7252771577724079,24498.0,both tolerable,0.0,0.5,"(95, 157, 124)","(116, 108, 171)",10843205.0,10721870.0,7811.0,500000.0,True,False,0.004857804296944157,0.006209839231603009,0.20885540727723595,True,False,False,False,False,False,False,False,False,fuzzy_threshold_rescue
907,0.7426086137323556,32939.0,both tolerable,0.0,0.5,"(96, 146, 119)","(119, 98, 154)",,,,,True,0.7436647327568491,32507.0,both tolerable,0.5,0.5,"(96, 145, 118)","(119, 99, 155)",9547713.0,9424969.0,,,True,0.7105832929390855,31140.0,both tolerable,0.0,0.5,"(96, 146, 119)","(119, 98, 154)",,,8835.0,446445.0,True,0.715185330200992,30546.0,both tolerable,0.5,0.5,"(96, 145, 118)","(119, 99, 155)",9547713.0,9424969.0,8749.0,421710.0,True,False,-0.03202532079327014,-0.028479402555857125,0.0010561190244934293,False,False,False,False,False,False,False,False,False,no_flag
913,0.6816668721489335,23910.0,both tolerable,0.0,0.5,"(95, 177, 111)","(113, 150, 157)",,,,,True,0.6815922441769708,23930.0,both tolerable,0.0,0.5,"(95, 177, 111)","(113, 150, 157)",9502234.0,9443377.0,,,True,0.6500529993293962,21471.0,both tolerable,0.0,0.5,"(95, 177, 111)","(113, 150, 157)",,,5502.0,379311.0,True,0.6648365571416505,22600.0,both tolerable,0.0,0.5,"(95, 177, 111)","(113, 150, 157)",9502234.0,9443377.0,5725.0,380203.0,True,True,-0.031613872819537314,-0.016755687035320377,-7.462797196267079e-05,False,False,False,False,False,False,False,False,False,no_flag
914,0.5648189616563889,36736.0,both tolerable,0.0,3.222618370989507,"(83, 147, 208)","(121, 119, 234)",,,,,True,0.5750333872214802,35590.0,both tolerable,0.0,3.222618370989507,"(84, 144, 204)","(121, 119, 234)",10470111.0,9808105.0,,,True,0.6167009027005634,31745.0,both tolerable,0.0,3.222618370989507,"(83, 147, 208)","(121, 119, 234)",,,8204.0,500000.0,True,0.6204893604904994,31363.0,both tolerable,0.0,3.222618370989507,"(84, 144, 204)","(121, 119, 234)",10470111.0,9808105.0,8097.0,500000.0,True,False,0.05188194104417454,0.04545597326901918,0.010214425565091334,False,False,False,False,False,False,False,False,False,no_flag
920,0.6388111029231147,19934.0,both tolerable,0.0,1.42984758325079,"(86, 172, 182)","(105, 134, 203)",,,,,True,0.6410930370958143,19552.0,both tolerable,0.0,1.42984758325079,"(86, 172, 182)","(105, 134, 203)",11181288.0,10975340.0,,,True,0.6078082721298802,18029.0,both tolerable,0.0,1.42984758325079,"(86, 172, 182)","(105, 134, 203)",,,4358.0,500000.0,True,0.6120887130362349,17640.0,both tolerable,0.0,1.42984758325079,"(86, 172, 182)","(105, 134, 203)",11181288.0,10975340.0,4255.0,500000.0,True,True,-0.031002830793234515,-0.029004324059579423,0.002281934172699618,False,False,False,False,False,False,False,False,False,no_flag
922,0.6334621439816802,12945.0,both tolerable,0.0,1.345667690480501,"(95, 162, 161)","(115, 127, 197)",,,,,True,0.5711413893232075,11859.0,found but incorrect,7.855151154382908,1.345667690480501,"(83, 152, 173)","(115, 127, 197)",12851243.0,12519688.0,,,False,0.6232743155760081,10639.0,both tolerable,0.0,1.345667690480501,"(95, 162, 161)","(115, 127, 197)",,,2864.0,394225.0,True,0.5517213544819792,9774.0,found but incorrect,7.855151154382908,1.345667690480501,"(83, 152, 173)","(115, 127, 197)",12851243.0,12519688.0,2681.0,395103.0,False,False,-0.010187828405672117,-0.01942003484122823,-0.062320754658472755,False,True,False,False,False,False,False,False,False,fuzzy_threshold_regression
926,0.3970641958088406,10015.0,both tolerable,1.546031375068214,6.496886461329477,"(94, 165, 204)","(153, 117, 210)",,,,,True,0.3970114560850075,10019.0,both tolerable,1.546031375068214,6.496886461329477,"(94, 165, 204)","(153, 117, 210)",10366440.0,9667765.0,,,True,0.4103252660199389,9695.0,both tolerable,1.546031375068214,6.496886461329477,"(94, 165, 204)","(153, 117, 210)",,,2499.0,500000.0,True,0.4103252660199389,9695.0,both tolerable,1.546031375068214,6.496886461329477,"(94, 165, 204)","(153, 117, 210)",10366440.0,9667765.0,2500.0,500000.0,True,True,0.013261070211098291,0.01331380993493142,-5.2739723833128416e-05,False,False,False,False,False,False,False,False,False,no_flag
934,0.744062803442998,31295.0,both tolerable,0.0,0.5,"(86, 169, 219)","(111, 137, 246)",,,,,True,0.7420919723551302,30726.0,both tolerable,0.0,0.5,"(86, 169, 219)","(111, 137, 246)",10702580.0,10304751.0,,,True,0.7098510801929665,27746.0,both tolerable,0.0,0.5,"(86, 169, 219)","(111, 137, 246)",,,7814.0,500000.0,True,0.7114837076874407,27432.0,both tolerable,0.0,0.5,"(86, 169, 219)","(111, 137, 246)",10702580.0,10304751.0,7688.0,500000.0,True,True,-0.03421172325003152,-0.03060826466768951,-0.001970831087867775,False,False,False,False,False,False,False,False,False,no_flag
935,0.7614461401689139,30432.0,both tolerable,2.296875,0.5,"(108, 155, 184)","(108, 119, 204)",,,,,True,0.7589653034771664,29673.0,both tolerable,2.296875,0.5,"(108, 155, 184)","(108, 119, 204)",13332944.0,13208531.0,,,True,0.7437893403851168,30138.0,both tolerable,2.296875,0.5,"(108, 155, 184)","(108, 119, 204)",,,7788.0,499653.0,True,0.7460656474820144,29816.0,both tolerable,2.296875,0.5,"(108, 155, 184)","(108, 119, 204)",13332944.0,13208531.0,7639.0,496507.0,True,True,-0.017656799783797084,-0.01289965599515197,-0.002480836691747479,False,False,False,False,False,False,False,False,False,no_flag
938,0.5240363391342736,14122.0,found but incorrect,0.0,25.0652663685228,"(87, 191, 208)","(88, 159, 183)",,,,,False,0.5241459446897513,14113.0,found but incorrect,0.0,25.0652663685228,"(87, 191, 208)","(88, 159, 183)",13394788.0,13289089.0,,,False,0.5337750782256581,14547.0,found but incorrect,0.0,25.0652663685228,"(87, 191, 208)","(88, 159, 183)",,,4348.0,471586.0,False,0.5339839344488687,14530.0,found but incorrect,0.0,25.0652663685228,"(87, 191, 208)","(88, 159, 183)",13394788.0,13289089.0,4343.0,475432.0,False,True,0.009738739091384452,0.009837989759117427,0.00010960555547767648,False,False,True,False,False,False,False,False,False,shared_ostia_failure
942,0.6205336214100813,28654.0,both tolerable,0.0,1.4141380332036633,"(96, 141, 181)","(110, 108, 216)",,,,,True,0.6613429653161582,25551.0,both tolerable,0.0,1.4141380332036633,"(96, 141, 181)","(110, 108, 216)",11184627.0,11093863.0,,,True,0.6469423412929528,22518.0,both tolerable,0.0,1.4141380332036633,"(96, 141, 181)","(110, 108, 216)",,,5571.0,500000.0,True,0.6524039026683908,22128.0,both tolerable,0.0,1.4141380332036633,"(96, 141, 181)","(110, 108, 216)",11184627.0,11093863.0,5514.0,500000.0,True,True,0.026408719882871523,-0.008939062647767448,0.040809343906076934,False,False,False,False,False,False,False,False,False,no_flag
949,0.6876019917151345,25347.0,both tolerable,0.73046875,0.0,"(101, 152, 174)","(125, 126, 209)",,,,,True,0.6885046375960046,25203.0,both tolerable,0.73046875,0.0,"(101, 152, 174)","(125, 126, 209)",11355291.0,11032257.0,,,True,0.6768774065867877,24036.0,both tolerable,0.73046875,0.0,"(101, 152, 174)","(125, 126, 209)",,,6070.0,500000.0,True,0.6781472427146659,23772.0,both tolerable,0.73046875,0.0,"(101, 152, 174)","(125, 126, 209)",11355291.0,11032257.0,5981.0,500000.0,True,True,-0.01072458512834673,-0.010357394881338688,0.0009026458808700788,False,False,False,False,False,False,False,False,False,no_flag
957,0.6152780418896525,39809.0,both tolerable,1.3671875,1.0,"(101, 161, 136)","(111, 116, 178)",,,,,True,0.6251899748542374,38565.0,both tolerable,1.3671875,1.0,"(101, 161, 136)","(111, 116, 178)",9081774.0,8818558.0,,,True,0.5768893193305288,32269.0,both tolerable,1.3671875,1.0,"(101, 161, 136)","(111, 116, 178)",,,7536.0,496867.0,True,0.5820178658835047,31563.0,both tolerable,1.3671875,1.0,"(101, 161, 136)","(111, 116, 178)",9081774.0,8818558.0,7385.0,488175.0,True,True,-0.038388722559123734,-0.04317210897073276,0.009911932964584924,False,False,False,False,False,False,False,False,False,no_flag
959,0.6754015583511078,21765.0,both tolerable,0.0,1.6770509831248424,"(93, 183, 165)","(103, 142, 213)",,,,,True,0.6760747704320893,21666.0,both tolerable,0.0,1.6770509831248424,"(93, 183, 165)","(103, 142, 213)",14057853.0,13931645.0,,,True,0.6691423674438023,21328.0,both tolerable,0.0,1.6770509831248424,"(93, 183, 165)","(103, 142, 213)",,,5487.0,483496.0,True,0.6693724495422962,21154.0,both tolerable,0.0,1.6770509831248424,"(93, 183, 165)","(103, 142, 213)",14057853.0,13931645.0,5425.0,477964.0,True,True,-0.006259190907305534,-0.006702320889793056,0.0006732120809814779,False,False,False,False,False,False,False,False,False,no_flag
960,0.7154850569484715,26638.0,both tolerable,0.0,0.5,"(91, 148, 174)","(111, 116, 212)",,,,,True,0.7119949663469789,26318.0,both tolerable,0.0,0.5,"(91, 148, 174)","(111, 116, 212)",10542206.0,10314810.0,,,True,0.690528187387666,25614.0,both tolerable,0.0,0.5,"(91, 148, 174)","(111, 116, 212)",,,6699.0,421030.0,True,0.6902809282847671,25450.0,both tolerable,0.0,0.5,"(91, 148, 174)","(111, 116, 212)",10542206.0,10314810.0,6652.0,408059.0,True,True,-0.02495686956080556,-0.021714038062211838,-0.0034900906014926347,False,False,False,False,False,False,False,False,False,no_flag
961,0.6960372572664144,27104.0,both tolerable,1.7447080981230785,1.4219715798243384,"(101, 158, 143)","(113, 127, 171)",,,,,True,0.6960719041278296,27070.0,both tolerable,1.7447080981230785,1.4219715798243384,"(101, 158, 143)","(113, 127, 171)",9774070.0,9679603.0,,,True,0.6982831818087684,27293.0,both tolerable,1.7447080981230785,1.4219715798243384,"(101, 158, 143)","(113, 127, 171)",,,6965.0,468917.0,True,0.6867789840447003,26075.0,both tolerable,1.7447080981230785,1.4219715798243384,"(101, 158, 143)","(113, 127, 171)",9774070.0,9679603.0,6735.0,472611.0,True,True,0.0022459245423539498,-0.009292920083129319,3.464686141518847e-05,False,False,False,False,False,False,False,False,False,no_flag
974,0.6865919392938902,63488.0,both tolerable,2.2305371596339327,0.8916609243998318,"(103, 170, 162)","(111, 135, 200)",,,,,True,0.6943053817271589,62509.0,both tolerable,2.2305371596339327,0.8916609243998318,"(103, 170, 162)","(111, 135, 200)",13390493.0,13274626.0,,,True,0.771663840134039,51727.0,both tolerable,2.2305371596339327,0.8916609243998318,"(103, 170, 162)","(111, 135, 200)",,,15183.0,500000.0,True,0.6962845479368112,64814.0,both tolerable,2.2305371596339327,0.8916609243998318,"(103, 170, 162)","(111, 135, 200)",13390493.0,13274626.0,19956.0,500000.0,True,True,0.08507190084014882,0.0019791662096522167,0.007713442433268769,False,False,False,False,False,False,False,False,False,no_flag
978,0.525143192170658,19192.0,both tolerable,0.0,0.8787673501354397,"(93, 155, 187)","(103, 109, 202)",,,,,True,0.5262739412081102,17607.0,both tolerable,0.72265625,0.8787673501354397,"(93, 152, 184)","(103, 109, 202)",12311938.0,12236836.0,,,True,0.5484345547331158,18348.0,both tolerable,0.0,0.8787673501354397,"(93, 155, 187)","(103, 109, 202)",,,5171.0,500000.0,True,0.5462608818077294,17463.0,both tolerable,0.72265625,0.8787673501354397,"(93, 152, 184)","(103, 109, 202)",12311938.0,12236836.0,5014.0,500000.0,True,False,0.023291362562457785,0.01998694059961914,0.00113074903745225,False,False,False,False,False,False,False,False,False,no_flag
981,0.6036644951140065,11198.0,both tolerable,0.0,1.666701252896346,"(85, 140, 160)","(108, 103, 197)",,,,,True,0.6044179980436909,11174.0,both tolerable,0.0,1.666701252896346,"(85, 140, 160)","(108, 103, 197)",9627862.0,9476267.0,,,True,0.5521916712282623,10387.0,both tolerable,0.0,1.666701252896346,"(85, 140, 160)","(108, 103, 197)",,,2565.0,328273.0,True,0.553998142362577,10324.0,both tolerable,0.0,1.666701252896346,"(85, 140, 160)","(108, 103, 197)",9627862.0,9476267.0,2538.0,323268.0,True,True,-0.05147282388574426,-0.050419855681113845,0.0007535029296843465,False,False,False,False,False,False,False,False,False,no_flag
982,0.4707741841065417,14313.0,found but incorrect,0.0,26.50474218007462,"(94, 143, 110)","(89, 103, 89)",,,,,False,0.4701134635629898,14344.0,found but incorrect,0.0,26.50474218007462,"(94, 143, 110)","(89, 103, 89)",9522952.0,9451009.0,,,False,0.4869982172496465,12682.0,found but incorrect,0.0,26.50474218007462,"(94, 143, 110)","(89, 103, 89)",,,3388.0,400966.0,False,0.486918559965567,12675.0,found but incorrect,0.0,26.50474218007462,"(94, 143, 110)","(89, 103, 89)",9522952.0,9451009.0,3381.0,392223.0,False,True,0.016224033143104777,0.016805096402577213,-0.0006607205435519292,False,False,True,False,False,False,False,False,False,shared_ostia_failure
983,0.6133094432948064,40515.0,both tolerable,0.63671875,1.8690334755730031,"(97, 156, 179)","(122, 118, 202)",,,,,True,0.6124579251919368,40586.0,both tolerable,1.739843048383334,1.8690334755730031,"(97, 154, 177)","(122, 118, 202)",12481876.0,12312327.0,,,True,0.651365096359743,35983.0,both tolerable,0.63671875,1.8690334755730031,"(97, 156, 179)","(122, 118, 202)",,,10166.0,500000.0,True,0.6503967138976973,36002.0,both tolerable,1.739843048383334,1.8690334755730031,"(97, 154, 177)","(122, 118, 202)",12481876.0,12312327.0,10169.0,500000.0,True,False,0.038055653064936634,0.03793878870576051,-0.0008515181028696528,False,False,False,False,False,False,False,False,False,no_flag
988,0.7364821038976355,18302.0,both tolerable,0.72265625,1.137745187345622,"(107, 142, 198)","(115, 116, 218)",,,,,True,0.7372245524901045,18238.0,both tolerable,0.72265625,1.137745187345622,"(107, 142, 198)","(115, 116, 218)",12526418.0,12436756.0,,,True,0.4740631042000905,8693.0,both tolerable,0.72265625,1.137745187345622,"(107, 142, 198)","(115, 116, 218)",,,2221.0,446582.0,True,0.4740746846921111,8646.0,both tolerable,0.72265625,1.137745187345622,"(107, 142, 198)","(115, 116, 218)",12526418.0,12436756.0,2201.0,460241.0,True,True,-0.26241899969754495,-0.26314986779799343,0.0007424485924690805,False,False,False,False,False,False,True,True,False,fc_undersegments_normal;fc_undersegments_fuzzy
992,0.7315162123864299,24624.0,both tolerable,0.63671875,1.5089909983190133,"(99, 158, 193)","(119, 118, 221)",,,,,True,0.7315669883888183,24607.0,both tolerable,0.63671875,1.5089909983190133,"(99, 158, 193)","(119, 118, 221)",12581044.0,12383398.0,,,True,0.7196001276188451,23651.0,both tolerable,0.63671875,1.5089909983190133,"(99, 158, 193)","(119, 118, 221)",,,6372.0,372847.0,True,0.7198330920548411,23608.0,both tolerable,0.63671875,1.5089909983190133,"(99, 158, 193)","(119, 118, 221)",12581044.0,12383398.0,6354.0,359341.0,True,True,-0.011916084767584878,-0.011733896333977145,5.07760023883419e-05,False,False,False,False,False,False,False,False,False,no_flag
996,0.7246641727597347,24633.0,both tolerable,0.72265625,0.0,"(103, 156, 119)","(116, 126, 158)",,,,,True,0.7251511796269483,24549.0,both tolerable,0.72265625,0.0,"(103, 156, 119)","(116, 126, 158)",9672396.0,9594414.0,,,True,0.7152309534312181,25192.0,both tolerable,0.72265625,0.0,"(103, 156, 119)","(116, 126, 158)",,,6254.0,398245.0,True,0.7153742527574303,25093.0,both tolerable,0.72265625,0.0,"(103, 156, 119)","(116, 126, 158)",9672396.0,9594414.0,6225.0,398483.0,True,True,-0.009433219328516596,-0.009776926869518032,0.00048700686721359077,False,False,False,False,False,False,False,False,False,no_flag
