stage,variant,split,IMG_ID,segmentation_variant,vesselness_profile,artery_method,morphology_profile,morphology_mode,morphology_closing_radius,morphology_dilation_radius,morphology_base_dilation_radius,morphology_max_dilation_radius,morphology_support_percentile,morphology_support_factor,morphology_local_max_radius,ostia_status,ostia_success,left_dist_mm,right_dist_mm,dice_artery,dice_artery_before_morphology,dice_artery_after_morphology,dice_artery_morphology_delta,artery_voxels,artery_voxels_before_morphology,artery_voxels_after_morphology,morphology_added_voxels,recall_before_morphology,recall_after_morphology,precision_before_morphology,precision_after_morphology,vesselness_seconds,segmentation_seconds,morphology_seconds,fc_processed_voxels,fc_candidate_voxels_initial,fc_candidate_voxels_final,fc_effective_alpha,fc_object_seed_count,fc_grow_each_ostium_separately,fc_processed_limit_hit,fc_candidate_limit_hit,recovery_triggered_branches,recovery_accepted_branches,recovery_added_voxels,conditioned_support_threshold,conditioned_shell_voxels,conditioned_accepted_voxels,conditioned_acceptance_rate,error
optimization,fc_affinity_floor024_only__conditioned_p10_f025,train,13,fc_affinity_floor024_only,current,fuzzy_connectedness,conditioned_p10_f025,vesselness_conditioned,3,,1.0,2.0,10.0,0.25,1.0,both_tolerable,True,0.6953125,1.1031404921008474,0.5599266754129001,0.31103000811030007,0.5599266754129001,0.24889666730260002,23029,6842,23029,16187,0.18814006254982524,0.4776476359845465,0.8968137971353406,0.6764514308046377,0.3496279950004464,1.56466712800011,2.1242782409999563,6842.0,604179.0,500000.0,0.16,8.0,False,False,True,0,0,0,0.015253874473273754,10639.0,8774.0,0.8247015696964001,
optimization,fc_affinity_floor024_only__conditioned_p10_f050,train,13,fc_affinity_floor024_only,current,fuzzy_connectedness,conditioned_p10_f050,vesselness_conditioned,3,,1.0,2.0,10.0,0.5,1.0,both_tolerable,True,0.6953125,1.1031404921008474,0.5600291757840992,0.31103000811030007,0.5600291757840992,0.2489991676737991,22226,6842,22226,15384,0.18814006254982524,0.47084074323909975,0.8968137971353406,0.6909025465670836,0.3496279950004464,1.56466712800011,2.1347157079999306,6842.0,604179.0,500000.0,0.16,8.0,False,False,True,0,0,0,0.030507748946547508,10639.0,7971.0,0.7492245511796222,
optimization,fc_affinity_floor024_only__conditioned_p10_f075,train,13,fc_affinity_floor024_only,current,fuzzy_connectedness,conditioned_p10_f075,vesselness_conditioned,3,,1.0,2.0,10.0,0.75,1.0,both_tolerable,True,0.6953125,1.1031404921008474,0.5597068783656248,0.31103000811030007,0.5597068783656248,0.24867687025532476,21425,6842,21425,14583,0.18814006254982524,0.46369657202428405,0.8968137971353406,0.70585764294049,0.3496279950004464,1.56466712800011,2.1190897920005227,6842.0,604179.0,500000.0,0.16,8.0,False,False,True,0,0,0,0.04576162341982126,10639.0,7170.0,0.6739355202556632,
optimization,fc_affinity_floor024_only__current_c3_d2,train,13,fc_affinity_floor024_only,current,fuzzy_connectedness,current_c3_d2,standard,3,2.0,,,,,,both_tolerable,True,0.6953125,1.1031404921008474,0.5561313208597065,0.31103000811030007,0.5561313208597065,0.24510131274940644,24894,6842,24894,18052,0.18814006254982524,0.4903109094254001,0.8968137971353406,0.6423636217562465,0.3496279950004464,1.56466712800011,1.6717117469997902,6842.0,604179.0,500000.0,0.16,8.0,False,False,True,0,0,0,,,,,
optimization,fc_alpha017__conditioned_p10_f025,train,13,fc_alpha017,current,fuzzy_connectedness,conditioned_p10_f025,vesselness_conditioned,3,,1.0,2.0,10.0,0.25,1.0,both_tolerable,True,0.6953125,1.1031404921008474,0.541347196768523,0.28876288659793814,0.541347196768523,0.2525843101705849,20860,6186,20860,14674,0.1717667259459128,0.44379714233151407,0.9055932751374071,0.6938638542665388,0.3496279950004464,1.4201714560003893,2.128500998999698,6186.0,604179.0,500000.0,0.17,8.0,False,False,True,0,0,0,0.017655126750469208,9743.0,8042.0,0.8254131171097198,
optimization,fc_alpha017__conditioned_p10_f050,train,13,fc_alpha017,current,fuzzy_connectedness,conditioned_p10_f050,vesselness_conditioned,3,,1.0,2.0,10.0,0.5,1.0,both_tolerable,True,0.6953125,1.1031404921008474,0.5414488141244223,0.28876288659793814,0.5414488141244223,0.2526859275264841,20174,6186,20174,13988,0.1717667259459128,0.43818605506837555,0.9055932751374071,0.7083870328145138,0.3496279950004464,1.4201714560003893,2.1100980519995574,6186.0,604179.0,500000.0,0.17,8.0,False,False,True,0,0,0,0.035310253500938416,9743.0,7356.0,0.7550035923226932,
optimization,fc_alpha017__conditioned_p10_f075,train,13,fc_alpha017,current,fuzzy_connectedness,conditioned_p10_f075,vesselness_conditioned,3,,1.0,2.0,10.0,0.75,1.0,both_tolerable,True,0.6953125,1.1031404921008474,0.5390950452093451,0.28876288659793814,0.5390950452093451,0.250332158611407,19477,6186,19477,13291,0.1717667259459128,0.4305206353099896,0.9055932751374071,0.7209015762181034,0.3496279950004464,1.4201714560003893,2.042757667000842,6186.0,604179.0,500000.0,0.17,8.0,False,False,True,0,0,0,0.05296538025140762,9743.0,6659.0,0.6834650518320846,
optimization,fc_alpha017__current_c3_d2,train,13,fc_alpha017,current,fuzzy_connectedness,current_c3_d2,standard,3,2.0,,,,,,both_tolerable,True,0.6953125,1.1031404921008474,0.5383235160851835,0.28876288659793814,0.5383235160851835,0.24956062948724533,22561,6186,22561,16375,0.1717667259459128,0.4553565953271601,0.9055932751374071,0.658259828908293,0.3496279950004464,1.4201714560003893,1.67478748800022,6186.0,604179.0,500000.0,0.17,8.0,False,False,True,0,0,0,,,,,
optimization,fc_candidate024_only__conditioned_p10_f025,train,13,fc_candidate024_only,current,fuzzy_connectedness,conditioned_p10_f025,vesselness_conditioned,3,,1.0,2.0,10.0,0.25,1.0,both_tolerable,True,0.6953125,1.1031404921008474,0.5621725494461667,0.30745744599648883,0.5621725494461667,0.25471510344967785,22547,6689,22547,15858,0.1852578647206721,0.47540933341509783,0.9032740319928241,0.6876746352064577,0.3496279950004464,1.482926407999912,2.106311429000016,6689.0,508551.0,500000.0,0.16,8.0,False,False,True,0,0,0,0.015957850962877274,10453.0,8624.0,0.8250263082368698,
optimization,fc_candidate024_only__conditioned_p10_f050,train,13,fc_candidate024_only,current,fuzzy_connectedness,conditioned_p10_f050,vesselness_conditioned,3,,1.0,2.0,10.0,0.5,1.0,both_tolerable,True,0.6953125,1.1031404921008474,0.5623529411764706,0.30745744599648883,0.5623529411764706,0.2548954951799818,21786,6689,21786,15097,0.1852578647206721,0.46900104249708713,0.9032740319928241,0.7021022675112457,0.3496279950004464,1.482926407999912,2.052462517999629,6689.0,508551.0,500000.0,0.16,8.0,False,False,True,0,0,0,0.03191570192575455,10453.0,7863.0,0.7522242418444466,
optimization,fc_candidate024_only__conditioned_p10_f075,train,13,fc_candidate024_only,current,fuzzy_connectedness,conditioned_p10_f075,vesselness_conditioned,3,,1.0,2.0,10.0,0.75,1.0,both_tolerable,True,0.6953125,1.1031404921008474,0.5619884022300535,0.30745744599648883,0.5619884022300535,0.2545309562335647,21017,6689,21017,14328,0.1852578647206721,0.4620715030355062,0.9032740319928241,0.7170385878098682,0.3496279950004464,1.482926407999912,2.112471595999523,6689.0,508551.0,500000.0,0.16,8.0,False,False,True,0,0,0,0.04787355288863182,10453.0,7094.0,0.678656844924902,
optimization,fc_candidate024_only__current_c3_d2,train,13,fc_candidate024_only,current,fuzzy_connectedness,current_c3_d2,standard,3,2.0,,,,,,both_tolerable,True,0.6953125,1.1031404921008474,0.5586945078083875,0.30745744599648883,0.5586945078083875,0.25123706181189864,24376,6689,24376,17687,0.1852578647206721,0.4881339302140185,0.9032740319928241,0.6531014112241549,0.3496279950004464,1.482926407999912,1.6186312589998124,6689.0,508551.0,500000.0,0.16,8.0,False,False,True,0,0,0,,,,,
optimization,fc_current__conditioned_p10_f025,train,13,fc_current,current,fuzzy_connectedness,conditioned_p10_f025,vesselness_conditioned,3,,1.0,2.0,10.0,0.25,1.0,both_tolerable,True,0.6953125,1.1031404921008474,0.5621725494461667,0.30745744599648883,0.5621725494461667,0.25471510344967785,22547,6689,22547,15858,0.1852578647206721,0.47540933341509783,0.9032740319928241,0.6876746352064577,0.3496279950004464,1.51062476900006,2.107597414000338,6689.0,604179.0,500000.0,0.16,8.0,False,False,True,0,0,0,0.015957850962877274,10453.0,8624.0,0.8250263082368698,
optimization,fc_current__conditioned_p10_f050,train,13,fc_current,current,fuzzy_connectedness,conditioned_p10_f050,vesselness_conditioned,3,,1.0,2.0,10.0,0.5,1.0,both_tolerable,True,0.6953125,1.1031404921008474,0.5623529411764706,0.30745744599648883,0.5623529411764706,0.2548954951799818,21786,6689,21786,15097,0.1852578647206721,0.46900104249708713,0.9032740319928241,0.7021022675112457,0.3496279950004464,1.51062476900006,2.054428858999927,6689.0,604179.0,500000.0,0.16,8.0,False,False,True,0,0,0,0.03191570192575455,10453.0,7863.0,0.7522242418444466,
optimization,fc_current__conditioned_p10_f075,train,13,fc_current,current,fuzzy_connectedness,conditioned_p10_f075,vesselness_conditioned,3,,1.0,2.0,10.0,0.75,1.0,both_tolerable,True,0.6953125,1.1031404921008474,0.5619884022300535,0.30745744599648883,0.5619884022300535,0.2545309562335647,21017,6689,21017,14328,0.1852578647206721,0.4620715030355062,0.9032740319928241,0.7170385878098682,0.3496279950004464,1.51062476900006,2.0861418790000243,6689.0,604179.0,500000.0,0.16,8.0,False,False,True,0,0,0,0.04787355288863182,10453.0,7094.0,0.678656844924902,
optimization,fc_current__current_c3_d2,train,13,fc_current,current,fuzzy_connectedness,current_c3_d2,standard,3,2.0,,,,,,both_tolerable,True,0.6953125,1.1031404921008474,0.5586945078083875,0.30745744599648883,0.5586945078083875,0.25123706181189864,24376,6689,24376,17687,0.1852578647206721,0.4881339302140185,0.9032740319928241,0.6531014112241549,0.3496279950004464,1.51062476900006,1.607964768999409,6689.0,604179.0,500000.0,0.16,8.0,False,False,True,0,0,0,,,,,
optimization,fc_floor020__conditioned_p10_f025,train,13,fc_floor020,current,fuzzy_connectedness,conditioned_p10_f025,vesselness_conditioned,3,,1.0,2.0,10.0,0.25,1.0,both_tolerable,True,0.6953125,1.1031404921008474,0.5623507273648404,0.30884184308841844,0.5623507273648404,0.25350888427642193,22654,6733,22654,15921,0.1863003618078126,0.47648249218127187,0.902420911926333,0.685971572349254,0.3496279950004464,1.5097848260002138,2.0625723640005162,6733.0,567249.0,500000.0,0.16,8.0,False,False,True,0,0,0,0.015709618106484413,10489.0,8653.0,0.8249594813614263,
optimization,fc_floor020__conditioned_p10_f050,train,13,fc_floor020,current,fuzzy_connectedness,conditioned_p10_f050,vesselness_conditioned,3,,1.0,2.0,10.0,0.5,1.0,both_tolerable,True,0.6953125,1.1031404921008474,0.5624208613950415,0.30884184308841844,0.5624208613950415,0.2535790183066231,21879,6733,21879,15146,0.1863003618078126,0.4698595695100264,0.902420911926333,0.7003976415741122,0.3496279950004464,1.5097848260002138,2.0567906539999967,6733.0,567249.0,500000.0,0.16,8.0,False,False,True,0,0,0,0.031419236212968826,10489.0,7878.0,0.7510725521975403,
optimization,fc_floor020__conditioned_p10_f075,train,13,fc_floor020,current,fuzzy_connectedness,conditioned_p10_f075,vesselness_conditioned,3,,1.0,2.0,10.0,0.75,1.0,both_tolerable,True,0.6953125,1.1031404921008474,0.5619588492691556,0.30884184308841844,0.5619588492691556,0.2531170061807372,21091,6733,21091,14358,0.1863003618078126,0.4626847366161771,0.902420911926333,0.7154710540040776,0.3496279950004464,1.5097848260002138,2.0937213449997216,6733.0,567249.0,500000.0,0.16,8.0,False,False,True,0,0,0,0.04712885431945324,10489.0,7090.0,0.6759462293831633,
optimization,fc_floor020__current_c3_d2,train,13,fc_floor020,current,fuzzy_connectedness,current_c3_d2,standard,3,2.0,,,,,,both_tolerable,True,0.6953125,1.1031404921008474,0.5587699635752311,0.30884184308841844,0.5587699635752311,0.24992812048681268,24490,6733,24490,17757,0.1863003618078126,0.489176427301159,0.902420911926333,0.6514495712535728,0.3496279950004464,1.5097848260002138,1.620143559999633,6733.0,567249.0,500000.0,0.16,8.0,False,False,True,0,0,0,,,,,
optimization,fc_floor020_recovery__conditioned_p10_f025,train,13,fc_floor020_recovery,current,fuzzy_connectedness,conditioned_p10_f025,vesselness_conditioned,3,,1.0,2.0,10.0,0.25,1.0,both_tolerable,True,0.6953125,1.1031404921008474,0.5623507273648404,0.30884184308841844,0.5623507273648404,0.25350888427642193,22654,6733,22654,15921,0.1863003618078126,0.47648249218127187,0.902420911926333,0.685971572349254,0.3496279950004464,1.580020730999422,2.007690942999943,,,,,,,False,False,0,0,0,0.015709618106484413,10489.0,8653.0,0.8249594813614263,
optimization,fc_floor020_recovery__conditioned_p10_f050,train,13,fc_floor020_recovery,current,fuzzy_connectedness,conditioned_p10_f050,vesselness_conditioned,3,,1.0,2.0,10.0,0.5,1.0,both_tolerable,True,0.6953125,1.1031404921008474,0.5624208613950415,0.30884184308841844,0.5624208613950415,0.2535790183066231,21879,6733,21879,15146,0.1863003618078126,0.4698595695100264,0.902420911926333,0.7003976415741122,0.3496279950004464,1.580020730999422,2.0199802300003284,,,,,,,False,False,0,0,0,0.031419236212968826,10489.0,7878.0,0.7510725521975403,
optimization,fc_floor020_recovery__conditioned_p10_f075,train,13,fc_floor020_recovery,current,fuzzy_connectedness,conditioned_p10_f075,vesselness_conditioned,3,,1.0,2.0,10.0,0.75,1.0,both_tolerable,True,0.6953125,1.1031404921008474,0.5619588492691556,0.30884184308841844,0.5619588492691556,0.2531170061807372,21091,6733,21091,14358,0.1863003618078126,0.4626847366161771,0.902420911926333,0.7154710540040776,0.3496279950004464,1.580020730999422,2.011379128999579,,,,,,,False,False,0,0,0,0.04712885431945324,10489.0,7090.0,0.6759462293831633,
optimization,fc_floor020_recovery__current_c3_d2,train,13,fc_floor020_recovery,current,fuzzy_connectedness,current_c3_d2,standard,3,2.0,,,,,,both_tolerable,True,0.6953125,1.1031404921008474,0.5587699635752311,0.30884184308841844,0.5587699635752311,0.24992812048681268,24490,6733,24490,17757,0.1863003618078126,0.489176427301159,0.902420911926333,0.6514495712535728,0.3496279950004464,1.580020730999422,1.5935416610000175,,,,,,,False,False,0,0,0,,,,,
optimization,fc_floor024__conditioned_p10_f025,train,13,fc_floor024,current,fuzzy_connectedness,conditioned_p10_f025,vesselness_conditioned,3,,1.0,2.0,10.0,0.25,1.0,both_tolerable,True,0.6953125,1.1031404921008474,0.5599266754129001,0.31103000811030007,0.5599266754129001,0.24889666730260002,23029,6842,23029,16187,0.18814006254982524,0.4776476359845465,0.8968137971353406,0.6764514308046377,0.3496279950004464,1.5938705700000355,2.123843950000264,6842.0,508551.0,500000.0,0.16,8.0,False,False,True,0,0,0,0.015253874473273754,10639.0,8774.0,0.8247015696964001,
optimization,fc_floor024__conditioned_p10_f050,train,13,fc_floor024,current,fuzzy_connectedness,conditioned_p10_f050,vesselness_conditioned,3,,1.0,2.0,10.0,0.5,1.0,both_tolerable,True,0.6953125,1.1031404921008474,0.5600291757840992,0.31103000811030007,0.5600291757840992,0.2489991676737991,22226,6842,22226,15384,0.18814006254982524,0.47084074323909975,0.8968137971353406,0.6909025465670836,0.3496279950004464,1.5938705700000355,2.110262622999471,6842.0,508551.0,500000.0,0.16,8.0,False,False,True,0,0,0,0.030507748946547508,10639.0,7971.0,0.7492245511796222,
optimization,fc_floor024__conditioned_p10_f075,train,13,fc_floor024,current,fuzzy_connectedness,conditioned_p10_f075,vesselness_conditioned,3,,1.0,2.0,10.0,0.75,1.0,both_tolerable,True,0.6953125,1.1031404921008474,0.5597068783656248,0.31103000811030007,0.5597068783656248,0.24867687025532476,21425,6842,21425,14583,0.18814006254982524,0.46369657202428405,0.8968137971353406,0.70585764294049,0.3496279950004464,1.5938705700000355,2.1248133420003796,6842.0,508551.0,500000.0,0.16,8.0,False,False,True,0,0,0,0.04576162341982126,10639.0,7170.0,0.6739355202556632,
optimization,fc_floor024__current_c3_d2,train,13,fc_floor024,current,fuzzy_connectedness,current_c3_d2,standard,3,2.0,,,,,,both_tolerable,True,0.6953125,1.1031404921008474,0.5561313208597065,0.31103000811030007,0.5561313208597065,0.24510131274940644,24894,6842,24894,18052,0.18814006254982524,0.4903109094254001,0.8968137971353406,0.6423636217562465,0.3496279950004464,1.5938705700000355,1.686845419999372,6842.0,508551.0,500000.0,0.16,8.0,False,False,True,0,0,0,,,,,
optimization,rg_gamma55_current__conditioned_p10_f025,train,13,rg_gamma55_current,current,region_growing,conditioned_p10_f025,vesselness_conditioned,3,,1.0,2.0,10.0,0.25,1.0,both_tolerable,True,0.6953125,1.1031404921008474,0.5739581083999137,0.27798768179700845,0.5739581083999137,0.29597042660290523,22958,6028,22958,16930,0.16468387808916415,0.4889924572269577,0.8910086264100863,0.6946598135726109,0.3496279950004464,0.055527675000121235,2.0242829549997623,,,,,,,False,False,0,0,0,0.024319015443325043,11109.0,9449.0,0.8505716086056351,
optimization,rg_gamma55_current__conditioned_p10_f050,train,13,rg_gamma55_current,current,region_growing,conditioned_p10_f050,vesselness_conditioned,3,,1.0,2.0,10.0,0.5,1.0,both_tolerable,True,0.6953125,1.1031404921008474,0.5732335220010955,0.27798768179700845,0.5732335220010955,0.295245840204087,22156,6028,22156,16128,0.16468387808916415,0.4813270374685718,0.8910086264100863,0.7085213937533851,0.3496279950004464,0.055527675000121235,2.0367147350007144,,,,,,,False,False,0,0,0,0.048638030886650085,11109.0,8647.0,0.778377891799442,
optimization,rg_gamma55_current__conditioned_p10_f075,train,13,rg_gamma55_current,current,region_growing,conditioned_p10_f075,vesselness_conditioned,3,,1.0,2.0,10.0,0.75,1.0,both_tolerable,True,0.6953125,1.1031404921008474,0.5701851851851852,0.27798768179700845,0.5701851851851852,0.2921975033881768,21386,6028,21386,15358,0.16468387808916415,0.472036548721408,0.8910086264100863,0.7198634620779949,0.3496279950004464,0.055527675000121235,2.0418574390005233,,,,,,,False,False,0,0,0,0.07295704632997513,11109.0,7877.0,0.7090647222972365,
optimization,rg_gamma55_current__current_c3_d2,train,13,rg_gamma55_current,current,region_growing,current_c3_d2,standard,3,2.0,,,,,,both_tolerable,True,0.6953125,1.1031404921008474,0.5717081353089181,0.27798768179700845,0.5717081353089181,0.2937204535119096,24618,6028,24618,18590,0.16468387808916415,0.5016250689887778,0.8910086264100863,0.664554391095946,0.3496279950004464,0.055527675000121235,1.604034290000527,,,,,,,False,False,0,0,0,,,,,
optimization,rg_gamma65_current__conditioned_p10_f025,train,13,rg_gamma65_current,gamma65,region_growing,conditioned_p10_f025,vesselness_conditioned,3,,1.0,2.0,10.0,0.25,1.0,both_tolerable,True,0.6953125,1.1031404921008474,0.5614998579679955,0.2515204400021154,0.5614998579679955,0.30997941796588013,20191,5204,20191,14987,0.14582694548353467,0.454559391672288,0.9139123750960799,0.7342380268436433,0.35164282100049604,0.048627561000103015,2.0239527539997653,,,,,,,False,False,0,0,0,0.023979967460036278,9819.0,8401.0,0.855586108565027,
optimization,rg_gamma65_current__conditioned_p10_f050,train,13,rg_gamma65_current,gamma65,region_growing,conditioned_p10_f050,vesselness_conditioned,3,,1.0,2.0,10.0,0.5,1.0,both_tolerable,True,0.6953125,1.1031404921008474,0.558148460888923,0.2515204400021154,0.558148460888923,0.30662802088680763,19494,5204,19494,14290,0.14582694548353467,0.44588213650579506,0.9139123750960799,0.7459731199343388,0.35164282100049604,0.048627561000103015,2.00285136399998,,,,,,,False,False,0,0,0,0.047959934920072556,9819.0,7704.0,0.7846012832263978,
optimization,rg_gamma65_current__conditioned_p10_f075,train,13,rg_gamma65_current,gamma65,region_growing,conditioned_p10_f075,vesselness_conditioned,3,,1.0,2.0,10.0,0.75,1.0,both_tolerable,True,0.6953125,1.1031404921008474,0.5544127082887752,0.2515204400021154,0.5544127082887752,0.3028922682866598,18817,5204,18817,13613,0.14582694548353467,0.43714355798123505,0.9139123750960799,0.7576659403730669,0.35164282100049604,0.048627561000103015,2.0125458190004792,,,,,,,False,False,0,0,0,0.07193990238010883,9819.0,7027.0,0.7156533251858641,
optimization,rg_gamma65_current__current_c3_d2,train,13,rg_gamma65_current,gamma65,region_growing,current_c3_d2,standard,3,2.0,,,,,,both_tolerable,True,0.6953125,1.1031404921008474,0.5605739261936816,0.2515204400021154,0.5605739261936816,0.30905348619156625,21609,5204,21609,16405,0.14582694548353467,0.46599619795179986,0.9139123750960799,0.703318061918645,0.35164282100049604,0.048627561000103015,1.5849905619998026,,,,,,,False,False,0,0,0,,,,,
optimization,rg_gamma65_divisor6__conditioned_p10_f025,train,13,rg_gamma65_divisor6,gamma65,region_growing,conditioned_p10_f025,vesselness_conditioned,3,,1.0,2.0,10.0,0.25,1.0,both_tolerable,True,0.6953125,1.1031404921008474,0.5615437054991668,0.25161290322580643,0.5615437054991668,0.30993080227336034,20194,5206,20194,14988,0.14588826884160178,0.45462071503035506,0.9139454475605071,0.734227988511439,0.35164282100049604,0.04849958099930518,2.094683174000238,,,,,,,False,False,0,0,0,0.023981155827641487,9820.0,8400.0,0.8553971486761711,
optimization,rg_gamma65_divisor6__conditioned_p10_f050,train,13,rg_gamma65_divisor6,gamma65,region_growing,conditioned_p10_f050,vesselness_conditioned,3,,1.0,2.0,10.0,0.5,1.0,both_tolerable,True,0.6953125,1.1031404921008474,0.5581930878317438,0.25161290322580643,0.5581930878317438,0.3065801846059374,19497,5206,19497,14291,0.14588826884160178,0.44594345986386213,0.9139454475605071,0.7459609170641637,0.35164282100049604,0.04849958099930518,2.046824810000544,,,,,,,False,False,0,0,0,0.047962311655282974,9820.0,7703.0,0.7844195519348269,
optimization,rg_gamma65_divisor6__conditioned_p10_f075,train,13,rg_gamma65_divisor6,gamma65,region_growing,conditioned_p10_f075,vesselness_conditioned,3,,1.0,2.0,10.0,0.75,1.0,both_tolerable,True,0.6953125,1.1031404921008474,0.5544300351914141,0.25161290322580643,0.5544300351914141,0.30281713196560767,18819,5206,18819,13613,0.14588826884160178,0.4371742196602686,0.9139454475605071,0.7576385567777246,0.35164282100049604,0.04849958099930518,2.0235391579999487,,,,,,,False,False,0,0,0,0.07194346748292446,9820.0,7025.0,0.7153767820773931,
optimization,rg_gamma65_divisor6__current_c3_d2,train,13,rg_gamma65_divisor6,gamma65,region_growing,current_c3_d2,standard,3,2.0,,,,,,both_tolerable,True,0.6953125,1.1031404921008474,0.5605960020653536,0.25161290322580643,0.5605960020653536,0.3089830988395472,21614,5206,21614,16408,0.14588826884160178,0.46605752130986694,0.9139454475605071,0.7032478948829463,0.35164282100049604,0.04849958099930518,1.5950491310004509,,,,,,,False,False,0,0,0,,,,,
optimization,rg_gamma65_divisor8__conditioned_p10_f025,train,13,rg_gamma65_divisor8,gamma65,region_growing,conditioned_p10_f025,vesselness_conditioned,3,,1.0,2.0,10.0,0.25,1.0,both_tolerable,True,0.6953125,1.1031404921008474,0.5613835691689871,0.2510579771476936,0.5613835691689871,0.3103255920212935,20177,5194,20177,14983,0.14552032869319925,0.45434475991905315,0.9137466307277629,0.7344005550874758,0.35164282100049604,0.05145019200062961,2.040672271999938,,,,,,,False,False,0,0,0,0.023990562185645103,9816.0,8402.0,0.8559494702526488,
optimization,rg_gamma65_divisor8__conditioned_p10_f050,train,13,rg_gamma65_divisor8,gamma65,region_growing,conditioned_p10_f050,vesselness_conditioned,3,,1.0,2.0,10.0,0.5,1.0,both_tolerable,True,0.6953125,1.1031404921008474,0.5581127512140814,0.2510579771476936,0.5581127512140814,0.3070547740663878,19483,5194,19483,14289,0.14552032869319925,0.4457594897896609,0.9137466307277629,0.7461889852692091,0.35164282100049604,0.05145019200062961,2.019947890000367,,,,,,,False,False,0,0,0,0.04798112437129021,9816.0,7708.0,0.7852485737571312,
optimization,rg_gamma65_divisor8__conditioned_p10_f075,train,13,rg_gamma65_divisor8,gamma65,region_growing,conditioned_p10_f075,vesselness_conditioned,3,,1.0,2.0,10.0,0.75,1.0,both_tolerable,True,0.6953125,1.1031404921008474,0.5543930613356151,0.2510579771476936,0.5543930613356151,0.30333508418792143,18808,5194,18808,13614,0.14552032869319925,0.43705157294413444,0.9137466307277629,0.7578689919183327,0.35164282100049604,0.05145019200062961,2.067927113999758,,,,,,,False,False,0,0,0,0.07197168655693531,9816.0,7033.0,0.716483292583537,
optimization,rg_gamma65_divisor8__current_c3_d2,train,13,rg_gamma65_divisor8,gamma65,region_growing,current_c3_d2,standard,3,2.0,,,,,,both_tolerable,True,0.6953125,1.1031404921008474,0.5605017987270547,0.2510579771476936,0.5605017987270547,0.3094438215793611,21591,5194,21591,16397,0.14552032869319925,0.46578156619856503,0.9137466307277629,0.7035801954518086,0.35164282100049604,0.05145019200062961,1.5997574550001445,,,,,,,False,False,0,0,0,,,,,
optimization,rg_gamma65_floor065__conditioned_p10_f025,train,13,rg_gamma65_floor065,gamma65,region_growing,conditioned_p10_f025,vesselness_conditioned,3,,1.0,2.0,10.0,0.25,1.0,both_tolerable,True,0.6953125,1.1031404921008474,0.5762489762489762,0.2729826751990011,0.5762489762489762,0.3032663010499751,22331,5828,22331,16503,0.16088182988900473,0.4854050407800331,0.900308853809197,0.7089248130401684,0.35164282100049604,0.053119655000045896,2.1145580079992214,,,,,,,False,False,0,0,0,0.020160604268312454,10842.0,9207.0,0.8491975650249032,
optimization,rg_gamma65_floor065__conditioned_p10_f050,train,13,rg_gamma65_floor065,gamma65,region_growing,conditioned_p10_f050,vesselness_conditioned,3,,1.0,2.0,10.0,0.5,1.0,both_tolerable,True,0.6953125,1.1031404921008474,0.5747826568470015,0.2729826751990011,0.5747826568470015,0.30179998164800037,21563,5828,21563,15735,0.16088182988900473,0.47740234255227815,0.900308853809197,0.7220702128646292,0.35164282100049604,0.053119655000045896,2.0467398249993494,,,,,,,False,False,0,0,0,0.04032120853662491,10842.0,8439.0,0.7783619258439403,
optimization,rg_gamma65_floor065__conditioned_p10_f075,train,13,rg_gamma65_floor065,gamma65,region_growing,conditioned_p10_f075,vesselness_conditioned,3,,1.0,2.0,10.0,0.75,1.0,both_tolerable,True,0.6953125,1.1031404921008474,0.571080681115711,0.2729826751990011,0.571080681115711,0.2980980059167099,20769,5828,20769,14941,0.16088182988900473,0.46737597350830934,0.900308853809197,0.733930377004189,0.35164282100049604,0.053119655000045896,2.0226194099996064,,,,,,,False,False,0,0,0,0.06048181280493736,10842.0,7645.0,0.7051282051282052,
optimization,rg_gamma65_floor065__current_c3_d2,train,13,rg_gamma65_floor065,gamma65,region_growing,current_c3_d2,standard,3,2.0,,,,,,both_tolerable,True,0.6953125,1.1031404921008474,0.5744079179922233,0.2729826751990011,0.5744079179922233,0.30142524279322225,23966,5828,23966,18138,0.16088182988900473,0.498252284295088,0.900308853809197,0.6780438955186514,0.35164282100049604,0.053119655000045896,1.610860163000325,,,,,,,False,False,0,0,0,,,,,
optimization,rg_gamma65_floor090__conditioned_p10_f025,train,13,rg_gamma65_floor090,gamma65,region_growing,conditioned_p10_f025,vesselness_conditioned,3,,1.0,2.0,10.0,0.25,1.0,both_tolerable,True,0.6953125,1.1031404921008474,0.5467211991937535,0.2340180508315702,0.5467211991937535,0.31270314836218327,18487,4725,18487,13762,0.1339608756975532,0.42831299441957443,0.9246560846560846,0.7556120517120138,0.35164282100049604,0.045502332000069146,2.0359191179995832,,,,,,,False,False,0,0,0,0.02807736024260521,9068.0,7780.0,0.8579620644022938,
optimization,rg_gamma65_floor090__conditioned_p10_f050,train,13,rg_gamma65_floor090,gamma65,region_growing,conditioned_p10_f050,vesselness_conditioned,3,,1.0,2.0,10.0,0.5,1.0,both_tolerable,True,0.6953125,1.1031404921008474,0.5426132424884629,0.2340180508315702,0.5426132424884629,0.30859519165689264,17875,4725,17875,13150,0.1339608756975532,0.42000367940148403,0.9246560846560846,0.7663216783216783,0.35164282100049604,0.045502332000069146,2.015081595999618,,,,,,,False,False,0,0,0,0.05615472048521042,9068.0,7168.0,0.7904719894133215,
optimization,rg_gamma65_floor090__conditioned_p10_f075,train,13,rg_gamma65_floor090,gamma65,region_growing,conditioned_p10_f075,vesselness_conditioned,3,,1.0,2.0,10.0,0.75,1.0,both_tolerable,True,0.6953125,1.1031404921008474,0.5384105827328021,0.2340180508315702,0.5384105827328021,0.30439253190123183,17203,4725,17203,12478,0.1339608756975532,0.41120377751885695,0.9246560846560846,0.7795733302330988,0.35164282100049604,0.045502332000069146,2.0165793340001983,,,,,,,False,False,0,0,0,0.08423208072781563,9068.0,6496.0,0.7163652404058227,
optimization,rg_gamma65_floor090__current_c3_d2,train,13,rg_gamma65_floor090,gamma65,region_growing,current_c3_d2,standard,3,2.0,,,,,,both_tolerable,True,0.6953125,1.1031404921008474,0.5466414705377083,0.2340180508315702,0.5466414705377083,0.31262341970613805,19775,4725,19775,15050,0.1339608756975532,0.43904458208131475,0.9246560846560846,0.7240960809102402,0.35164282100049604,0.045502332000069146,1.5933272020001823,,,,,,,False,False,0,0,0,,,,,
optimization,rg_gamma65_recovery__conditioned_p10_f025,train,13,rg_gamma65_recovery,gamma65,region_growing,conditioned_p10_f025,vesselness_conditioned,3,,1.0,2.0,10.0,0.25,1.0,both_tolerable,True,0.6953125,1.1031404921008474,0.5614998579679955,0.2515204400021154,0.5614998579679955,0.30997941796588013,20191,5204,20191,14987,0.14582694548353467,0.454559391672288,0.9139123750960799,0.7342380268436433,0.35164282100049604,0.07115870999950857,2.034059354999954,,,,,,,False,False,0,0,0,0.023979967460036278,9819.0,8401.0,0.855586108565027,
optimization,rg_gamma65_recovery__conditioned_p10_f050,train,13,rg_gamma65_recovery,gamma65,region_growing,conditioned_p10_f050,vesselness_conditioned,3,,1.0,2.0,10.0,0.5,1.0,both_tolerable,True,0.6953125,1.1031404921008474,0.558148460888923,0.2515204400021154,0.558148460888923,0.30662802088680763,19494,5204,19494,14290,0.14582694548353467,0.44588213650579506,0.9139123750960799,0.7459731199343388,0.35164282100049604,0.07115870999950857,2.0473374350003724,,,,,,,False,False,0,0,0,0.047959934920072556,9819.0,7704.0,0.7846012832263978,
optimization,rg_gamma65_recovery__conditioned_p10_f075,train,13,rg_gamma65_recovery,gamma65,region_growing,conditioned_p10_f075,vesselness_conditioned,3,,1.0,2.0,10.0,0.75,1.0,both_tolerable,True,0.6953125,1.1031404921008474,0.5544127082887752,0.2515204400021154,0.5544127082887752,0.3028922682866598,18817,5204,18817,13613,0.14582694548353467,0.43714355798123505,0.9139123750960799,0.7576659403730669,0.35164282100049604,0.07115870999950857,2.0065132800000356,,,,,,,False,False,0,0,0,0.07193990238010883,9819.0,7027.0,0.7156533251858641,
optimization,rg_gamma65_recovery__current_c3_d2,train,13,rg_gamma65_recovery,gamma65,region_growing,current_c3_d2,standard,3,2.0,,,,,,both_tolerable,True,0.6953125,1.1031404921008474,0.5605739261936816,0.2515204400021154,0.5605739261936816,0.30905348619156625,21609,5204,21609,16405,0.14582694548353467,0.46599619795179986,0.9139123750960799,0.703318061918645,0.35164282100049604,0.07115870999950857,1.6128390929998204,,,,,,,False,False,0,0,0,,,,,
optimization,rg_gamma65_relax090__conditioned_p10_f025,train,13,rg_gamma65_relax090,gamma65,region_growing,conditioned_p10_f025,vesselness_conditioned,3,,1.0,2.0,10.0,0.25,1.0,both_tolerable,True,0.6953125,1.1031404921008474,0.5626765071355951,0.25602234990248274,0.5626765071355951,0.3066541572331124,20500,5328,20500,15172,0.1489237750659226,0.45817746979824614,0.9115990990990991,0.7289268292682927,0.35164282100049604,0.050032445000397274,2.025278522000008,,,,,,,False,False,0,0,0,0.02286653034389019,9945.0,8485.0,0.853192559074912,
optimization,rg_gamma65_relax090__conditioned_p10_f050,train,13,rg_gamma65_relax090,gamma65,region_growing,conditioned_p10_f050,vesselness_conditioned,3,,1.0,2.0,10.0,0.5,1.0,both_tolerable,True,0.6953125,1.1031404921008474,0.5600732670622579,0.25602234990248274,0.5600732670622579,0.30405091715977517,19797,5328,19797,14469,0.1489237750659226,0.4500214631753235,0.9115990990990991,0.741374955801384,0.35164282100049604,0.050032445000397274,2.018632696000168,,,,,,,False,False,0,0,0,0.04573306068778038,9945.0,7782.0,0.7825037707390649,
optimization,rg_gamma65_relax090__conditioned_p10_f075,train,13,rg_gamma65_relax090,gamma65,region_growing,conditioned_p10_f075,vesselness_conditioned,3,,1.0,2.0,10.0,0.75,1.0,both_tolerable,True,0.6953125,1.1031404921008474,0.5558263695450325,0.25602234990248274,0.5558263695450325,0.29980401964254977,19082,5328,19082,13754,0.1489237750659226,0.4405163426749249,0.9115990990990991,0.7529085001572162,0.35164282100049604,0.050032445000397274,1.998893253999995,,,,,,,False,False,0,0,0,0.06859959103167057,9945.0,7067.0,0.7106083459024636,
optimization,rg_gamma65_relax090__current_c3_d2,train,13,rg_gamma65_relax090,gamma65,region_growing,current_c3_d2,standard,3,2.0,,,,,,both_tolerable,True,0.6953125,1.1031404921008474,0.5619159306629531,0.25602234990248274,0.5619159306629531,0.30589358076047035,21960,5328,21960,16632,0.1489237750659226,0.47013552462132824,0.9115990990990991,0.698224043715847,0.35164282100049604,0.050032445000397274,1.6146587350003756,,,,,,,False,False,0,0,0,,,,,
optimization,rg_gamma65_window3__conditioned_p10_f025,train,13,rg_gamma65_window3,gamma65,region_growing,conditioned_p10_f025,vesselness_conditioned,3,,1.0,2.0,10.0,0.25,1.0,both_tolerable,True,0.6953125,1.1031404921008474,0.4951129015159546,0.19460379326434826,0.4951129015159546,0.30050910825160637,14551,3819,14551,10732,0.10869565217391304,0.3580057643956583,0.928253469494632,0.8024190777266167,0.35164282100049604,0.05675809100011975,2.062257812000098,,,,,,,False,False,0,0,0,0.02527618408203125,6986.0,5995.0,0.8581448611508732,
optimization,rg_gamma65_window3__conditioned_p10_f050,train,13,rg_gamma65_window3,gamma65,region_growing,conditioned_p10_f050,vesselness_conditioned,3,,1.0,2.0,10.0,0.5,1.0,both_tolerable,True,0.6953125,1.1031404921008474,0.4905991315693782,0.19460379326434826,0.4905991315693782,0.2959953383050299,14137,3819,14137,10318,0.10869565217391304,0.3516281351566812,0.928253469494632,0.8112046403055811,0.35164282100049604,0.05675809100011975,1.995457867999903,,,,,,,False,False,0,0,0,0.0505523681640625,6986.0,5581.0,0.7988834812482107,
optimization,rg_gamma65_window3__conditioned_p10_f075,train,13,rg_gamma65_window3,gamma65,region_growing,conditioned_p10_f075,vesselness_conditioned,3,,1.0,2.0,10.0,0.75,1.0,both_tolerable,True,0.6953125,1.1031404921008474,0.4854687567474198,0.19460379326434826,0.4854687567474198,0.29086496348307156,13700,3819,13700,9881,0.10869565217391304,0.34469859569510025,0.928253469494632,0.8205839416058394,0.35164282100049604,0.05675809100011975,2.0353759419995185,,,,,,,False,False,0,0,0,0.07582855224609375,6986.0,5144.0,0.736329802462067,
optimization,rg_gamma65_window3__current_c3_d2,train,13,rg_gamma65_window3,gamma65,region_growing,current_c3_d2,standard,3,2.0,,,,,,both_tolerable,True,0.6953125,1.1031404921008474,0.49767422543400613,0.19460379326434826,0.49767422543400613,0.3030704321696579,15542,3819,15542,11723,0.10869565217391304,0.36741889985895626,0.928253469494632,0.7710075923304593,0.35164282100049604,0.05675809100011975,1.5868167240005278,,,,,,,False,False,0,0,0,,,,,
optimization,fc_affinity_floor024_only__conditioned_p10_f025,train,28,fc_affinity_floor024_only,current,fuzzy_connectedness,conditioned_p10_f025,vesselness_conditioned,3,,1.0,2.0,10.0,0.25,1.0,both_tolerable,True,0.671875,0.671875,0.6625590742458372,0.39135418372359587,0.6625590742458372,0.2712048905222413,21097,6350,21097,14747,0.24705395906553648,0.620260492040521,0.9409448818897638,0.7110489643077215,0.40904927700012195,1.4540172090000851,2.3153059559999747,6350.0,575158.0,500000.0,0.16,8.0,False,False,True,0,0,0,0.0164363831281662,9630.0,8229.0,0.8545171339563863,
optimization,fc_affinity_floor024_only__conditioned_p10_f050,train,28,fc_affinity_floor024_only,current,fuzzy_connectedness,conditioned_p10_f050,vesselness_conditioned,3,,1.0,2.0,10.0,0.5,1.0,both_tolerable,True,0.671875,0.671875,0.6651814847318797,0.39135418372359587,0.6651814847318797,0.2738273010082838,20254,6350,20254,13904,0.24705395906553648,0.6111225966508166,0.9409448818897638,0.7297323985385603,0.40904927700012195,1.4540172090000851,2.314292631999706,6350.0,575158.0,500000.0,0.16,8.0,False,False,True,0,0,0,0.0328727662563324,9630.0,7386.0,0.7669781931464175,
optimization,fc_affinity_floor024_only__conditioned_p10_f075,train,28,fc_affinity_floor024_only,current,fuzzy_connectedness,conditioned_p10_f075,vesselness_conditioned,3,,1.0,2.0,10.0,0.75,1.0,both_tolerable,True,0.671875,0.671875,0.6655827054755307,0.39135418372359587,0.6655827054755307,0.2742285217519348,19482,6350,19482,13132,0.24705395906553648,0.6008683068017366,0.9409448818897638,0.74591931013243,0.40904927700012195,1.4540172090000851,2.3424343299998327,6350.0,575158.0,500000.0,0.16,8.0,False,False,True,0,0,0,0.049309149384498596,9630.0,6614.0,0.6868120456905503,
optimization,fc_affinity_floor024_only__current_c3_d2,train,28,fc_affinity_floor024_only,current,fuzzy_connectedness,current_c3_d2,standard,3,2.0,,,,,,both_tolerable,True,0.671875,0.671875,0.6523573891994945,0.39135418372359587,0.6523573891994945,0.2610032054758986,22498,6350,22498,16148,0.24705395906553648,0.6296051271449246,0.9409448818897638,0.676815716952618,0.40904927700012195,1.4540172090000851,1.9108209299997725,6350.0,575158.0,500000.0,0.16,8.0,False,False,True,0,0,0,,,,,
optimization,fc_alpha017__conditioned_p10_f025,train,28,fc_alpha017,current,fuzzy_connectedness,conditioned_p10_f025,vesselness_conditioned,3,,1.0,2.0,10.0,0.25,1.0,both_tolerable,True,0.671875,0.671875,0.6665618825220047,0.3759074485364803,0.6665618825220047,0.2906544339855244,20351,5982,20351,14369,0.23444283646888567,0.6137275170560265,0.9478435305917753,0.7293499090953761,0.40904927700012195,1.4650865680000607,2.3305044690000614,5982.0,575158.0,500000.0,0.17,8.0,False,False,True,0,0,0,0.019188053905963898,9390.0,8054.0,0.8577209797657082,
optimization,fc_alpha017__conditioned_p10_f050,train,28,fc_alpha017,current,fuzzy_connectedness,conditioned_p10_f050,vesselness_conditioned,3,,1.0,2.0,10.0,0.5,1.0,both_tolerable,True,0.671875,0.671875,0.6671390368220155,0.3759074485364803,0.6671390368220155,0.2912315882855352,19566,5982,19566,13584,0.23444283646888567,0.6034318792640067,0.9478435305917753,0.7458857201267505,0.40904927700012195,1.4650865680000607,2.2980434520000017,5982.0,575158.0,500000.0,0.17,8.0,False,False,True,0,0,0,0.038376107811927795,9390.0,7269.0,0.7741214057507987,
optimization,fc_alpha017__conditioned_p10_f075,train,28,fc_alpha017,current,fuzzy_connectedness,conditioned_p10_f075,vesselness_conditioned,3,,1.0,2.0,10.0,0.75,1.0,both_tolerable,True,0.671875,0.671875,0.668217342761444,0.3759074485364803,0.668217342761444,0.2923098942249637,18807,5982,18807,12825,0.23444283646888567,0.5939218523878437,0.9478435305917753,0.7637581751475514,0.40904927700012195,1.4650865680000607,2.3134049919999597,5982.0,575158.0,500000.0,0.17,8.0,False,False,True,0,0,0,0.05756416171789169,9390.0,6510.0,0.6932907348242812,
optimization,fc_alpha017__current_c3_d2,train,28,fc_alpha017,current,fuzzy_connectedness,current_c3_d2,standard,3,2.0,,,,,,both_tolerable,True,0.671875,0.671875,0.6571328915242414,0.3759074485364803,0.6571328915242414,0.2812254429877611,21687,5982,21687,15705,0.23444283646888567,0.6231961959892496,0.9478435305917753,0.6949785585834832,0.40904927700012195,1.4650865680000607,1.8681909720003205,5982.0,575158.0,500000.0,0.17,8.0,False,False,True,0,0,0,,,,,
optimization,fc_candidate024_only__conditioned_p10_f025,train,28,fc_candidate024_only,current,fuzzy_connectedness,conditioned_p10_f025,vesselness_conditioned,3,,1.0,2.0,10.0,0.25,1.0,both_tolerable,True,0.671875,0.671875,0.664192537611947,0.38663861125723303,0.664192537611947,0.27755392635471393,20814,6231,20814,14583,0.24312590448625182,0.6179036592929502,0.9436687530091478,0.7179782838474104,0.40904927700012195,1.4250613799999883,2.313766886999929,6231.0,476315.0,476315.0,0.16,8.0,False,False,False,0,0,0,0.01738685928285122,9530.0,8138.0,0.8539349422875131,
optimization,fc_candidate024_only__conditioned_p10_f050,train,28,fc_candidate024_only,current,fuzzy_connectedness,conditioned_p10_f050,vesselness_conditioned,3,,1.0,2.0,10.0,0.5,1.0,both_tolerable,True,0.671875,0.671875,0.666425273829999,0.38663861125723303,0.666425273829999,0.279786662572766,20003,6231,20003,13772,0.24312590448625182,0.6088071118461856,0.9436687530091478,0.7360895865620157,0.40904927700012195,1.4250613799999883,2.2882250949996887,6231.0,476315.0,476315.0,0.16,8.0,False,False,False,0,0,0,0.03477371856570244,9530.0,7327.0,0.7688352570828961,
optimization,fc_candidate024_only__conditioned_p10_f075,train,28,fc_candidate024_only,current,fuzzy_connectedness,conditioned_p10_f075,vesselness_conditioned,3,,1.0,2.0,10.0,0.75,1.0,both_tolerable,True,0.671875,0.671875,0.6668355479814845,0.38663861125723303,0.6668355479814845,0.28019693672425144,19238,6231,19238,13007,0.24312590448625182,0.5986355178829853,0.9436687530091478,0.752573032539765,0.40904927700012195,1.4250613799999883,2.284795753999788,6231.0,476315.0,476315.0,0.16,8.0,False,False,False,0,0,0,0.05216057784855366,9530.0,6562.0,0.6885624344176285,
optimization,fc_candidate024_only__current_c3_d2,train,28,fc_candidate024_only,current,fuzzy_connectedness,current_c3_d2,standard,3,2.0,,,,,,both_tolerable,True,0.671875,0.671875,0.6542648358517816,0.38663861125723303,0.6542648358517816,0.2676262245945486,22206,6231,22206,15975,0.24312590448625182,0.6274963820549928,0.9436687530091478,0.6834188957939296,0.40904927700012195,1.4250613799999883,1.8148187930000859,6231.0,476315.0,476315.0,0.16,8.0,False,False,False,0,0,0,,,,,
optimization,fc_current__conditioned_p10_f025,train,28,fc_current,current,fuzzy_connectedness,conditioned_p10_f025,vesselness_conditioned,3,,1.0,2.0,10.0,0.25,1.0,both_tolerable,True,0.671875,0.671875,0.664192537611947,0.38663861125723303,0.664192537611947,0.27755392635471393,20814,6231,20814,14583,0.24312590448625182,0.6179036592929502,0.9436687530091478,0.7179782838474104,0.40904927700012195,1.459722187999887,2.3139563670001735,6231.0,575158.0,500000.0,0.16,8.0,False,False,True,0,0,0,0.01738685928285122,9530.0,8138.0,0.8539349422875131,
optimization,fc_current__conditioned_p10_f050,train,28,fc_current,current,fuzzy_connectedness,conditioned_p10_f050,vesselness_conditioned,3,,1.0,2.0,10.0,0.5,1.0,both_tolerable,True,0.671875,0.671875,0.666425273829999,0.38663861125723303,0.666425273829999,0.279786662572766,20003,6231,20003,13772,0.24312590448625182,0.6088071118461856,0.9436687530091478,0.7360895865620157,0.40904927700012195,1.459722187999887,2.3076411619999817,6231.0,575158.0,500000.0,0.16,8.0,False,False,True,0,0,0,0.03477371856570244,9530.0,7327.0,0.7688352570828961,
optimization,fc_current__conditioned_p10_f075,train,28,fc_current,current,fuzzy_connectedness,conditioned_p10_f075,vesselness_conditioned,3,,1.0,2.0,10.0,0.75,1.0,both_tolerable,True,0.671875,0.671875,0.6668355479814845,0.38663861125723303,0.6668355479814845,0.28019693672425144,19238,6231,19238,13007,0.24312590448625182,0.5986355178829853,0.9436687530091478,0.752573032539765,0.40904927700012195,1.459722187999887,2.317857415999697,6231.0,575158.0,500000.0,0.16,8.0,False,False,True,0,0,0,0.05216057784855366,9530.0,6562.0,0.6885624344176285,
optimization,fc_current__current_c3_d2,train,28,fc_current,current,fuzzy_connectedness,current_c3_d2,standard,3,2.0,,,,,,both_tolerable,True,0.671875,0.671875,0.6542648358517816,0.38663861125723303,0.6542648358517816,0.2676262245945486,22206,6231,22206,15975,0.24312590448625182,0.6274963820549928,0.9436687530091478,0.6834188957939296,0.40904927700012195,1.459722187999887,1.8256832309998572,6231.0,575158.0,500000.0,0.16,8.0,False,False,True,0,0,0,,,,,
optimization,fc_floor020__conditioned_p10_f025,train,28,fc_floor020,current,fuzzy_connectedness,conditioned_p10_f025,vesselness_conditioned,3,,1.0,2.0,10.0,0.25,1.0,both_tolerable,True,0.671875,0.671875,0.6638556623244047,0.38795481413371863,0.6638556623244047,0.2759008481906861,20876,6267,20876,14609,0.24424229894562746,0.6184411825511681,0.9425562470081379,0.7164686721594176,0.40904927700012195,1.4584884180003428,2.3559478689999196,6267.0,536976.0,500000.0,0.16,8.0,False,False,True,0,0,0,0.01713915728032589,9549.0,8151.0,0.8535972353125981,
optimization,fc_floor020__conditioned_p10_f050,train,28,fc_floor020,current,fuzzy_connectedness,conditioned_p10_f050,vesselness_conditioned,3,,1.0,2.0,10.0,0.5,1.0,both_tolerable,True,0.671875,0.671875,0.6661242937853107,0.38795481413371863,0.6661242937853107,0.27816947965159206,20065,6267,20065,13798,0.24424229894562746,0.6093859830473434,0.9425562470081379,0.7345128332918016,0.40904927700012195,1.4584884180003428,2.397142595999867,6267.0,536976.0,500000.0,0.16,8.0,False,False,True,0,0,0,0.03427831456065178,9549.0,7340.0,0.7686668761126819,
optimization,fc_floor020__conditioned_p10_f075,train,28,fc_floor020,current,fuzzy_connectedness,conditioned_p10_f075,vesselness_conditioned,3,,1.0,2.0,10.0,0.75,1.0,both_tolerable,True,0.671875,0.671875,0.6662373801255663,0.38795481413371863,0.6662373801255663,0.2782825659918477,19298,6267,19298,13031,0.24424229894562746,0.5989249534835642,0.9425562470081379,0.7505959166753031,0.40904927700012195,1.4584884180003428,2.3514358089996676,6267.0,536976.0,500000.0,0.16,8.0,False,False,True,0,0,0,0.05141747184097767,9549.0,6573.0,0.688344329249136,
optimization,fc_floor020__current_c3_d2,train,28,fc_floor020,current,fuzzy_connectedness,current_c3_d2,standard,3,2.0,,,,,,both_tolerable,True,0.671875,0.671875,0.6536946555027013,0.38795481413371863,0.6536946555027013,0.2657398413689827,22274,6267,22274,16007,0.24424229894562746,0.6278685135414513,0.9425562470081379,0.6817365538295771,0.40904927700012195,1.4584884180003428,1.8734239559998969,6267.0,536976.0,500000.0,0.16,8.0,False,False,True,0,0,0,,,,,
optimization,fc_floor020_recovery__conditioned_p10_f025,train,28,fc_floor020_recovery,current,fuzzy_connectedness,conditioned_p10_f025,vesselness_conditioned,3,,1.0,2.0,10.0,0.25,1.0,both_tolerable,True,0.671875,0.671875,0.6638556623244047,0.38795481413371863,0.6638556623244047,0.2759008481906861,20876,6267,20876,14609,0.24424229894562746,0.6184411825511681,0.9425562470081379,0.7164686721594176,0.40904927700012195,1.601513819000047,2.382527965999998,,,,,,,False,False,0,0,0,0.01713915728032589,9549.0,8151.0,0.8535972353125981,
optimization,fc_floor020_recovery__conditioned_p10_f050,train,28,fc_floor020_recovery,current,fuzzy_connectedness,conditioned_p10_f050,vesselness_conditioned,3,,1.0,2.0,10.0,0.5,1.0,both_tolerable,True,0.671875,0.671875,0.6661242937853107,0.38795481413371863,0.6661242937853107,0.27816947965159206,20065,6267,20065,13798,0.24424229894562746,0.6093859830473434,0.9425562470081379,0.7345128332918016,0.40904927700012195,1.601513819000047,2.352026082000066,,,,,,,False,False,0,0,0,0.03427831456065178,9549.0,7340.0,0.7686668761126819,
optimization,fc_floor020_recovery__conditioned_p10_f075,train,28,fc_floor020_recovery,current,fuzzy_connectedness,conditioned_p10_f075,vesselness_conditioned,3,,1.0,2.0,10.0,0.75,1.0,both_tolerable,True,0.671875,0.671875,0.6662373801255663,0.38795481413371863,0.6662373801255663,0.2782825659918477,19298,6267,19298,13031,0.24424229894562746,0.5989249534835642,0.9425562470081379,0.7505959166753031,0.40904927700012195,1.601513819000047,2.311698766000063,,,,,,,False,False,0,0,0,0.05141747184097767,9549.0,6573.0,0.688344329249136,
optimization,fc_floor020_recovery__current_c3_d2,train,28,fc_floor020_recovery,current,fuzzy_connectedness,current_c3_d2,standard,3,2.0,,,,,,both_tolerable,True,0.671875,0.671875,0.6536946555027013,0.38795481413371863,0.6536946555027013,0.2657398413689827,22274,6267,22274,16007,0.24424229894562746,0.6278685135414513,0.9425562470081379,0.6817365538295771,0.40904927700012195,1.601513819000047,1.8546042980001403,,,,,,,False,False,0,0,0,,,,,
optimization,fc_floor024__conditioned_p10_f025,train,28,fc_floor024,current,fuzzy_connectedness,conditioned_p10_f025,vesselness_conditioned,3,,1.0,2.0,10.0,0.25,1.0,both_tolerable,True,0.671875,0.671875,0.6625590742458372,0.39135418372359587,0.6625590742458372,0.2712048905222413,21097,6350,21097,14747,0.24705395906553648,0.620260492040521,0.9409448818897638,0.7110489643077215,0.40904927700012195,1.4816451850001613,2.3225672280000254,6350.0,476315.0,476315.0,0.16,8.0,False,False,False,0,0,0,0.0164363831281662,9630.0,8229.0,0.8545171339563863,
optimization,fc_floor024__conditioned_p10_f050,train,28,fc_floor024,current,fuzzy_connectedness,conditioned_p10_f050,vesselness_conditioned,3,,1.0,2.0,10.0,0.5,1.0,both_tolerable,True,0.671875,0.671875,0.6651814847318797,0.39135418372359587,0.6651814847318797,0.2738273010082838,20254,6350,20254,13904,0.24705395906553648,0.6111225966508166,0.9409448818897638,0.7297323985385603,0.40904927700012195,1.4816451850001613,2.3542743620000692,6350.0,476315.0,476315.0,0.16,8.0,False,False,False,0,0,0,0.0328727662563324,9630.0,7386.0,0.7669781931464175,
optimization,fc_floor024__conditioned_p10_f075,train,28,fc_floor024,current,fuzzy_connectedness,conditioned_p10_f075,vesselness_conditioned,3,,1.0,2.0,10.0,0.75,1.0,both_tolerable,True,0.671875,0.671875,0.6655827054755307,0.39135418372359587,0.6655827054755307,0.2742285217519348,19482,6350,19482,13132,0.24705395906553648,0.6008683068017366,0.9409448818897638,0.74591931013243,0.40904927700012195,1.4816451850001613,2.376219757999934,6350.0,476315.0,476315.0,0.16,8.0,False,False,False,0,0,0,0.049309149384498596,9630.0,6614.0,0.6868120456905503,
optimization,fc_floor024__current_c3_d2,train,28,fc_floor024,current,fuzzy_connectedness,current_c3_d2,standard,3,2.0,,,,,,both_tolerable,True,0.671875,0.671875,0.6523573891994945,0.39135418372359587,0.6523573891994945,0.2610032054758986,22498,6350,22498,16148,0.24705395906553648,0.6296051271449246,0.9409448818897638,0.676815716952618,0.40904927700012195,1.4816451850001613,1.8203517699998883,6350.0,476315.0,476315.0,0.16,8.0,False,False,False,0,0,0,,,,,
optimization,rg_gamma55_current__conditioned_p10_f025,train,28,rg_gamma55_current,current,region_growing,conditioned_p10_f025,vesselness_conditioned,3,,1.0,2.0,10.0,0.25,1.0,both_tolerable,True,0.671875,0.671875,0.6765725814926126,0.3665257037134928,0.6765725814926126,0.31004687777911977,23396,6083,23396,17313,0.2293570394872855,0.6655364895596444,0.9118855827716588,0.6879808514275945,0.40904927700012195,0.05647776800014981,2.380974154999876,,,,,,,False,False,0,0,0,0.02382824197411537,11137.0,9682.0,0.8693544042381252,
optimization,rg_gamma55_current__conditioned_p10_f050,train,28,rg_gamma55_current,current,region_growing,conditioned_p10_f050,vesselness_conditioned,3,,1.0,2.0,10.0,0.5,1.0,both_tolerable,True,0.671875,0.671875,0.6788369651389514,0.3665257037134928,0.6788369651389514,0.3123112614254586,22486,6083,22486,16403,0.2293570394872855,0.6549927641099855,0.9118855827716588,0.7044827892911145,0.40904927700012195,0.05647776800014981,2.347437995999826,,,,,,,False,False,0,0,0,0.04765648394823074,11137.0,8772.0,0.7876447876447876,
optimization,rg_gamma55_current__conditioned_p10_f075,train,28,rg_gamma55_current,current,region_growing,conditioned_p10_f075,vesselness_conditioned,3,,1.0,2.0,10.0,0.75,1.0,both_tolerable,True,0.671875,0.671875,0.6783819773406973,0.3665257037134928,0.6783819773406973,0.31185627362720447,21624,6083,21624,15541,0.2293570394872855,0.6424643373992144,0.9118855827716588,0.7185534591194969,0.40904927700012195,0.05647776800014981,2.3082149879996905,,,,,,,False,False,0,0,0,0.07148472592234612,11137.0,7910.0,0.71024512884978,
optimization,rg_gamma55_current__current_c3_d2,train,28,rg_gamma55_current,current,region_growing,current_c3_d2,standard,3,2.0,,,,,,both_tolerable,True,0.671875,0.671875,0.6673056529896403,0.3665257037134928,0.6673056529896403,0.3007799492761475,24851,6083,24851,18768,0.2293570394872855,0.6764936944387017,0.9118855827716588,0.6583638485372822,0.40904927700012195,0.05647776800014981,1.8343840450002062,,,,,,,False,False,0,0,0,,,,,
optimization,rg_gamma65_current__conditioned_p10_f025,train,28,rg_gamma65_current,gamma65,region_growing,conditioned_p10_f025,vesselness_conditioned,3,,1.0,2.0,10.0,0.25,1.0,both_tolerable,True,0.671875,0.671875,0.6772700848738519,0.3240277110912957,0.6772700848738519,0.3532423737825562,18820,4973,18820,13847,0.19532768244779822,0.6021500930328716,0.9499296199477176,0.7738044633368757,0.39132263000010425,0.04876012600016111,2.359509485000217,,,,,,,False,False,0,0,0,0.02414446510374546,9043.0,7892.0,0.8727192303439124,
optimization,rg_gamma65_current__conditioned_p10_f050,train,28,rg_gamma65_current,gamma65,region_growing,conditioned_p10_f050,vesselness_conditioned,3,,1.0,2.0,10.0,0.5,1.0,both_tolerable,True,0.671875,0.671875,0.6753338848835835,0.3240277110912957,0.6753338848835835,0.3513061737922878,18120,4973,18120,13147,0.19532768244779822,0.5906553648955964,0.9499296199477176,0.7883554083885209,0.39132263000010425,0.04876012600016111,2.354732311999669,,,,,,,False,False,0,0,0,0.04828893020749092,9043.0,7192.0,0.79531129050094,
optimization,rg_gamma65_current__conditioned_p10_f075,train,28,rg_gamma65_current,gamma65,region_growing,conditioned_p10_f075,vesselness_conditioned,3,,1.0,2.0,10.0,0.75,1.0,both_tolerable,True,0.671875,0.671875,0.6714529257809686,0.3240277110912957,0.6714529257809686,0.3474252146896729,17462,4973,17462,12489,0.19532768244779822,0.5781269381848253,0.9499296199477176,0.8007101133890734,0.39132263000010425,0.04876012600016111,2.3032578329998614,,,,,,,False,False,0,0,0,0.07243339531123638,9043.0,6534.0,0.7225478270485458,
optimization,rg_gamma65_current__current_c3_d2,train,28,rg_gamma65_current,gamma65,region_growing,current_c3_d2,standard,3,2.0,,,,,,both_tolerable,True,0.671875,0.671875,0.6715735120934867,0.3240277110912957,0.6715735120934867,0.347545801002191,19971,4973,19971,14998,0.19532768244779822,0.613065949968989,0.9499296199477176,0.742426518451755,0.39132263000010425,0.04876012600016111,1.8544263929998124,,,,,,,False,False,0,0,0,,,,,
optimization,rg_gamma65_divisor6__conditioned_p10_f025,train,28,rg_gamma65_divisor6,gamma65,region_growing,conditioned_p10_f025,vesselness_conditioned,3,,1.0,2.0,10.0,0.25,1.0,both_tolerable,True,0.671875,0.671875,0.6772700848738519,0.3240277110912957,0.6772700848738519,0.3532423737825562,18820,4973,18820,13847,0.19532768244779822,0.6021500930328716,0.9499296199477176,0.7738044633368757,0.39132263000010425,0.05019821999985652,2.402269131000139,,,,,,,False,False,0,0,0,0.02414446510374546,9043.0,7892.0,0.8727192303439124,
optimization,rg_gamma65_divisor6__conditioned_p10_f050,train,28,rg_gamma65_divisor6,gamma65,region_growing,conditioned_p10_f050,vesselness_conditioned,3,,1.0,2.0,10.0,0.5,1.0,both_tolerable,True,0.671875,0.671875,0.6753338848835835,0.3240277110912957,0.6753338848835835,0.3513061737922878,18120,4973,18120,13147,0.19532768244779822,0.5906553648955964,0.9499296199477176,0.7883554083885209,0.39132263000010425,0.05019821999985652,2.4018719870000496,,,,,,,False,False,0,0,0,0.04828893020749092,9043.0,7192.0,0.79531129050094,
optimization,rg_gamma65_divisor6__conditioned_p10_f075,train,28,rg_gamma65_divisor6,gamma65,region_growing,conditioned_p10_f075,vesselness_conditioned,3,,1.0,2.0,10.0,0.75,1.0,both_tolerable,True,0.671875,0.671875,0.6714529257809686,0.3240277110912957,0.6714529257809686,0.3474252146896729,17462,4973,17462,12489,0.19532768244779822,0.5781269381848253,0.9499296199477176,0.8007101133890734,0.39132263000010425,0.05019821999985652,2.3898979749997125,,,,,,,False,False,0,0,0,0.07243339531123638,9043.0,6534.0,0.7225478270485458,
optimization,rg_gamma65_divisor6__current_c3_d2,train,28,rg_gamma65_divisor6,gamma65,region_growing,current_c3_d2,standard,3,2.0,,,,,,both_tolerable,True,0.671875,0.671875,0.6715735120934867,0.3240277110912957,0.6715735120934867,0.347545801002191,19971,4973,19971,14998,0.19532768244779822,0.613065949968989,0.9499296199477176,0.742426518451755,0.39132263000010425,0.05019821999985652,1.892526258000089,,,,,,,False,False,0,0,0,,,,,
optimization,rg_gamma65_divisor8__conditioned_p10_f025,train,28,rg_gamma65_divisor8,gamma65,region_growing,conditioned_p10_f025,vesselness_conditioned,3,,1.0,2.0,10.0,0.25,1.0,both_tolerable,True,0.671875,0.671875,0.6772558139534883,0.3239127452325422,0.6772558139534883,0.3533430687209461,18815,4971,18815,13844,0.19524498656191855,0.602067397146992,0.9499094749547374,0.7739038001594473,0.39132263000010425,0.05015095199996722,2.304855547000443,,,,,,,False,False,0,0,0,0.024143582209944725,9041.0,7890.0,0.8726910739962394,
optimization,rg_gamma65_divisor8__conditioned_p10_f050,train,28,rg_gamma65_divisor8,gamma65,region_growing,conditioned_p10_f050,vesselness_conditioned,3,,1.0,2.0,10.0,0.5,1.0,both_tolerable,True,0.671875,0.671875,0.6753185353284638,0.3239127452325422,0.6753185353284638,0.35140579009592154,18118,4971,18118,13147,0.19524498656191855,0.5906140169526566,0.9499094749547374,0.7883872392096258,0.39132263000010425,0.05015095199996722,2.286751818999619,,,,,,,False,False,0,0,0,0.04828716441988945,9041.0,7193.0,0.7955978320982192,
optimization,rg_gamma65_divisor8__conditioned_p10_f075,train,28,rg_gamma65_divisor8,gamma65,region_growing,conditioned_p10_f075,vesselness_conditioned,3,,1.0,2.0,10.0,0.75,1.0,both_tolerable,True,0.671875,0.671875,0.6714532705791951,0.3239127452325422,0.6714532705791951,0.3475405253466529,17459,4971,17459,12488,0.19524498656191855,0.5780855902418854,0.9499094749547374,0.8007904232773927,0.39132263000010425,0.05015095199996722,2.27828691600007,,,,,,,False,False,0,0,0,0.07243074662983418,9041.0,6534.0,0.7227076650812964,
optimization,rg_gamma65_divisor8__current_c3_d2,train,28,rg_gamma65_divisor8,gamma65,region_growing,current_c3_d2,standard,3,2.0,,,,,,both_tolerable,True,0.671875,0.671875,0.671558968086793,0.3239127452325422,0.671558968086793,0.34764622285425084,19966,4971,19966,14995,0.19524498656191855,0.6129832540831094,0.9499094749547374,0.7425122708604628,0.39132263000010425,0.05015095199996722,1.8461377509997874,,,,,,,False,False,0,0,0,,,,,
optimization,rg_gamma65_floor065__conditioned_p10_f025,train,28,rg_gamma65_floor065,gamma65,region_growing,conditioned_p10_f025,vesselness_conditioned,3,,1.0,2.0,10.0,0.25,1.0,both_tolerable,True,0.671875,0.671875,0.6687807840226705,0.341512809261822,0.6687807840226705,0.3272679747608485,20278,5442,20278,14836,0.2091792433326442,0.6147612156295225,0.9296214626975376,0.7332084031955814,0.39132263000010425,0.052327526999761176,2.318005398000423,,,,,,,False,False,0,0,0,0.020477715879678726,9692.0,8445.0,0.8713371853074701,
optimization,rg_gamma65_floor065__conditioned_p10_f050,train,28,rg_gamma65_floor065,gamma65,region_growing,conditioned_p10_f050,vesselness_conditioned,3,,1.0,2.0,10.0,0.5,1.0,both_tolerable,True,0.671875,0.671875,0.6677800910567617,0.341512809261822,0.6677800910567617,0.32626728179493975,19524,5442,19524,14082,0.2091792433326442,0.6034318792640067,0.9296214626975376,0.7474902683876254,0.39132263000010425,0.052327526999761176,2.3230917750001936,,,,,,,False,False,0,0,0,0.04095543175935745,9692.0,7691.0,0.7935410647957079,
optimization,rg_gamma65_floor065__conditioned_p10_f075,train,28,rg_gamma65_floor065,gamma65,region_growing,conditioned_p10_f075,vesselness_conditioned,3,,1.0,2.0,10.0,0.75,1.0,both_tolerable,True,0.671875,0.671875,0.6654709773595453,0.341512809261822,0.6654709773595453,0.3239581680977233,18747,5442,18747,13305,0.2091792433326442,0.5906553648955964,0.9296214626975376,0.7619885848402411,0.39132263000010425,0.052327526999761176,2.312480392999987,,,,,,,False,False,0,0,0,0.06143314763903618,9692.0,6914.0,0.7133718530747007,
optimization,rg_gamma65_floor065__current_c3_d2,train,28,rg_gamma65_floor065,gamma65,region_growing,current_c3_d2,standard,3,2.0,,,,,,both_tolerable,True,0.671875,0.671875,0.661605775541457,0.341512809261822,0.661605775541457,0.32009296627963507,21525,5442,21525,16083,0.2091792433326442,0.6252222451933016,0.9296214626975376,0.7024854819976771,0.39132263000010425,0.052327526999761176,1.8240054739999323,,,,,,,False,False,0,0,0,,,,,
optimization,rg_gamma65_floor090__conditioned_p10_f025,train,28,rg_gamma65_floor090,gamma65,region_growing,conditioned_p10_f025,vesselness_conditioned,3,,1.0,2.0,10.0,0.25,1.0,both_tolerable,True,0.671875,0.671875,0.6698908848334684,0.3064370529824318,0.6698908848334684,0.3634538318510366,17789,4617,17789,13172,0.18246847219350837,0.5813107297911929,0.9558154645873944,0.7903198605880039,0.39132263000010425,0.04771260400002575,2.3227919609998935,,,,,,,False,False,0,0,0,0.027412256225943565,8610.0,7585.0,0.8809523809523809,
optimization,rg_gamma65_floor090__conditioned_p10_f050,train,28,rg_gamma65_floor090,gamma65,region_growing,conditioned_p10_f050,vesselness_conditioned,3,,1.0,2.0,10.0,0.5,1.0,both_tolerable,True,0.671875,0.671875,0.6671670338716316,0.3064370529824318,0.6671670338716316,0.3607299808891998,17118,4617,17118,12501,0.18246847219350837,0.5696919578250982,0.9558154645873944,0.8048837481014137,0.39132263000010425,0.04771260400002575,2.315541843000119,,,,,,,False,False,0,0,0,0.05482451245188713,8610.0,6914.0,0.8030197444831592,
optimization,rg_gamma65_floor090__conditioned_p10_f075,train,28,rg_gamma65_floor090,gamma65,region_growing,conditioned_p10_f075,vesselness_conditioned,3,,1.0,2.0,10.0,0.75,1.0,both_tolerable,True,0.671875,0.671875,0.6622731520188856,0.3064370529824318,0.6622731520188856,0.3558360990364538,16481,4617,16481,11864,0.18246847219350837,0.5567913996278685,0.9558154645873944,0.8170620714762453,0.39132263000010425,0.04771260400002575,2.3460307000000284,,,,,,,False,False,0,0,0,0.0822367686778307,8610.0,6277.0,0.7290360046457608,
optimization,rg_gamma65_floor090__current_c3_d2,train,28,rg_gamma65_floor090,gamma65,region_growing,current_c3_d2,standard,3,2.0,,,,,,both_tolerable,True,0.671875,0.671875,0.6653643107979256,0.3064370529824318,0.6653643107979256,0.3589272578154938,18814,4617,18814,14197,0.18246847219350837,0.5914823237543932,0.9558154645873944,0.7603380461358563,0.39132263000010425,0.04771260400002575,1.8359969009998167,,,,,,,False,False,0,0,0,,,,,
optimization,rg_gamma65_recovery__conditioned_p10_f025,train,28,rg_gamma65_recovery,gamma65,region_growing,conditioned_p10_f025,vesselness_conditioned,3,,1.0,2.0,10.0,0.25,1.0,both_tolerable,True,0.671875,0.671875,0.6772700848738519,0.3240277110912957,0.6772700848738519,0.3532423737825562,18820,4973,18820,13847,0.19532768244779822,0.6021500930328716,0.9499296199477176,0.7738044633368757,0.39132263000010425,0.07675973400000657,2.3212538570001016,,,,,,,False,False,0,0,0,0.02414446510374546,9043.0,7892.0,0.8727192303439124,
optimization,rg_gamma65_recovery__conditioned_p10_f050,train,28,rg_gamma65_recovery,gamma65,region_growing,conditioned_p10_f050,vesselness_conditioned,3,,1.0,2.0,10.0,0.5,1.0,both_tolerable,True,0.671875,0.671875,0.6753338848835835,0.3240277110912957,0.6753338848835835,0.3513061737922878,18120,4973,18120,13147,0.19532768244779822,0.5906553648955964,0.9499296199477176,0.7883554083885209,0.39132263000010425,0.07675973400000657,2.3144485480002004,,,,,,,False,False,0,0,0,0.04828893020749092,9043.0,7192.0,0.79531129050094,
optimization,rg_gamma65_recovery__conditioned_p10_f075,train,28,rg_gamma65_recovery,gamma65,region_growing,conditioned_p10_f075,vesselness_conditioned,3,,1.0,2.0,10.0,0.75,1.0,both_tolerable,True,0.671875,0.671875,0.6714529257809686,0.3240277110912957,0.6714529257809686,0.3474252146896729,17462,4973,17462,12489,0.19532768244779822,0.5781269381848253,0.9499296199477176,0.8007101133890734,0.39132263000010425,0.07675973400000657,2.3531149249997725,,,,,,,False,False,0,0,0,0.07243339531123638,9043.0,6534.0,0.7225478270485458,
optimization,rg_gamma65_recovery__current_c3_d2,train,28,rg_gamma65_recovery,gamma65,region_growing,current_c3_d2,standard,3,2.0,,,,,,both_tolerable,True,0.671875,0.671875,0.6715735120934867,0.3240277110912957,0.6715735120934867,0.347545801002191,19971,4973,19971,14998,0.19532768244779822,0.613065949968989,0.9499296199477176,0.742426518451755,0.39132263000010425,0.07675973400000657,1.8560206419997485,,,,,,,False,False,0,0,0,,,,,
optimization,rg_gamma65_relax090__conditioned_p10_f025,train,28,rg_gamma65_relax090,gamma65,region_growing,conditioned_p10_f025,vesselness_conditioned,3,,1.0,2.0,10.0,0.25,1.0,both_tolerable,True,0.671875,0.671875,0.6780638612033961,0.3305898022608518,0.6780638612033961,0.34747405894254435,19159,5096,19159,14063,0.20012404382881951,0.6076080215009303,0.9497645211930926,0.7670024531551751,0.39132263000010425,0.05100523400005841,2.296470578000026,,,,,,,False,False,0,0,0,0.022852282971143723,9184.0,8014.0,0.8726045296167247,
optimization,rg_gamma65_relax090__conditioned_p10_f050,train,28,rg_gamma65_relax090,gamma65,region_growing,conditioned_p10_f050,vesselness_conditioned,3,,1.0,2.0,10.0,0.5,1.0,both_tolerable,True,0.671875,0.671875,0.6774254081441171,0.3305898022608518,0.6774254081441171,0.34683560588326534,18447,5096,18447,13351,0.20012404382881951,0.5970642960512714,0.9497645211930926,0.7827831083645037,0.39132263000010425,0.05100523400005841,2.336270246999902,,,,,,,False,False,0,0,0,0.045704565942287445,9184.0,7302.0,0.7950783972125436,
optimization,rg_gamma65_relax090__conditioned_p10_f075,train,28,rg_gamma65_relax090,gamma65,region_growing,conditioned_p10_f075,vesselness_conditioned,3,,1.0,2.0,10.0,0.75,1.0,both_tolerable,True,0.671875,0.671875,0.6723105907042186,0.3305898022608518,0.6723105907042186,0.34172078844336684,17748,5096,17748,12652,0.20012404382881951,0.5828406036799669,0.9497645211930926,0.7942303358124859,0.39132263000010425,0.05100523400005841,2.3251950389999365,,,,,,,False,False,0,0,0,0.06855684891343117,9184.0,6603.0,0.7189677700348432,
optimization,rg_gamma65_relax090__current_c3_d2,train,28,rg_gamma65_relax090,gamma65,region_growing,current_c3_d2,standard,3,2.0,,,,,,both_tolerable,True,0.671875,0.671875,0.6716987913914724,0.3305898022608518,0.6716987913914724,0.3411089891306206,20329,5096,20329,15233,0.20012404382881951,0.6181517469505892,0.9497645211930926,0.7354026267893158,0.39132263000010425,0.05100523400005841,1.8205294979998143,,,,,,,False,False,0,0,0,,,,,
optimization,rg_gamma65_window3__conditioned_p10_f025,train,28,rg_gamma65_window3,gamma65,region_growing,conditioned_p10_f025,vesselness_conditioned,3,,1.0,2.0,10.0,0.25,1.0,both_tolerable,True,0.671875,0.671875,0.6074648719463639,0.2613377067883628,0.6074648719463639,0.34612716515800107,14744,3863,14744,10881,0.151540210874509,0.4888980773206533,0.9487444990939684,0.801953336950624,0.39132263000010425,0.058356249000098614,2.413933050000196,,,,,,,False,False,0,0,0,0.024736598134040833,7053.0,6148.0,0.8716858074578193,
optimization,rg_gamma65_window3__conditioned_p10_f050,train,28,rg_gamma65_window3,gamma65,region_growing,conditioned_p10_f050,vesselness_conditioned,3,,1.0,2.0,10.0,0.5,1.0,both_tolerable,True,0.671875,0.671875,0.6037283274670838,0.2613377067883628,0.6037283274670838,0.342390620678721,14170,3863,14170,10307,0.151540210874509,0.478726483357453,0.9487444990939684,0.8170783345095272,0.39132263000010425,0.058356249000098614,2.30815828599998,,,,,,,False,False,0,0,0,0.049473196268081665,7053.0,5574.0,0.7903019991492982,
optimization,rg_gamma65_window3__conditioned_p10_f075,train,28,rg_gamma65_window3,gamma65,region_growing,conditioned_p10_f075,vesselness_conditioned,3,,1.0,2.0,10.0,0.75,1.0,both_tolerable,True,0.671875,0.671875,0.59806564135088,0.2613377067883628,0.59806564135088,0.3367279345625172,13657,3863,13657,9794,0.151540210874509,0.4678933223072152,0.9487444990939684,0.8285860730760782,0.39132263000010425,0.058356249000098614,2.2954258720001235,,,,,,,False,False,0,0,0,0.0742097944021225,7053.0,5061.0,0.7175669927690345,
optimization,rg_gamma65_window3__current_c3_d2,train,28,rg_gamma65_window3,gamma65,region_growing,current_c3_d2,standard,3,2.0,,,,,,both_tolerable,True,0.671875,0.671875,0.604709544610132,0.2613377067883628,0.604709544610132,0.3433718378217692,15649,3863,15649,11786,0.151540210874509,0.49799462476741785,0.9487444990939684,0.7696338424180459,0.39132263000010425,0.058356249000098614,1.8170251439996719,,,,,,,False,False,0,0,0,,,,,
optimization,fc_affinity_floor024_only__conditioned_p10_f025,train,44,fc_affinity_floor024_only,current,fuzzy_connectedness,conditioned_p10_f025,vesselness_conditioned,3,,1.0,2.0,10.0,0.25,1.0,both_tolerable,True,1.76953125,0.58984375,0.46348064187468163,0.3486080724254998,0.46348064187468163,0.11487256944918184,81601,22244,81601,59357,0.26236060957052987,0.6612159614816834,0.5193310555655458,0.3567848433229985,0.29870115399990027,4.970553326000299,1.7524878200001694,22244.0,562876.0,500000.0,0.16,8.0,False,False,True,0,0,0,0.016953494399785995,32729.0,28298.0,0.8646154786275169,
optimization,fc_affinity_floor024_only__conditioned_p10_f050,train,44,fc_affinity_floor024_only,current,fuzzy_connectedness,conditioned_p10_f050,vesselness_conditioned,3,,1.0,2.0,10.0,0.5,1.0,both_tolerable,True,1.76953125,0.58984375,0.4642787682333874,0.3486080724254998,0.4642787682333874,0.11567069580788758,79369,22244,79369,57125,0.26236060957052987,0.650587086370966,0.5193310555655458,0.36092177046453905,0.29870115399990027,4.970553326000299,1.7177438270000494,22244.0,562876.0,500000.0,0.16,8.0,False,False,True,0,0,0,0.03390698879957199,32729.0,26066.0,0.7964190778820007,
optimization,fc_affinity_floor024_only__conditioned_p10_f075,train,44,fc_affinity_floor024_only,current,fuzzy_connectedness,conditioned_p10_f075,vesselness_conditioned,3,,1.0,2.0,10.0,0.75,1.0,both_tolerable,True,1.76953125,0.58984375,0.4663839795935269,0.3486080724254998,0.4663839795935269,0.1177759071680271,76715,22244,76715,54471,0.26236060957052987,0.6394812745565625,0.5193310555655458,0.36703382650068433,0.29870115399990027,4.970553326000299,1.7906329729994468,22244.0,562876.0,500000.0,0.16,8.0,False,False,True,0,0,0,0.050860483199357986,32729.0,23412.0,0.715328913196248,
optimization,fc_affinity_floor024_only__current_c3_d2,train,44,fc_affinity_floor024_only,current,fuzzy_connectedness,current_c3_d2,standard,3,2.0,,,,,,both_tolerable,True,1.76953125,0.58984375,0.4563788317968984,0.3486080724254998,0.4563788317968984,0.10777075937139863,86032,22244,86032,63788,0.26236060957052987,0.6740478299379983,0.5193310555655458,0.34497628789287704,0.29870115399990027,4.970553326000299,1.3528400299992427,22244.0,562876.0,500000.0,0.16,8.0,False,False,True,0,0,0,,,,,
optimization,fc_alpha017__conditioned_p10_f025,train,44,fc_alpha017,current,fuzzy_connectedness,conditioned_p10_f025,vesselness_conditioned,3,,1.0,2.0,10.0,0.25,1.0,both_tolerable,True,1.76953125,0.58984375,0.4855021545703135,0.34690287724588514,0.4855021545703135,0.13859927732442834,74090,19641,74090,54449,0.25082328359564854,0.6512230019758807,0.5622931622626139,0.387015791604805,0.29870115399990027,4.707508151000184,1.7953898069999923,19641.0,562876.0,500000.0,0.17,8.0,False,False,True,0,0,0,0.019647233188152313,30548.0,26464.0,0.866308759984287,
optimization,fc_alpha017__conditioned_p10_f050,train,44,fc_alpha017,current,fuzzy_connectedness,conditioned_p10_f050,vesselness_conditioned,3,,1.0,2.0,10.0,0.5,1.0,both_tolerable,True,1.76953125,0.58984375,0.4859102738663587,0.34690287724588514,0.4859102738663587,0.13900739662047357,72011,19641,72011,52370,0.25082328359564854,0.6402988803343099,0.5622931622626139,0.39150963047312215,0.29870115399990027,4.707508151000184,1.8730718910001087,19641.0,562876.0,500000.0,0.17,8.0,False,False,True,0,0,0,0.039294466376304626,30548.0,24385.0,0.7982519313866702,
optimization,fc_alpha017__conditioned_p10_f075,train,44,fc_alpha017,current,fuzzy_connectedness,conditioned_p10_f075,vesselness_conditioned,3,,1.0,2.0,10.0,0.75,1.0,both_tolerable,True,1.76953125,0.58984375,0.48759887030503524,0.34690287724588514,0.48759887030503524,0.1406959930591501,69628,19641,69628,49987,0.25082328359564854,0.629329336149531,0.5622931622626139,0.39797208019762165,0.29870115399990027,4.707508151000184,1.8067565310002465,19641.0,562876.0,500000.0,0.17,8.0,False,False,True,0,0,0,0.05894169956445694,30548.0,22002.0,0.7202435511326437,
optimization,fc_alpha017__current_c3_d2,train,44,fc_alpha017,current,fuzzy_connectedness,current_c3_d2,standard,3,2.0,,,,,,both_tolerable,True,1.76953125,0.58984375,0.4785565238738186,0.34690287724588514,0.4785565238738186,0.13165364662793344,78174,19641,78174,58533,0.25082328359564854,0.6641002929754037,0.5622931622626139,0.3740501957172461,0.29870115399990027,4.707508151000184,1.4008629520003524,19641.0,562876.0,500000.0,0.17,8.0,False,False,True,0,0,0,,,,,
optimization,fc_candidate024_only__conditioned_p10_f025,train,44,fc_candidate024_only,current,fuzzy_connectedness,conditioned_p10_f025,vesselness_conditioned,3,,1.0,2.0,10.0,0.25,1.0,both_tolerable,True,1.76953125,0.58984375,0.4719269766948634,0.34816585455548404,0.4719269766948634,0.12376112213937934,78560,21231,78560,57329,0.2580227566941473,0.6569689536917172,0.5351137487636004,0.3682153767820774,0.29870115399990027,4.791476243999568,1.7634289380002883,21231.0,466886.0,466886.0,0.16,8.0,False,False,False,0,0,0,0.017947250977158546,31734.0,27405.0,0.8635847986386841,
optimization,fc_candidate024_only__conditioned_p10_f050,train,44,fc_candidate024_only,current,fuzzy_connectedness,conditioned_p10_f050,vesselness_conditioned,3,,1.0,2.0,10.0,0.5,1.0,both_tolerable,True,1.76953125,0.58984375,0.4725526683059746,0.34816585455548404,0.4725526683059746,0.12438681375049054,76345,21231,76345,55114,0.2580227566941473,0.6459539869637301,0.5351137487636004,0.3725456807911455,0.29870115399990027,4.791476243999568,1.766532912999537,21231.0,466886.0,466886.0,0.16,8.0,False,False,False,0,0,0,0.03589450195431709,31734.0,25190.0,0.7937858448351925,
optimization,fc_candidate024_only__conditioned_p10_f075,train,44,fc_candidate024_only,current,fuzzy_connectedness,conditioned_p10_f075,vesselness_conditioned,3,,1.0,2.0,10.0,0.75,1.0,both_tolerable,True,1.76953125,0.58984375,0.4746896136188124,0.34816585455548404,0.4746896136188124,0.12652375906332836,73806,21231,73806,52575,0.2580227566941473,0.6351888442233881,0.5351137487636004,0.37893938162209034,0.29870115399990027,4.791476243999568,1.7679269070004011,21231.0,466886.0,466886.0,0.16,8.0,False,False,False,0,0,0,0.05384175293147564,31734.0,22651.0,0.7137770214911452,
optimization,fc_candidate024_only__current_c3_d2,train,44,fc_candidate024_only,current,fuzzy_connectedness,current_c3_d2,standard,3,2.0,,,,,,both_tolerable,True,1.76953125,0.58984375,0.4647021745981721,0.34816585455548404,0.4647021745981721,0.11653632004268805,82889,21231,82889,61658,0.2580227566941473,0.6697553996048239,0.5351137487636004,0.3557770029798888,0.29870115399990027,4.791476243999568,1.376074552999853,21231.0,466886.0,466886.0,0.16,8.0,False,False,False,0,0,0,,,,,
optimization,fc_current__conditioned_p10_f025,train,44,fc_current,current,fuzzy_connectedness,conditioned_p10_f025,vesselness_conditioned,3,,1.0,2.0,10.0,0.25,1.0,both_tolerable,True,1.76953125,0.58984375,0.4719269766948634,0.34814451628719395,0.4719269766948634,0.12378246040766944,78560,21235,78560,57325,0.2580227566941473,0.6569689536917172,0.5350129503178714,0.3682153767820774,0.29870115399990027,4.842541123999581,1.7341572370005451,21235.0,562876.0,500000.0,0.16,8.0,False,False,True,0,0,0,0.01793225109577179,31734.0,27405.0,0.8635847986386841,
optimization,fc_current__conditioned_p10_f050,train,44,fc_current,current,fuzzy_connectedness,conditioned_p10_f050,vesselness_conditioned,3,,1.0,2.0,10.0,0.5,1.0,both_tolerable,True,1.76953125,0.58984375,0.4725535803289583,0.34814451628719395,0.4725535803289583,0.12440906404176433,76349,21235,76349,55114,0.2580227566941473,0.6459766982353342,0.5350129503178714,0.37253926050111985,0.29870115399990027,4.842541123999581,1.78066154499993,21235.0,562876.0,500000.0,0.16,8.0,False,False,True,0,0,0,0.03586450219154358,31734.0,25194.0,0.7939118926072982,
optimization,fc_current__conditioned_p10_f075,train,44,fc_current,current,fuzzy_connectedness,conditioned_p10_f075,vesselness_conditioned,3,,1.0,2.0,10.0,0.75,1.0,both_tolerable,True,1.76953125,0.58984375,0.4746832757728241,0.34814451628719395,0.4746832757728241,0.12653875948563015,73816,21235,73816,52581,0.2580227566941473,0.6352342667665962,0.5350129503178714,0.37891514034897583,0.29870115399990027,4.842541123999581,1.8084193120002965,21235.0,562876.0,500000.0,0.16,8.0,False,False,True,0,0,0,0.05379675328731537,31734.0,22661.0,0.7140921409214093,
optimization,fc_current__current_c3_d2,train,44,fc_current,current,fuzzy_connectedness,current_c3_d2,standard,3,2.0,,,,,,both_tolerable,True,1.76953125,0.58984375,0.4647021745981721,0.34814451628719395,0.4647021745981721,0.11655765831097814,82889,21235,82889,61654,0.2580227566941473,0.6697553996048239,0.5350129503178714,0.3557770029798888,0.29870115399990027,4.842541123999581,1.3560787880005591,21235.0,562876.0,500000.0,0.16,8.0,False,False,True,0,0,0,,,,,
optimization,fc_floor020__conditioned_p10_f025,train,44,fc_floor020,current,fuzzy_connectedness,conditioned_p10_f025,vesselness_conditioned,3,,1.0,2.0,10.0,0.25,1.0,both_tolerable,True,1.76953125,0.58984375,0.4708193314826539,0.34876444281636826,0.4708193314826539,0.12205488866628567,79167,21486,79167,57681,0.2594762780768095,0.6586722990620245,0.531741599180862,0.36633951014943095,0.29870115399990027,5.072754587000418,1.7637738889998218,21486.0,525730.0,500000.0,0.16,8.0,False,False,True,0,0,0,0.01762796752154827,31895.0,27539.0,0.8634268694152688,
optimization,fc_floor020__conditioned_p10_f050,train,44,fc_floor020,current,fuzzy_connectedness,conditioned_p10_f050,vesselness_conditioned,3,,1.0,2.0,10.0,0.5,1.0,both_tolerable,True,1.76953125,0.58984375,0.4714908110878713,0.34876444281636826,0.4714908110878713,0.12272636827150302,76930,21486,76930,55444,0.2594762780768095,0.6476346210624333,0.531741599180862,0.3706746392824646,0.29870115399990027,5.072754587000418,1.7670573619998322,21486.0,525730.0,500000.0,0.16,8.0,False,False,True,0,0,0,0.03525593504309654,31895.0,25302.0,0.7932904844019438,
optimization,fc_floor020__conditioned_p10_f075,train,44,fc_floor020,current,fuzzy_connectedness,conditioned_p10_f075,vesselness_conditioned,3,,1.0,2.0,10.0,0.75,1.0,both_tolerable,True,1.76953125,0.58984375,0.47368732211177084,0.34876444281636826,0.47368732211177084,0.12492287929540258,74372,21486,74372,52886,0.2594762780768095,0.6368921895936953,0.531741599180862,0.3770639487979347,0.29870115399990027,5.072754587000418,1.765271354000106,21486.0,525730.0,500000.0,0.16,8.0,False,False,True,0,0,0,0.052883902564644814,31895.0,22744.0,0.7130898259915347,
optimization,fc_floor020__current_c3_d2,train,44,fc_floor020,current,fuzzy_connectedness,current_c3_d2,standard,3,2.0,,,,,,both_tolerable,True,1.76953125,0.58984375,0.46364676921147124,0.34876444281636826,0.46364676921147124,0.11488232639510298,83523,21486,83523,62037,0.2594762780768095,0.6715723013331516,0.531741599180862,0.3540342181195599,0.29870115399990027,5.072754587000418,1.4004791259994818,21486.0,525730.0,500000.0,0.16,8.0,False,False,True,0,0,0,,,,,
optimization,fc_floor020_recovery__conditioned_p10_f025,train,44,fc_floor020_recovery,current,fuzzy_connectedness,conditioned_p10_f025,vesselness_conditioned,3,,1.0,2.0,10.0,0.25,1.0,both_tolerable,True,1.76953125,0.58984375,0.4708193314826539,0.34876444281636826,0.4708193314826539,0.12205488866628567,79167,21486,79167,57681,0.2594762780768095,0.6586722990620245,0.531741599180862,0.36633951014943095,0.29870115399990027,5.00885333000042,1.7832554390006408,,,,,,,False,False,0,0,0,0.01762796752154827,31895.0,27539.0,0.8634268694152688,
optimization,fc_floor020_recovery__conditioned_p10_f050,train,44,fc_floor020_recovery,current,fuzzy_connectedness,conditioned_p10_f050,vesselness_conditioned,3,,1.0,2.0,10.0,0.5,1.0,both_tolerable,True,1.76953125,0.58984375,0.4714908110878713,0.34876444281636826,0.4714908110878713,0.12272636827150302,76930,21486,76930,55444,0.2594762780768095,0.6476346210624333,0.531741599180862,0.3706746392824646,0.29870115399990027,5.00885333000042,1.790999144000125,,,,,,,False,False,0,0,0,0.03525593504309654,31895.0,25302.0,0.7932904844019438,
optimization,fc_floor020_recovery__conditioned_p10_f075,train,44,fc_floor020_recovery,current,fuzzy_connectedness,conditioned_p10_f075,vesselness_conditioned,3,,1.0,2.0,10.0,0.75,1.0,both_tolerable,True,1.76953125,0.58984375,0.47368732211177084,0.34876444281636826,0.47368732211177084,0.12492287929540258,74372,21486,74372,52886,0.2594762780768095,0.6368921895936953,0.531741599180862,0.3770639487979347,0.29870115399990027,5.00885333000042,1.7618090349997146,,,,,,,False,False,0,0,0,0.052883902564644814,31895.0,22744.0,0.7130898259915347,
optimization,fc_floor020_recovery__current_c3_d2,train,44,fc_floor020_recovery,current,fuzzy_connectedness,current_c3_d2,standard,3,2.0,,,,,,both_tolerable,True,1.76953125,0.58984375,0.46364676921147124,0.34876444281636826,0.46364676921147124,0.11488232639510298,83523,21486,83523,62037,0.2594762780768095,0.6715723013331516,0.531741599180862,0.3540342181195599,0.29870115399990027,5.00885333000042,1.410992508000163,,,,,,,False,False,0,0,0,,,,,
optimization,fc_floor024__conditioned_p10_f025,train,44,fc_floor024,current,fuzzy_connectedness,conditioned_p10_f025,vesselness_conditioned,3,,1.0,2.0,10.0,0.25,1.0,both_tolerable,True,1.76953125,0.58984375,0.4635027780873386,0.348639635425312,0.4635027780873386,0.11486314266202657,81595,22238,81595,59357,0.26236060957052987,0.6612159614816834,0.5194711754654195,0.35681107911023957,0.29870115399990027,4.915863498999897,1.770419793999281,22238.0,466886.0,466886.0,0.16,8.0,False,False,False,0,0,0,0.01696789637207985,32729.0,28292.0,0.8644321549695988,
optimization,fc_floor024__conditioned_p10_f050,train,44,fc_floor024,current,fuzzy_connectedness,conditioned_p10_f050,vesselness_conditioned,3,,1.0,2.0,10.0,0.5,1.0,both_tolerable,True,1.76953125,0.58984375,0.4642776102953094,0.348639635425312,0.4642776102953094,0.11563797486999738,79365,22238,79365,57127,0.26236060957052987,0.6505643750993618,0.5194711754654195,0.36092736092736094,0.29870115399990027,4.915863498999897,1.7532579310000074,22238.0,466886.0,466886.0,0.16,8.0,False,False,False,0,0,0,0.0339357927441597,32729.0,26062.0,0.7962968621100553,
optimization,fc_floor024__conditioned_p10_f075,train,44,fc_floor024,current,fuzzy_connectedness,conditioned_p10_f075,vesselness_conditioned,3,,1.0,2.0,10.0,0.75,1.0,both_tolerable,True,1.76953125,0.58984375,0.4663955674449036,0.348639635425312,0.4663955674449036,0.11775593201959161,76712,22238,76712,54474,0.26236060957052987,0.6394812745565625,0.5194711754654195,0.3670481802064866,0.29870115399990027,4.915863498999897,1.7397766929998397,22238.0,466886.0,466886.0,0.16,8.0,False,False,False,0,0,0,0.05090368911623955,32729.0,23409.0,0.715237251367289,
optimization,fc_floor024__current_c3_d2,train,44,fc_floor024,current,fuzzy_connectedness,current_c3_d2,standard,3,2.0,,,,,,both_tolerable,True,1.76953125,0.58984375,0.4563788317968984,0.348639635425312,0.4563788317968984,0.10773919637158641,86032,22238,86032,63794,0.26236060957052987,0.6740478299379983,0.5194711754654195,0.34497628789287704,0.29870115399990027,4.915863498999897,1.3927229379996788,22238.0,466886.0,466886.0,0.16,8.0,False,False,False,0,0,0,,,,,
optimization,rg_gamma55_current__conditioned_p10_f025,train,44,rg_gamma55_current,current,region_growing,conditioned_p10_f025,vesselness_conditioned,3,,1.0,2.0,10.0,0.25,1.0,both_tolerable,True,1.76953125,0.58984375,0.42049249353892615,0.3195201909567477,0.42049249353892615,0.10097230258217843,93717,22162,93717,71555,0.24017169721332698,0.6577411369262565,0.47716812562043137,0.30902611052423784,0.29870115399990027,0.17049696000049153,1.7400032799996552,,,,,,,False,False,0,0,0,0.022335458546876907,39090.0,34400.0,0.880020465592223,
optimization,rg_gamma55_current__conditioned_p10_f050,train,44,rg_gamma55_current,current,region_growing,conditioned_p10_f050,vesselness_conditioned,3,,1.0,2.0,10.0,0.5,1.0,both_tolerable,True,1.76953125,0.58984375,0.4228635014836795,0.3195201909567477,0.4228635014836795,0.1033433105269318,90769,22162,90769,68607,0.24017169721332698,0.6472939519883718,0.47716812562043137,0.3139948660886426,0.29870115399990027,0.17049696000049153,1.7159325449993048,,,,,,,False,False,0,0,0,0.044670917093753815,39090.0,31452.0,0.8046047582501918,
optimization,rg_gamma55_current__conditioned_p10_f075,train,44,rg_gamma55_current,current,region_growing,conditioned_p10_f075,vesselness_conditioned,3,,1.0,2.0,10.0,0.75,1.0,both_tolerable,True,1.76953125,0.58984375,0.4280135460841444,0.3195201909567477,0.4280135460841444,0.10849335512739666,87077,22162,87077,64915,0.24017169721332698,0.6372328586677568,0.47716812562043137,0.32222056340939625,0.29870115399990027,0.17049696000049153,1.7239903039999263,,,,,,,False,False,0,0,0,0.06700637564063072,39090.0,27760.0,0.7101560501407009,
optimization,rg_gamma55_current__current_c3_d2,train,44,rg_gamma55_current,current,region_growing,current_c3_d2,standard,3,2.0,,,,,,both_tolerable,True,1.76953125,0.58984375,0.41356941265673486,0.3195201909567477,0.41356941265673486,0.09404922169998714,98407,22162,98407,76245,0.24017169721332698,0.6689377938270764,0.47716812562043137,0.2993079760586137,0.29870115399990027,0.17049696000049153,1.369712656000047,,,,,,,False,False,0,0,0,,,,,
optimization,rg_gamma65_current__conditioned_p10_f025,train,44,rg_gamma65_current,gamma65,region_growing,conditioned_p10_f025,vesselness_conditioned,3,,1.0,2.0,10.0,0.25,1.0,both_tolerable,True,1.76953125,0.58984375,0.47395780072945426,0.3191506817846184,0.47395780072945426,0.15480711894483584,73317,16912,73317,56405,0.22086711634984443,0.6315777520383367,0.5750354777672658,0.3792981163986524,0.32449242300026526,0.1351369819994943,1.7710007330006192,,,,,,,False,False,0,0,0,0.022496335208415985,32034.0,28170.0,0.8793781607042518,
optimization,rg_gamma65_current__conditioned_p10_f050,train,44,rg_gamma65_current,gamma65,region_growing,conditioned_p10_f050,vesselness_conditioned,3,,1.0,2.0,10.0,0.5,1.0,both_tolerable,True,1.76953125,0.58984375,0.4755588050971381,0.3191506817846184,0.4755588050971381,0.1564081233125197,70857,16912,70857,53945,0.22086711634984443,0.620426517680725,0.5750354777672658,0.3855370676150557,0.32449242300026526,0.1351369819994943,1.7489644030001728,,,,,,,False,False,0,0,0,0.04499267041683197,32034.0,25710.0,0.8025847536991946,
optimization,rg_gamma65_current__conditioned_p10_f075,train,44,rg_gamma65_current,gamma65,region_growing,conditioned_p10_f075,vesselness_conditioned,3,,1.0,2.0,10.0,0.75,1.0,both_tolerable,True,1.76953125,0.58984375,0.4800299884865632,0.3191506817846184,0.4800299884865632,0.16087930670194478,68012,16912,68012,51100,0.22086711634984443,0.6107515159773795,0.5750354777672658,0.39540081162147855,0.32449242300026526,0.1351369819994943,1.808942788999957,,,,,,,False,False,0,0,0,0.06748900562524796,32034.0,22865.0,0.7137728663295249,
optimization,rg_gamma65_current__current_c3_d2,train,44,rg_gamma65_current,gamma65,region_growing,current_c3_d2,standard,3,2.0,,,,,,both_tolerable,True,1.76953125,0.58984375,0.468022968022968,0.3191506817846184,0.468022968022968,0.14887228623834958,77181,16912,77181,60269,0.22086711634984443,0.6442052190502147,0.5750354777672658,0.36751272981692384,0.32449242300026526,0.1351369819994943,1.3795204910002212,,,,,,,False,False,0,0,0,,,,,
optimization,rg_gamma65_divisor6__conditioned_p10_f025,train,44,rg_gamma65_divisor6,gamma65,region_growing,conditioned_p10_f025,vesselness_conditioned,3,,1.0,2.0,10.0,0.25,1.0,both_tolerable,True,1.76953125,0.58984375,0.47407508346392313,0.32013250028697465,0.47407508346392313,0.15394258317694848,73385,16950,73385,56435,0.22168472212759194,0.6321001112852309,0.5758702064896755,0.3792600667711385,0.32449242300026526,0.13155730899961782,1.7267166310002722,,,,,,,False,False,0,0,0,0.02248152531683445,32043.0,28162.0,0.8788815029803702,
optimization,rg_gamma65_divisor6__conditioned_p10_f050,train,44,rg_gamma65_divisor6,gamma65,region_growing,conditioned_p10_f050,vesselness_conditioned,3,,1.0,2.0,10.0,0.5,1.0,both_tolerable,True,1.76953125,0.58984375,0.4755972369634437,0.32013250028697465,0.4755972369634437,0.15546473667646904,70915,16950,70915,53965,0.22168472212759194,0.6207898980263905,0.5758702064896755,0.3854473665656067,0.32449242300026526,0.13155730899961782,1.7744214349995673,,,,,,,False,False,0,0,0,0.0449630506336689,32043.0,25692.0,0.8017975844958337,
optimization,rg_gamma65_divisor6__conditioned_p10_f075,train,44,rg_gamma65_divisor6,gamma65,region_growing,conditioned_p10_f075,vesselness_conditioned,3,,1.0,2.0,10.0,0.75,1.0,both_tolerable,True,1.76953125,0.58984375,0.4800435348903599,0.32013250028697465,0.4800435348903599,0.15991103460338524,68063,16950,68063,51113,0.22168472212759194,0.6110467625082329,0.5758702064896755,0.3952955350190265,0.32449242300026526,0.13155730899961782,1.7326491880003232,,,,,,,False,False,0,0,0,0.06744457595050335,32043.0,22840.0,0.7127921855007334,
optimization,rg_gamma65_divisor6__current_c3_d2,train,44,rg_gamma65_divisor6,gamma65,region_growing,current_c3_d2,standard,3,2.0,,,,,,both_tolerable,True,1.76953125,0.58984375,0.46815667328952904,0.32013250028697465,0.46815667328952904,0.14802417300255438,77266,16950,77266,60316,0.22168472212759194,0.6448411346551294,0.5758702064896755,0.3674708151062563,0.32449242300026526,0.13155730899961782,1.3504904979999992,,,,,,,False,False,0,0,0,,,,,
optimization,rg_gamma65_divisor8__conditioned_p10_f025,train,44,rg_gamma65_divisor8,gamma65,region_growing,conditioned_p10_f025,vesselness_conditioned,3,,1.0,2.0,10.0,0.25,1.0,both_tolerable,True,1.76953125,0.58984375,0.47286471175421685,0.3164937776389551,0.47286471175421685,0.15637093411526176,73178,16798,73178,56380,0.21861870046103882,0.6293747586927392,0.5730444100488153,0.3786930498237175,0.32449242300026526,0.12998241399964172,1.7276905790004093,,,,,,,False,False,0,0,0,0.022509954869747162,31989.0,28151.0,0.8800212573071994,
optimization,rg_gamma65_divisor8__conditioned_p10_f050,train,44,rg_gamma65_divisor8,gamma65,region_growing,conditioned_p10_f050,vesselness_conditioned,3,,1.0,2.0,10.0,0.5,1.0,both_tolerable,True,1.76953125,0.58984375,0.4746004914347455,0.3164937776389551,0.4746004914347455,0.1581067137957904,70735,16798,70735,53937,0.21861870046103882,0.6185187708659808,0.5730444100488153,0.38501449070474303,0.32449242300026526,0.12998241399964172,1.7275987240000177,,,,,,,False,False,0,0,0,0.045019909739494324,31989.0,25708.0,0.8036512551189471,
optimization,rg_gamma65_divisor8__conditioned_p10_f075,train,44,rg_gamma65_divisor8,gamma65,region_growing,conditioned_p10_f075,vesselness_conditioned,3,,1.0,2.0,10.0,0.75,1.0,both_tolerable,True,1.76953125,0.58984375,0.4792602849868227,0.3164937776389551,0.4792602849868227,0.16276650734786763,67904,16798,67904,51106,0.21861870046103882,0.6091844382366969,0.5730444100488153,0.395013548539114,0.32449242300026526,0.12998241399964172,1.7187120529997628,,,,,,,False,False,0,0,0,0.06752986460924149,31989.0,22877.0,0.715152083528713,
optimization,rg_gamma65_divisor8__current_c3_d2,train,44,rg_gamma65_divisor8,gamma65,region_growing,current_c3_d2,standard,3,2.0,,,,,,both_tolerable,True,1.76953125,0.58984375,0.4668765025155518,0.3164937776389551,0.4668765025155518,0.1503827248765967,77016,16798,77016,60218,0.21861870046103882,0.6417524017169721,0.5730444100488153,0.36689778747273294,0.32449242300026526,0.12998241399964172,1.360848729999816,,,,,,,False,False,0,0,0,,,,,
optimization,rg_gamma65_floor065__conditioned_p10_f025,train,44,rg_gamma65_floor065,gamma65,region_growing,conditioned_p10_f025,vesselness_conditioned,3,,1.0,2.0,10.0,0.25,1.0,both_tolerable,True,1.76953125,0.58984375,0.4323861377053192,0.3182650811884877,0.4323861377053192,0.11412105651683152,86741,20387,86741,66354,0.2328132452135995,0.6420930707910336,0.5028204247804974,0.32593583195951165,0.32449242300026526,0.1567621110007167,1.7905386669999643,,,,,,,False,False,0,0,0,0.01863003894686699,36754.0,32218.0,0.8765848615116723,
optimization,rg_gamma65_floor065__conditioned_p10_f050,train,44,rg_gamma65_floor065,gamma65,region_growing,conditioned_p10_f050,vesselness_conditioned,3,,1.0,2.0,10.0,0.5,1.0,both_tolerable,True,1.76953125,0.58984375,0.43436530329912537,0.3182650811884877,0.43436530329912537,0.1161002221106377,83912,20387,83912,63525,0.2328132452135995,0.6310781040630465,0.5028204247804974,0.3311445323672419,0.32449242300026526,0.1567621110007167,1.793356488000427,,,,,,,False,False,0,0,0,0.03726007789373398,36754.0,29389.0,0.7996136474941503,
optimization,rg_gamma65_floor065__conditioned_p10_f075,train,44,rg_gamma65_floor065,gamma65,region_growing,conditioned_p10_f075,vesselness_conditioned,3,,1.0,2.0,10.0,0.75,1.0,both_tolerable,True,1.76953125,0.58984375,0.4390134313269252,0.3182650811884877,0.4390134313269252,0.12074835013843754,80603,20387,80603,60216,0.2328132452135995,0.6213349685448888,0.5028204247804974,0.3394166470230637,0.32449242300026526,0.1567621110007167,1.7420502770000894,,,,,,,False,False,0,0,0,0.05589011684060097,36754.0,26080.0,0.7095826304619905,
optimization,rg_gamma65_floor065__current_c3_d2,train,44,rg_gamma65_floor065,gamma65,region_growing,current_c3_d2,standard,3,2.0,,,,,,both_tolerable,True,1.76953125,0.58984375,0.42565110710379284,0.3182650811884877,0.42565110710379284,0.10738602591530516,91277,20387,91277,70890,0.2328132452135995,0.6540164883831846,0.5028204247804974,0.3154902111156151,0.32449242300026526,0.1567621110007167,1.3791496280000501,,,,,,,False,False,0,0,0,,,,,
optimization,rg_gamma65_floor090__conditioned_p10_f025,train,44,rg_gamma65_floor090,gamma65,region_growing,conditioned_p10_f025,vesselness_conditioned,3,,1.0,2.0,10.0,0.25,1.0,both_tolerable,True,1.76953125,0.58984375,0.5536169219370096,0.32395816966078317,0.5536169219370096,0.22965875227622645,54492,13248,54492,41244,0.21071517794281303,0.6193817991869365,0.7003321256038647,0.5004771342582397,0.32449242300026526,0.10664557900054206,1.736103494999952,,,,,,,False,False,0,0,0,0.026709934696555138,24320.0,21239.0,0.8733141447368421,
optimization,rg_gamma65_floor090__conditioned_p10_f050,train,44,rg_gamma65_floor090,gamma65,region_growing,conditioned_p10_f050,vesselness_conditioned,3,,1.0,2.0,10.0,0.5,1.0,both_tolerable,True,1.76953125,0.58984375,0.5539499834382245,0.32395816966078317,0.5539499834382245,0.22999181377744138,52577,13248,52577,39329,0.21071517794281303,0.6077082055824305,0.7003321256038647,0.5089297601612872,0.32449242300026526,0.10664557900054206,1.7348630569995294,,,,,,,False,False,0,0,0,0.053419869393110275,24320.0,19324.0,0.7945723684210526,
optimization,rg_gamma65_floor090__conditioned_p10_f075,train,44,rg_gamma65_floor090,gamma65,region_growing,conditioned_p10_f075,vesselness_conditioned,3,,1.0,2.0,10.0,0.75,1.0,both_tolerable,True,1.76953125,0.58984375,0.5566510801261029,0.32395816966078317,0.5566510801261029,0.2326929104653197,50495,13248,50495,37247,0.21071517794281303,0.597510844632191,0.7003321256038647,0.5210218833547876,0.32449242300026526,0.10664557900054206,1.7156574239998008,,,,,,,False,False,0,0,0,0.08012980408966541,24320.0,17242.0,0.7089638157894737,
optimization,rg_gamma65_floor090__current_c3_d2,train,44,rg_gamma65_floor090,gamma65,region_growing,current_c3_d2,standard,3,2.0,,,,,,both_tolerable,True,1.76953125,0.58984375,0.5485610802724302,0.32395816966078317,0.5485610802724302,0.22460291061164706,57573,13248,57573,44325,0.21071517794281303,0.6329177170629784,0.7003321256038647,0.4840463411668664,0.32449242300026526,0.10664557900054206,1.3927120319995083,,,,,,,False,False,0,0,0,,,,,
optimization,rg_gamma65_recovery__conditioned_p10_f025,train,44,rg_gamma65_recovery,gamma65,region_growing,conditioned_p10_f025,vesselness_conditioned,3,,1.0,2.0,10.0,0.25,1.0,both_tolerable,True,1.76953125,0.58984375,0.47395780072945426,0.3191506817846184,0.47395780072945426,0.15480711894483584,73317,16912,73317,56405,0.22086711634984443,0.6315777520383367,0.5750354777672658,0.3792981163986524,0.32449242300026526,0.15273686000000453,1.746209106000606,,,,,,,False,False,0,0,0,0.022496335208415985,32034.0,28170.0,0.8793781607042518,
optimization,rg_gamma65_recovery__conditioned_p10_f050,train,44,rg_gamma65_recovery,gamma65,region_growing,conditioned_p10_f050,vesselness_conditioned,3,,1.0,2.0,10.0,0.5,1.0,both_tolerable,True,1.76953125,0.58984375,0.4755588050971381,0.3191506817846184,0.4755588050971381,0.1564081233125197,70857,16912,70857,53945,0.22086711634984443,0.620426517680725,0.5750354777672658,0.3855370676150557,0.32449242300026526,0.15273686000000453,1.721066401999451,,,,,,,False,False,0,0,0,0.04499267041683197,32034.0,25710.0,0.8025847536991946,
optimization,rg_gamma65_recovery__conditioned_p10_f075,train,44,rg_gamma65_recovery,gamma65,region_growing,conditioned_p10_f075,vesselness_conditioned,3,,1.0,2.0,10.0,0.75,1.0,both_tolerable,True,1.76953125,0.58984375,0.4800299884865632,0.3191506817846184,0.4800299884865632,0.16087930670194478,68012,16912,68012,51100,0.22086711634984443,0.6107515159773795,0.5750354777672658,0.39540081162147855,0.32449242300026526,0.15273686000000453,1.7262412260006386,,,,,,,False,False,0,0,0,0.06748900562524796,32034.0,22865.0,0.7137728663295249,
optimization,rg_gamma65_recovery__current_c3_d2,train,44,rg_gamma65_recovery,gamma65,region_growing,current_c3_d2,standard,3,2.0,,,,,,both_tolerable,True,1.76953125,0.58984375,0.468022968022968,0.3191506817846184,0.468022968022968,0.14887228623834958,77181,16912,77181,60269,0.22086711634984443,0.6442052190502147,0.5750354777672658,0.36751272981692384,0.32449242300026526,0.15273686000000453,1.3589798090006298,,,,,,,False,False,0,0,0,,,,,
optimization,rg_gamma65_relax090__conditioned_p10_f025,train,44,rg_gamma65_relax090,gamma65,region_growing,conditioned_p10_f025,vesselness_conditioned,3,,1.0,2.0,10.0,0.25,1.0,both_tolerable,True,1.76953125,0.58984375,0.4541493204606936,0.3187259923175416,0.4541493204606936,0.135423328143152,79435,18449,79435,60986,0.22613613136199495,0.6367332106924667,0.5397040489999458,0.352942657518726,0.32449242300026526,0.14180739599942171,1.7318239510004787,,,,,,,False,False,0,0,0,0.020578723400831223,34037.0,29881.0,0.8778975820430708,
optimization,rg_gamma65_relax090__conditioned_p10_f050,train,44,rg_gamma65_relax090,gamma65,region_growing,conditioned_p10_f050,vesselness_conditioned,3,,1.0,2.0,10.0,0.5,1.0,both_tolerable,True,1.76953125,0.58984375,0.4562269212299846,0.3187259923175416,0.4562269212299846,0.13750092891244298,76751,18449,76751,58302,0.22613613136199495,0.6257409552360836,0.5397040489999458,0.35897903610376414,0.32449242300026526,0.14180739599942171,1.7384514840005068,,,,,,,False,False,0,0,0,0.041157446801662445,34037.0,27197.0,0.7990422187619355,
optimization,rg_gamma65_relax090__conditioned_p10_f075,train,44,rg_gamma65_relax090,gamma65,region_growing,conditioned_p10_f075,vesselness_conditioned,3,,1.0,2.0,10.0,0.75,1.0,both_tolerable,True,1.76953125,0.58984375,0.4605901082572702,0.3187259923175416,0.4605901082572702,0.14186411593972859,73744,18449,73744,55295,0.22613613136199495,0.615997819717926,0.5397040489999458,0.36779941418962897,0.32449242300026526,0.14180739599942171,1.7397252170003412,,,,,,,False,False,0,0,0,0.06173617020249367,34037.0,24190.0,0.7106971824778917,
optimization,rg_gamma65_relax090__current_c3_d2,train,44,rg_gamma65_relax090,gamma65,region_growing,current_c3_d2,standard,3,2.0,,,,,,both_tolerable,True,1.76953125,0.58984375,0.4477441193524627,0.3187259923175416,0.4477441193524627,0.1290181270349211,83591,18449,83591,65142,0.22613613136199495,0.6488837410006586,0.5397040489999458,0.3417951693364118,0.32449242300026526,0.14180739599942171,1.3484718990002875,,,,,,,False,False,0,0,0,,,,,
optimization,rg_gamma65_window3__conditioned_p10_f025,train,44,rg_gamma65_window3,gamma65,region_growing,conditioned_p10_f025,vesselness_conditioned,3,,1.0,2.0,10.0,0.25,1.0,both_tolerable,True,1.76953125,0.58984375,0.5583104578057203,0.2452105770934651,0.5583104578057203,0.3130998807122552,23727,6758,23727,16969,0.14142308827871272,0.4295837023914969,0.9214264575318142,0.7971930711847263,0.32449242300026526,0.08882889400047134,1.7270536420001008,,,,,,,False,False,0,0,0,0.0283191055059433,10539.0,9425.0,0.8942973716671411,
optimization,rg_gamma65_window3__conditioned_p10_f050,train,44,rg_gamma65_window3,gamma65,region_growing,conditioned_p10_f050,vesselness_conditioned,3,,1.0,2.0,10.0,0.5,1.0,both_tolerable,True,1.76953125,0.58984375,0.5557047380355651,0.2452105770934651,0.5557047380355651,0.3104941609421,23001,6758,23001,16243,0.14142308827871272,0.42299743362630876,0.9214264575318142,0.809747402286857,0.32449242300026526,0.08882889400047134,1.7158297160003713,,,,,,,False,False,0,0,0,0.0566382110118866,10539.0,8699.0,0.8254103804915077,
optimization,rg_gamma65_window3__conditioned_p10_f075,train,44,rg_gamma65_window3,gamma65,region_growing,conditioned_p10_f075,vesselness_conditioned,3,,1.0,2.0,10.0,0.75,1.0,both_tolerable,True,1.76953125,0.58984375,0.5538805136795086,0.2452105770934651,0.5538805136795086,0.3086699365860435,22236,6758,22236,15478,0.14142308827871272,0.4167972564783902,0.9214264575318142,0.8253282964561972,0.32449242300026526,0.08882889400047134,1.7126531580006485,,,,,,,False,False,0,0,0,0.0849573165178299,10539.0,7934.0,0.7528228484675965,
optimization,rg_gamma65_window3__current_c3_d2,train,44,rg_gamma65_window3,gamma65,region_growing,current_c3_d2,standard,3,2.0,,,,,,both_tolerable,True,1.76953125,0.58984375,0.559385526774306,0.2452105770934651,0.559385526774306,0.31417494968084086,24841,6758,24841,18083,0.14142308827871272,0.4374872249097227,0.9214264575318142,0.7754518739181192,0.32449242300026526,0.08882889400047134,1.3606638929995825,,,,,,,False,False,0,0,0,,,,,
optimization,fc_affinity_floor024_only__conditioned_p10_f025,train,90,fc_affinity_floor024_only,current,fuzzy_connectedness,conditioned_p10_f025,vesselness_conditioned,3,,1.0,2.0,10.0,0.25,1.0,both_tolerable,True,1.3203125,0.8281342128025279,0.3888757439528238,0.1920480469295591,0.3888757439528238,0.19682769702326472,16635,4650,16635,11985,0.10767985799310849,0.27887125404615226,0.8870967741935484,0.642200180342651,0.42726245199992263,1.2134537250003632,2.3237066190004043,4650.0,515101.0,500000.0,0.16,8.0,False,False,True,0,0,0,0.01697038672864437,7818.0,6740.0,0.8621130723970325,
optimization,fc_affinity_floor024_only__conditioned_p10_f050,train,90,fc_affinity_floor024_only,current,fuzzy_connectedness,conditioned_p10_f050,vesselness_conditioned,3,,1.0,2.0,10.0,0.5,1.0,both_tolerable,True,1.3203125,0.8281342128025279,0.38786318499448325,0.1920480469295591,0.38786318499448325,0.19581513806492415,16072,4650,16072,11422,0.10767985799310849,0.2752949775503811,0.8870967741935484,0.656172224987556,0.42726245199992263,1.2134537250003632,2.325242217999403,4650.0,515101.0,500000.0,0.16,8.0,False,False,True,0,0,0,0.03394077345728874,7818.0,6177.0,0.7900997697620875,
optimization,fc_affinity_floor024_only__conditioned_p10_f075,train,90,fc_affinity_floor024_only,current,fuzzy_connectedness,conditioned_p10_f075,vesselness_conditioned,3,,1.0,2.0,10.0,0.75,1.0,both_tolerable,True,1.3203125,0.8281342128025279,0.3849625735990639,0.1920480469295591,0.3849625735990639,0.1929145266695048,15531,4650,15531,10881,0.10767985799310849,0.27051790748668686,0.8870967741935484,0.6672461528555792,0.42726245199992263,1.2134537250003632,2.354435016000025,4650.0,515101.0,500000.0,0.16,8.0,False,False,True,0,0,0,0.05091116018593311,7818.0,5636.0,0.7209004860578153,
optimization,fc_affinity_floor024_only__current_c3_d2,train,90,fc_affinity_floor024_only,current,fuzzy_connectedness,current_c3_d2,standard,3,2.0,,,,,,both_tolerable,True,1.3203125,0.8281342128025279,0.38735474197176056,0.1920480469295591,0.38735474197176056,0.19530669504220147,17713,4650,17713,13063,0.10767985799310849,0.28323065678187326,0.8870967741935484,0.6125444588720149,0.42726245199992263,1.2134537250003632,1.8520762449998074,4650.0,515101.0,500000.0,0.16,8.0,False,False,True,0,0,0,,,,,
optimization,fc_alpha017__conditioned_p10_f025,train,90,fc_alpha017,current,fuzzy_connectedness,conditioned_p10_f025,vesselness_conditioned,3,,1.0,2.0,10.0,0.25,1.0,both_tolerable,True,1.3203125,0.8281342128025279,0.3693154171501291,0.17621601279518298,0.3693154171501291,0.19309940435494613,15126,4208,15126,10918,0.09778636316174168,0.2575702203195155,0.8902091254752852,0.6523205077350258,0.42726245199992263,1.1366461210000125,2.3323990629996842,4208.0,515101.0,500000.0,0.17,8.0,False,False,True,0,0,0,0.01944321021437645,7130.0,6174.0,0.8659186535764376,
optimization,fc_alpha017__conditioned_p10_f050,train,90,fc_alpha017,current,fuzzy_connectedness,conditioned_p10_f050,vesselness_conditioned,3,,1.0,2.0,10.0,0.5,1.0,both_tolerable,True,1.3203125,0.8281342128025279,0.3677982761227884,0.17621601279518298,0.3677982761227884,0.19158226332760545,14596,4208,14596,10388,0.09778636316174168,0.25396783961574604,0.8902091254752852,0.6665524801315429,0.42726245199992263,1.1366461210000125,2.320997511999849,4208.0,515101.0,500000.0,0.17,8.0,False,False,True,0,0,0,0.0388864204287529,7130.0,5644.0,0.7915848527349229,
optimization,fc_alpha017__conditioned_p10_f075,train,90,fc_alpha017,current,fuzzy_connectedness,conditioned_p10_f075,vesselness_conditioned,3,,1.0,2.0,10.0,0.75,1.0,both_tolerable,True,1.3203125,0.8281342128025279,0.36590770171149145,0.17621601279518298,0.36590770171149145,0.18969168891630847,14044,4208,14044,9836,0.09778636316174168,0.2500261042079983,0.8902091254752852,0.6819994303617203,0.42726245199992263,1.1366461210000125,2.285176054000658,4208.0,515101.0,500000.0,0.17,8.0,False,False,True,0,0,0,0.05832963064312935,7130.0,5092.0,0.7141654978962132,
optimization,fc_alpha017__current_c3_d2,train,90,fc_alpha017,current,fuzzy_connectedness,current_c3_d2,standard,3,2.0,,,,,,both_tolerable,True,1.3203125,0.8281342128025279,0.3690384261812833,0.17621601279518298,0.3690384261812833,0.19282241338610032,16082,4208,16082,11874,0.09778636316174168,0.26198183147123316,0.8902091254752852,0.6240517348588484,0.42726245199992263,1.1366461210000125,1.8499176530003751,4208.0,515101.0,500000.0,0.17,8.0,False,False,True,0,0,0,,,,,
optimization,fc_candidate024_only__conditioned_p10_f025,train,90,fc_candidate024_only,current,fuzzy_connectedness,conditioned_p10_f025,vesselness_conditioned,3,,1.0,2.0,10.0,0.25,1.0,both_tolerable,True,1.3203125,0.8281342128025279,0.38603553327356227,0.18873384048163533,0.38603553327356227,0.19730169279192694,16345,4546,16345,11799,0.10556541714524381,0.2753732901743761,0.8895732512098549,0.6453961456102784,0.42726245199992263,1.081435209999654,2.277417719999903,4546.0,408776.0,408776.0,0.16,8.0,False,False,False,0,0,0,0.017902716994285583,7698.0,6642.0,0.8628215120810601,
optimization,fc_candidate024_only__conditioned_p10_f050,train,90,fc_candidate024_only,current,fuzzy_connectedness,conditioned_p10_f050,vesselness_conditioned,3,,1.0,2.0,10.0,0.5,1.0,both_tolerable,True,1.3203125,0.8281342128025279,0.3845286298001368,0.18873384048163533,0.3845286298001368,0.19579478931850147,15779,4546,15779,11233,0.10556541714524381,0.2714576589746267,0.8895732512098549,0.6590404968629191,0.42726245199992263,1.081435209999654,2.2763268710004922,4546.0,408776.0,408776.0,0.16,8.0,False,False,False,0,0,0,0.03580543398857117,7698.0,6076.0,0.7892959210184464,
optimization,fc_candidate024_only__conditioned_p10_f075,train,90,fc_candidate024_only,current,fuzzy_connectedness,conditioned_p10_f075,vesselness_conditioned,3,,1.0,2.0,10.0,0.75,1.0,both_tolerable,True,1.3203125,0.8281342128025279,0.38280301190187027,0.18873384048163533,0.38280301190187027,0.19406917142023494,15213,4546,15213,10667,0.10556541714524381,0.2674115067348857,0.8895732512098549,0.6733714586209163,0.42726245199992263,1.081435209999654,2.3227599829997416,4546.0,408776.0,408776.0,0.16,8.0,False,False,False,0,0,0,0.05370815098285675,7698.0,5510.0,0.7157703299558327,
optimization,fc_candidate024_only__current_c3_d2,train,90,fc_candidate024_only,current,fuzzy_connectedness,current_c3_d2,standard,3,2.0,,,,,,both_tolerable,True,1.3203125,0.8281342128025279,0.38474932237160964,0.18873384048163533,0.38474932237160964,0.1960154818899743,17401,4546,17401,12855,0.10556541714524381,0.2797587971180954,0.8895732512098549,0.6158841445893914,0.42726245199992263,1.081435209999654,1.8187571930002377,4546.0,408776.0,408776.0,0.16,8.0,False,False,False,0,0,0,,,,,
optimization,fc_current__conditioned_p10_f025,train,90,fc_current,current,fuzzy_connectedness,conditioned_p10_f025,vesselness_conditioned,3,,1.0,2.0,10.0,0.25,1.0,both_tolerable,True,1.3203125,0.8281342128025279,0.38603553327356227,0.18873384048163533,0.38603553327356227,0.19730169279192694,16345,4546,16345,11799,0.10556541714524381,0.2753732901743761,0.8895732512098549,0.6453961456102784,0.42726245199992263,1.2022267990005275,2.3282924039995123,4546.0,515101.0,500000.0,0.16,8.0,False,False,True,0,0,0,0.017902716994285583,7698.0,6642.0,0.8628215120810601,
optimization,fc_current__conditioned_p10_f050,train,90,fc_current,current,fuzzy_connectedness,conditioned_p10_f050,vesselness_conditioned,3,,1.0,2.0,10.0,0.5,1.0,both_tolerable,True,1.3203125,0.8281342128025279,0.3845286298001368,0.18873384048163533,0.3845286298001368,0.19579478931850147,15779,4546,15779,11233,0.10556541714524381,0.2714576589746267,0.8895732512098549,0.6590404968629191,0.42726245199992263,1.2022267990005275,2.377883666999878,4546.0,515101.0,500000.0,0.16,8.0,False,False,True,0,0,0,0.03580543398857117,7698.0,6076.0,0.7892959210184464,
optimization,fc_current__conditioned_p10_f075,train,90,fc_current,current,fuzzy_connectedness,conditioned_p10_f075,vesselness_conditioned,3,,1.0,2.0,10.0,0.75,1.0,both_tolerable,True,1.3203125,0.8281342128025279,0.38280301190187027,0.18873384048163533,0.38280301190187027,0.19406917142023494,15213,4546,15213,10667,0.10556541714524381,0.2674115067348857,0.8895732512098549,0.6733714586209163,0.42726245199992263,1.2022267990005275,2.363811318000444,4546.0,515101.0,500000.0,0.16,8.0,False,False,True,0,0,0,0.05370815098285675,7698.0,5510.0,0.7157703299558327,
optimization,fc_current__current_c3_d2,train,90,fc_current,current,fuzzy_connectedness,current_c3_d2,standard,3,2.0,,,,,,both_tolerable,True,1.3203125,0.8281342128025279,0.38474932237160964,0.18873384048163533,0.38474932237160964,0.1960154818899743,17401,4546,17401,12855,0.10556541714524381,0.2797587971180954,0.8895732512098549,0.6158841445893914,0.42726245199992263,1.2022267990005275,1.9061568049992275,4546.0,515101.0,500000.0,0.16,8.0,False,False,True,0,0,0,,,,,
optimization,fc_floor020__conditioned_p10_f025,train,90,fc_floor020,current,fuzzy_connectedness,conditioned_p10_f025,vesselness_conditioned,3,,1.0,2.0,10.0,0.25,1.0,both_tolerable,True,1.3203125,0.8281342128025279,0.38608034506707606,0.18958119578397536,0.38608034506707606,0.1964991492831007,16406,4576,16406,11830,0.10611360551320873,0.2757126448783544,0.8883304195804196,0.643788857734975,0.42726245199992263,1.1453109829999448,2.374025301999609,4576.0,473251.0,473251.0,0.16,8.0,False,False,False,0,0,0,0.017636477947235107,7717.0,6654.0,0.8622521705325904,
optimization,fc_floor020__conditioned_p10_f050,train,90,fc_floor020,current,fuzzy_connectedness,conditioned_p10_f050,vesselness_conditioned,3,,1.0,2.0,10.0,0.5,1.0,both_tolerable,True,1.3203125,0.8281342128025279,0.38470772924554436,0.18958119578397536,0.38470772924554436,0.195126533461569,15837,4576,15837,11261,0.10611360551320873,0.2718753263026,0.8883304195804196,0.6576371787586033,0.42726245199992263,1.1453109829999448,2.389729835000253,4576.0,473251.0,473251.0,0.16,8.0,False,False,False,0,0,0,0.035272955894470215,7717.0,6085.0,0.7885188544771284,
optimization,fc_floor020__conditioned_p10_f075,train,90,fc_floor020,current,fuzzy_connectedness,conditioned_p10_f075,vesselness_conditioned,3,,1.0,2.0,10.0,0.75,1.0,both_tolerable,True,1.3203125,0.8281342128025279,0.3827381618717116,0.18958119578397536,0.3827381618717116,0.19315696608773625,15290,4576,15290,10714,0.10611360551320873,0.26775086143886395,0.8883304195804196,0.6708306082406802,0.42726245199992263,1.1453109829999448,2.3254313460001867,4576.0,473251.0,473251.0,0.16,8.0,False,False,False,0,0,0,0.05290943384170532,7717.0,5538.0,0.7176363871970973,
optimization,fc_floor020__current_c3_d2,train,90,fc_floor020,current,fuzzy_connectedness,current_c3_d2,standard,3,2.0,,,,,,both_tolerable,True,1.3203125,0.8281342128025279,0.38474640084622697,0.18958119578397536,0.38474640084622697,0.1951652050622516,17469,4576,17469,12893,0.10611360551320873,0.2800981518220737,0.8883304195804196,0.6142309233499341,0.42726245199992263,1.1453109829999448,1.8775075419998757,4576.0,473251.0,473251.0,0.16,8.0,False,False,False,0,0,0,,,,,
optimization,fc_floor020_recovery__conditioned_p10_f025,train,90,fc_floor020_recovery,current,fuzzy_connectedness,conditioned_p10_f025,vesselness_conditioned,3,,1.0,2.0,10.0,0.25,1.0,both_tolerable,True,1.3203125,0.8281342128025279,0.3860463416416929,0.18956793433907712,0.3860463416416929,0.19647840730261576,16416,4579,16416,11837,0.10611360551320873,0.2757387490863527,0.8877484166848657,0.6434576023391813,0.42726245199992263,1.4280409359998885,2.4225344399992537,,,,,,,False,False,1,1,3,0.01762540452182293,7723.0,6660.0,0.8623591868444905,
optimization,fc_floor020_recovery__conditioned_p10_f050,train,90,fc_floor020_recovery,current,fuzzy_connectedness,conditioned_p10_f050,vesselness_conditioned,3,,1.0,2.0,10.0,0.5,1.0,both_tolerable,True,1.3203125,0.8281342128025279,0.3847773099933525,0.18956793433907712,0.3847773099933525,0.1952093756542754,15848,4579,15848,11269,0.10611360551320873,0.2719797431345933,0.8877484166848657,0.6574331145885917,0.42726245199992263,1.4280409359998885,2.326796700000159,,,,,,,False,False,1,1,3,0.03525080904364586,7723.0,6092.0,0.7888126375760715,
optimization,fc_floor020_recovery__conditioned_p10_f075,train,90,fc_floor020_recovery,current,fuzzy_connectedness,conditioned_p10_f075,vesselness_conditioned,3,,1.0,2.0,10.0,0.75,1.0,both_tolerable,True,1.3203125,0.8281342128025279,0.3827183524232362,0.18956793433907712,0.3827183524232362,0.1931504180841591,15298,4579,15298,10719,0.10611360551320873,0.26777696564686226,0.8877484166848657,0.6705451693031769,0.42726245199992263,1.4280409359998885,2.348842627000522,,,,,,,False,False,1,1,3,0.05287621356546879,7723.0,5542.0,0.7175967888126376,
optimization,fc_floor020_recovery__current_c3_d2,train,90,fc_floor020_recovery,current,fuzzy_connectedness,current_c3_d2,standard,3,2.0,,,,,,both_tolerable,True,1.3203125,0.8281342128025279,0.38471328445695235,0.18956793433907712,0.38471328445695235,0.19514535011787523,17479,4579,17479,12900,0.10611360551320873,0.28012425603007207,0.8877484166848657,0.6139367240688827,0.42726245199992263,1.4280409359998885,1.8449272830002883,,,,,,,False,False,1,1,3,,,,,
optimization,fc_floor024__conditioned_p10_f025,train,90,fc_floor024,current,fuzzy_connectedness,conditioned_p10_f025,vesselness_conditioned,3,,1.0,2.0,10.0,0.25,1.0,both_tolerable,True,1.3203125,0.8281342128025279,0.3888828218848968,0.19200595944781992,0.3888828218848968,0.1968768624370769,16634,4649,16634,11985,0.10765375378511016,0.27887125404615226,0.8870724887072489,0.642238788024528,0.42726245199992263,1.0686803979997421,2.3579477379998934,4649.0,408776.0,408776.0,0.16,8.0,False,False,False,0,0,0,0.016972078010439873,7817.0,6740.0,0.8622233593450173,
optimization,fc_floor024__conditioned_p10_f050,train,90,fc_floor024,current,fuzzy_connectedness,conditioned_p10_f050,vesselness_conditioned,3,,1.0,2.0,10.0,0.5,1.0,both_tolerable,True,1.3203125,0.8281342128025279,0.38786318499448325,0.19200595944781992,0.38786318499448325,0.19585722554666332,16072,4649,16072,11423,0.10765375378511016,0.2752949775503811,0.8870724887072489,0.656172224987556,0.42726245199992263,1.0686803979997421,2.316347410000162,4649.0,408776.0,408776.0,0.16,8.0,False,False,False,0,0,0,0.033944156020879745,7817.0,6178.0,0.7903287706281182,
optimization,fc_floor024__conditioned_p10_f075,train,90,fc_floor024,current,fuzzy_connectedness,conditioned_p10_f075,vesselness_conditioned,3,,1.0,2.0,10.0,0.75,1.0,both_tolerable,True,1.3203125,0.8281342128025279,0.3849625735990639,0.19200595944781992,0.3849625735990639,0.19295661415124396,15531,4649,15531,10882,0.10765375378511016,0.27051790748668686,0.8870724887072489,0.6672461528555792,0.42726245199992263,1.0686803979997421,2.266860273999555,4649.0,408776.0,408776.0,0.16,8.0,False,False,False,0,0,0,0.05091623403131962,7817.0,5637.0,0.7211206345145197,
optimization,fc_floor024__current_c3_d2,train,90,fc_floor024,current,fuzzy_connectedness,current_c3_d2,standard,3,2.0,,,,,,both_tolerable,True,1.3203125,0.8281342128025279,0.38733286920509113,0.19200595944781992,0.38733286920509113,0.1953269097572712,17711,4649,17711,13062,0.10765375378511016,0.2832045525738749,0.8870724887072489,0.6125571678617808,0.42726245199992263,1.0686803979997421,1.841067465999913,4649.0,408776.0,408776.0,0.16,8.0,False,False,False,0,0,0,,,,,
optimization,rg_gamma55_current__conditioned_p10_f025,train,90,rg_gamma55_current,current,region_growing,conditioned_p10_f025,vesselness_conditioned,3,,1.0,2.0,10.0,0.25,1.0,both_tolerable,True,1.3203125,0.8281342128025279,0.38655027003033215,0.16952673197214682,0.38655027003033215,0.21702353805818533,15760,4057,15760,11703,0.09374021092200063,0.2727889735825415,0.8851368005915701,0.6630710659898477,0.42726245199992263,0.04435636800008069,2.35713110100005,,,,,,,False,False,0,0,0,0.023961680009961128,7609.0,6689.0,0.8790905506636877,
optimization,rg_gamma55_current__conditioned_p10_f050,train,90,rg_gamma55_current,current,region_growing,conditioned_p10_f050,vesselness_conditioned,3,,1.0,2.0,10.0,0.5,1.0,both_tolerable,True,1.3203125,0.8281342128025279,0.38514093709165576,0.16952673197214682,0.38514093709165576,0.21561420511950893,15262,4057,15262,11205,0.09374021092200063,0.26929100971076536,0.8851368005915701,0.6759271393002227,0.42726245199992263,0.04435636800008069,2.347067460999824,,,,,,,False,False,0,0,0,0.047923360019922256,7609.0,6191.0,0.8136417400446839,
optimization,rg_gamma55_current__conditioned_p10_f075,train,90,rg_gamma55_current,current,region_growing,conditioned_p10_f075,vesselness_conditioned,3,,1.0,2.0,10.0,0.75,1.0,both_tolerable,True,1.3203125,0.8281342128025279,0.38310965135813657,0.16952673197214682,0.38310965135813657,0.21358291938598975,14669,4057,14669,10612,0.09374021092200063,0.26490550276704605,0.8851368005915701,0.6917990319721863,0.42726245199992263,0.04435636800008069,2.360821264000151,,,,,,,False,False,0,0,0,0.07188504002988338,7609.0,5598.0,0.7357077145485609,
optimization,rg_gamma55_current__current_c3_d2,train,90,rg_gamma55_current,current,region_growing,current_c3_d2,standard,3,2.0,,,,,,both_tolerable,True,1.3203125,0.8281342128025279,0.3859751218447661,0.16952673197214682,0.3859751218447661,0.2164483898726193,16680,4057,16680,12623,0.09374021092200063,0.27701785527827083,0.8851368005915701,0.63621103117506,0.42726245199992263,0.04435636800008069,1.8868109670002013,,,,,,,False,False,0,0,0,,,,,
optimization,rg_gamma65_current__conditioned_p10_f025,train,90,rg_gamma65_current,gamma65,region_growing,conditioned_p10_f025,vesselness_conditioned,3,,1.0,2.0,10.0,0.25,1.0,both_tolerable,True,1.3203125,0.8281342128025279,0.38103689159083187,0.1542941710030076,0.38103689159083187,0.22674272058782427,14658,3586,14658,11072,0.0843688002506004,0.26341756291114127,0.9012827663134412,0.688429526538409,0.42733056700035377,0.03947898600017652,2.3768440869998813,,,,,,,False,False,0,0,0,0.02352960780262947,7206.0,6392.0,0.8870385789619761,
optimization,rg_gamma65_current__conditioned_p10_f050,train,90,rg_gamma65_current,gamma65,region_growing,conditioned_p10_f050,vesselness_conditioned,3,,1.0,2.0,10.0,0.5,1.0,both_tolerable,True,1.3203125,0.8281342128025279,0.3793510999275611,0.1542941710030076,0.3793510999275611,0.2250569289245535,14150,3586,14150,10564,0.0843688002506004,0.25973686958337683,0.9012827663134412,0.7031802120141343,0.42733056700035377,0.03947898600017652,2.346427036000023,,,,,,,False,False,0,0,0,0.04705921560525894,7206.0,5884.0,0.8165417707466001,
optimization,rg_gamma65_current__conditioned_p10_f075,train,90,rg_gamma65_current,gamma65,region_growing,conditioned_p10_f075,vesselness_conditioned,3,,1.0,2.0,10.0,0.75,1.0,both_tolerable,True,1.3203125,0.8281342128025279,0.3754575226353304,0.1542941710030076,0.3754575226353304,0.22116335163232279,13602,3586,13602,10016,0.0843688002506004,0.2543855069437193,0.9012827663134412,0.7164387590060285,0.42733056700035377,0.03947898600017652,2.3284625750002306,,,,,,,False,False,0,0,0,0.07058882340788841,7206.0,5336.0,0.7404940327504858,
optimization,rg_gamma65_current__current_c3_d2,train,90,rg_gamma65_current,gamma65,region_growing,current_c3_d2,standard,3,2.0,,,,,,both_tolerable,True,1.3203125,0.8281342128025279,0.3813313499442172,0.1542941710030076,0.3813313499442172,0.2270371789412096,15472,3586,15472,11886,0.0843688002506004,0.26767254881486896,0.9012827663134412,0.6627456049638056,0.42733056700035377,0.03947898600017652,1.898497194999436,,,,,,,False,False,0,0,0,,,,,
optimization,rg_gamma65_divisor6__conditioned_p10_f025,train,90,rg_gamma65_divisor6,gamma65,region_growing,conditioned_p10_f025,vesselness_conditioned,3,,1.0,2.0,10.0,0.25,1.0,both_tolerable,True,1.3203125,0.8281342128025279,0.3810530687760766,0.15433822651867765,0.3810530687760766,0.22671484225739894,14661,3587,14661,11074,0.08439490445859872,0.2634436671191396,0.9013102871480345,0.6883568651524452,0.42733056700035377,0.0379747889992359,2.2925964880005267,,,,,,,False,False,0,0,0,0.023532668128609657,7206.0,6392.0,0.8870385789619761,
optimization,rg_gamma65_divisor6__conditioned_p10_f050,train,90,rg_gamma65_divisor6,gamma65,region_growing,conditioned_p10_f050,vesselness_conditioned,3,,1.0,2.0,10.0,0.5,1.0,both_tolerable,True,1.3203125,0.8281342128025279,0.37936753016526564,0.15433822651867765,0.37936753016526564,0.225029303646588,14153,3587,14153,10566,0.08439490445859872,0.2597629737913752,0.9013102871480345,0.703101815869427,0.42733056700035377,0.0379747889992359,2.2744854689999556,,,,,,,False,False,0,0,0,0.047065336257219315,7206.0,5884.0,0.8165417707466001,
optimization,rg_gamma65_divisor6__conditioned_p10_f075,train,90,rg_gamma65_divisor6,gamma65,region_growing,conditioned_p10_f075,vesselness_conditioned,3,,1.0,2.0,10.0,0.75,1.0,both_tolerable,True,1.3203125,0.8281342128025279,0.37544305748189244,0.15433822651867765,0.37544305748189244,0.2211048309632148,13604,3587,13604,10017,0.08439490445859872,0.2543855069437193,0.9013102871480345,0.7163334313437224,0.42733056700035377,0.0379747889992359,2.298583373999463,,,,,,,False,False,0,0,0,0.07059800438582897,7206.0,5335.0,0.7403552595059673,
optimization,rg_gamma65_divisor6__current_c3_d2,train,90,rg_gamma65_divisor6,gamma65,region_growing,current_c3_d2,standard,3,2.0,,,,,,both_tolerable,True,1.3203125,0.8281342128025279,0.38134726586467843,0.15433822651867765,0.38134726586467843,0.22700903934600078,15475,3587,15475,11888,0.08439490445859872,0.2676986530228673,0.9013102871480345,0.6626817447495961,0.42733056700035377,0.0379747889992359,1.8339327379999304,,,,,,,False,False,0,0,0,,,,,
optimization,rg_gamma65_divisor8__conditioned_p10_f025,train,90,rg_gamma65_divisor8,gamma65,region_growing,conditioned_p10_f025,vesselness_conditioned,3,,1.0,2.0,10.0,0.25,1.0,both_tolerable,True,1.3203125,0.8281342128025279,0.38103689159083187,0.1542941710030076,0.38103689159083187,0.22674272058782427,14658,3586,14658,11072,0.0843688002506004,0.26341756291114127,0.9012827663134412,0.688429526538409,0.42733056700035377,0.04047573099978763,2.3365249099997527,,,,,,,False,False,0,0,0,0.02352960780262947,7206.0,6392.0,0.8870385789619761,
optimization,rg_gamma65_divisor8__conditioned_p10_f050,train,90,rg_gamma65_divisor8,gamma65,region_growing,conditioned_p10_f050,vesselness_conditioned,3,,1.0,2.0,10.0,0.5,1.0,both_tolerable,True,1.3203125,0.8281342128025279,0.3793510999275611,0.1542941710030076,0.3793510999275611,0.2250569289245535,14150,3586,14150,10564,0.0843688002506004,0.25973686958337683,0.9012827663134412,0.7031802120141343,0.42733056700035377,0.04047573099978763,2.3144781209994107,,,,,,,False,False,0,0,0,0.04705921560525894,7206.0,5884.0,0.8165417707466001,
optimization,rg_gamma65_divisor8__conditioned_p10_f075,train,90,rg_gamma65_divisor8,gamma65,region_growing,conditioned_p10_f075,vesselness_conditioned,3,,1.0,2.0,10.0,0.75,1.0,both_tolerable,True,1.3203125,0.8281342128025279,0.3754575226353304,0.1542941710030076,0.3754575226353304,0.22116335163232279,13602,3586,13602,10016,0.0843688002506004,0.2543855069437193,0.9012827663134412,0.7164387590060285,0.42733056700035377,0.04047573099978763,2.319646326000111,,,,,,,False,False,0,0,0,0.07058882340788841,7206.0,5336.0,0.7404940327504858,
optimization,rg_gamma65_divisor8__current_c3_d2,train,90,rg_gamma65_divisor8,gamma65,region_growing,current_c3_d2,standard,3,2.0,,,,,,both_tolerable,True,1.3203125,0.8281342128025279,0.3813313499442172,0.1542941710030076,0.3813313499442172,0.2270371789412096,15472,3586,15472,11886,0.0843688002506004,0.26767254881486896,0.9012827663134412,0.6627456049638056,0.42733056700035377,0.04047573099978763,1.85528079300002,,,,,,,False,False,0,0,0,,,,,
optimization,rg_gamma65_floor065__conditioned_p10_f025,train,90,rg_gamma65_floor065,gamma65,region_growing,conditioned_p10_f025,vesselness_conditioned,3,,1.0,2.0,10.0,0.25,1.0,both_tolerable,True,1.3203125,0.8281342128025279,0.38596621634177614,0.16608292313517606,0.38596621634177614,0.21988329320660008,15505,3948,15505,11557,0.09159966586613762,0.2710922000626501,0.8888044579533941,0.6697839406643018,0.42733056700035377,0.04188802899989241,2.3016999010005748,,,,,,,False,False,0,0,0,0.019701169803738594,7526.0,6624.0,0.8801488174328993,
optimization,rg_gamma65_floor065__conditioned_p10_f050,train,90,rg_gamma65_floor065,gamma65,region_growing,conditioned_p10_f050,vesselness_conditioned,3,,1.0,2.0,10.0,0.5,1.0,both_tolerable,True,1.3203125,0.8281342128025279,0.38422573261791304,0.16608292313517606,0.38422573261791304,0.21814280948273698,14994,3948,14994,11046,0.09159966586613762,0.26730708990289237,0.8888044579533941,0.6829398426037081,0.42733056700035377,0.04188802899989241,2.2814917739997327,,,,,,,False,False,0,0,0,0.03940233960747719,7526.0,6113.0,0.8122508636726017,
optimization,rg_gamma65_floor065__conditioned_p10_f075,train,90,rg_gamma65_floor065,gamma65,region_growing,conditioned_p10_f075,vesselness_conditioned,3,,1.0,2.0,10.0,0.75,1.0,both_tolerable,True,1.3203125,0.8281342128025279,0.3816206170709044,0.16608292313517606,0.3816206170709044,0.21553769393572833,14425,3948,14425,10477,0.09159966586613762,0.2626605408791897,0.8888044579533941,0.6975389948006933,0.42733056700035377,0.04188802899989241,2.2689881890000834,,,,,,,False,False,0,0,0,0.05910350941121578,7526.0,5544.0,0.7366462928514483,
optimization,rg_gamma65_floor065__current_c3_d2,train,90,rg_gamma65_floor065,gamma65,region_growing,current_c3_d2,standard,3,2.0,,,,,,both_tolerable,True,1.3203125,0.8281342128025279,0.3855980992415243,0.16608292313517606,0.3855980992415243,0.21951517610634821,16407,3948,16407,12459,0.09159966586613762,0.2753732901743761,0.8888044579533941,0.6429572743341256,0.42733056700035377,0.04188802899989241,1.8312408570000116,,,,,,,False,False,0,0,0,,,,,
optimization,rg_gamma65_floor090__conditioned_p10_f025,train,90,rg_gamma65_floor090,gamma65,region_growing,conditioned_p10_f025,vesselness_conditioned,3,,1.0,2.0,10.0,0.25,1.0,both_tolerable,True,1.3203125,0.8281342128025279,0.37954892966360854,0.14486486486486486,0.37954892966360854,0.23468406479874368,14012,3317,14012,10695,0.07870418711496294,0.25918868121541194,0.9089538739825144,0.7086069083642592,0.42733056700035377,0.03775788199982344,2.305685464999442,,,,,,,False,False,0,0,0,0.026828749105334282,6962.0,6220.0,0.8934214306233841,
optimization,rg_gamma65_floor090__conditioned_p10_f050,train,90,rg_gamma65_floor090,gamma65,region_growing,conditioned_p10_f050,vesselness_conditioned,3,,1.0,2.0,10.0,0.5,1.0,both_tolerable,True,1.3203125,0.8281342128025279,0.377424023154848,0.14486486486486486,0.377424023154848,0.23255915828998316,13517,3317,13517,10200,0.07870418711496294,0.25529915422366084,0.9089538739825144,0.7235333284012725,0.42733056700035377,0.03775788199982344,2.268369028000052,,,,,,,False,False,0,0,0,0.053657498210668564,6962.0,5725.0,0.8223211720769894,
optimization,rg_gamma65_floor090__conditioned_p10_f075,train,90,rg_gamma65_floor090,gamma65,region_growing,conditioned_p10_f075,vesselness_conditioned,3,,1.0,2.0,10.0,0.75,1.0,both_tolerable,True,1.3203125,0.8281342128025279,0.37342684589908437,0.14486486486486486,0.37342684589908437,0.2285619810342195,13022,3317,13022,9705,0.07870418711496294,0.2501827294559883,0.9089538739825144,0.7359852557210874,0.42733056700035377,0.03775788199982344,2.2753974950001066,,,,,,,False,False,0,0,0,0.08048624731600285,6962.0,5230.0,0.7512209135305946,
optimization,rg_gamma65_floor090__current_c3_d2,train,90,rg_gamma65_floor090,gamma65,region_growing,current_c3_d2,standard,3,2.0,,,,,,both_tolerable,True,1.3203125,0.8281342128025279,0.38030982624100107,0.14486486486486486,0.38030982624100107,0.2354449613761362,14754,3317,14754,11437,0.07870418711496294,0.26339145870314296,0.9089538739825144,0.6838823369933578,0.42733056700035377,0.03775788199982344,1.816924427000231,,,,,,,False,False,0,0,0,,,,,
optimization,rg_gamma65_recovery__conditioned_p10_f025,train,90,rg_gamma65_recovery,gamma65,region_growing,conditioned_p10_f025,vesselness_conditioned,3,,1.0,2.0,10.0,0.25,1.0,both_tolerable,True,1.3203125,0.8281342128025279,0.3811500150920616,0.15429403202328967,0.3811500150920616,0.22685598306877192,14700,3599,14700,11101,0.08439490445859872,0.2637047091991229,0.8983050847457628,0.6872108843537414,0.42733056700035377,0.079993659000138,2.3420406770001136,,,,,,,False,False,1,1,13,0.023341922089457512,7223.0,6409.0,0.8873044441367852,
optimization,rg_gamma65_recovery__conditioned_p10_f050,train,90,rg_gamma65_recovery,gamma65,region_growing,conditioned_p10_f050,vesselness_conditioned,3,,1.0,2.0,10.0,0.5,1.0,both_tolerable,True,1.3203125,0.8281342128025279,0.3794502543002457,0.15429403202328967,0.3794502543002457,0.22515622227695603,14189,3599,14189,10590,0.08439490445859872,0.2599979116633601,0.8983050847457628,0.7019522165057439,0.42733056700035377,0.079993659000138,2.3076985039997453,,,,,,,False,False,1,1,13,0.046683844178915024,7223.0,5898.0,0.8165582168074207,
optimization,rg_gamma65_recovery__conditioned_p10_f075,train,90,rg_gamma65_recovery,gamma65,region_growing,conditioned_p10_f075,vesselness_conditioned,3,,1.0,2.0,10.0,0.75,1.0,both_tolerable,True,1.3203125,0.8281342128025279,0.3757218757218757,0.15429403202328967,0.3757218757218757,0.22142784369858604,13640,3599,13640,10041,0.08439490445859872,0.25475096585569595,0.8983050847457628,0.7154692082111437,0.42733056700035377,0.079993659000138,2.3195637869994243,,,,,,,False,False,1,1,13,0.07002576626837254,7223.0,5349.0,0.7405510175827219,
optimization,rg_gamma65_recovery__current_c3_d2,train,90,rg_gamma65_recovery,gamma65,region_growing,current_c3_d2,standard,3,2.0,,,,,,both_tolerable,True,1.3203125,0.8281342128025279,0.381479692319126,0.15429403202328967,0.381479692319126,0.2271856602958363,15514,3599,15514,11915,0.08439490445859872,0.2679857993108489,0.8983050847457628,0.6617248936444502,0.42733056700035377,0.079993659000138,1.8188233720002245,,,,,,,False,False,1,1,13,,,,,
optimization,rg_gamma65_relax090__conditioned_p10_f025,train,90,rg_gamma65_relax090,gamma65,region_growing,conditioned_p10_f025,vesselness_conditioned,3,,1.0,2.0,10.0,0.25,1.0,both_tolerable,True,1.3203125,0.8281342128025279,0.3851718580156678,0.15932614747662216,0.3851718580156678,0.22584571053904562,15050,3719,15050,11331,0.0873968883784066,0.2682468413908322,0.9002420005377789,0.6827906976744186,0.42733056700035377,0.0405577710007492,2.3485760039993693,,,,,,,False,False,0,0,0,0.02194083295762539,7386.0,6527.0,0.8836988897914975,
optimization,rg_gamma65_relax090__conditioned_p10_f050,train,90,rg_gamma65_relax090,gamma65,region_growing,conditioned_p10_f050,vesselness_conditioned,3,,1.0,2.0,10.0,0.5,1.0,both_tolerable,True,1.3203125,0.8281342128025279,0.38354401635001134,0.15932614747662216,0.38354401635001134,0.22421786887338918,14536,3719,14536,10817,0.0873968883784066,0.26454004385506946,0.9002420005377789,0.6971656576774904,0.42733056700035377,0.0405577710007492,2.362689412000691,,,,,,,False,False,0,0,0,0.04388166591525078,7386.0,6013.0,0.814107771459518,
optimization,rg_gamma65_relax090__conditioned_p10_f075,train,90,rg_gamma65_relax090,gamma65,region_growing,conditioned_p10_f075,vesselness_conditioned,3,,1.0,2.0,10.0,0.75,1.0,both_tolerable,True,1.3203125,0.8281342128025279,0.3804956340638554,0.15932614747662216,0.3804956340638554,0.22116948658723323,14029,3719,14029,10310,0.0873968883784066,0.2599195990393651,0.9002420005377789,0.7097441015040273,0.42733056700035377,0.0405577710007492,2.3136783829995693,,,,,,,False,False,0,0,0,0.06582249887287617,7386.0,5506.0,0.7454643920931492,
optimization,rg_gamma65_relax090__current_c3_d2,train,90,rg_gamma65_relax090,gamma65,region_growing,current_c3_d2,standard,3,2.0,,,,,,both_tolerable,True,1.3203125,0.8281342128025279,0.3850821697991405,0.15932614747662216,0.3850821697991405,0.22575602232251835,15909,3719,15909,12190,0.0873968883784066,0.2725018272945599,0.9002420005377789,0.6561694638255076,0.42733056700035377,0.0405577710007492,1.8274107000006552,,,,,,,False,False,0,0,0,,,,,
optimization,rg_gamma65_window3__conditioned_p10_f025,train,90,rg_gamma65_window3,gamma65,region_growing,conditioned_p10_f025,vesselness_conditioned,3,,1.0,2.0,10.0,0.25,1.0,both_tolerable,True,1.3203125,0.8281342128025279,0.32223669216994955,0.11973360005854944,0.32223669216994955,0.2025030921114001,10836,2683,10836,8153,0.06405972642790017,0.20669311893077164,0.9146477823332091,0.7307124400147655,0.42733056700035377,0.046322051999595715,2.274072348000118,,,,,,,False,False,0,0,0,0.024072181433439255,5244.0,4698.0,0.8958810068649885,
optimization,rg_gamma65_window3__conditioned_p10_f050,train,90,rg_gamma65_window3,gamma65,region_growing,conditioned_p10_f050,vesselness_conditioned,3,,1.0,2.0,10.0,0.5,1.0,both_tolerable,True,1.3203125,0.8281342128025279,0.31999508267256743,0.11973360005854944,0.31999508267256743,0.200261482614018,10499,2683,10499,7816,0.06405972642790017,0.20384776025895374,0.9146477823332091,0.7437851223926089,0.42733056700035377,0.046322051999595715,2.2682782900001257,,,,,,,False,False,0,0,0,0.04814436286687851,5244.0,4361.0,0.8316170861937452,
optimization,rg_gamma65_window3__conditioned_p10_f075,train,90,rg_gamma65_window3,gamma65,region_growing,conditioned_p10_f075,vesselness_conditioned,3,,1.0,2.0,10.0,0.75,1.0,both_tolerable,True,1.3203125,0.8281342128025279,0.3160372488695257,0.11973360005854944,0.3160372488695257,0.19630364881097628,10123,2683,10123,7440,0.06405972642790017,0.19977550381121437,0.9146477823332091,0.7560011854193421,0.42733056700035377,0.046322051999595715,2.3201939499995206,,,,,,,False,False,0,0,0,0.07221654430031776,5244.0,3985.0,0.7599160945842868,
optimization,rg_gamma65_window3__current_c3_d2,train,90,rg_gamma65_window3,gamma65,region_growing,current_c3_d2,standard,3,2.0,,,,,,both_tolerable,True,1.3203125,0.8281342128025279,0.32292211712618235,0.11973360005854944,0.32292211712618235,0.2031885170676329,11382,2683,11382,8699,0.06405972642790017,0.20943406077059623,0.9146477823332091,0.7048849059919171,0.42733056700035377,0.046322051999595715,1.8291255630001615,,,,,,,False,False,0,0,0,,,,,
optimization,fc_affinity_floor024_only__conditioned_p10_f025,train,129,fc_affinity_floor024_only,current,fuzzy_connectedness,conditioned_p10_f025,vesselness_conditioned,3,,1.0,2.0,10.0,0.25,1.0,both_tolerable,True,1.4921875,0.0,0.7101796407185629,0.3909038846998186,0.7101796407185629,0.31927575601874425,26783,8571,26783,18212,0.24570297267300598,0.6403695593484716,0.9556644498891611,0.7970727700406974,0.42917376500008686,1.940191306000088,2.326048386000366,8571.0,512202.0,500000.0,0.16,8.0,False,False,True,0,0,0,0.016827519983053207,12119.0,10014.0,0.8263058008086476,
optimization,fc_affinity_floor024_only__conditioned_p10_f050,train,129,fc_affinity_floor024_only,current,fuzzy_connectedness,conditioned_p10_f050,vesselness_conditioned,3,,1.0,2.0,10.0,0.5,1.0,both_tolerable,True,1.4921875,0.0,0.7063036281332342,0.3909038846998186,0.7063036281332342,0.3153997434334156,25867,8571,25867,17296,0.24570297267300598,0.6271710111887693,0.9556644498891611,0.8082885529825646,0.42917376500008686,1.940191306000088,2.3035704720005015,8571.0,512202.0,500000.0,0.16,8.0,False,False,True,0,0,0,0.033655039966106415,12119.0,9098.0,0.7507220067662348,
optimization,fc_affinity_floor024_only__conditioned_p10_f075,train,129,fc_affinity_floor024_only,current,fuzzy_connectedness,conditioned_p10_f075,vesselness_conditioned,3,,1.0,2.0,10.0,0.75,1.0,both_tolerable,True,1.4921875,0.0,0.7014598039887602,0.3909038846998186,0.7014598039887602,0.31055591928894155,25027,8571,25027,16456,0.24570297267300598,0.6140324564297928,0.9556644498891611,0.8179166500179805,0.42917376500008686,1.940191306000088,2.3332719760001055,8571.0,512202.0,500000.0,0.16,8.0,False,False,True,0,0,0,0.05048255994915962,12119.0,8258.0,0.6814093572076904,
optimization,fc_affinity_floor024_only__current_c3_d2,train,129,fc_affinity_floor024_only,current,fuzzy_connectedness,current_c3_d2,standard,3,2.0,,,,,,both_tolerable,True,1.4921875,0.0,0.7104218561671354,0.3909038846998186,0.7104218561671354,0.31951797146731675,28888,8571,28888,20317,0.24570297267300598,0.6630170681225065,0.9556644498891611,0.7651273885350318,0.42917376500008686,1.940191306000088,1.862971469000513,8571.0,512202.0,500000.0,0.16,8.0,False,False,True,0,0,0,,,,,
optimization,fc_alpha017__conditioned_p10_f025,train,129,fc_alpha017,current,fuzzy_connectedness,conditioned_p10_f025,vesselness_conditioned,3,,1.0,2.0,10.0,0.25,1.0,both_tolerable,True,1.4921875,0.0,0.7059043158019789,0.37679062364346694,0.7059043158019789,0.32911369215851194,25586,8129,25586,17457,0.2343342232354441,0.6238413774484807,0.9610038135071964,0.8128273274446963,0.42917376500008686,1.8649704540002858,2.3004163160003372,8129.0,512202.0,500000.0,0.17,8.0,False,False,True,0,0,0,0.019321272149682045,11620.0,9602.0,0.8263339070567987,
optimization,fc_alpha017__conditioned_p10_f050,train,129,fc_alpha017,current,fuzzy_connectedness,conditioned_p10_f050,vesselness_conditioned,3,,1.0,2.0,10.0,0.5,1.0,both_tolerable,True,1.4921875,0.0,0.7013688265235933,0.37679062364346694,0.7013688265235933,0.3245782028801264,24815,8129,24815,16686,0.2343342232354441,0.6117227105018448,0.9610038135071964,0.8218013298408221,0.42917376500008686,1.8649704540002858,2.361041422999733,8129.0,512202.0,500000.0,0.17,8.0,False,False,True,0,0,0,0.03864254429936409,11620.0,8831.0,0.7599827882960413,
optimization,fc_alpha017__conditioned_p10_f075,train,129,fc_alpha017,current,fuzzy_connectedness,conditioned_p10_f075,vesselness_conditioned,3,,1.0,2.0,10.0,0.75,1.0,both_tolerable,True,1.4921875,0.0,0.6955596637482996,0.37679062364346694,0.6955596637482996,0.31876904010483265,24001,8129,24001,15872,0.2343342232354441,0.5981642019377869,0.9610038135071964,0.8308403816507646,0.42917376500008686,1.8649704540002858,2.3831054130005214,8129.0,512202.0,500000.0,0.17,8.0,False,False,True,0,0,0,0.057963816449046135,11620.0,8017.0,0.6899311531841652,
optimization,fc_alpha017__current_c3_d2,train,129,fc_alpha017,current,fuzzy_connectedness,current_c3_d2,standard,3,2.0,,,,,,both_tolerable,True,1.4921875,0.0,0.7073727047472145,0.37679062364346694,0.7073727047472145,0.33058208110374754,27604,8129,27604,19475,0.2343342232354441,0.6465488796232415,0.9610038135071964,0.7808288653818287,0.42917376500008686,1.8649704540002858,1.8213762360001056,8129.0,512202.0,500000.0,0.17,8.0,False,False,True,0,0,0,,,,,
optimization,fc_candidate024_only__conditioned_p10_f025,train,129,fc_candidate024_only,current,fuzzy_connectedness,conditioned_p10_f025,vesselness_conditioned,3,,1.0,2.0,10.0,0.25,1.0,both_tolerable,True,1.4921875,0.0,0.7100841038674403,0.3864974862341393,0.7100841038674403,0.32358661763330093,26470,8433,26470,18037,0.24213336532981372,0.6369499355070942,0.9571919838728804,0.8021911598035512,0.42917376500008686,1.8018800350000674,2.3274937729993326,8433.0,416316.0,416316.0,0.16,8.0,False,False,False,0,0,0,0.017520485445857048,11998.0,9928.0,0.8274712452075346,
optimization,fc_candidate024_only__conditioned_p10_f050,train,129,fc_candidate024_only,current,fuzzy_connectedness,conditioned_p10_f050,vesselness_conditioned,3,,1.0,2.0,10.0,0.5,1.0,both_tolerable,True,1.4921875,0.0,0.705746619386145,0.3864974862341393,0.705746619386145,0.3192491331520057,25602,8433,25602,17169,0.24213336532981372,0.6238713741488436,0.9571919838728804,0.8123584094992579,0.42917376500008686,1.8018800350000674,2.351778438999645,8433.0,416316.0,416316.0,0.16,8.0,False,False,False,0,0,0,0.035040970891714096,11998.0,9060.0,0.7551258543090515,
optimization,fc_candidate024_only__conditioned_p10_f075,train,129,fc_candidate024_only,current,fuzzy_connectedness,conditioned_p10_f075,vesselness_conditioned,3,,1.0,2.0,10.0,0.75,1.0,both_tolerable,True,1.4921875,0.0,0.7005250925367995,0.3864974862341393,0.7005250925367995,0.3140276063026602,24748,8433,24748,16315,0.24213336532981372,0.6102828688844227,0.9571919838728804,0.822086633263294,0.42917376500008686,1.8018800350000674,2.366993653999998,8433.0,416316.0,416316.0,0.16,8.0,False,False,False,0,0,0,0.052561456337571144,11998.0,8206.0,0.6839473245540924,
optimization,fc_candidate024_only__current_c3_d2,train,129,fc_candidate024_only,current,fuzzy_connectedness,current_c3_d2,standard,3,2.0,,,,,,both_tolerable,True,1.4921875,0.0,0.7104416826930847,0.3864974862341393,0.7104416826930847,0.3239441964589454,28540,8433,28540,20107,0.24213336532981372,0.6593274739778624,0.9571919838728804,0.7701471618780659,0.42917376500008686,1.8018800350000674,1.8275022400002854,8433.0,416316.0,416316.0,0.16,8.0,False,False,False,0,0,0,,,,,
optimization,fc_current__conditioned_p10_f025,train,129,fc_current,current,fuzzy_connectedness,conditioned_p10_f025,vesselness_conditioned,3,,1.0,2.0,10.0,0.25,1.0,both_tolerable,True,1.4921875,0.0,0.7101056714820759,0.38653611357161666,0.7101056714820759,0.32356955791045927,26471,8434,26471,18037,0.2421633620301767,0.6369799322074572,0.9571970595209864,0.8021986324657172,0.42917376500008686,1.9207821539994256,2.413483176000227,8434.0,512202.0,500000.0,0.16,8.0,False,False,True,0,0,0,0.01751471683382988,11998.0,9927.0,0.8273878979829972,
optimization,fc_current__conditioned_p10_f050,train,129,fc_current,current,fuzzy_connectedness,conditioned_p10_f050,vesselness_conditioned,3,,1.0,2.0,10.0,0.5,1.0,both_tolerable,True,1.4921875,0.0,0.705746619386145,0.38653611357161666,0.705746619386145,0.31921050581452837,25602,8434,25602,17168,0.2421633620301767,0.6238713741488436,0.9571970595209864,0.8123584094992579,0.42917376500008686,1.9207821539994256,2.4556072719997246,8434.0,512202.0,500000.0,0.16,8.0,False,False,True,0,0,0,0.03502943366765976,11998.0,9058.0,0.7549591598599766,
optimization,fc_current__conditioned_p10_f075,train,129,fc_current,current,fuzzy_connectedness,conditioned_p10_f075,vesselness_conditioned,3,,1.0,2.0,10.0,0.75,1.0,both_tolerable,True,1.4921875,0.0,0.7005250925367995,0.38653611357161666,0.7005250925367995,0.31398897896518285,24748,8434,24748,16314,0.2421633620301767,0.6102828688844227,0.9571970595209864,0.822086633263294,0.42917376500008686,1.9207821539994256,2.385605960999783,8434.0,512202.0,500000.0,0.16,8.0,False,False,True,0,0,0,0.05254415050148964,11998.0,8204.0,0.6837806301050176,
optimization,fc_current__current_c3_d2,train,129,fc_current,current,fuzzy_connectedness,current_c3_d2,standard,3,2.0,,,,,,both_tolerable,True,1.4921875,0.0,0.7104833626917048,0.38653611357161666,0.7104833626917048,0.3239472491200881,28542,8434,28542,20108,0.2421633620301767,0.6593874673785883,0.9571970595209864,0.7701632681662112,0.42917376500008686,1.9207821539994256,1.8741957950005599,8434.0,512202.0,500000.0,0.16,8.0,False,False,True,0,0,0,,,,,
optimization,fc_floor020__conditioned_p10_f025,train,129,fc_floor020,current,fuzzy_connectedness,conditioned_p10_f025,vesselness_conditioned,3,,1.0,2.0,10.0,0.25,1.0,both_tolerable,True,1.4921875,0.0,0.7099499165275459,0.3881967526722303,0.7099499165275459,0.3217531638553156,26563,8482,26563,18081,0.24348321684614693,0.63781983981762,0.9569676962980429,0.800474344012348,0.42917376500008686,1.889589237999644,2.3563225790003344,8482.0,474836.0,474836.0,0.16,8.0,False,False,False,0,0,0,0.017243145033717155,12034.0,9947.0,0.826574705002493,
optimization,fc_floor020__conditioned_p10_f050,train,129,fc_floor020,current,fuzzy_connectedness,conditioned_p10_f050,vesselness_conditioned,3,,1.0,2.0,10.0,0.5,1.0,both_tolerable,True,1.4921875,0.0,0.7057747051647011,0.3881967526722303,0.7057747051647011,0.3175779524924708,25679,8482,25679,17197,0.24348321684614693,0.6247112817590065,0.9569676962980429,0.8110128899100433,0.42917376500008686,1.889589237999644,2.3721413439998287,8482.0,474836.0,474836.0,0.16,8.0,False,False,False,0,0,0,0.03448629006743431,12034.0,9063.0,0.7531161708492604,
optimization,fc_floor020__conditioned_p10_f075,train,129,fc_floor020,current,fuzzy_connectedness,conditioned_p10_f075,vesselness_conditioned,3,,1.0,2.0,10.0,0.75,1.0,both_tolerable,True,1.4921875,0.0,0.7006310287315807,0.3881967526722303,0.7006310287315807,0.31243427605935037,24822,8482,24822,16340,0.24348321684614693,0.6111527731949485,0.9569676962980429,0.8208041253726532,0.42917376500008686,1.889589237999644,2.341042111000206,8482.0,474836.0,474836.0,0.16,8.0,False,False,False,0,0,0,0.051729435101151466,12034.0,8206.0,0.6819012797074955,
optimization,fc_floor020__current_c3_d2,train,129,fc_floor020,current,fuzzy_connectedness,current_c3_d2,standard,3,2.0,,,,,,both_tolerable,True,1.4921875,0.0,0.7102134318486134,0.3881967526722303,0.7102134318486134,0.3220166791763831,28650,8482,28650,20168,0.24348321684614693,0.6602873683894771,0.9569676962980429,0.7683071553228621,0.42917376500008686,1.889589237999644,1.8845341769992956,8482.0,474836.0,474836.0,0.16,8.0,False,False,False,0,0,0,,,,,
optimization,fc_floor020_recovery__conditioned_p10_f025,train,129,fc_floor020_recovery,current,fuzzy_connectedness,conditioned_p10_f025,vesselness_conditioned,3,,1.0,2.0,10.0,0.25,1.0,both_tolerable,True,1.4921875,0.0,0.7099499165275459,0.3881967526722303,0.7099499165275459,0.3217531638553156,26563,8482,26563,18081,0.24348321684614693,0.63781983981762,0.9569676962980429,0.800474344012348,0.42917376500008686,2.071374467000169,2.4003318650002257,,,,,,,False,False,0,0,0,0.017243145033717155,12034.0,9947.0,0.826574705002493,
optimization,fc_floor020_recovery__conditioned_p10_f050,train,129,fc_floor020_recovery,current,fuzzy_connectedness,conditioned_p10_f050,vesselness_conditioned,3,,1.0,2.0,10.0,0.5,1.0,both_tolerable,True,1.4921875,0.0,0.7057747051647011,0.3881967526722303,0.7057747051647011,0.3175779524924708,25679,8482,25679,17197,0.24348321684614693,0.6247112817590065,0.9569676962980429,0.8110128899100433,0.42917376500008686,2.071374467000169,2.3799023490000764,,,,,,,False,False,0,0,0,0.03448629006743431,12034.0,9063.0,0.7531161708492604,
optimization,fc_floor020_recovery__conditioned_p10_f075,train,129,fc_floor020_recovery,current,fuzzy_connectedness,conditioned_p10_f075,vesselness_conditioned,3,,1.0,2.0,10.0,0.75,1.0,both_tolerable,True,1.4921875,0.0,0.7006310287315807,0.3881967526722303,0.7006310287315807,0.31243427605935037,24822,8482,24822,16340,0.24348321684614693,0.6111527731949485,0.9569676962980429,0.8208041253726532,0.42917376500008686,2.071374467000169,2.3699395749999894,,,,,,,False,False,0,0,0,0.051729435101151466,12034.0,8206.0,0.6819012797074955,
optimization,fc_floor020_recovery__current_c3_d2,train,129,fc_floor020_recovery,current,fuzzy_connectedness,current_c3_d2,standard,3,2.0,,,,,,both_tolerable,True,1.4921875,0.0,0.7102134318486134,0.3881967526722303,0.7102134318486134,0.3220166791763831,28650,8482,28650,20168,0.24348321684614693,0.6602873683894771,0.9569676962980429,0.7683071553228621,0.42917376500008686,2.071374467000169,1.8936611900007847,,,,,,,False,False,0,0,0,,,,,
optimization,fc_floor024__conditioned_p10_f025,train,129,fc_floor024,current,fuzzy_connectedness,conditioned_p10_f025,vesselness_conditioned,3,,1.0,2.0,10.0,0.25,1.0,both_tolerable,True,1.4921875,0.0,0.7101367310955121,0.39082708919963727,0.7101367310955121,0.31930964189587485,26781,8569,26781,18212,0.24564297927228004,0.6403095659477458,0.9556541019955654,0.7970576154736567,0.42917376500008686,1.8433543480005028,2.3107749229993715,8569.0,416316.0,416316.0,0.16,8.0,False,False,False,0,0,0,0.016835100948810577,12118.0,10016.0,0.8265390328437036,
optimization,fc_floor024__conditioned_p10_f050,train,129,fc_floor024,current,fuzzy_connectedness,conditioned_p10_f050,vesselness_conditioned,3,,1.0,2.0,10.0,0.5,1.0,both_tolerable,True,1.4921875,0.0,0.7063036281332342,0.39082708919963727,0.7063036281332342,0.31547653893359695,25867,8569,25867,17298,0.24564297927228004,0.6271710111887693,0.9556541019955654,0.8082885529825646,0.42917376500008686,1.8433543480005028,2.344760812000459,8569.0,416316.0,416316.0,0.16,8.0,False,False,False,0,0,0,0.033670201897621155,12118.0,9102.0,0.7511140452219838,
optimization,fc_floor024__conditioned_p10_f075,train,129,fc_floor024,current,fuzzy_connectedness,conditioned_p10_f075,vesselness_conditioned,3,,1.0,2.0,10.0,0.75,1.0,both_tolerable,True,1.4921875,0.0,0.7014718229014958,0.39082708919963727,0.7014718229014958,0.3106447337018585,25026,8569,25026,16457,0.24564297927228004,0.6140324564297928,0.9556541019955654,0.8179493326939983,0.42917376500008686,1.8433543480005028,2.3717253989998426,8569.0,416316.0,416316.0,0.16,8.0,False,False,False,0,0,0,0.05050530284643173,12118.0,8261.0,0.6817131539858062,
optimization,fc_floor024__current_c3_d2,train,129,fc_floor024,current,fuzzy_connectedness,current_c3_d2,standard,3,2.0,,,,,,both_tolerable,True,1.4921875,0.0,0.7103182256509161,0.39082708919963727,0.7103182256509161,0.3194911364512788,28883,8569,28883,20314,0.24564297927228004,0.6628670846206918,0.9556541019955654,0.765086729217879,0.42917376500008686,1.8433543480005028,1.9109689749993777,8569.0,416316.0,416316.0,0.16,8.0,False,False,False,0,0,0,,,,,
optimization,rg_gamma55_current__conditioned_p10_f025,train,129,rg_gamma55_current,current,region_growing,conditioned_p10_f025,vesselness_conditioned,3,,1.0,2.0,10.0,0.25,1.0,both_tolerable,True,1.4921875,0.0,0.7140874279462434,0.36224897652673144,0.7140874279462434,0.3518384514195119,27902,7944,27902,19958,0.22428532861385247,0.655877853436122,0.9412134944612286,0.7836355816787327,0.42917376500008686,0.07090832199992292,2.4123114580006586,,,,,,,False,False,0,0,0,0.025636205449700356,13231.0,11231.0,0.8488398458166427,
optimization,rg_gamma55_current__conditioned_p10_f050,train,129,rg_gamma55_current,current,region_growing,conditioned_p10_f050,vesselness_conditioned,3,,1.0,2.0,10.0,0.5,1.0,both_tolerable,True,1.4921875,0.0,0.7107509239463696,0.36224897652673144,0.7107509239463696,0.3485019474196382,27002,7944,27002,19058,0.22428532861385247,0.6432192458829529,0.9412134944612286,0.7941263610102955,0.42917376500008686,0.07090832199992292,2.4260062869998364,,,,,,,False,False,0,0,0,0.05127241089940071,13231.0,10331.0,0.780817776434132,
optimization,rg_gamma55_current__conditioned_p10_f075,train,129,rg_gamma55_current,current,region_growing,conditioned_p10_f075,vesselness_conditioned,3,,1.0,2.0,10.0,0.75,1.0,both_tolerable,True,1.4921875,0.0,0.7082589210499713,0.36224897652673144,0.7082589210499713,0.3460099445232399,26017,7944,26017,18073,0.22428532861385247,0.6305006449290578,0.9412134944612286,0.8078948379905446,0.42917376500008686,0.07090832199992292,2.372542705000342,,,,,,,False,False,0,0,0,0.07690861634910107,13231.0,9346.0,0.7063714004988285,
optimization,rg_gamma55_current__current_c3_d2,train,129,rg_gamma55_current,current,region_growing,current_c3_d2,standard,3,2.0,,,,,,both_tolerable,True,1.4921875,0.0,0.7141162889988772,0.36224897652673144,0.7141162889988772,0.3518673124721458,29902,7944,29902,21958,0.22428532861385247,0.6773254941956385,0.9412134944612286,0.7551334358905759,0.42917376500008686,0.07090832199992292,1.9193653379998068,,,,,,,False,False,0,0,0,,,,,
optimization,rg_gamma65_current__conditioned_p10_f025,train,129,rg_gamma65_current,gamma65,region_growing,conditioned_p10_f025,vesselness_conditioned,3,,1.0,2.0,10.0,0.25,1.0,both_tolerable,True,1.4921875,0.0,0.7005278877543932,0.3326882040593519,0.7005278877543932,0.36783968369504133,24251,6965,24251,17286,0.20109787923328434,0.6050634430212677,0.9625269203158651,0.8317595150715434,0.43050675700033025,0.06398620199979632,2.337985206999292,,,,,,,False,False,0,0,0,0.025480443611741066,11428.0,9798.0,0.8573678683934197,
optimization,rg_gamma65_current__conditioned_p10_f050,train,129,rg_gamma65_current,gamma65,region_growing,conditioned_p10_f050,vesselness_conditioned,3,,1.0,2.0,10.0,0.5,1.0,both_tolerable,True,1.4921875,0.0,0.6961388194713315,0.3326882040593519,0.6961388194713315,0.3634506154119796,23485,6965,23485,16520,0.20109787923328434,0.5932747397786243,0.9625269203158651,0.8421545667447307,0.43050675700033025,0.06398620199979632,2.3411208739998983,,,,,,,False,False,0,0,0,0.05096088722348213,11428.0,9032.0,0.7903395169758488,
optimization,rg_gamma65_current__conditioned_p10_f075,train,129,rg_gamma65_current,gamma65,region_growing,conditioned_p10_f075,vesselness_conditioned,3,,1.0,2.0,10.0,0.75,1.0,both_tolerable,True,1.4921875,0.0,0.6926742214687249,0.3326882040593519,0.6926742214687249,0.359986017409373,22698,6965,22698,15733,0.20109787923328434,0.5821459639439661,0.9625269203158651,0.8550092519164684,0.43050675700033025,0.06398620199979632,2.342139803000464,,,,,,,False,False,0,0,0,0.0764413308352232,11428.0,8245.0,0.7214735736786839,
optimization,rg_gamma65_current__current_c3_d2,train,129,rg_gamma65_current,gamma65,region_growing,current_c3_d2,standard,3,2.0,,,,,,both_tolerable,True,1.4921875,0.0,0.7045492924448647,0.3326882040593519,0.7045492924448647,0.37186108838551285,25881,6965,25881,18916,0.20109787923328434,0.6257611662717101,0.9625269203158651,0.8060353154824003,0.43050675700033025,0.06398620199979632,1.8872792310003206,,,,,,,False,False,0,0,0,,,,,
optimization,rg_gamma65_divisor6__conditioned_p10_f025,train,129,rg_gamma65_divisor6,gamma65,region_growing,conditioned_p10_f025,vesselness_conditioned,3,,1.0,2.0,10.0,0.25,1.0,both_tolerable,True,1.4921875,0.0,0.7005035596457718,0.33272957348088233,0.7005035596457718,0.3677739861648895,24253,6966,24253,17287,0.2011278759336473,0.6050634430212677,0.962532299741602,0.8316909248340412,0.43050675700033025,0.06178352700044343,2.403616406000765,,,,,,,False,False,0,0,0,0.025480827316641808,11428.0,9798.0,0.8573678683934197,
optimization,rg_gamma65_divisor6__conditioned_p10_f050,train,129,rg_gamma65_divisor6,gamma65,region_growing,conditioned_p10_f050,vesselness_conditioned,3,,1.0,2.0,10.0,0.5,1.0,both_tolerable,True,1.4921875,0.0,0.696126568466994,0.33272957348088233,0.696126568466994,0.3633969949861116,23486,6966,23486,16520,0.2011278759336473,0.5932747397786243,0.962532299741602,0.8421187090181385,0.43050675700033025,0.06178352700044343,2.4269201980005164,,,,,,,False,False,0,0,0,0.050961654633283615,11428.0,9031.0,0.79025201260063,
optimization,rg_gamma65_divisor6__conditioned_p10_f075,train,129,rg_gamma65_divisor6,gamma65,region_growing,conditioned_p10_f075,vesselness_conditioned,3,,1.0,2.0,10.0,0.75,1.0,both_tolerable,True,1.4921875,0.0,0.6926618602327076,0.33272957348088233,0.6926618602327076,0.35993228675182526,22699,6966,22699,15733,0.2011278759336473,0.5821459639439661,0.962532299741602,0.8549715846513062,0.43050675700033025,0.06178352700044343,2.4584091070000795,,,,,,,False,False,0,0,0,0.07644248194992542,11428.0,8244.0,0.7213860693034652,
optimization,rg_gamma65_divisor6__current_c3_d2,train,129,rg_gamma65_divisor6,gamma65,region_growing,current_c3_d2,standard,3,2.0,,,,,,both_tolerable,True,1.4921875,0.0,0.7045254981425194,0.33272957348088233,0.7045254981425194,0.3717959246616371,25883,6966,25883,18917,0.2011278759336473,0.6257611662717101,0.962532299741602,0.8059730324923695,0.43050675700033025,0.06178352700044343,1.8803080970001247,,,,,,,False,False,0,0,0,,,,,
optimization,rg_gamma65_divisor8__conditioned_p10_f025,train,129,rg_gamma65_divisor8,gamma65,region_growing,conditioned_p10_f025,vesselness_conditioned,3,,1.0,2.0,10.0,0.25,1.0,both_tolerable,True,1.4921875,0.0,0.7003595060699214,0.33248132615331166,0.7003595060699214,0.3678781799166097,24242,6960,24242,17282,0.20094789573146954,0.604823469418364,0.9625,0.8317383054203449,0.43050675700033025,0.06414772199968866,2.4123320310000054,,,,,,,False,False,0,0,0,0.025502599775791168,11425.0,9797.0,0.8575054704595186,
optimization,rg_gamma65_divisor8__conditioned_p10_f050,train,129,rg_gamma65_divisor8,gamma65,region_growing,conditioned_p10_f050,vesselness_conditioned,3,,1.0,2.0,10.0,0.5,1.0,both_tolerable,True,1.4921875,0.0,0.6960592780329831,0.33248132615331166,0.6960592780329831,0.3635779518796714,23480,6960,23480,16520,0.20094789573146954,0.5931547529771725,0.9625,0.8421635434412266,0.43050675700033025,0.06414772199968866,2.330238814999575,,,,,,,False,False,0,0,0,0.051005199551582336,11425.0,9035.0,0.7908096280087528,
optimization,rg_gamma65_divisor8__conditioned_p10_f075,train,129,rg_gamma65_divisor8,gamma65,region_growing,conditioned_p10_f075,vesselness_conditioned,3,,1.0,2.0,10.0,0.75,1.0,both_tolerable,True,1.4921875,0.0,0.6926289487774406,0.33248132615331166,0.6926289487774406,0.36014762262412897,22693,6960,22693,15733,0.20094789573146954,0.5820559738428773,0.9625,0.8550654386815317,0.43050675700033025,0.06414772199968866,2.3242237700005717,,,,,,,False,False,0,0,0,0.0765077993273735,11425.0,8248.0,0.7219256017505471,
optimization,rg_gamma65_divisor8__current_c3_d2,train,129,rg_gamma65_divisor8,gamma65,region_growing,current_c3_d2,standard,3,2.0,,,,,,both_tolerable,True,1.4921875,0.0,0.7043761717364501,0.33248132615331166,0.7043761717364501,0.3718948455831384,25870,6960,25870,18910,0.20094789573146954,0.6254911959684435,0.9625,0.8060301507537688,0.43050675700033025,0.06414772199968866,1.9206104209997648,,,,,,,False,False,0,0,0,,,,,
optimization,rg_gamma65_floor065__conditioned_p10_f025,train,129,rg_gamma65_floor065,gamma65,region_growing,conditioned_p10_f025,vesselness_conditioned,3,,1.0,2.0,10.0,0.25,1.0,both_tolerable,True,1.4921875,0.0,0.6971311060917641,0.34713820381572824,0.6971311060917641,0.34999290227603586,25989,7494,25989,18495,0.21258661547229804,0.6203017668056514,0.9456898852415265,0.7956827888722152,0.43050675700033025,0.0658090449996962,2.310932743000194,,,,,,,False,False,0,0,0,0.02170266956090927,12253.0,10411.0,0.8496694687015425,
optimization,rg_gamma65_floor065__conditioned_p10_f050,train,129,rg_gamma65_floor065,gamma65,region_growing,conditioned_p10_f050,vesselness_conditioned,3,,1.0,2.0,10.0,0.5,1.0,both_tolerable,True,1.4921875,0.0,0.6933606767495514,0.34713820381572824,0.6933606767495514,0.34622247293382313,25178,7494,25178,17684,0.21258661547229804,0.608513063563008,0.9456898852415265,0.8057033918500278,0.43050675700033025,0.0658090449996962,2.298711722999542,,,,,,,False,False,0,0,0,0.04340533912181854,12253.0,9600.0,0.7834815963437526,
optimization,rg_gamma65_floor065__conditioned_p10_f075,train,129,rg_gamma65_floor065,gamma65,region_growing,conditioned_p10_f075,vesselness_conditioned,3,,1.0,2.0,10.0,0.75,1.0,both_tolerable,True,1.4921875,0.0,0.6912572103690319,0.34713820381572824,0.6912572103690319,0.34411900655330363,24219,7494,24219,16725,0.21258661547229804,0.5967243603203648,0.9456898852415265,0.82137990833643,0.43050675700033025,0.0658090449996962,2.303834568999264,,,,,,,False,False,0,0,0,0.06510800868272781,12253.0,8641.0,0.7052150493756631,
optimization,rg_gamma65_floor065__current_c3_d2,train,129,rg_gamma65_floor065,gamma65,region_growing,current_c3_d2,standard,3,2.0,,,,,,both_tolerable,True,1.4921875,0.0,0.6996468741825791,0.34713820381572824,0.6996468741825791,0.35250867036685085,27831,7494,27831,20337,0.21258661547229804,0.6418693943666197,0.9456898852415265,0.7688548740612986,0.43050675700033025,0.0658090449996962,1.855853630000638,,,,,,,False,False,0,0,0,,,,,
optimization,rg_gamma65_floor090__conditioned_p10_f025,train,129,rg_gamma65_floor090,gamma65,region_growing,conditioned_p10_f025,vesselness_conditioned,3,,1.0,2.0,10.0,0.25,1.0,both_tolerable,True,1.4921875,0.0,0.6920441027644124,0.31820573862924445,0.6920441027644124,0.37383836413516797,22986,6568,22986,16418,0.1904490506044335,0.5846056933737289,0.9666565164433617,0.8478639171669712,0.43050675700033025,0.05879939100032061,2.2765613790006682,,,,,,,False,False,0,0,0,0.028590723872184753,10828.0,9351.0,0.8635943849279646,
optimization,rg_gamma65_floor090__conditioned_p10_f050,train,129,rg_gamma65_floor090,gamma65,region_growing,conditioned_p10_f050,vesselness_conditioned,3,,1.0,2.0,10.0,0.5,1.0,both_tolerable,True,1.4921875,0.0,0.6868148681486815,0.31820573862924445,0.6868148681486815,0.3686091295194371,22218,6568,22218,15650,0.1904490506044335,0.5722770495245523,0.9666565164433617,0.8586731478981007,0.43050675700033025,0.05879939100032061,2.279925931999969,,,,,,,False,False,0,0,0,0.05718144774436951,10828.0,8583.0,0.7926671592168452,
optimization,rg_gamma65_floor090__conditioned_p10_f075,train,129,rg_gamma65_floor090,gamma65,region_growing,conditioned_p10_f075,vesselness_conditioned,3,,1.0,2.0,10.0,0.75,1.0,both_tolerable,True,1.4921875,0.0,0.6827126302747614,0.31820573862924445,0.6827126302747614,0.3645068916455169,21547,6568,21547,14979,0.1904490506044335,0.561988181300057,0.9666565164433617,0.8694945932148327,0.43050675700033025,0.05879939100032061,2.2836466299995664,,,,,,,False,False,0,0,0,0.08577217161655426,10828.0,7912.0,0.7306981898780939,
optimization,rg_gamma65_floor090__current_c3_d2,train,129,rg_gamma65_floor090,gamma65,region_growing,current_c3_d2,standard,3,2.0,,,,,,both_tolerable,True,1.4921875,0.0,0.6971626297577854,0.31820573862924445,0.6971626297577854,0.378956891128541,24463,6568,24463,17895,0.1904490506044335,0.6043735189129196,0.9666565164433617,0.8236111678861955,0.43050675700033025,0.05879939100032061,1.8188508530001855,,,,,,,False,False,0,0,0,,,,,
optimization,rg_gamma65_recovery__conditioned_p10_f025,train,129,rg_gamma65_recovery,gamma65,region_growing,conditioned_p10_f025,vesselness_conditioned,3,,1.0,2.0,10.0,0.25,1.0,both_tolerable,True,1.4921875,0.0,0.7005278877543932,0.3326882040593519,0.7005278877543932,0.36783968369504133,24251,6965,24251,17286,0.20109787923328434,0.6050634430212677,0.9625269203158651,0.8317595150715434,0.43050675700033025,0.09157440899980429,2.323018757000682,,,,,,,False,False,0,0,0,0.025480443611741066,11428.0,9798.0,0.8573678683934197,
optimization,rg_gamma65_recovery__conditioned_p10_f050,train,129,rg_gamma65_recovery,gamma65,region_growing,conditioned_p10_f050,vesselness_conditioned,3,,1.0,2.0,10.0,0.5,1.0,both_tolerable,True,1.4921875,0.0,0.6961388194713315,0.3326882040593519,0.6961388194713315,0.3634506154119796,23485,6965,23485,16520,0.20109787923328434,0.5932747397786243,0.9625269203158651,0.8421545667447307,0.43050675700033025,0.09157440899980429,2.3218640079994657,,,,,,,False,False,0,0,0,0.05096088722348213,11428.0,9032.0,0.7903395169758488,
optimization,rg_gamma65_recovery__conditioned_p10_f075,train,129,rg_gamma65_recovery,gamma65,region_growing,conditioned_p10_f075,vesselness_conditioned,3,,1.0,2.0,10.0,0.75,1.0,both_tolerable,True,1.4921875,0.0,0.6926742214687249,0.3326882040593519,0.6926742214687249,0.359986017409373,22698,6965,22698,15733,0.20109787923328434,0.5821459639439661,0.9625269203158651,0.8550092519164684,0.43050675700033025,0.09157440899980429,2.3126218910001626,,,,,,,False,False,0,0,0,0.0764413308352232,11428.0,8245.0,0.7214735736786839,
optimization,rg_gamma65_recovery__current_c3_d2,train,129,rg_gamma65_recovery,gamma65,region_growing,current_c3_d2,standard,3,2.0,,,,,,both_tolerable,True,1.4921875,0.0,0.7045492924448647,0.3326882040593519,0.7045492924448647,0.37186108838551285,25881,6965,25881,18916,0.20109787923328434,0.6257611662717101,0.9625269203158651,0.8060353154824003,0.43050675700033025,0.09157440899980429,1.863673328999539,,,,,,,False,False,0,0,0,,,,,
optimization,rg_gamma65_relax090__conditioned_p10_f025,train,129,rg_gamma65_relax090,gamma65,region_growing,conditioned_p10_f025,vesselness_conditioned,3,,1.0,2.0,10.0,0.25,1.0,both_tolerable,True,1.4921875,0.0,0.6972655916001163,0.3382269486047028,0.6972655916001163,0.35903864299541344,25140,7192,25140,17948,0.20559738428772836,0.611542730299667,0.9530033370411568,0.8109387430389817,0.43050675700033025,0.06473571399965294,2.3392408460003935,,,,,,,False,False,0,0,0,0.02397955022752285,11898.0,10152.0,0.8532526475037822,
optimization,rg_gamma65_relax090__conditioned_p10_f050,train,129,rg_gamma65_relax090,gamma65,region_growing,conditioned_p10_f050,vesselness_conditioned,3,,1.0,2.0,10.0,0.5,1.0,both_tolerable,True,1.4921875,0.0,0.6935727034848459,0.3382269486047028,0.6935727034848459,0.3553457548801431,24370,7192,24370,17178,0.20559738428772836,0.600293967663557,0.9530033370411568,0.8211735740664752,0.43050675700033025,0.06473571399965294,2.306732431000455,,,,,,,False,False,0,0,0,0.0479591004550457,11898.0,9382.0,0.7885358883846024,
optimization,rg_gamma65_relax090__conditioned_p10_f075,train,129,rg_gamma65_relax090,gamma65,region_growing,conditioned_p10_f075,vesselness_conditioned,3,,1.0,2.0,10.0,0.75,1.0,both_tolerable,True,1.4921875,0.0,0.6904275551172783,0.3382269486047028,0.6904275551172783,0.35220060651257545,23451,7192,23451,16259,0.20559738428772836,0.5880553139154693,0.9530033370411568,0.8359558227794124,0.43050675700033025,0.06473571399965294,2.3597804559994984,,,,,,,False,False,0,0,0,0.07193865068256855,11898.0,8463.0,0.7112960161371659,
optimization,rg_gamma65_relax090__current_c3_d2,train,129,rg_gamma65_relax090,gamma65,region_growing,current_c3_d2,standard,3,2.0,,,,,,both_tolerable,True,1.4921875,0.0,0.7003636484399648,0.3382269486047028,0.7003636484399648,0.362136699835262,26886,7192,26886,19694,0.20559738428772836,0.632600413954465,0.9530033370411568,0.7843859257606189,0.43050675700033025,0.06473571399965294,1.8486889830001019,,,,,,,False,False,0,0,0,,,,,
optimization,rg_gamma65_window3__conditioned_p10_f025,train,129,rg_gamma65_window3,gamma65,region_growing,conditioned_p10_f025,vesselness_conditioned,3,,1.0,2.0,10.0,0.25,1.0,both_tolerable,True,1.4921875,0.0,0.32004453803887395,0.12357158861752185,0.32004453803887395,0.1964729494213521,7976,2367,7976,5609,0.06617272100068992,0.19830818609952905,0.9319814110688636,0.8288615847542627,0.43050675700033025,0.03996636700048839,2.427540159000273,,,,,,,False,False,0,0,0,0.02610832266509533,3568.0,3251.0,0.9111547085201793,
optimization,rg_gamma65_window3__conditioned_p10_f050,train,129,rg_gamma65_window3,gamma65,region_growing,conditioned_p10_f050,vesselness_conditioned,3,,1.0,2.0,10.0,0.5,1.0,both_tolerable,True,1.4921875,0.0,0.3163399328695821,0.12357158861752185,0.3163399328695821,0.19276834425206027,7777,2367,7777,5410,0.06617272100068992,0.19506854246032937,0.9319814110688636,0.8361836183618362,0.43050675700033025,0.03996636700048839,2.408672687000035,,,,,,,False,False,0,0,0,0.05221664533019066,3568.0,3052.0,0.8553811659192825,
optimization,rg_gamma65_window3__conditioned_p10_f075,train,129,rg_gamma65_window3,gamma65,region_growing,conditioned_p10_f075,vesselness_conditioned,3,,1.0,2.0,10.0,0.75,1.0,both_tolerable,True,1.4921875,0.0,0.31243581593231945,0.12357158861752185,0.31243581593231945,0.1888642273147976,7561,2367,7561,5194,0.06617272100068992,0.19164891861895192,0.9319814110688636,0.8449940484062954,0.43050675700033025,0.03996636700048839,2.3709484499995597,,,,,,,False,False,0,0,0,0.07832496799528599,3568.0,2836.0,0.7948430493273543,
optimization,rg_gamma65_window3__current_c3_d2,train,129,rg_gamma65_window3,gamma65,region_growing,current_c3_d2,standard,3,2.0,,,,,,both_tolerable,True,1.4921875,0.0,0.32418928657218354,0.12357158861752185,0.32418928657218354,0.2006176979546617,8293,2367,8293,5926,0.06617272100068992,0.2024177340492546,0.9319814110688636,0.8136982997708911,0.43050675700033025,0.03996636700048839,1.8387898500004667,,,,,,,False,False,0,0,0,,,,,
optimization,fc_affinity_floor024_only__conditioned_p10_f025,train,175,fc_affinity_floor024_only,current,fuzzy_connectedness,conditioned_p10_f025,vesselness_conditioned,3,,1.0,2.0,10.0,0.25,1.0,both_tolerable,True,1.2734375,0.8095744354916121,0.5106807967596959,0.3320570616933243,0.5106807967596959,0.17862373506637164,30187,8504,30187,21683,0.22514864751695837,0.5780922870781342,0.6322906867356538,0.45734919004869645,0.33636962800028414,1.9273606500000824,1.938341887000206,8504.0,558614.0,500000.0,0.16,8.0,False,False,True,0,0,0,0.016779841855168343,13848.0,11914.0,0.8603408434430965,
optimization,fc_affinity_floor024_only__conditioned_p10_f050,train,175,fc_affinity_floor024_only,current,fuzzy_connectedness,conditioned_p10_f050,vesselness_conditioned,3,,1.0,2.0,10.0,0.5,1.0,both_tolerable,True,1.2734375,0.8095744354916121,0.5139405379896177,0.3320570616933243,0.5139405379896177,0.18188347629629342,29093,8504,29093,20589,0.22514864751695837,0.5700108868603969,0.6322906867356538,0.4679132437356065,0.33636962800028414,1.9273606500000824,1.9178546069997537,8504.0,558614.0,500000.0,0.16,8.0,False,False,True,0,0,0,0.033559683710336685,13848.0,10820.0,0.7813402657423455,
optimization,fc_affinity_floor024_only__conditioned_p10_f075,train,175,fc_affinity_floor024_only,current,fuzzy_connectedness,conditioned_p10_f075,vesselness_conditioned,3,,1.0,2.0,10.0,0.75,1.0,both_tolerable,True,1.2734375,0.8095744354916121,0.5178454296407763,0.3320570616933243,0.5178454296407763,0.18578836794745202,27952,8504,27952,19448,0.22514864751695837,0.5619713591826481,0.6322906867356538,0.48014453348597597,0.33636962800028414,1.9273606500000824,1.9258412259996476,8504.0,558614.0,500000.0,0.16,8.0,False,False,True,0,0,0,0.05033952556550503,13848.0,9679.0,0.6989456961294049,
optimization,fc_affinity_floor024_only__current_c3_d2,train,175,fc_affinity_floor024_only,current,fuzzy_connectedness,current_c3_d2,standard,3,2.0,,,,,,both_tolerable,True,1.2734375,0.8095744354916121,0.5006517507990643,0.3320570616933243,0.5006517507990643,0.16859468910574005,32121,8504,32121,23617,0.22514864751695837,0.5870111380956369,0.6322906867356538,0.4364434482114505,0.33636962800028414,1.9273606500000824,1.5363008029999037,8504.0,558614.0,500000.0,0.16,8.0,False,False,True,0,0,0,,,,,
optimization,fc_alpha017__conditioned_p10_f025,train,175,fc_alpha017,current,fuzzy_connectedness,conditioned_p10_f025,vesselness_conditioned,3,,1.0,2.0,10.0,0.25,1.0,both_tolerable,True,1.2734375,0.8095744354916121,0.536329950056388,0.3215264124794534,0.536329950056388,0.21480353757693454,25774,7145,25774,18629,0.20886022946151914,0.5575747424838791,0.698110566829951,0.5166446806859626,0.33636962800028414,1.6428170210001554,1.9156659029995353,7145.0,558614.0,500000.0,0.17,8.0,False,False,True,0,0,0,0.01987602189183235,11983.0,10436.0,0.8709004422932488,
optimization,fc_alpha017__conditioned_p10_f050,train,175,fc_alpha017,current,fuzzy_connectedness,conditioned_p10_f050,vesselness_conditioned,3,,1.0,2.0,10.0,0.5,1.0,both_tolerable,True,1.2734375,0.8095744354916121,0.538938380064863,0.3215264124794534,0.538938380064863,0.21741196758540965,24836,7145,24836,17691,0.20886022946151914,0.5497027049660832,0.698110566829951,0.5285875342245128,0.33636962800028414,1.6428170210001554,1.909759211999699,7145.0,558614.0,500000.0,0.17,8.0,False,False,True,0,0,0,0.0397520437836647,11983.0,9498.0,0.792622882416757,
optimization,fc_alpha017__conditioned_p10_f075,train,175,fc_alpha017,current,fuzzy_connectedness,conditioned_p10_f075,vesselness_conditioned,3,,1.0,2.0,10.0,0.75,1.0,both_tolerable,True,1.2734375,0.8095744354916121,0.5400184378142809,0.3215264124794534,0.5400184378142809,0.21849202533482753,23846,7145,23846,16701,0.20886022946151914,0.5396114228289088,0.698110566829951,0.5404260672649501,0.33636962800028414,1.6428170210001554,1.9206890280001971,7145.0,558614.0,500000.0,0.17,8.0,False,False,True,0,0,0,0.059628065675497055,11983.0,8508.0,0.710005841608946,
optimization,fc_alpha017__current_c3_d2,train,175,fc_alpha017,current,fuzzy_connectedness,current_c3_d2,standard,3,2.0,,,,,,both_tolerable,True,1.2734375,0.8095744354916121,0.5289924418491104,0.3215264124794534,0.5289924418491104,0.20746602936965702,27321,7145,27321,20176,0.20886022946151914,0.5670798090612177,0.698110566829951,0.4956992789429377,0.33636962800028414,1.6428170210001554,1.5198221440005,7145.0,558614.0,500000.0,0.17,8.0,False,False,True,0,0,0,,,,,
optimization,fc_candidate024_only__conditioned_p10_f025,train,175,fc_candidate024_only,current,fuzzy_connectedness,conditioned_p10_f025,vesselness_conditioned,3,,1.0,2.0,10.0,0.25,1.0,both_tolerable,True,1.2734375,0.8095744354916121,0.5083968030089328,0.3237833962028868,0.5083968030089328,0.18461340680604593,29293,8195,29293,21098,0.21744410015911564,0.5659911230215224,0.6336790726052471,0.4614412999692759,0.33636962800028414,1.8008787019998636,1.9361657950003064,8195.0,463347.0,463347.0,0.16,8.0,False,False,False,0,0,0,0.017801765352487564,13443.0,11621.0,0.8644647772074686,
optimization,fc_candidate024_only__conditioned_p10_f050,train,175,fc_candidate024_only,current,fuzzy_connectedness,conditioned_p10_f050,vesselness_conditioned,3,,1.0,2.0,10.0,0.5,1.0,both_tolerable,True,1.2734375,0.8095744354916121,0.5113217684986183,0.3237833962028868,0.5113217684986183,0.1875383722957315,28230,8195,28230,20035,0.21744410015911564,0.557867850263797,0.6336790726052471,0.4719447396386823,0.33636962800028414,1.8008787019998636,1.9158088430003772,8195.0,463347.0,463347.0,0.16,8.0,False,False,False,0,0,0,0.03560353070497513,13443.0,10558.0,0.785390165885591,
optimization,fc_candidate024_only__conditioned_p10_f075,train,175,fc_candidate024_only,current,fuzzy_connectedness,conditioned_p10_f075,vesselness_conditioned,3,,1.0,2.0,10.0,0.75,1.0,both_tolerable,True,1.2734375,0.8095744354916121,0.5143305541932319,0.3237833962028868,0.5143305541932319,0.1905471579903451,27093,8195,27093,18898,0.21744410015911564,0.548907126706306,0.6336790726052471,0.48385191746945705,0.33636962800028414,1.8008787019998636,1.9263103849998515,8195.0,463347.0,463347.0,0.16,8.0,False,False,False,0,0,0,0.05340529605746269,13443.0,9421.0,0.7008108309157182,
optimization,fc_candidate024_only__current_c3_d2,train,175,fc_candidate024_only,current,fuzzy_connectedness,current_c3_d2,standard,3,2.0,,,,,,both_tolerable,True,1.2734375,0.8095744354916121,0.4994454242958707,0.3237833962028868,0.4994454242958707,0.17566202809298387,31115,8195,31115,22920,0.21744410015911564,0.5750774641989783,0.6336790726052471,0.44139482564679416,0.33636962800028414,1.8008787019998636,1.5335284920001868,8195.0,463347.0,463347.0,0.16,8.0,False,False,False,0,0,0,,,,,
optimization,fc_current__conditioned_p10_f025,train,175,fc_current,current,fuzzy_connectedness,conditioned_p10_f025,vesselness_conditioned,3,,1.0,2.0,10.0,0.25,1.0,both_tolerable,True,1.2734375,0.8095744354916121,0.5083681221557788,0.32388790174257304,0.5083681221557788,0.18448022041320572,29296,8197,29296,21099,0.21752784523909222,0.5659911230215224,0.6337684518726363,0.4613940469688695,0.33636962800028414,1.887464594999983,1.9241261739998663,8197.0,558614.0,500000.0,0.16,8.0,False,False,True,0,0,0,0.01777816191315651,13442.0,11622.0,0.8646034816247582,
optimization,fc_current__conditioned_p10_f050,train,175,fc_current,current,fuzzy_connectedness,conditioned_p10_f050,vesselness_conditioned,3,,1.0,2.0,10.0,0.5,1.0,both_tolerable,True,1.2734375,0.8095744354916121,0.5112825236011973,0.32388790174257304,0.5112825236011973,0.18739462185862427,28234,8197,28234,20037,0.21752784523909222,0.557867850263797,0.6337684518726363,0.4718778777360629,0.33636962800028414,1.887464594999983,1.9276552510000329,8197.0,558614.0,500000.0,0.16,8.0,False,False,True,0,0,0,0.03555632382631302,13442.0,10560.0,0.7855973813420621,
optimization,fc_current__conditioned_p10_f075,train,175,fc_current,current,fuzzy_connectedness,conditioned_p10_f075,vesselness_conditioned,3,,1.0,2.0,10.0,0.75,1.0,both_tolerable,True,1.2734375,0.8095744354916121,0.5142801098469988,0.32388790174257304,0.5142801098469988,0.19039220810442575,27098,8197,27098,18901,0.21752784523909222,0.548907126706306,0.6337684518726363,0.4837626393091741,0.33636962800028414,1.887464594999983,1.9382501030004278,8197.0,558614.0,500000.0,0.16,8.0,False,False,True,0,0,0,0.05333448573946953,13442.0,9424.0,0.7010861478946585,
optimization,fc_current__current_c3_d2,train,175,fc_current,current,fuzzy_connectedness,current_c3_d2,standard,3,2.0,,,,,,both_tolerable,True,1.2734375,0.8095744354916121,0.49943634313975055,0.32388790174257304,0.49943634313975055,0.1755484413971775,31116,8197,31116,22919,0.21752784523909222,0.5750774641989783,0.6337684518726363,0.44138064018511375,0.33636962800028414,1.887464594999983,1.531594770999618,8197.0,558614.0,500000.0,0.16,8.0,False,False,True,0,0,0,,,,,
optimization,fc_floor020__conditioned_p10_f025,train,175,fc_floor020,current,fuzzy_connectedness,conditioned_p10_f025,vesselness_conditioned,3,,1.0,2.0,10.0,0.25,1.0,both_tolerable,True,1.2734375,0.8095744354916121,0.5127270020839536,0.32909271440982996,0.5127270020839536,0.18363428767412365,29862,8346,29862,21516,0.222050079557826,0.5769198559584624,0.6353942008147616,0.4613890563257652,0.33636962800028414,1.9184637620001013,1.9185709019993737,8346.0,521872.0,500000.0,0.16,8.0,False,False,True,0,0,0,0.017544738948345184,13733.0,11847.0,0.8626665695769314,
optimization,fc_floor020__conditioned_p10_f050,train,175,fc_floor020,current,fuzzy_connectedness,conditioned_p10_f050,vesselness_conditioned,3,,1.0,2.0,10.0,0.5,1.0,both_tolerable,True,1.2734375,0.8095744354916121,0.5158852237984011,0.32909271440982996,0.5158852237984011,0.18679250938857112,28777,8346,28777,20431,0.222050079557826,0.5687547106607487,0.6353942008147616,0.472008895993328,0.33636962800028414,1.9184637620001013,1.9406475400001,8346.0,521872.0,500000.0,0.16,8.0,False,False,True,0,0,0,0.03508947789669037,13733.0,10762.0,0.7836597975679022,
optimization,fc_floor020__conditioned_p10_f075,train,175,fc_floor020,current,fuzzy_connectedness,conditioned_p10_f075,vesselness_conditioned,3,,1.0,2.0,10.0,0.75,1.0,both_tolerable,True,1.2734375,0.8095744354916121,0.5193327248363855,0.32909271440982996,0.5193327248363855,0.19024001042655553,27611,8346,27611,19265,0.222050079557826,0.5598777321832342,0.6353942008147616,0.48426351816305097,0.33636962800028414,1.9184637620001013,1.9545840410000892,8346.0,521872.0,500000.0,0.16,8.0,False,False,True,0,0,0,0.05263421684503555,13733.0,9596.0,0.6987548241462171,
optimization,fc_floor020__current_c3_d2,train,175,fc_floor020,current,fuzzy_connectedness,current_c3_d2,standard,3,2.0,,,,,,both_tolerable,True,1.2734375,0.8095744354916121,0.5032176882976811,0.32909271440982996,0.5032176882976811,0.17412497388785114,31748,8346,31748,23402,0.222050079557826,0.5860899422158948,0.6353942008147616,0.44087816555373566,0.33636962800028414,1.9184637620001013,1.527659264000249,8346.0,521872.0,500000.0,0.16,8.0,False,False,True,0,0,0,,,,,
optimization,fc_floor020_recovery__conditioned_p10_f025,train,175,fc_floor020_recovery,current,fuzzy_connectedness,conditioned_p10_f025,vesselness_conditioned,3,,1.0,2.0,10.0,0.25,1.0,both_tolerable,True,1.2734375,0.8095744354916121,0.5127270020839536,0.32909271440982996,0.5127270020839536,0.18363428767412365,29862,8346,29862,21516,0.222050079557826,0.5769198559584624,0.6353942008147616,0.4613890563257652,0.33636962800028414,2.028828739999881,1.96206158699988,,,,,,,False,False,0,0,0,0.017544738948345184,13733.0,11847.0,0.8626665695769314,
optimization,fc_floor020_recovery__conditioned_p10_f050,train,175,fc_floor020_recovery,current,fuzzy_connectedness,conditioned_p10_f050,vesselness_conditioned,3,,1.0,2.0,10.0,0.5,1.0,both_tolerable,True,1.2734375,0.8095744354916121,0.5158852237984011,0.32909271440982996,0.5158852237984011,0.18679250938857112,28777,8346,28777,20431,0.222050079557826,0.5687547106607487,0.6353942008147616,0.472008895993328,0.33636962800028414,2.028828739999881,1.9819624290003048,,,,,,,False,False,0,0,0,0.03508947789669037,13733.0,10762.0,0.7836597975679022,
optimization,fc_floor020_recovery__conditioned_p10_f075,train,175,fc_floor020_recovery,current,fuzzy_connectedness,conditioned_p10_f075,vesselness_conditioned,3,,1.0,2.0,10.0,0.75,1.0,both_tolerable,True,1.2734375,0.8095744354916121,0.5193327248363855,0.32909271440982996,0.5193327248363855,0.19024001042655553,27611,8346,27611,19265,0.222050079557826,0.5598777321832342,0.6353942008147616,0.48426351816305097,0.33636962800028414,2.028828739999881,2.0286182469999403,,,,,,,False,False,0,0,0,0.05263421684503555,13733.0,9596.0,0.6987548241462171,
optimization,fc_floor020_recovery__current_c3_d2,train,175,fc_floor020_recovery,current,fuzzy_connectedness,current_c3_d2,standard,3,2.0,,,,,,both_tolerable,True,1.2734375,0.8095744354916121,0.5032176882976811,0.32909271440982996,0.5032176882976811,0.17412497388785114,31748,8346,31748,23402,0.222050079557826,0.5860899422158948,0.6353942008147616,0.44087816555373566,0.33636962800028414,2.028828739999881,1.5256798099999287,,,,,,,False,False,0,0,0,,,,,
optimization,fc_floor024__conditioned_p10_f025,train,175,fc_floor024,current,fuzzy_connectedness,conditioned_p10_f025,vesselness_conditioned,3,,1.0,2.0,10.0,0.25,1.0,both_tolerable,True,1.2734375,0.8095744354916121,0.5106264913156873,0.33169646993421664,0.5106264913156873,0.17893002138147063,30181,8497,30181,21684,0.22485553973704045,0.5779666694581693,0.6319877603860186,0.45734071104337165,0.33636962800028414,1.8818080490000284,1.960048941000423,8497.0,463347.0,463347.0,0.16,8.0,False,False,False,0,0,0,0.01682698354125023,13848.0,11917.0,0.8605574812247256,
optimization,fc_floor024__conditioned_p10_f050,train,175,fc_floor024,current,fuzzy_connectedness,conditioned_p10_f050,vesselness_conditioned,3,,1.0,2.0,10.0,0.5,1.0,both_tolerable,True,1.2734375,0.8095744354916121,0.5139502397402499,0.33169646993421664,0.5139502397402499,0.18225376980603325,29092,8497,29092,20595,0.22485553973704045,0.5700108868603969,0.6319877603860186,0.4679293276502131,0.33636962800028414,1.8818080490000284,1.9473060939999414,8497.0,463347.0,463347.0,0.16,8.0,False,False,False,0,0,0,0.03365396708250046,13848.0,10828.0,0.7819179664933564,
optimization,fc_floor024__conditioned_p10_f075,train,175,fc_floor024,current,fuzzy_connectedness,conditioned_p10_f075,vesselness_conditioned,3,,1.0,2.0,10.0,0.75,1.0,both_tolerable,True,1.2734375,0.8095744354916121,0.51780097640044,0.33169646993421664,0.51780097640044,0.18610450646622334,27941,8497,27941,19444,0.22485553973704045,0.561803869022695,0.6319877603860186,0.4801904012025339,0.33636962800028414,1.8818080490000284,1.942500786999517,8497.0,463347.0,463347.0,0.16,8.0,False,False,False,0,0,0,0.05048095062375069,13848.0,9677.0,0.6988012709416522,
optimization,fc_floor024__current_c3_d2,train,175,fc_floor024,current,fuzzy_connectedness,current_c3_d2,standard,3,2.0,,,,,,both_tolerable,True,1.2734375,0.8095744354916121,0.5006607850841162,0.33169646993421664,0.5006607850841162,0.1689643151498995,32112,8497,32112,23615,0.22485553973704045,0.5869273930156603,0.6319877603860186,0.43650348779272546,0.33636962800028414,1.8818080490000284,1.5501525279996713,8497.0,463347.0,463347.0,0.16,8.0,False,False,False,0,0,0,,,,,
optimization,rg_gamma55_current__conditioned_p10_f025,train,175,rg_gamma55_current,current,region_growing,conditioned_p10_f025,vesselness_conditioned,3,,1.0,2.0,10.0,0.25,1.0,both_tolerable,True,1.2734375,0.8095744354916121,0.4644243413235317,0.29278118427678546,0.4644243413235317,0.17164315704674626,39237,9877,39237,29360,0.20693409262205845,0.6137258186081568,0.5003543586109143,0.3735504753166654,0.33636962800028414,0.08247069700064458,1.9319584710001436,,,,,,,False,False,0,0,0,0.022717198356986046,18374.0,16345.0,0.889572221617503,
optimization,rg_gamma55_current__conditioned_p10_f050,train,175,rg_gamma55_current,current,region_growing,conditioned_p10_f050,vesselness_conditioned,3,,1.0,2.0,10.0,0.5,1.0,both_tolerable,True,1.2734375,0.8095744354916121,0.46823262595172527,0.29278118427678546,0.46823262595172527,0.1754514416749398,37848,9877,37848,27971,0.20693409262205845,0.6051419479105603,0.5003543586109143,0.3818431621221729,0.33636962800028414,0.08247069700064458,1.9345452730003672,,,,,,,False,False,0,0,0,0.04543439671397209,18374.0,14956.0,0.8139762708174595,
optimization,rg_gamma55_current__conditioned_p10_f075,train,175,rg_gamma55_current,current,region_growing,conditioned_p10_f075,vesselness_conditioned,3,,1.0,2.0,10.0,0.75,1.0,both_tolerable,True,1.2734375,0.8095744354916121,0.4718866171003718,0.29278118427678546,0.4718866171003718,0.17910543282358632,36374,9877,36374,26497,0.20693409262205845,0.5953019010133155,0.5003543586109143,0.3908561060097872,0.33636962800028414,0.08247069700064458,1.9454531499995937,,,,,,,False,False,0,0,0,0.06815159507095814,18374.0,13482.0,0.7337542179166213,
optimization,rg_gamma55_current__current_c3_d2,train,175,rg_gamma55_current,current,region_growing,current_c3_d2,standard,3,2.0,,,,,,both_tolerable,True,1.2734375,0.8095744354916121,0.4573893289126297,0.29278118427678546,0.4573893289126297,0.16460814463584422,41266,9877,41266,31389,0.20693409262205845,0.6238589732853195,0.5003543586109143,0.36104783599088835,0.33636962800028414,0.08247069700064458,1.5179144429994267,,,,,,,False,False,0,0,0,,,,,
optimization,rg_gamma65_current__conditioned_p10_f025,train,175,rg_gamma65_current,gamma65,region_growing,conditioned_p10_f025,vesselness_conditioned,3,,1.0,2.0,10.0,0.25,1.0,both_tolerable,True,1.2734375,0.8095744354916121,0.5229130639836503,0.27622492601118054,0.5229130639836503,0.2466881379724698,27006,6528,27006,20478,0.1758646679507579,0.5571141445440081,0.6433823529411765,0.49266829593423683,0.33755310700053087,0.06010349400003179,1.943205935000151,,,,,,,False,False,0,0,0,0.02249883860349655,13012.0,11694.0,0.8987088841069781,
optimization,rg_gamma65_current__conditioned_p10_f050,train,175,rg_gamma65_current,gamma65,region_growing,conditioned_p10_f050,vesselness_conditioned,3,,1.0,2.0,10.0,0.5,1.0,both_tolerable,True,1.2734375,0.8095744354916121,0.5247038544025977,0.27622492601118054,0.5247038544025977,0.24847892839141716,26009,6528,26009,19481,0.1758646679507579,0.5480696759065405,0.6433823529411765,0.5032488753892883,0.33755310700053087,0.06010349400003179,1.9284319680000408,,,,,,,False,False,0,0,0,0.0449976772069931,13012.0,10697.0,0.822087304027052,
optimization,rg_gamma65_current__conditioned_p10_f075,train,175,rg_gamma65_current,gamma65,region_growing,conditioned_p10_f075,vesselness_conditioned,3,,1.0,2.0,10.0,0.75,1.0,both_tolerable,True,1.2734375,0.8095744354916121,0.5274918660091265,0.27622492601118054,0.5274918660091265,0.2512669399979459,24987,6528,24987,18459,0.1758646679507579,0.5396951679088854,0.6433823529411765,0.5158282306799535,0.33755310700053087,0.06010349400003179,1.9243077619994438,,,,,,,False,False,0,0,0,0.06749651581048965,13012.0,9675.0,0.7435444205348909,
optimization,rg_gamma65_current__current_c3_d2,train,175,rg_gamma65_current,gamma65,region_growing,current_c3_d2,standard,3,2.0,,,,,,both_tolerable,True,1.2734375,0.8095744354916121,0.518292916523005,0.27622492601118054,0.518292916523005,0.24206799051182448,28324,6528,28324,21796,0.1758646679507579,0.5664935935013818,0.6433823529411765,0.4776514616579579,0.33755310700053087,0.06010349400003179,1.555846969000413,,,,,,,False,False,0,0,0,,,,,
optimization,rg_gamma65_divisor6__conditioned_p10_f025,train,175,rg_gamma65_divisor6,gamma65,region_growing,conditioned_p10_f025,vesselness_conditioned,3,,1.0,2.0,10.0,0.25,1.0,both_tolerable,True,1.2734375,0.8095744354916121,0.5229027884218593,0.2762816086284568,0.5229027884218593,0.24662117979340253,27007,6529,27007,20478,0.17590654049074617,0.5571141445440081,0.6434369735028335,0.49265005368978415,0.33755310700053087,0.057161579000421625,1.9189919580003334,,,,,,,False,False,0,0,0,0.02249370701611042,13013.0,11694.0,0.8986398217167448,
optimization,rg_gamma65_divisor6__conditioned_p10_f050,train,175,rg_gamma65_divisor6,gamma65,region_growing,conditioned_p10_f050,vesselness_conditioned,3,,1.0,2.0,10.0,0.5,1.0,both_tolerable,True,1.2734375,0.8095744354916121,0.524693337609236,0.2762816086284568,0.524693337609236,0.24841172898077918,26010,6529,26010,19481,0.17590654049074617,0.5480696759065405,0.6434369735028335,0.5032295271049596,0.33755310700053087,0.057161579000421625,1.950005831999988,,,,,,,False,False,0,0,0,0.04498741403222084,13013.0,10697.0,0.8220241297164375,
optimization,rg_gamma65_divisor6__conditioned_p10_f075,train,175,rg_gamma65_divisor6,gamma65,region_growing,conditioned_p10_f075,vesselness_conditioned,3,,1.0,2.0,10.0,0.75,1.0,both_tolerable,True,1.2734375,0.8095744354916121,0.5274271099744245,0.2762816086284568,0.5274271099744245,0.25114550134596775,24993,6529,24993,18464,0.17590654049074617,0.5396951679088854,0.6434369735028335,0.5157043972312247,0.33755310700053087,0.057161579000421625,1.9520513130000836,,,,,,,False,False,0,0,0,0.06748112104833126,13013.0,9680.0,0.7438715131022823,
optimization,rg_gamma65_divisor6__current_c3_d2,train,175,rg_gamma65_divisor6,gamma65,region_growing,current_c3_d2,standard,3,2.0,,,,,,both_tolerable,True,1.2734375,0.8095744354916121,0.5182730615997548,0.2762816086284568,0.5182730615997548,0.24199145297129804,28326,6529,28326,21797,0.17590654049074617,0.5664935935013818,0.6434369735028335,0.477617736355292,0.33755310700053087,0.057161579000421625,1.538325169000018,,,,,,,False,False,0,0,0,,,,,
optimization,rg_gamma65_divisor8__conditioned_p10_f025,train,175,rg_gamma65_divisor8,gamma65,region_growing,conditioned_p10_f025,vesselness_conditioned,3,,1.0,2.0,10.0,0.25,1.0,both_tolerable,True,1.2734375,0.8095744354916121,0.5229233399492994,0.2760548557897852,0.5229233399492994,0.24686848415951418,27005,6525,27005,20480,0.17573905033079307,0.5571141445440081,0.6432183908045978,0.4926865395297167,0.33755310700053087,0.058332081999651564,1.9124068310002258,,,,,,,False,False,0,0,0,0.022516006603837013,13012.0,11696.0,0.8988625883799569,
optimization,rg_gamma65_divisor8__conditioned_p10_f050,train,175,rg_gamma65_divisor8,gamma65,region_growing,conditioned_p10_f050,vesselness_conditioned,3,,1.0,2.0,10.0,0.5,1.0,both_tolerable,True,1.2734375,0.8095744354916121,0.5247669640172397,0.2760548557897852,0.5247669640172397,0.24871210822745443,26003,6525,26003,19478,0.17573905033079307,0.5480696759065405,0.6432183908045978,0.5033649963465754,0.33755310700053087,0.058332081999651564,1.9456722810000429,,,,,,,False,False,0,0,0,0.045032013207674026,13012.0,10694.0,0.8218567476175838,
optimization,rg_gamma65_divisor8__conditioned_p10_f075,train,175,rg_gamma65_divisor8,gamma65,region_growing,conditioned_p10_f075,vesselness_conditioned,3,,1.0,2.0,10.0,0.75,1.0,both_tolerable,True,1.2734375,0.8095744354916121,0.5275026602275518,0.2760548557897852,0.5275026602275518,0.25144780443776654,24986,6525,24986,18461,0.17573905033079307,0.5396951679088854,0.6432183908045978,0.5158488753702073,0.33755310700053087,0.058332081999651564,1.919835260000582,,,,,,,False,False,0,0,0,0.06754801981151104,13012.0,9677.0,0.7436981248078697,
optimization,rg_gamma65_divisor8__current_c3_d2,train,175,rg_gamma65_divisor8,gamma65,region_growing,current_c3_d2,standard,3,2.0,,,,,,both_tolerable,True,1.2734375,0.8095744354916121,0.5183227017604353,0.2760548557897852,0.5183227017604353,0.24226784597065004,28321,6525,28321,21796,0.17573905033079307,0.5664935935013818,0.6432183908045978,0.4777020585431305,0.33755310700053087,0.058332081999651564,1.5312180490000173,,,,,,,False,False,0,0,0,,,,,
optimization,rg_gamma65_floor065__conditioned_p10_f025,train,175,rg_gamma65_floor065,gamma65,region_growing,conditioned_p10_f025,vesselness_conditioned,3,,1.0,2.0,10.0,0.25,1.0,both_tolerable,True,1.2734375,0.8095744354916121,0.4710695688735082,0.28930741921896624,0.4710695688735082,0.18176214965454196,37956,9356,37956,28600,0.2013231722636295,0.6098735449292354,0.5138948268490808,0.38373379702813787,0.33755310700053087,0.07614730299974326,1.916247034000662,,,,,,,False,False,0,0,0,0.018724720925092697,17973.0,16006.0,0.890558059311189,
optimization,rg_gamma65_floor065__conditioned_p10_f050,train,175,rg_gamma65_floor065,gamma65,region_growing,conditioned_p10_f050,vesselness_conditioned,3,,1.0,2.0,10.0,0.5,1.0,both_tolerable,True,1.2734375,0.8095744354916121,0.47452471482889735,0.28930741921896624,0.47452471482889735,0.1852172956099311,36608,9356,36608,27252,0.2013231722636295,0.6009546939117327,0.5138948268490808,0.39204545454545453,0.33755310700053087,0.07614730299974326,1.9162424250007462,,,,,,,False,False,0,0,0,0.037449441850185394,17973.0,14658.0,0.8155566683358371,
optimization,rg_gamma65_floor065__conditioned_p10_f075,train,175,rg_gamma65_floor065,gamma65,region_growing,conditioned_p10_f075,vesselness_conditioned,3,,1.0,2.0,10.0,0.75,1.0,both_tolerable,True,1.2734375,0.8095744354916121,0.47794951666694885,0.28930741921896624,0.47794951666694885,0.1886420974479826,35187,9356,35187,25831,0.2013231722636295,0.5910727744744996,0.5138948268490808,0.4011708869753034,0.33755310700053087,0.07614730299974326,1.9212005609997505,,,,,,,False,False,0,0,0,0.05617416277527809,17973.0,13237.0,0.7364936293328882,
optimization,rg_gamma65_floor065__current_c3_d2,train,175,rg_gamma65_floor065,gamma65,region_growing,current_c3_d2,standard,3,2.0,,,,,,both_tolerable,True,1.2734375,0.8095744354916121,0.46469712404983937,0.28930741921896624,0.46469712404983937,0.17538970483087313,39923,9356,39923,30567,0.2013231722636295,0.620760405326187,0.5138948268490808,0.3713398291711545,0.33755310700053087,0.07614730299974326,1.5325129220000235,,,,,,,False,False,0,0,0,,,,,
optimization,rg_gamma65_floor090__conditioned_p10_f025,train,175,rg_gamma65_floor090,gamma65,region_growing,conditioned_p10_f025,vesselness_conditioned,3,,1.0,2.0,10.0,0.25,1.0,both_tolerable,True,1.2734375,0.8095744354916121,0.6098428413514683,0.2751620485789586,0.6098428413514683,0.33468079277250967,17732,4196,17732,13536,0.161753621974709,0.5313206599112302,0.9206387035271687,0.7155989172118205,0.33755310700053087,0.04220770400024776,1.9152949309991527,,,,,,,False,False,0,0,0,0.026820611208677292,8819.0,7812.0,0.8858147182220206,
optimization,rg_gamma65_floor090__conditioned_p10_f050,train,175,rg_gamma65_floor090,gamma65,region_growing,conditioned_p10_f050,vesselness_conditioned,3,,1.0,2.0,10.0,0.5,1.0,both_tolerable,True,1.2734375,0.8095744354916121,0.6092265611644321,0.2751620485789586,0.6092265611644321,0.3340645125854735,17065,4196,17065,12869,0.161753621974709,0.5222761912737627,0.9206387035271687,0.7309112217990038,0.33755310700053087,0.04220770400024776,1.917995142000109,,,,,,,False,False,0,0,0,0.053641222417354584,8819.0,7145.0,0.8101825603809956,
optimization,rg_gamma65_floor090__conditioned_p10_f075,train,175,rg_gamma65_floor090,gamma65,region_growing,conditioned_p10_f075,vesselness_conditioned,3,,1.0,2.0,10.0,0.75,1.0,both_tolerable,True,1.2734375,0.8095744354916121,0.6088682662961217,0.2751620485789586,0.6088682662961217,0.3337062177171631,16419,4196,16419,12223,0.161753621974709,0.5137341931161544,0.9206387035271687,0.7472440465314575,0.33755310700053087,0.04220770400024776,1.9547834480008532,,,,,,,False,False,0,0,0,0.08046183362603188,8819.0,6499.0,0.7369316249007825,
optimization,rg_gamma65_floor090__current_c3_d2,train,175,rg_gamma65_floor090,gamma65,region_growing,current_c3_d2,standard,3,2.0,,,,,,both_tolerable,True,1.2734375,0.8095744354916121,0.6065085286595809,0.2751620485789586,0.6065085286595809,0.33134648008062234,18739,4196,18739,14543,0.161753621974709,0.5412025793484633,0.9206387035271687,0.6897379796147073,0.33755310700053087,0.04220770400024776,1.5353037830000176,,,,,,,False,False,0,0,0,,,,,
optimization,rg_gamma65_recovery__conditioned_p10_f025,train,175,rg_gamma65_recovery,gamma65,region_growing,conditioned_p10_f025,vesselness_conditioned,3,,1.0,2.0,10.0,0.25,1.0,both_tolerable,True,1.2734375,0.8095744354916121,0.5229130639836503,0.27622492601118054,0.5229130639836503,0.2466881379724698,27006,6528,27006,20478,0.1758646679507579,0.5571141445440081,0.6433823529411765,0.49266829593423683,0.33755310700053087,0.08727859700047702,1.9145007280003483,,,,,,,False,False,0,0,0,0.02249883860349655,13012.0,11694.0,0.8987088841069781,
optimization,rg_gamma65_recovery__conditioned_p10_f050,train,175,rg_gamma65_recovery,gamma65,region_growing,conditioned_p10_f050,vesselness_conditioned,3,,1.0,2.0,10.0,0.5,1.0,both_tolerable,True,1.2734375,0.8095744354916121,0.5247038544025977,0.27622492601118054,0.5247038544025977,0.24847892839141716,26009,6528,26009,19481,0.1758646679507579,0.5480696759065405,0.6433823529411765,0.5032488753892883,0.33755310700053087,0.08727859700047702,1.9105074190001687,,,,,,,False,False,0,0,0,0.0449976772069931,13012.0,10697.0,0.822087304027052,
optimization,rg_gamma65_recovery__conditioned_p10_f075,train,175,rg_gamma65_recovery,gamma65,region_growing,conditioned_p10_f075,vesselness_conditioned,3,,1.0,2.0,10.0,0.75,1.0,both_tolerable,True,1.2734375,0.8095744354916121,0.5274918660091265,0.27622492601118054,0.5274918660091265,0.2512669399979459,24987,6528,24987,18459,0.1758646679507579,0.5396951679088854,0.6433823529411765,0.5158282306799535,0.33755310700053087,0.08727859700047702,1.9154813149998517,,,,,,,False,False,0,0,0,0.06749651581048965,13012.0,9675.0,0.7435444205348909,
optimization,rg_gamma65_recovery__current_c3_d2,train,175,rg_gamma65_recovery,gamma65,region_growing,current_c3_d2,standard,3,2.0,,,,,,both_tolerable,True,1.2734375,0.8095744354916121,0.518292916523005,0.27622492601118054,0.518292916523005,0.24206799051182448,28324,6528,28324,21796,0.1758646679507579,0.5664935935013818,0.6433823529411765,0.4776514616579579,0.33755310700053087,0.08727859700047702,1.523539740999695,,,,,,,False,False,0,0,0,,,,,
optimization,rg_gamma65_relax090__conditioned_p10_f025,train,175,rg_gamma65_relax090,gamma65,region_growing,conditioned_p10_f025,vesselness_conditioned,3,,1.0,2.0,10.0,0.25,1.0,both_tolerable,True,1.2734375,0.8095744354916121,0.5229137918512601,0.2909528484119193,0.5229137918512601,0.23196094343934076,31194,7697,31194,23497,0.19236244870613853,0.6029645758311699,0.5968559178900871,0.4616272360069244,0.33755310700053087,0.06685186399954546,1.9473045720005757,,,,,,,False,False,0,0,0,0.02095406875014305,14812.0,13203.0,0.8913718606535241,
optimization,rg_gamma65_relax090__conditioned_p10_f050,train,175,rg_gamma65_relax090,gamma65,region_growing,conditioned_p10_f050,vesselness_conditioned,3,,1.0,2.0,10.0,0.5,1.0,both_tolerable,True,1.2734375,0.8095744354916121,0.5258315246628452,0.2909528484119193,0.5258315246628452,0.2348786762509259,30025,7697,30025,22328,0.19236244870613853,0.5934595092538313,0.5968559178900871,0.47203996669442133,0.33755310700053087,0.06685186399954546,1.954791999999543,,,,,,,False,False,0,0,0,0.0419081375002861,14812.0,12034.0,0.8124493653794221,
optimization,rg_gamma65_relax090__conditioned_p10_f075,train,175,rg_gamma65_relax090,gamma65,region_growing,conditioned_p10_f075,vesselness_conditioned,3,,1.0,2.0,10.0,0.75,1.0,both_tolerable,True,1.2734375,0.8095744354916121,0.5282410917361637,0.2909528484119193,0.5282410917361637,0.23728824332424442,28878,7697,28878,21181,0.19236244870613853,0.5834938447366217,0.5968559178900871,0.4825472678163308,0.33755310700053087,0.06685186399954546,1.942269258000124,,,,,,,False,False,0,0,0,0.06286220625042915,14812.0,10887.0,0.7350121523089387,
optimization,rg_gamma65_relax090__current_c3_d2,train,175,rg_gamma65_relax090,gamma65,region_growing,current_c3_d2,standard,3,2.0,,,,,,both_tolerable,True,1.2734375,0.8095744354916121,0.5172797036252977,0.2909528484119193,0.5172797036252977,0.22632685521337842,32803,7697,32803,25106,0.19236244870613853,0.6138933087681099,0.5968559178900871,0.4469408285827516,0.33755310700053087,0.06685186399954546,1.5709443349996945,,,,,,,False,False,0,0,0,,,,,
optimization,rg_gamma65_window3__conditioned_p10_f025,train,175,rg_gamma65_window3,gamma65,region_growing,conditioned_p10_f025,vesselness_conditioned,3,,1.0,2.0,10.0,0.25,1.0,both_tolerable,True,1.2734375,0.8095744354916121,0.5298511654029767,0.21276279069767443,0.5298511654029767,0.31708837470530227,11728,2993,11728,8735,0.1197135918264802,0.39502554224939285,0.9552288673571667,0.804399727148704,0.33755310700053087,0.04597167799965973,1.9315265960003671,,,,,,,False,False,0,0,0,0.02646368369460106,5662.0,4952.0,0.8746026139173437,
optimization,rg_gamma65_window3__conditioned_p10_f050,train,175,rg_gamma65_window3,gamma65,region_growing,conditioned_p10_f050,vesselness_conditioned,3,,1.0,2.0,10.0,0.5,1.0,both_tolerable,True,1.2734375,0.8095744354916121,0.5275874811677421,0.21276279069767443,0.5275874811677421,0.31482469047006767,11297,2993,11297,8304,0.1197135918264802,0.3885771710911984,0.9552288673571667,0.8214570239886696,0.33755310700053087,0.04597167799965973,1.9172652610004661,,,,,,,False,False,0,0,0,0.05292736738920212,5662.0,4521.0,0.7984811020840692,
optimization,rg_gamma65_window3__conditioned_p10_f075,train,175,rg_gamma65_window3,gamma65,region_growing,conditioned_p10_f075,vesselness_conditioned,3,,1.0,2.0,10.0,0.75,1.0,both_tolerable,True,1.2734375,0.8095744354916121,0.5255566728918258,0.21276279069767443,0.5255566728918258,0.3127938821941514,10923,2993,10923,7930,0.1197135918264802,0.38296625073276946,0.9552288673571667,0.8373157557447588,0.33755310700053087,0.04597167799965973,1.9524575820005339,,,,,,,False,False,0,0,0,0.07939105108380318,5662.0,4147.0,0.7324267043447545,
optimization,rg_gamma65_window3__current_c3_d2,train,175,rg_gamma65_window3,gamma65,region_growing,current_c3_d2,standard,3,2.0,,,,,,both_tolerable,True,1.2734375,0.8095744354916121,0.5272026431718062,0.21276279069767443,0.5272026431718062,0.31443985247413175,12438,2993,12438,9445,0.1197135918264802,0.40088769784775147,0.9552288673571667,0.7697378999839203,0.33755310700053087,0.04597167799965973,1.5220411390000663,,,,,,,False,False,0,0,0,,,,,
optimization,fc_affinity_floor024_only__conditioned_p10_f025,train,194,fc_affinity_floor024_only,current,fuzzy_connectedness,conditioned_p10_f025,vesselness_conditioned,3,,1.0,2.0,10.0,0.25,1.0,both_tolerable,True,0.8095744354916121,1.967649121771016,0.7828860644132342,0.4645252740020756,0.7828860644132342,0.31836079041115856,31542,9602,31542,21940,0.30683832135094463,0.8043136599230898,0.9556342428660696,0.7625705408661467,0.43037767699934193,2.0282897059996685,2.352432626999871,9602.0,683204.0,500000.0,0.16,8.0,False,False,True,0,0,0,0.01585923694074154,14225.0,12318.0,0.8659402460456942,
optimization,fc_affinity_floor024_only__conditioned_p10_f050,train,194,fc_affinity_floor024_only,current,fuzzy_connectedness,conditioned_p10_f050,vesselness_conditioned,3,,1.0,2.0,10.0,0.5,1.0,both_tolerable,True,0.8095744354916121,1.967649121771016,0.7851522294896909,0.4645252740020756,0.7851522294896909,0.3206269554876153,30333,9602,30333,20731,0.30683832135094463,0.7907707741180404,0.9556342428660696,0.7796129627798107,0.43037767699934193,2.0282897059996685,2.3559299750004357,9602.0,683204.0,500000.0,0.16,8.0,False,False,True,0,0,0,0.03171847388148308,14225.0,11109.0,0.7809490333919157,
optimization,fc_affinity_floor024_only__conditioned_p10_f075,train,194,fc_affinity_floor024_only,current,fuzzy_connectedness,conditioned_p10_f075,vesselness_conditioned,3,,1.0,2.0,10.0,0.75,1.0,both_tolerable,True,0.8095744354916121,1.967649121771016,0.7846687537016668,0.4645252740020756,0.7846687537016668,0.32014347969959117,29190,9602,29190,19588,0.30683832135094463,0.7752884133088113,0.9556342428660696,0.7942788626241863,0.43037767699934193,2.0282897059996685,2.4024471590000758,9602.0,683204.0,500000.0,0.16,8.0,False,False,True,0,0,0,0.04757771082222462,14225.0,9966.0,0.700597539543058,
optimization,fc_affinity_floor024_only__current_c3_d2,train,194,fc_affinity_floor024_only,current,fuzzy_connectedness,current_c3_d2,standard,3,2.0,,,,,,both_tolerable,True,0.8095744354916121,1.967649121771016,0.7752312403321021,0.4645252740020756,0.7752312403321021,0.3107059663300265,33449,9602,33449,23847,0.30683832135094463,0.821167028924929,0.9556342428660696,0.7341624562767198,0.43037767699934193,2.0282897059996685,1.8442833139997674,9602.0,683204.0,500000.0,0.16,8.0,False,False,True,0,0,0,,,,,
optimization,fc_alpha017__conditioned_p10_f025,train,194,fc_alpha017,current,fuzzy_connectedness,conditioned_p10_f025,vesselness_conditioned,3,,1.0,2.0,10.0,0.25,1.0,both_tolerable,True,0.8095744354916121,1.967649121771016,0.7855483698467606,0.44397560912856665,0.7855483698467606,0.3415727607181939,29936,8962,29936,20974,0.2885136264838656,0.7859555258318007,0.9627315331399241,0.7851416354890433,0.43037767699934193,1.9925249240004632,2.3801790640000036,8962.0,683204.0,500000.0,0.17,8.0,False,False,True,0,0,0,0.018735358491539955,13589.0,11794.0,0.8679078666568548,
optimization,fc_alpha017__conditioned_p10_f050,train,194,fc_alpha017,current,fuzzy_connectedness,conditioned_p10_f050,vesselness_conditioned,3,,1.0,2.0,10.0,0.5,1.0,both_tolerable,True,0.8095744354916121,1.967649121771016,0.7861281526925699,0.44397560912856665,0.7861281526925699,0.3421525435640032,28775,8962,28775,19813,0.2885136264838656,0.7712757064036114,0.9627315331399241,0.8015638575152042,0.43037767699934193,1.9925249240004632,2.3360978949995115,8962.0,683204.0,500000.0,0.17,8.0,False,False,True,0,0,0,0.03747071698307991,13589.0,10633.0,0.7824711163441018,
optimization,fc_alpha017__conditioned_p10_f075,train,194,fc_alpha017,current,fuzzy_connectedness,conditioned_p10_f075,vesselness_conditioned,3,,1.0,2.0,10.0,0.75,1.0,both_tolerable,True,0.8095744354916121,1.967649121771016,0.7847064336416807,0.44397560912856665,0.7847064336416807,0.34073082451311404,27714,8962,27714,18752,0.2885136264838656,0.7559605417154323,0.9627315331399241,0.8157249043804575,0.43037767699934193,1.9925249240004632,2.353305158000694,8962.0,683204.0,500000.0,0.17,8.0,False,False,True,0,0,0,0.056206075474619865,13589.0,9572.0,0.7043932592538082,
optimization,fc_alpha017__current_c3_d2,train,194,fc_alpha017,current,fuzzy_connectedness,current_c3_d2,standard,3,2.0,,,,,,both_tolerable,True,0.8095744354916121,1.967649121771016,0.7789278992796418,0.44397560912856665,0.7789278992796418,0.33495229015107514,31731,8962,31731,22769,0.2885136264838656,0.8027085771610099,0.9627315331399241,0.7565157101887744,0.43037767699934193,1.9925249240004632,1.8462894550002602,8962.0,683204.0,500000.0,0.17,8.0,False,False,True,0,0,0,,,,,
optimization,fc_candidate024_only__conditioned_p10_f025,train,194,fc_candidate024_only,current,fuzzy_connectedness,conditioned_p10_f025,vesselness_conditioned,3,,1.0,2.0,10.0,0.25,1.0,both_tolerable,True,0.8095744354916121,1.967649121771016,0.7845977388169753,0.4576271186440678,0.7845977388169753,0.32697062017290746,31125,9389,31125,21736,0.30065206487209495,0.80060190603578,0.9576099691127916,0.7692208835341365,0.43037767699934193,2.050780016999852,2.4035468190004394,9389.0,572286.0,500000.0,0.16,8.0,False,False,True,0,0,0,0.016933513805270195,14091.0,12229.0,0.8678589170392449,
optimization,fc_candidate024_only__conditioned_p10_f050,train,194,fc_candidate024_only,current,fuzzy_connectedness,conditioned_p10_f050,vesselness_conditioned,3,,1.0,2.0,10.0,0.5,1.0,both_tolerable,True,0.8095744354916121,1.967649121771016,0.7862753618344085,0.4576271186440678,0.7862753618344085,0.3286482431903407,29929,9389,29929,20540,0.30065206487209495,0.7865908710917907,0.9576099691127916,0.7859601055832136,0.43037767699934193,2.050780016999852,2.410504716000105,9389.0,572286.0,500000.0,0.16,8.0,False,False,True,0,0,0,0.03386702761054039,14091.0,11033.0,0.7829820452771272,
optimization,fc_candidate024_only__conditioned_p10_f075,train,194,fc_candidate024_only,current,fuzzy_connectedness,conditioned_p10_f075,vesselness_conditioned,3,,1.0,2.0,10.0,0.75,1.0,both_tolerable,True,0.8095744354916121,1.967649121771016,0.7852467957458413,0.4576271186440678,0.7852467957458413,0.32761967710177353,28767,9389,28767,19378,0.30065206487209495,0.7703059689015215,0.9576099691127916,0.8007786700038239,0.43037767699934193,2.050780016999852,2.3534089519998815,9389.0,572286.0,500000.0,0.16,8.0,False,False,True,0,0,0,0.050800541415810585,14091.0,9871.0,0.7005180611737989,
optimization,fc_candidate024_only__current_c3_d2,train,194,fc_candidate024_only,current,fuzzy_connectedness,current_c3_d2,standard,3,2.0,,,,,,both_tolerable,True,0.8095744354916121,1.967649121771016,0.7773007695732367,0.4576271186440678,0.7773007695732367,0.3196736509291689,32987,9389,32987,23598,0.30065206487209495,0.8173549573649891,0.9576099691127916,0.7409888744050687,0.43037767699934193,2.050780016999852,1.9188592050004445,9389.0,572286.0,500000.0,0.16,8.0,False,False,True,0,0,0,,,,,
optimization,fc_current__conditioned_p10_f025,train,194,fc_current,current,fuzzy_connectedness,conditioned_p10_f025,vesselness_conditioned,3,,1.0,2.0,10.0,0.25,1.0,both_tolerable,True,0.8095744354916121,1.967649121771016,0.7845977388169753,0.4576271186440678,0.7845977388169753,0.32697062017290746,31125,9389,31125,21736,0.30065206487209495,0.80060190603578,0.9576099691127916,0.7692208835341365,0.43037767699934193,2.01836117700077,2.433075230000213,9389.0,683204.0,500000.0,0.16,8.0,False,False,True,0,0,0,0.016933513805270195,14091.0,12229.0,0.8678589170392449,
optimization,fc_current__conditioned_p10_f050,train,194,fc_current,current,fuzzy_connectedness,conditioned_p10_f050,vesselness_conditioned,3,,1.0,2.0,10.0,0.5,1.0,both_tolerable,True,0.8095744354916121,1.967649121771016,0.7862753618344085,0.4576271186440678,0.7862753618344085,0.3286482431903407,29929,9389,29929,20540,0.30065206487209495,0.7865908710917907,0.9576099691127916,0.7859601055832136,0.43037767699934193,2.01836117700077,2.4182136729996273,9389.0,683204.0,500000.0,0.16,8.0,False,False,True,0,0,0,0.03386702761054039,14091.0,11033.0,0.7829820452771272,
optimization,fc_current__conditioned_p10_f075,train,194,fc_current,current,fuzzy_connectedness,conditioned_p10_f075,vesselness_conditioned,3,,1.0,2.0,10.0,0.75,1.0,both_tolerable,True,0.8095744354916121,1.967649121771016,0.7852467957458413,0.4576271186440678,0.7852467957458413,0.32761967710177353,28767,9389,28767,19378,0.30065206487209495,0.7703059689015215,0.9576099691127916,0.8007786700038239,0.43037767699934193,2.01836117700077,2.4016253330000836,9389.0,683204.0,500000.0,0.16,8.0,False,False,True,0,0,0,0.050800541415810585,14091.0,9871.0,0.7005180611737989,
optimization,fc_current__current_c3_d2,train,194,fc_current,current,fuzzy_connectedness,current_c3_d2,standard,3,2.0,,,,,,both_tolerable,True,0.8095744354916121,1.967649121771016,0.7773007695732367,0.4576271186440678,0.7773007695732367,0.3196736509291689,32987,9389,32987,23598,0.30065206487209495,0.8173549573649891,0.9576099691127916,0.7409888744050687,0.43037767699934193,2.01836117700077,1.9062917179999204,9389.0,683204.0,500000.0,0.16,8.0,False,False,True,0,0,0,,,,,
optimization,fc_floor020__conditioned_p10_f025,train,194,fc_floor020,current,fuzzy_connectedness,conditioned_p10_f025,vesselness_conditioned,3,,1.0,2.0,10.0,0.25,1.0,both_tolerable,True,0.8095744354916121,1.967649121771016,0.7841265690376569,0.4603311661926046,0.7841265690376569,0.32379540284505226,31279,9471,31279,21808,0.30305968901521485,0.8021401103494399,0.956921127652835,0.7669043127977238,0.43037767699934193,2.041867447000186,2.420155115999478,9471.0,639830.0,500000.0,0.16,8.0,False,False,True,0,0,0,0.0164668969810009,14136.0,12263.0,0.8675014148273911,
optimization,fc_floor020__conditioned_p10_f050,train,194,fc_floor020,current,fuzzy_connectedness,conditioned_p10_f050,vesselness_conditioned,3,,1.0,2.0,10.0,0.5,1.0,both_tolerable,True,0.8095744354916121,1.967649121771016,0.7861418163023725,0.4603311661926046,0.7861418163023725,0.32581065010976784,30074,9471,30074,20603,0.30305968901521485,0.7883631499749206,0.956921127652835,0.7839329653521314,0.43037767699934193,2.041867447000186,2.432768937000219,9471.0,639830.0,500000.0,0.16,8.0,False,False,True,0,0,0,0.0329337939620018,14136.0,11058.0,0.782258064516129,
optimization,fc_floor020__conditioned_p10_f075,train,194,fc_floor020,current,fuzzy_connectedness,conditioned_p10_f075,vesselness_conditioned,3,,1.0,2.0,10.0,0.75,1.0,both_tolerable,True,0.8095744354916121,1.967649121771016,0.7849943057231732,0.4603311661926046,0.7849943057231732,0.3246631395305686,28926,9471,28926,19455,0.30305968901521485,0.7721451262330714,0.956921127652835,0.7982783654843394,0.43037767699934193,2.041867447000186,2.433459137999307,9471.0,639830.0,500000.0,0.16,8.0,False,False,True,0,0,0,0.0494006909430027,14136.0,9910.0,0.7010469722693832,
optimization,fc_floor020__current_c3_d2,train,194,fc_floor020,current,fuzzy_connectedness,current_c3_d2,standard,3,2.0,,,,,,both_tolerable,True,0.8095744354916121,1.967649121771016,0.7766306674913174,0.4603311661926046,0.7766306674913174,0.31629950129871276,33152,9471,33152,23681,0.30305968901521485,0.818792844006019,0.956921127652835,0.738597972972973,0.43037767699934193,2.041867447000186,1.925926225000694,9471.0,639830.0,500000.0,0.16,8.0,False,False,True,0,0,0,,,,,
optimization,fc_floor020_recovery__conditioned_p10_f025,train,194,fc_floor020_recovery,current,fuzzy_connectedness,conditioned_p10_f025,vesselness_conditioned,3,,1.0,2.0,10.0,0.25,1.0,both_tolerable,True,0.8095744354916121,1.967649121771016,0.7841265690376569,0.4603311661926046,0.7841265690376569,0.32379540284505226,31279,9471,31279,21808,0.30305968901521485,0.8021401103494399,0.956921127652835,0.7669043127977238,0.43037767699934193,2.1613543450002908,2.406547610999951,,,,,,,False,False,0,0,0,0.0164668969810009,14136.0,12263.0,0.8675014148273911,
optimization,fc_floor020_recovery__conditioned_p10_f050,train,194,fc_floor020_recovery,current,fuzzy_connectedness,conditioned_p10_f050,vesselness_conditioned,3,,1.0,2.0,10.0,0.5,1.0,both_tolerable,True,0.8095744354916121,1.967649121771016,0.7861418163023725,0.4603311661926046,0.7861418163023725,0.32581065010976784,30074,9471,30074,20603,0.30305968901521485,0.7883631499749206,0.956921127652835,0.7839329653521314,0.43037767699934193,2.1613543450002908,2.446105949000412,,,,,,,False,False,0,0,0,0.0329337939620018,14136.0,11058.0,0.782258064516129,
optimization,fc_floor020_recovery__conditioned_p10_f075,train,194,fc_floor020_recovery,current,fuzzy_connectedness,conditioned_p10_f075,vesselness_conditioned,3,,1.0,2.0,10.0,0.75,1.0,both_tolerable,True,0.8095744354916121,1.967649121771016,0.7849943057231732,0.4603311661926046,0.7849943057231732,0.3246631395305686,28926,9471,28926,19455,0.30305968901521485,0.7721451262330714,0.956921127652835,0.7982783654843394,0.43037767699934193,2.1613543450002908,2.3712766600001487,,,,,,,False,False,0,0,0,0.0494006909430027,14136.0,9910.0,0.7010469722693832,
optimization,fc_floor020_recovery__current_c3_d2,train,194,fc_floor020_recovery,current,fuzzy_connectedness,current_c3_d2,standard,3,2.0,,,,,,both_tolerable,True,0.8095744354916121,1.967649121771016,0.7766306674913174,0.4603311661926046,0.7766306674913174,0.31629950129871276,33152,9471,33152,23681,0.30305968901521485,0.818792844006019,0.956921127652835,0.738597972972973,0.43037767699934193,2.1613543450002908,1.8753262019999966,,,,,,,False,False,0,0,0,,,,,
optimization,fc_floor024__conditioned_p10_f025,train,194,fc_floor024,current,fuzzy_connectedness,conditioned_p10_f025,vesselness_conditioned,3,,1.0,2.0,10.0,0.25,1.0,both_tolerable,True,0.8095744354916121,1.967649121771016,0.7828860644132342,0.4645252740020756,0.7828860644132342,0.31836079041115856,31542,9602,31542,21940,0.30683832135094463,0.8043136599230898,0.9556342428660696,0.7625705408661467,0.43037767699934193,2.0847248159998344,2.4021377090002716,9602.0,572286.0,500000.0,0.16,8.0,False,False,True,0,0,0,0.01585923694074154,14225.0,12318.0,0.8659402460456942,
optimization,fc_floor024__conditioned_p10_f050,train,194,fc_floor024,current,fuzzy_connectedness,conditioned_p10_f050,vesselness_conditioned,3,,1.0,2.0,10.0,0.5,1.0,both_tolerable,True,0.8095744354916121,1.967649121771016,0.7851522294896909,0.4645252740020756,0.7851522294896909,0.3206269554876153,30333,9602,30333,20731,0.30683832135094463,0.7907707741180404,0.9556342428660696,0.7796129627798107,0.43037767699934193,2.0847248159998344,2.41619210799945,9602.0,572286.0,500000.0,0.16,8.0,False,False,True,0,0,0,0.03171847388148308,14225.0,11109.0,0.7809490333919157,
optimization,fc_floor024__conditioned_p10_f075,train,194,fc_floor024,current,fuzzy_connectedness,conditioned_p10_f075,vesselness_conditioned,3,,1.0,2.0,10.0,0.75,1.0,both_tolerable,True,0.8095744354916121,1.967649121771016,0.7846687537016668,0.4645252740020756,0.7846687537016668,0.32014347969959117,29190,9602,29190,19588,0.30683832135094463,0.7752884133088113,0.9556342428660696,0.7942788626241863,0.43037767699934193,2.0847248159998344,2.4188890779996655,9602.0,572286.0,500000.0,0.16,8.0,False,False,True,0,0,0,0.04757771082222462,14225.0,9966.0,0.700597539543058,
optimization,fc_floor024__current_c3_d2,train,194,fc_floor024,current,fuzzy_connectedness,current_c3_d2,standard,3,2.0,,,,,,both_tolerable,True,0.8095744354916121,1.967649121771016,0.7752312403321021,0.4645252740020756,0.7752312403321021,0.3107059663300265,33449,9602,33449,23847,0.30683832135094463,0.821167028924929,0.9556342428660696,0.7341624562767198,0.43037767699934193,2.0847248159998344,1.9195263230003548,9602.0,572286.0,500000.0,0.16,8.0,False,False,True,0,0,0,,,,,
optimization,rg_gamma55_current__conditioned_p10_f025,train,194,rg_gamma55_current,current,region_growing,conditioned_p10_f025,vesselness_conditioned,3,,1.0,2.0,10.0,0.25,1.0,both_tolerable,True,0.8095744354916121,1.967649121771016,0.7871285545213191,0.42137388785433477,0.7871285545213191,0.36575466666698436,32621,8759,32621,23862,0.2723959204146464,0.8228724293596389,0.9300148418769266,0.7543606879004322,0.43037767699934193,0.07940632900044875,2.396498385999621,,,,,,,False,False,0,0,0,0.02417733147740364,15439.0,13738.0,0.8898244704967938,
optimization,rg_gamma55_current__conditioned_p10_f050,train,194,rg_gamma55_current,current,region_growing,conditioned_p10_f050,vesselness_conditioned,3,,1.0,2.0,10.0,0.5,1.0,both_tolerable,True,0.8095744354916121,1.967649121771016,0.7880300065231572,0.42137388785433477,0.7880300065231572,0.3666561186688225,31415,8759,31415,22656,0.2723959204146464,0.8079250961377696,0.9300148418769266,0.7690911984720675,0.43037767699934193,0.07940632900044875,2.362829291999333,,,,,,,False,False,0,0,0,0.04835466295480728,15439.0,12532.0,0.8117106030183302,
optimization,rg_gamma55_current__conditioned_p10_f075,train,194,rg_gamma55_current,current,region_growing,conditioned_p10_f075,vesselness_conditioned,3,,1.0,2.0,10.0,0.75,1.0,both_tolerable,True,0.8095744354916121,1.967649121771016,0.7863543415737062,0.42137388785433477,0.7863543415737062,0.36498045371937143,30246,8759,30246,21487,0.2723959204146464,0.7908376525664604,0.9300148418769266,0.7819215764067976,0.43037767699934193,0.07940632900044875,2.357358604000183,,,,,,,False,False,0,0,0,0.07253199443221092,15439.0,11363.0,0.7359932638124231,
optimization,rg_gamma55_current__current_c3_d2,train,194,rg_gamma55_current,current,region_growing,current_c3_d2,standard,3,2.0,,,,,,both_tolerable,True,0.8095744354916121,1.967649121771016,0.7813224967692715,0.42137388785433477,0.7813224967692715,0.3599486089149367,34322,8759,34322,25563,0.2723959204146464,0.8390235746530681,0.9300148418769266,0.7310471417749549,0.43037767699934193,0.07940632900044875,1.8937347839992071,,,,,,,False,False,0,0,0,,,,,
optimization,rg_gamma65_current__conditioned_p10_f025,train,194,rg_gamma65_current,gamma65,region_growing,conditioned_p10_f025,vesselness_conditioned,3,,1.0,2.0,10.0,0.25,1.0,both_tolerable,True,0.8095744354916121,1.967649121771016,0.7844322821648858,0.3820676349214856,0.7844322821648858,0.4023646472434002,27650,7413,27650,20237,0.23838822939307808,0.7548570473165023,0.9616889248617294,0.8164195298372513,0.4294083540007705,0.06798484099999769,2.395242560999577,,,,,,,False,False,0,0,0,0.02452149987220764,13115.0,11627.0,0.8865421273351125,
optimization,rg_gamma65_current__conditioned_p10_f050,train,194,rg_gamma65_current,gamma65,region_growing,conditioned_p10_f050,vesselness_conditioned,3,,1.0,2.0,10.0,0.5,1.0,both_tolerable,True,0.8095744354916121,1.967649121771016,0.7817165499186302,0.3820676349214856,0.7817165499186302,0.39964891499714456,26627,7413,26627,19214,0.23838822939307808,0.738873098144123,0.9616889248617294,0.8298343786382244,0.4294083540007705,0.06798484099999769,2.405983001000095,,,,,,,False,False,0,0,0,0.04904299974441528,13115.0,10604.0,0.8085398398780023,
optimization,rg_gamma65_current__conditioned_p10_f075,train,194,rg_gamma65_current,gamma65,region_growing,conditioned_p10_f075,vesselness_conditioned,3,,1.0,2.0,10.0,0.75,1.0,both_tolerable,True,0.8095744354916121,1.967649121771016,0.7759332359992069,0.3820676349214856,0.7759332359992069,0.39386560107772134,25574,7413,25574,18161,0.23838822939307808,0.719745861896004,0.9616889248617294,0.8416360365996716,0.4294083540007705,0.06798484099999769,2.419268263000049,,,,,,,False,False,0,0,0,0.07356449961662292,13115.0,9551.0,0.7282500953107129,
optimization,rg_gamma65_current__current_c3_d2,train,194,rg_gamma65_current,gamma65,region_growing,current_c3_d2,standard,3,2.0,,,,,,both_tolerable,True,0.8095744354916121,1.967649121771016,0.7812272411632201,0.3820676349214856,0.7812272411632201,0.39915960624173447,29138,7413,29138,21725,0.23838822939307808,0.7712088279551914,0.9616889248617294,0.7915093692085936,0.4294083540007705,0.06798484099999769,2.0012618860000657,,,,,,,False,False,0,0,0,,,,,
optimization,rg_gamma65_divisor6__conditioned_p10_f025,train,194,rg_gamma65_divisor6,gamma65,region_growing,conditioned_p10_f025,vesselness_conditioned,3,,1.0,2.0,10.0,0.25,1.0,both_tolerable,True,0.8095744354916121,1.967649121771016,0.7844322821648858,0.3820676349214856,0.7844322821648858,0.4023646472434002,27650,7413,27650,20237,0.23838822939307808,0.7548570473165023,0.9616889248617294,0.8164195298372513,0.4294083540007705,0.0672059819999049,2.4088681930006715,,,,,,,False,False,0,0,0,0.02452149987220764,13115.0,11627.0,0.8865421273351125,
optimization,rg_gamma65_divisor6__conditioned_p10_f050,train,194,rg_gamma65_divisor6,gamma65,region_growing,conditioned_p10_f050,vesselness_conditioned,3,,1.0,2.0,10.0,0.5,1.0,both_tolerable,True,0.8095744354916121,1.967649121771016,0.7817165499186302,0.3820676349214856,0.7817165499186302,0.39964891499714456,26627,7413,26627,19214,0.23838822939307808,0.738873098144123,0.9616889248617294,0.8298343786382244,0.4294083540007705,0.0672059819999049,2.3886958849998337,,,,,,,False,False,0,0,0,0.04904299974441528,13115.0,10604.0,0.8085398398780023,
optimization,rg_gamma65_divisor6__conditioned_p10_f075,train,194,rg_gamma65_divisor6,gamma65,region_growing,conditioned_p10_f075,vesselness_conditioned,3,,1.0,2.0,10.0,0.75,1.0,both_tolerable,True,0.8095744354916121,1.967649121771016,0.7759332359992069,0.3820676349214856,0.7759332359992069,0.39386560107772134,25574,7413,25574,18161,0.23838822939307808,0.719745861896004,0.9616889248617294,0.8416360365996716,0.4294083540007705,0.0672059819999049,2.4276405929995235,,,,,,,False,False,0,0,0,0.07356449961662292,13115.0,9551.0,0.7282500953107129,
optimization,rg_gamma65_divisor6__current_c3_d2,train,194,rg_gamma65_divisor6,gamma65,region_growing,current_c3_d2,standard,3,2.0,,,,,,both_tolerable,True,0.8095744354916121,1.967649121771016,0.7812272411632201,0.3820676349214856,0.7812272411632201,0.39915960624173447,29138,7413,29138,21725,0.23838822939307808,0.7712088279551914,0.9616889248617294,0.7915093692085936,0.4294083540007705,0.0672059819999049,1.8411560499998814,,,,,,,False,False,0,0,0,,,,,
optimization,rg_gamma65_divisor8__conditioned_p10_f025,train,194,rg_gamma65_divisor8,gamma65,region_growing,conditioned_p10_f025,vesselness_conditioned,3,,1.0,2.0,10.0,0.25,1.0,both_tolerable,True,0.8095744354916121,1.967649121771016,0.7845822327262616,0.381807461406518,0.7845822327262616,0.4027747713197436,27639,7407,27639,20232,0.23818759404781809,0.7548570473165023,0.9616578911840151,0.8167444552986721,0.4294083540007705,0.06915694499912206,2.3394629539998277,,,,,,,False,False,0,0,0,0.02458987571299076,13110.0,11626.0,0.8868039664378338,
optimization,rg_gamma65_divisor8__conditioned_p10_f050,train,194,rg_gamma65_divisor8,gamma65,region_growing,conditioned_p10_f050,vesselness_conditioned,3,,1.0,2.0,10.0,0.5,1.0,both_tolerable,True,0.8095744354916121,1.967649121771016,0.7818117480537863,0.381807461406518,0.7818117480537863,0.4000042866472683,26615,7407,26615,19208,0.23818759404781809,0.738806219695703,0.9616578911840151,0.8301333834303964,0.4294083540007705,0.06915694499912206,2.349135070000557,,,,,,,False,False,0,0,0,0.04917975142598152,13110.0,10602.0,0.808695652173913,
optimization,rg_gamma65_divisor8__conditioned_p10_f075,train,194,rg_gamma65_divisor8,gamma65,region_growing,conditioned_p10_f075,vesselness_conditioned,3,,1.0,2.0,10.0,0.75,1.0,both_tolerable,True,0.8095744354916121,1.967649121771016,0.7759068291627605,0.381807461406518,0.7759068291627605,0.39409936775624255,25563,7407,25563,18156,0.23818759404781809,0.719578665774954,0.9616578911840151,0.8418026053280131,0.4294083540007705,0.06915694499912206,2.3966201640014333,,,,,,,False,False,0,0,0,0.07376962713897228,13110.0,9550.0,0.7284515636918383,
optimization,rg_gamma65_divisor8__current_c3_d2,train,194,rg_gamma65_divisor8,gamma65,region_growing,current_c3_d2,standard,3,2.0,,,,,,both_tolerable,True,0.8095744354916121,1.967649121771016,0.7814257640441824,0.381807461406518,0.7814257640441824,0.3996183026376644,29123,7407,29123,21716,0.23818759404781809,0.7712088279551914,0.9616578911840151,0.7919170415135803,0.4294083540007705,0.06915694499912206,1.86687145399992,,,,,,,False,False,0,0,0,,,,,
optimization,rg_gamma65_floor065__conditioned_p10_f025,train,194,rg_gamma65_floor065,gamma65,region_growing,conditioned_p10_f025,vesselness_conditioned,3,,1.0,2.0,10.0,0.25,1.0,both_tolerable,True,0.8095744354916121,1.967649121771016,0.8031781616774364,0.41433657974657034,0.8031781616774364,0.38884158193086604,30759,8291,30759,22468,0.26460458117371677,0.8146463802039793,0.9544083946447955,0.7920283494261842,0.4294083540007705,0.07618995800021366,2.5060191729999133,,,,,,,False,False,0,0,0,0.020255958661437035,14586.0,12939.0,0.8870835047305635,
optimization,rg_gamma65_floor065__conditioned_p10_f050,train,194,rg_gamma65_floor065,gamma65,region_growing,conditioned_p10_f050,vesselness_conditioned,3,,1.0,2.0,10.0,0.5,1.0,both_tolerable,True,0.8095744354916121,1.967649121771016,0.8032395738817757,0.41433657974657034,0.8032395738817757,0.38890299413520535,29609,8291,29609,21318,0.26460458117371677,0.79926433706738,0.9544083946447955,0.8072545509811206,0.4294083540007705,0.07618995800021366,2.412564264000139,,,,,,,False,False,0,0,0,0.04051191732287407,14586.0,11789.0,0.8082407788290141,
optimization,rg_gamma65_floor065__conditioned_p10_f075,train,194,rg_gamma65_floor065,gamma65,region_growing,conditioned_p10_f075,vesselness_conditioned,3,,1.0,2.0,10.0,0.75,1.0,both_tolerable,True,0.8095744354916121,1.967649121771016,0.7993625661851642,0.41433657974657034,0.7993625661851642,0.38502598643859387,28454,8291,28454,20163,0.26460458117371677,0.779969904698211,0.9544083946447955,0.81974414845013,0.4294083540007705,0.07618995800021366,2.380567673999394,,,,,,,False,False,0,0,0,0.060767875984311104,14586.0,10634.0,0.7290552584670231,
optimization,rg_gamma65_floor065__current_c3_d2,train,194,rg_gamma65_floor065,gamma65,region_growing,current_c3_d2,standard,3,2.0,,,,,,both_tolerable,True,0.8095744354916121,1.967649121771016,0.7979008521769831,0.41433657974657034,0.7979008521769831,0.3835642724304128,32406,8291,32406,24115,0.26460458117371677,0.8312656746363485,0.9544083946447955,0.7671110288218231,0.4294083540007705,0.07618995800021366,1.8996386909993817,,,,,,,False,False,0,0,0,,,,,
optimization,rg_gamma65_floor090__conditioned_p10_f025,train,194,rg_gamma65_floor090,gamma65,region_growing,conditioned_p10_f025,vesselness_conditioned,3,,1.0,2.0,10.0,0.25,1.0,both_tolerable,True,0.8095744354916121,1.967649121771016,0.7840539776741557,0.3667850077237865,0.7840539776741557,0.4172689699503692,26711,6994,26711,19717,0.2262832302290587,0.7421835813409129,0.9675436088075493,0.8309310770843473,0.4294083540007705,0.06489733800026443,2.415795966000587,,,,,,,False,False,0,0,0,0.02746592089533806,12778.0,11417.0,0.8934888088902802,
optimization,rg_gamma65_floor090__conditioned_p10_f050,train,194,rg_gamma65_floor090,gamma65,region_growing,conditioned_p10_f050,vesselness_conditioned,3,,1.0,2.0,10.0,0.5,1.0,both_tolerable,True,0.8095744354916121,1.967649121771016,0.7806798367816505,0.3667850077237865,0.7806798367816505,0.413894829057864,25726,6994,25726,18732,0.2262832302290587,0.7261327537201137,0.9675436088075493,0.844087693384125,0.4294083540007705,0.06489733800026443,2.3471677449997514,,,,,,,False,False,0,0,0,0.05493184179067612,12778.0,10432.0,0.8164031929879481,
optimization,rg_gamma65_floor090__conditioned_p10_f075,train,194,rg_gamma65_floor090,gamma65,region_growing,conditioned_p10_f075,vesselness_conditioned,3,,1.0,2.0,10.0,0.75,1.0,both_tolerable,True,0.8095744354916121,1.967649121771016,0.7720436017220849,0.3667850077237865,0.7720436017220849,0.40525859399829833,24680,6994,24680,17686,0.2262832302290587,0.7045978933288748,0.9675436088075493,0.8537682333873582,0.4294083540007705,0.06489733800026443,2.347699618000661,,,,,,,False,False,0,0,0,0.08239776268601418,12778.0,9386.0,0.7345437470652685,
optimization,rg_gamma65_floor090__current_c3_d2,train,194,rg_gamma65_floor090,gamma65,region_growing,current_c3_d2,standard,3,2.0,,,,,,both_tolerable,True,0.8095744354916121,1.967649121771016,0.7820687514014178,0.3667850077237865,0.7820687514014178,0.4152837436776313,28072,6994,28072,21078,0.2262832302290587,0.7581006520648721,0.9675436088075493,0.807601880877743,0.4294083540007705,0.06489733800026443,1.8591188990003502,,,,,,,False,False,0,0,0,,,,,
optimization,rg_gamma65_recovery__conditioned_p10_f025,train,194,rg_gamma65_recovery,gamma65,region_growing,conditioned_p10_f025,vesselness_conditioned,3,,1.0,2.0,10.0,0.25,1.0,both_tolerable,True,0.8095744354916121,1.967649121771016,0.7844322821648858,0.3820676349214856,0.7844322821648858,0.4023646472434002,27650,7413,27650,20237,0.23838822939307808,0.7548570473165023,0.9616889248617294,0.8164195298372513,0.4294083540007705,0.09824358100013342,2.426602379999167,,,,,,,False,False,0,0,0,0.02452149987220764,13115.0,11627.0,0.8865421273351125,
optimization,rg_gamma65_recovery__conditioned_p10_f050,train,194,rg_gamma65_recovery,gamma65,region_growing,conditioned_p10_f050,vesselness_conditioned,3,,1.0,2.0,10.0,0.5,1.0,both_tolerable,True,0.8095744354916121,1.967649121771016,0.7817165499186302,0.3820676349214856,0.7817165499186302,0.39964891499714456,26627,7413,26627,19214,0.23838822939307808,0.738873098144123,0.9616889248617294,0.8298343786382244,0.4294083540007705,0.09824358100013342,2.417769858999236,,,,,,,False,False,0,0,0,0.04904299974441528,13115.0,10604.0,0.8085398398780023,
optimization,rg_gamma65_recovery__conditioned_p10_f075,train,194,rg_gamma65_recovery,gamma65,region_growing,conditioned_p10_f075,vesselness_conditioned,3,,1.0,2.0,10.0,0.75,1.0,both_tolerable,True,0.8095744354916121,1.967649121771016,0.7759332359992069,0.3820676349214856,0.7759332359992069,0.39386560107772134,25574,7413,25574,18161,0.23838822939307808,0.719745861896004,0.9616889248617294,0.8416360365996716,0.4294083540007705,0.09824358100013342,2.401310856999771,,,,,,,False,False,0,0,0,0.07356449961662292,13115.0,9551.0,0.7282500953107129,
optimization,rg_gamma65_recovery__current_c3_d2,train,194,rg_gamma65_recovery,gamma65,region_growing,current_c3_d2,standard,3,2.0,,,,,,both_tolerable,True,0.8095744354916121,1.967649121771016,0.7812272411632201,0.3820676349214856,0.7812272411632201,0.39915960624173447,29138,7413,29138,21725,0.23838822939307808,0.7712088279551914,0.9616889248617294,0.7915093692085936,0.4294083540007705,0.09824358100013342,1.9158017499994457,,,,,,,False,False,0,0,0,,,,,
optimization,rg_gamma65_relax090__conditioned_p10_f025,train,194,rg_gamma65_relax090,gamma65,region_growing,conditioned_p10_f025,vesselness_conditioned,3,,1.0,2.0,10.0,0.25,1.0,both_tolerable,True,0.8095744354916121,1.967649121771016,0.8017679110646266,0.39887625559884443,0.8017679110646266,0.4028916554657822,29374,7826,29374,21548,0.2516301621802374,0.7946497241264002,0.9615384615384616,0.8090147749710629,0.4294083540007705,0.07000522500129591,2.369927319999988,,,,,,,False,False,0,0,0,0.02293016016483307,13994.0,12402.0,0.8862369586965843,
optimization,rg_gamma65_relax090__conditioned_p10_f050,train,194,rg_gamma65_relax090,gamma65,region_growing,conditioned_p10_f050,vesselness_conditioned,3,,1.0,2.0,10.0,0.5,1.0,both_tolerable,True,0.8095744354916121,1.967649121771016,0.8000687639676809,0.39887625559884443,0.8000687639676809,0.40119250836883646,28265,7826,28265,20439,0.2516301621802374,0.7781307473666611,0.9615384615384616,0.8232796745091102,0.4294083540007705,0.07000522500129591,2.3467503909996594,,,,,,,False,False,0,0,0,0.04586032032966614,13994.0,11293.0,0.8069887094469058,
optimization,rg_gamma65_relax090__conditioned_p10_f075,train,194,rg_gamma65_relax090,gamma65,region_growing,conditioned_p10_f075,vesselness_conditioned,3,,1.0,2.0,10.0,0.75,1.0,both_tolerable,True,0.8095744354916121,1.967649121771016,0.7951929646304504,0.39887625559884443,0.7951929646304504,0.396316709031606,27178,7826,27178,19352,0.2516301621802374,0.758936632670122,0.9615384615384616,0.8350872028846862,0.4294083540007705,0.07000522500129591,2.5702949540009286,,,,,,,False,False,0,0,0,0.0687904804944992,13994.0,10206.0,0.7293125625267972,
optimization,rg_gamma65_relax090__current_c3_d2,train,194,rg_gamma65_relax090,gamma65,region_growing,current_c3_d2,standard,3,2.0,,,,,,both_tolerable,True,0.8095744354916121,1.967649121771016,0.7971283534030984,0.39887625559884443,0.7971283534030984,0.39825209780425397,30966,7826,30966,23140,0.2516301621802374,0.8112690185587694,0.9615384615384616,0.7834721953109862,0.4294083540007705,0.07000522500129591,1.857512635000603,,,,,,,False,False,0,0,0,,,,,
optimization,rg_gamma65_window3__conditioned_p10_f025,train,194,rg_gamma65_window3,gamma65,region_growing,conditioned_p10_f025,vesselness_conditioned,3,,1.0,2.0,10.0,0.25,1.0,both_tolerable,True,0.8095744354916121,1.967649121771016,0.6794589239137028,0.3060035463987165,0.6794589239137028,0.37345537751498625,19552,5624,19552,13928,0.1817756228055509,0.5618458451763919,0.9665718349928877,0.8593494271685761,0.4294083540007705,0.08280230499985919,2.3349982859999727,,,,,,,False,False,0,0,0,0.025971760973334312,8856.0,7919.0,0.8941960252935862,
optimization,rg_gamma65_window3__conditioned_p10_f050,train,194,rg_gamma65_window3,gamma65,region_growing,conditioned_p10_f050,vesselness_conditioned,3,,1.0,2.0,10.0,0.5,1.0,both_tolerable,True,0.8095744354916121,1.967649121771016,0.6738961092206142,0.3060035463987165,0.6738961092206142,0.36789256282189764,18877,5624,18877,13253,0.1817756228055509,0.5496405283397425,0.9665718349928877,0.8707421730147799,0.4294083540007705,0.08280230499985919,2.35397504499997,,,,,,,False,False,0,0,0,0.051943521946668625,8856.0,7244.0,0.8179765130984643,
optimization,rg_gamma65_window3__conditioned_p10_f075,train,194,rg_gamma65_window3,gamma65,region_growing,conditioned_p10_f075,vesselness_conditioned,3,,1.0,2.0,10.0,0.75,1.0,both_tolerable,True,0.8095744354916121,1.967649121771016,0.6644348332362972,0.3060035463987165,0.6644348332362972,0.35843128683758063,18187,5624,18187,12563,0.1817756228055509,0.5342584852031433,0.9665718349928877,0.8784846318799142,0.4294083540007705,0.08280230499985919,2.345821591999993,,,,,,,False,False,0,0,0,0.07791528292000294,8856.0,6554.0,0.740063233965673,
optimization,rg_gamma65_window3__current_c3_d2,train,194,rg_gamma65_window3,gamma65,region_growing,current_c3_d2,standard,3,2.0,,,,,,both_tolerable,True,0.8095744354916121,1.967649121771016,0.6836528158114061,0.3060035463987165,0.6836528158114061,0.3776492694126896,20489,5624,20489,14865,0.1817756228055509,0.5760240762414311,0.9665718349928877,0.8407438137537215,0.4294083540007705,0.08280230499985919,1.9043502810000064,,,,,,,False,False,0,0,0,,,,,
optimization,fc_affinity_floor024_only__conditioned_p10_f025,train,305,fc_affinity_floor024_only,current,fuzzy_connectedness,conditioned_p10_f025,vesselness_conditioned,3,,1.0,2.0,10.0,0.25,1.0,both_tolerable,True,1.625675941147251,0.0,0.6884125035414109,0.4227901081734312,0.6884125035414109,0.2656223953679797,26765,7747,26765,19018,0.2739495798319328,0.6961038961038961,0.9257777204078999,0.6808892209975714,0.4093506030003482,1.7993172580008832,2.2690520269989065,7747.0,462059.0,462059.0,0.16,8.0,False,False,False,0,0,0,0.01660066284239292,12616.0,10403.0,0.8245878249841471,
optimization,fc_affinity_floor024_only__conditioned_p10_f050,train,305,fc_affinity_floor024_only,current,fuzzy_connectedness,conditioned_p10_f050,vesselness_conditioned,3,,1.0,2.0,10.0,0.5,1.0,both_tolerable,True,1.625675941147251,0.0,0.6914249466582089,0.4227901081734312,0.6914249466582089,0.26863483848477765,25843,7747,25843,18096,0.2739495798319328,0.6869747899159664,0.9257777204078999,0.695933134697984,0.4093506030003482,1.7993172580008832,2.3116101269988576,7747.0,462059.0,462059.0,0.16,8.0,False,False,False,0,0,0,0.03320132568478584,12616.0,9481.0,0.7515060240963856,
optimization,fc_affinity_floor024_only__conditioned_p10_f075,train,305,fc_affinity_floor024_only,current,fuzzy_connectedness,conditioned_p10_f075,vesselness_conditioned,3,,1.0,2.0,10.0,0.75,1.0,both_tolerable,True,1.625675941147251,0.0,0.6928322294940628,0.4227901081734312,0.6928322294940628,0.27004212132063155,24854,7747,24854,17107,0.2739495798319328,0.6752864782276548,0.9257777204078999,0.7113140741932888,0.4093506030003482,1.7993172580008832,2.2575225269993098,7747.0,462059.0,462059.0,0.16,8.0,False,False,False,0,0,0,0.049801988527178764,12616.0,8492.0,0.6731135066582118,
optimization,fc_affinity_floor024_only__current_c3_d2,train,305,fc_affinity_floor024_only,current,fuzzy_connectedness,current_c3_d2,standard,3,2.0,,,,,,both_tolerable,True,1.625675941147251,0.0,0.6734834475506726,0.4227901081734312,0.6734834475506726,0.25069333937724136,28978,7747,28978,21231,0.2739495798319328,0.7094728800611153,0.9257777204078999,0.6409690109738422,0.4093506030003482,1.7993172580008832,1.808952928000508,7747.0,462059.0,462059.0,0.16,8.0,False,False,False,0,0,0,,,,,
optimization,fc_alpha017__conditioned_p10_f025,train,305,fc_alpha017,current,fuzzy_connectedness,conditioned_p10_f025,vesselness_conditioned,3,,1.0,2.0,10.0,0.25,1.0,both_tolerable,True,1.625675941147251,0.0,0.6904775665106243,0.40974212034383956,0.6904775665106243,0.28073544616678475,25729,7324,25729,18405,0.26218487394957984,0.6845301757066463,0.937192790824686,0.6965292082863694,0.4093506030003482,1.7357473249994655,2.3189288180001313,7324.0,462059.0,462059.0,0.17,8.0,False,False,False,0,0,0,0.019303616136312485,12218.0,10132.0,0.8292682926829268,
optimization,fc_alpha017__conditioned_p10_f050,train,305,fc_alpha017,current,fuzzy_connectedness,conditioned_p10_f050,vesselness_conditioned,3,,1.0,2.0,10.0,0.5,1.0,both_tolerable,True,1.625675941147251,0.0,0.6932757435947776,0.40974212034383956,0.6932757435947776,0.28353362325093806,24755,7324,24755,17431,0.26218487394957984,0.6744079449961803,0.937192790824686,0.7132296505756412,0.4093506030003482,1.7357473249994655,2.2980415080000967,7324.0,462059.0,462059.0,0.17,8.0,False,False,False,0,0,0,0.03860723227262497,12218.0,9158.0,0.7495498444917336,
optimization,fc_alpha017__conditioned_p10_f075,train,305,fc_alpha017,current,fuzzy_connectedness,conditioned_p10_f075,vesselness_conditioned,3,,1.0,2.0,10.0,0.75,1.0,both_tolerable,True,1.625675941147251,0.0,0.6939314512095079,0.40974212034383956,0.6939314512095079,0.2841893308656684,23799,7324,23799,16475,0.26218487394957984,0.6623758594346829,0.937192790824686,0.7286440606748182,0.4093506030003482,1.7357473249994655,2.3177828259995295,7324.0,462059.0,462059.0,0.17,8.0,False,False,False,0,0,0,0.057910848408937454,12218.0,8202.0,0.6713046325094123,
optimization,fc_alpha017__current_c3_d2,train,305,fc_alpha017,current,fuzzy_connectedness,current_c3_d2,standard,3,2.0,,,,,,both_tolerable,True,1.625675941147251,0.0,0.6768034077229373,0.40974212034383956,0.6768034077229373,0.2670612873790978,27815,7324,27815,20491,0.26218487394957984,0.6979373567608862,0.937192790824686,0.6569117382707172,0.4093506030003482,1.7357473249994655,1.8177895340013492,7324.0,462059.0,462059.0,0.17,8.0,False,False,False,0,0,0,,,,,
optimization,fc_candidate024_only__conditioned_p10_f025,train,305,fc_candidate024_only,current,fuzzy_connectedness,conditioned_p10_f025,vesselness_conditioned,3,,1.0,2.0,10.0,0.25,1.0,both_tolerable,True,1.625675941147251,0.0,0.6905734201979145,0.419258426301305,0.6905734201979145,0.27131499389660946,26469,7613,26469,18856,0.27058823529411763,0.6943850267379679,0.9305135951661632,0.6868034304280479,0.4093506030003482,1.7217520230005903,2.2859071689999837,7613.0,365755.0,365755.0,0.16,8.0,False,False,False,0,0,0,0.01753358356654644,12517.0,10342.0,0.8262363186066949,
optimization,fc_candidate024_only__conditioned_p10_f050,train,305,fc_candidate024_only,current,fuzzy_connectedness,conditioned_p10_f050,vesselness_conditioned,3,,1.0,2.0,10.0,0.5,1.0,both_tolerable,True,1.625675941147251,0.0,0.6931240455432912,0.419258426301305,0.6931240455432912,0.2738656192419862,25551,7613,25551,17938,0.27058823529411763,0.6847975553857907,0.9305135951661632,0.701655512504403,0.4093506030003482,1.7217520230005903,2.256895546001033,7613.0,365755.0,365755.0,0.16,8.0,False,False,False,0,0,0,0.03506716713309288,12517.0,9424.0,0.7528960613565551,
optimization,fc_candidate024_only__conditioned_p10_f075,train,305,fc_candidate024_only,current,fuzzy_connectedness,conditioned_p10_f075,vesselness_conditioned,3,,1.0,2.0,10.0,0.75,1.0,both_tolerable,True,1.625675941147251,0.0,0.69411184534964,0.419258426301305,0.69411184534964,0.274853419048335,24515,7613,24515,16902,0.27058823529411763,0.6720397249809015,0.9305135951661632,0.717683051193147,0.4093506030003482,1.7217520230005903,2.3132549849997304,7613.0,365755.0,365755.0,0.16,8.0,False,False,False,0,0,0,0.05260075069963932,12517.0,8388.0,0.6701286250699049,
optimization,fc_candidate024_only__current_c3_d2,train,305,fc_candidate024_only,current,fuzzy_connectedness,current_c3_d2,standard,3,2.0,,,,,,both_tolerable,True,1.625675941147251,0.0,0.6757259594338246,0.419258426301305,0.6757259594338246,0.25646753313251963,28644,7613,28644,21031,0.27058823529411763,0.7075248281130634,0.9305135951661632,0.6466624773076386,0.4093506030003482,1.7217520230005903,1.828619265999805,7613.0,365755.0,365755.0,0.16,8.0,False,False,False,0,0,0,,,,,
optimization,fc_current__conditioned_p10_f025,train,305,fc_current,current,fuzzy_connectedness,conditioned_p10_f025,vesselness_conditioned,3,,1.0,2.0,10.0,0.25,1.0,both_tolerable,True,1.625675941147251,0.0,0.6905734201979145,0.4193052021068829,0.6905734201979145,0.2712682180910316,26469,7614,26469,18855,0.27062643239113826,0.6943850267379679,0.9305227213028632,0.6868034304280479,0.4093506030003482,1.8062876770000003,2.2490581100009877,7614.0,462059.0,462059.0,0.16,8.0,False,False,False,0,0,0,0.01752655953168869,12517.0,10341.0,0.8261564272589279,
optimization,fc_current__conditioned_p10_f050,train,305,fc_current,current,fuzzy_connectedness,conditioned_p10_f050,vesselness_conditioned,3,,1.0,2.0,10.0,0.5,1.0,both_tolerable,True,1.625675941147251,0.0,0.6931240455432912,0.4193052021068829,0.6931240455432912,0.27381884343640833,25551,7614,25551,17937,0.27062643239113826,0.6847975553857907,0.9305227213028632,0.701655512504403,0.4093506030003482,1.8062876770000003,2.2743236650003382,7614.0,462059.0,462059.0,0.16,8.0,False,False,False,0,0,0,0.03505311906337738,12517.0,9423.0,0.7528161700087881,
optimization,fc_current__conditioned_p10_f075,train,305,fc_current,current,fuzzy_connectedness,conditioned_p10_f075,vesselness_conditioned,3,,1.0,2.0,10.0,0.75,1.0,both_tolerable,True,1.625675941147251,0.0,0.6940844625914748,0.4193052021068829,0.6940844625914748,0.27477926048459195,24517,7614,24517,16903,0.27062643239113826,0.6720397249809015,0.9305227213028632,0.7176245054452013,0.4093506030003482,1.8062876770000003,2.326476399999592,7614.0,462059.0,462059.0,0.16,8.0,False,False,False,0,0,0,0.05257967859506607,12517.0,8389.0,0.670208516417672,
optimization,fc_current__current_c3_d2,train,305,fc_current,current,fuzzy_connectedness,current_c3_d2,standard,3,2.0,,,,,,both_tolerable,True,1.625675941147251,0.0,0.6757136342909257,0.4193052021068829,0.6757136342909257,0.2564084321840428,28645,7614,28645,21031,0.27062643239113826,0.7075248281130634,0.9305227213028632,0.6466399022517019,0.4093506030003482,1.8062876770000003,1.791816488999757,7614.0,462059.0,462059.0,0.16,8.0,False,False,False,0,0,0,,,,,
optimization,fc_floor020__conditioned_p10_f025,train,305,fc_floor020,current,fuzzy_connectedness,conditioned_p10_f025,vesselness_conditioned,3,,1.0,2.0,10.0,0.25,1.0,both_tolerable,True,1.625675941147251,0.0,0.6894734847049012,0.4203061284794043,0.6894734847049012,0.2691673562254969,26582,7662,26582,18920,0.2716577540106952,0.6947669977081742,0.9282171756721482,0.6842600255812203,0.4093506030003482,1.8314144059986575,2.2700671820002754,7662.0,424488.0,424488.0,0.16,8.0,False,False,False,0,0,0,0.017188971862196922,12557.0,10372.0,0.8259934697778132,
optimization,fc_floor020__conditioned_p10_f050,train,305,fc_floor020,current,fuzzy_connectedness,conditioned_p10_f050,vesselness_conditioned,3,,1.0,2.0,10.0,0.5,1.0,both_tolerable,True,1.625675941147251,0.0,0.6921548581238788,0.4203061284794043,0.6921548581238788,0.2718487296444745,25661,7662,25661,17999,0.2716577540106952,0.6852941176470588,0.9282171756721482,0.6991543587545302,0.4093506030003482,1.8314144059986575,2.3199891750009556,7662.0,424488.0,424488.0,0.16,8.0,False,False,False,0,0,0,0.034377943724393845,12557.0,9451.0,0.7526479254599029,
optimization,fc_floor020__conditioned_p10_f075,train,305,fc_floor020,current,fuzzy_connectedness,conditioned_p10_f075,vesselness_conditioned,3,,1.0,2.0,10.0,0.75,1.0,both_tolerable,True,1.625675941147251,0.0,0.6933112934647854,0.4203061284794043,0.6933112934647854,0.2730051649853811,24637,7662,24637,16975,0.2716577540106952,0.6728800611153553,0.9282171756721482,0.7150221211998214,0.4093506030003482,1.8314144059986575,2.2916866230007145,7662.0,424488.0,424488.0,0.16,8.0,False,False,False,0,0,0,0.05156691558659077,12557.0,8427.0,0.671099784980489,
optimization,fc_floor020__current_c3_d2,train,305,fc_floor020,current,fuzzy_connectedness,current_c3_d2,standard,3,2.0,,,,,,both_tolerable,True,1.625675941147251,0.0,0.6746137186743589,0.4203061284794043,0.6746137186743589,0.25430759019495464,28767,7662,28767,21105,0.2716577540106952,0.7079449961802903,0.9282171756721482,0.6442799040567316,0.4093506030003482,1.8314144059986575,1.7857181790004688,7662.0,424488.0,424488.0,0.16,8.0,False,False,False,0,0,0,,,,,
optimization,fc_floor020_recovery__conditioned_p10_f025,train,305,fc_floor020_recovery,current,fuzzy_connectedness,conditioned_p10_f025,vesselness_conditioned,3,,1.0,2.0,10.0,0.25,1.0,both_tolerable,True,1.625675941147251,0.0,0.6894734847049012,0.4203061284794043,0.6894734847049012,0.2691673562254969,26582,7662,26582,18920,0.2716577540106952,0.6947669977081742,0.9282171756721482,0.6842600255812203,0.4093506030003482,1.882452669000486,2.305763473001207,,,,,,,False,False,0,0,0,0.017188971862196922,12557.0,10372.0,0.8259934697778132,
optimization,fc_floor020_recovery__conditioned_p10_f050,train,305,fc_floor020_recovery,current,fuzzy_connectedness,conditioned_p10_f050,vesselness_conditioned,3,,1.0,2.0,10.0,0.5,1.0,both_tolerable,True,1.625675941147251,0.0,0.6921548581238788,0.4203061284794043,0.6921548581238788,0.2718487296444745,25661,7662,25661,17999,0.2716577540106952,0.6852941176470588,0.9282171756721482,0.6991543587545302,0.4093506030003482,1.882452669000486,2.295371449999948,,,,,,,False,False,0,0,0,0.034377943724393845,12557.0,9451.0,0.7526479254599029,
optimization,fc_floor020_recovery__conditioned_p10_f075,train,305,fc_floor020_recovery,current,fuzzy_connectedness,conditioned_p10_f075,vesselness_conditioned,3,,1.0,2.0,10.0,0.75,1.0,both_tolerable,True,1.625675941147251,0.0,0.6933112934647854,0.4203061284794043,0.6933112934647854,0.2730051649853811,24637,7662,24637,16975,0.2716577540106952,0.6728800611153553,0.9282171756721482,0.7150221211998214,0.4093506030003482,1.882452669000486,2.314711154998804,,,,,,,False,False,0,0,0,0.05156691558659077,12557.0,8427.0,0.671099784980489,
optimization,fc_floor020_recovery__current_c3_d2,train,305,fc_floor020_recovery,current,fuzzy_connectedness,current_c3_d2,standard,3,2.0,,,,,,both_tolerable,True,1.625675941147251,0.0,0.6746137186743589,0.4203061284794043,0.6746137186743589,0.25430759019495464,28767,7662,28767,21105,0.2716577540106952,0.7079449961802903,0.9282171756721482,0.6442799040567316,0.4093506030003482,1.882452669000486,1.8414444160007406,,,,,,,False,False,0,0,0,,,,,
optimization,fc_floor024__conditioned_p10_f025,train,305,fc_floor024,current,fuzzy_connectedness,conditioned_p10_f025,vesselness_conditioned,3,,1.0,2.0,10.0,0.25,1.0,both_tolerable,True,1.625675941147251,0.0,0.6884267392002418,0.42265063082183707,0.6884267392002418,0.2657761083784047,26761,7744,26761,19017,0.2738349885408709,0.6960656990068754,0.9257489669421488,0.6809536265460931,0.4093506030003482,1.6875402109999413,2.267793940000047,7744.0,365755.0,365755.0,0.16,8.0,False,False,False,0,0,0,0.01667192205786705,12615.0,10405.0,0.824811732065002,
optimization,fc_floor024__conditioned_p10_f050,train,305,fc_floor024,current,fuzzy_connectedness,conditioned_p10_f050,vesselness_conditioned,3,,1.0,2.0,10.0,0.5,1.0,both_tolerable,True,1.625675941147251,0.0,0.6915047003864121,0.42265063082183707,0.6915047003864121,0.268854069564575,25837,7744,25837,18093,0.2738349885408709,0.6869747899159664,0.9257489669421488,0.6960947478422418,0.4093506030003482,1.6875402109999413,2.3260586359992885,7744.0,365755.0,365755.0,0.16,8.0,False,False,False,0,0,0,0.0333438441157341,12615.0,9481.0,0.7515655965120888,
optimization,fc_floor024__conditioned_p10_f075,train,305,fc_floor024,current,fuzzy_connectedness,conditioned_p10_f075,vesselness_conditioned,3,,1.0,2.0,10.0,0.75,1.0,both_tolerable,True,1.625675941147251,0.0,0.6926846479535832,0.42265063082183707,0.6926846479535832,0.27003401713174613,24836,7744,24836,17092,0.2738349885408709,0.6749045072574484,0.9257489669421488,0.711426960863263,0.4093506030003482,1.6875402109999413,2.315442538998468,7744.0,365755.0,365755.0,0.16,8.0,False,False,False,0,0,0,0.05001576617360115,12615.0,8480.0,0.6722156163297661,
optimization,fc_floor024__current_c3_d2,train,305,fc_floor024,current,fuzzy_connectedness,current_c3_d2,standard,3,2.0,,,,,,both_tolerable,True,1.625675941147251,0.0,0.6734238726405686,0.42265063082183707,0.6734238726405686,0.2507732418187315,28971,7744,28971,21227,0.2738349885408709,0.7093200916730329,0.9257489669421488,0.6409858133996065,0.4093506030003482,1.6875402109999413,1.8079069940013142,7744.0,365755.0,365755.0,0.16,8.0,False,False,False,0,0,0,,,,,
optimization,rg_gamma55_current__conditioned_p10_f025,train,305,rg_gamma55_current,current,region_growing,conditioned_p10_f025,vesselness_conditioned,3,,1.0,2.0,10.0,0.25,1.0,both_tolerable,True,1.625675941147251,0.0,0.6994464592479481,0.3818687969014766,0.6994464592479481,0.3175776623464715,26210,6868,26210,19342,0.2410236822001528,0.6998472116119175,0.9187536400698894,0.6990461655856544,0.4093506030003482,0.06238295499861124,2.2614802989992313,,,,,,,False,False,0,0,0,0.02492944709956646,12765.0,10827.0,0.8481786133960048,
optimization,rg_gamma55_current__conditioned_p10_f050,train,305,rg_gamma55_current,current,region_growing,conditioned_p10_f050,vesselness_conditioned,3,,1.0,2.0,10.0,0.5,1.0,both_tolerable,True,1.625675941147251,0.0,0.7017994358525436,0.3818687969014766,0.7017994358525436,0.31993063895106694,25225,6868,25225,18357,0.2410236822001528,0.6889992360580596,0.9187536400698894,0.7150842418235878,0.4093506030003482,0.06238295499861124,2.312639609999678,,,,,,,False,False,0,0,0,0.04985889419913292,12765.0,9842.0,0.7710144927536232,
optimization,rg_gamma55_current__conditioned_p10_f075,train,305,rg_gamma55_current,current,region_growing,conditioned_p10_f075,vesselness_conditioned,3,,1.0,2.0,10.0,0.75,1.0,both_tolerable,True,1.625675941147251,0.0,0.7018452957813335,0.3818687969014766,0.7018452957813335,0.31997649887985685,24381,6868,24381,17513,0.2410236822001528,0.6777310924369748,0.9187536400698894,0.7277388130101309,0.4093506030003482,0.06238295499861124,2.2488076530007675,,,,,,,False,False,0,0,0,0.07478834129869938,12765.0,8998.0,0.7048962005483744,
optimization,rg_gamma55_current__current_c3_d2,train,305,rg_gamma55_current,current,region_growing,current_c3_d2,standard,3,2.0,,,,,,both_tolerable,True,1.625675941147251,0.0,0.6860182594610514,0.3818687969014766,0.6860182594610514,0.3041494625595748,28148,6868,28148,21280,0.2410236822001528,0.7118029029793735,0.9187536400698894,0.6620363791388376,0.4093506030003482,0.06238295499861124,1.7825750450010673,,,,,,,False,False,0,0,0,,,,,
optimization,rg_gamma65_current__conditioned_p10_f025,train,305,rg_gamma65_current,gamma65,region_growing,conditioned_p10_f025,vesselness_conditioned,3,,1.0,2.0,10.0,0.25,1.0,both_tolerable,True,1.625675941147251,0.0,0.703392663978759,0.36379851159357895,0.703392663978759,0.33959415238518004,24665,6338,24665,18327,0.22593582887700533,0.6830404889228419,0.9332597033764595,0.7249949320900061,0.41495728900008544,0.06122783899991191,2.327690430000075,,,,,,,False,False,0,0,0,0.024638844653964043,12112.0,10322.0,0.8522126816380449,
optimization,rg_gamma65_current__conditioned_p10_f050,train,305,rg_gamma65_current,gamma65,region_growing,conditioned_p10_f050,vesselness_conditioned,3,,1.0,2.0,10.0,0.5,1.0,both_tolerable,True,1.625675941147251,0.0,0.7042321256813081,0.36379851159357895,0.7042321256813081,0.34043361408772915,23724,6338,23724,17386,0.22593582887700533,0.6711993888464477,0.9332597033764595,0.7406845388635981,0.41495728900008544,0.06122783899991191,2.291863034999551,,,,,,,False,False,0,0,0,0.049277689307928085,12112.0,9381.0,0.7745211360634082,
optimization,rg_gamma65_current__conditioned_p10_f075,train,305,rg_gamma65_current,gamma65,region_growing,conditioned_p10_f075,vesselness_conditioned,3,,1.0,2.0,10.0,0.75,1.0,both_tolerable,True,1.625675941147251,0.0,0.7047440571975638,0.36379851159357895,0.7047440571975638,0.3409455456039849,22913,6338,22913,16575,0.22593582887700533,0.6607715813598166,0.9332597033764595,0.7549862523458298,0.41495728900008544,0.06122783899991191,2.259779506999621,,,,,,,False,False,0,0,0,0.07391653396189213,12112.0,8570.0,0.707562747688243,
optimization,rg_gamma65_current__current_c3_d2,train,305,rg_gamma65_current,gamma65,region_growing,current_c3_d2,standard,3,2.0,,,,,,both_tolerable,True,1.625675941147251,0.0,0.6916690415123017,0.36379851159357895,0.6916690415123017,0.32787052991872273,26455,6338,26455,20117,0.22593582887700533,0.6953017570664629,0.9332597033764595,0.6880740880740881,0.41495728900008544,0.06122783899991191,1.822905497998363,,,,,,,False,False,0,0,0,,,,,
optimization,rg_gamma65_divisor6__conditioned_p10_f025,train,305,rg_gamma65_divisor6,gamma65,region_growing,conditioned_p10_f025,vesselness_conditioned,3,,1.0,2.0,10.0,0.25,1.0,both_tolerable,True,1.625675941147251,0.0,0.7034029921166964,0.3646031843609762,0.7034029921166964,0.3387998077557202,24687,6354,24687,18333,0.22654698242933538,0.6833460656990069,0.93342776203966,0.7246729047676915,0.41495728900008544,0.059879854999962845,2.2723677570011205,,,,,,,False,False,0,0,0,0.024638710543513298,12119.0,10322.0,0.8517204389801138,
optimization,rg_gamma65_divisor6__conditioned_p10_f050,train,305,rg_gamma65_divisor6,gamma65,region_growing,conditioned_p10_f050,vesselness_conditioned,3,,1.0,2.0,10.0,0.5,1.0,both_tolerable,True,1.625675941147251,0.0,0.7042467948717949,0.3646031843609762,0.7042467948717949,0.33964361051081865,23740,6354,23740,17386,0.22654698242933538,0.6714285714285714,0.93342776203966,0.7404380791912384,0.41495728900008544,0.059879854999962845,2.3438441359994613,,,,,,,False,False,0,0,0,0.049277421087026596,12119.0,9375.0,0.7735786781087548,
optimization,rg_gamma65_divisor6__conditioned_p10_f075,train,305,rg_gamma65_divisor6,gamma65,region_growing,conditioned_p10_f075,vesselness_conditioned,3,,1.0,2.0,10.0,0.75,1.0,both_tolerable,True,1.625675941147251,0.0,0.7047875048363778,0.3646031843609762,0.7047875048363778,0.34018432047540154,22927,6354,22927,16573,0.22654698242933538,0.6610007639419404,0.93342776203966,0.7547869324377372,0.41495728900008544,0.059879854999962845,2.248630043000958,,,,,,,False,False,0,0,0,0.0739161316305399,12119.0,8562.0,0.7064939351431636,
optimization,rg_gamma65_divisor6__current_c3_d2,train,305,rg_gamma65_divisor6,gamma65,region_growing,current_c3_d2,standard,3,2.0,,,,,,both_tolerable,True,1.625675941147251,0.0,0.6918198389791889,0.3646031843609762,0.6918198389791889,0.32721665461821264,26484,6354,26484,20130,0.22654698242933538,0.6958365164247517,0.93342776203966,0.6878492674822534,0.41495728900008544,0.059879854999962845,1.8121721099996648,,,,,,,False,False,0,0,0,,,,,
optimization,rg_gamma65_divisor8__conditioned_p10_f025,train,305,rg_gamma65_divisor8,gamma65,region_growing,conditioned_p10_f025,vesselness_conditioned,3,,1.0,2.0,10.0,0.25,1.0,both_tolerable,True,1.625675941147251,0.0,0.7032175538718882,0.3629930465817488,0.7032175538718882,0.3402245072901394,24635,6322,24635,18313,0.22532467532467532,0.6824675324675324,0.933090794052515,0.7252689263243353,0.41495728900008544,0.059584921998975915,2.2557131509984174,,,,,,,False,False,0,0,0,0.02464749850332737,12103.0,10320.0,0.8526811534330331,
optimization,rg_gamma65_divisor8__conditioned_p10_f050,train,305,rg_gamma65_divisor8,gamma65,region_growing,conditioned_p10_f050,vesselness_conditioned,3,,1.0,2.0,10.0,0.5,1.0,both_tolerable,True,1.625675941147251,0.0,0.7040497193263833,0.3629930465817488,0.7040497193263833,0.34105667274463447,23700,6322,23700,17378,0.22532467532467532,0.6707028265851795,0.933090794052515,0.7408860759493671,0.41495728900008544,0.059584921998975915,2.297786603001441,,,,,,,False,False,0,0,0,0.04929499700665474,12103.0,9385.0,0.7754275799388581,
optimization,rg_gamma65_divisor8__conditioned_p10_f075,train,305,rg_gamma65_divisor8,gamma65,region_growing,conditioned_p10_f075,vesselness_conditioned,3,,1.0,2.0,10.0,0.75,1.0,both_tolerable,True,1.625675941147251,0.0,0.7046116851093314,0.3629930465817488,0.7046116851093314,0.34161863852758256,22891,6322,22891,16569,0.22532467532467532,0.6603514132925897,0.933090794052515,0.7552313136167053,0.41495728900008544,0.059584921998975915,2.267056640001101,,,,,,,False,False,0,0,0,0.07394249550998211,12103.0,8576.0,0.7085846484342725,
optimization,rg_gamma65_divisor8__current_c3_d2,train,305,rg_gamma65_divisor8,gamma65,region_growing,current_c3_d2,standard,3,2.0,,,,,,both_tolerable,True,1.625675941147251,0.0,0.6914711585991863,0.3629930465817488,0.6914711585991863,0.3284781120174375,26418,6322,26418,20096,0.22532467532467532,0.6946142093200917,0.933090794052515,0.6883564236505413,0.41495728900008544,0.059584921998975915,1.7922107180002058,,,,,,,False,False,0,0,0,,,,,
optimization,rg_gamma65_floor065__conditioned_p10_f025,train,305,rg_gamma65_floor065,gamma65,region_growing,conditioned_p10_f025,vesselness_conditioned,3,,1.0,2.0,10.0,0.25,1.0,both_tolerable,True,1.625675941147251,0.0,0.700733281001704,0.3805309734513274,0.700733281001704,0.32020230755037654,26051,6816,26051,19235,0.23980137509549274,0.6990068754774638,0.9210680751173709,0.7024682353844383,0.41495728900008544,0.06270471600146266,2.273797091000233,,,,,,,False,False,0,0,0,0.02099321410059929,12697.0,10754.0,0.8469717256044735,
optimization,rg_gamma65_floor065__conditioned_p10_f050,train,305,rg_gamma65_floor065,gamma65,region_growing,conditioned_p10_f050,vesselness_conditioned,3,,1.0,2.0,10.0,0.5,1.0,both_tolerable,True,1.625675941147251,0.0,0.7032079300655635,0.3805309734513274,0.7032079300655635,0.32267695661423607,25068,6816,25068,18252,0.23980137509549274,0.6882734912146676,0.9210680751173709,0.7188048508058082,0.41495728900008544,0.06270471600146266,2.257653130000108,,,,,,,False,False,0,0,0,0.04198642820119858,12697.0,9771.0,0.7695518626447192,
optimization,rg_gamma65_floor065__conditioned_p10_f075,train,305,rg_gamma65_floor065,gamma65,region_growing,conditioned_p10_f075,vesselness_conditioned,3,,1.0,2.0,10.0,0.75,1.0,both_tolerable,True,1.625675941147251,0.0,0.7032657434228801,0.3805309734513274,0.7032657434228801,0.32273476997155265,24222,6816,24222,17406,0.23980137509549274,0.6769671504965623,0.9210680751173709,0.7316901989926513,0.41495728900008544,0.06270471600146266,2.267181037001137,,,,,,,False,False,0,0,0,0.06297964230179787,12697.0,8925.0,0.7029219500669449,
optimization,rg_gamma65_floor065__current_c3_d2,train,305,rg_gamma65_floor065,gamma65,region_growing,current_c3_d2,standard,3,2.0,,,,,,both_tolerable,True,1.625675941147251,0.0,0.6875992173367298,0.3805309734513274,0.6875992173367298,0.3070682438854024,27994,6816,27994,21178,0.23980137509549274,0.7114209320091673,0.9210680751173709,0.6653211402443381,0.41495728900008544,0.06270471600146266,1.808658365998781,,,,,,,False,False,0,0,0,,,,,
optimization,rg_gamma65_floor090__conditioned_p10_f025,train,305,rg_gamma65_floor090,gamma65,region_growing,conditioned_p10_f025,vesselness_conditioned,3,,1.0,2.0,10.0,0.25,1.0,both_tolerable,True,1.625675941147251,0.0,0.699947684011429,0.34835937986426746,0.699947684011429,0.3515883041471616,23518,5942,23518,17576,0.2137127578304049,0.6643621084797555,0.9416021541568496,0.7395611871757802,0.41495728900008544,0.0565261890005786,2.282005136999942,,,,,,,False,False,0,0,0,0.027969518676400185,11610.0,9936.0,0.8558139534883721,
optimization,rg_gamma65_floor090__conditioned_p10_f050,train,305,rg_gamma65_floor090,gamma65,region_growing,conditioned_p10_f050,vesselness_conditioned,3,,1.0,2.0,10.0,0.5,1.0,both_tolerable,True,1.625675941147251,0.0,0.6997129971299713,0.34835937986426746,0.6997129971299713,0.3513536172657038,22600,5942,22600,16658,0.2137127578304049,0.6518716577540107,0.9416021541568496,0.7551327433628319,0.41495728900008544,0.0565261890005786,2.2791939669987187,,,,,,,False,False,0,0,0,0.05593903735280037,11610.0,9018.0,0.7767441860465116,
optimization,rg_gamma65_floor090__conditioned_p10_f075,train,305,rg_gamma65_floor090,gamma65,region_growing,conditioned_p10_f075,vesselness_conditioned,3,,1.0,2.0,10.0,0.75,1.0,both_tolerable,True,1.625675941147251,0.0,0.6991588940706196,0.34835937986426746,0.6991588940706196,0.35079951420635214,21852,5942,21852,15910,0.2137127578304049,0.6413674560733384,0.9416021541568496,0.7683964854475562,0.41495728900008544,0.0565261890005786,2.2737776800004212,,,,,,,False,False,0,0,0,0.08390855602920055,11610.0,8270.0,0.7123169681309216,
optimization,rg_gamma65_floor090__current_c3_d2,train,305,rg_gamma65_floor090,gamma65,region_growing,current_c3_d2,standard,3,2.0,,,,,,both_tolerable,True,1.625675941147251,0.0,0.6893638557969322,0.34835937986426746,0.6893638557969322,0.3410044759326647,25192,5942,25192,19250,0.2137127578304049,0.6763559969442322,0.9416021541568496,0.7028818672594475,0.41495728900008544,0.0565261890005786,1.8276006460000644,,,,,,,False,False,0,0,0,,,,,
optimization,rg_gamma65_recovery__conditioned_p10_f025,train,305,rg_gamma65_recovery,gamma65,region_growing,conditioned_p10_f025,vesselness_conditioned,3,,1.0,2.0,10.0,0.25,1.0,both_tolerable,True,1.625675941147251,0.0,0.703392663978759,0.36379851159357895,0.703392663978759,0.33959415238518004,24665,6338,24665,18327,0.22593582887700533,0.6830404889228419,0.9332597033764595,0.7249949320900061,0.41495728900008544,0.09015340599944466,2.24767885700021,,,,,,,False,False,0,0,0,0.024638844653964043,12112.0,10322.0,0.8522126816380449,
optimization,rg_gamma65_recovery__conditioned_p10_f050,train,305,rg_gamma65_recovery,gamma65,region_growing,conditioned_p10_f050,vesselness_conditioned,3,,1.0,2.0,10.0,0.5,1.0,both_tolerable,True,1.625675941147251,0.0,0.7042321256813081,0.36379851159357895,0.7042321256813081,0.34043361408772915,23724,6338,23724,17386,0.22593582887700533,0.6711993888464477,0.9332597033764595,0.7406845388635981,0.41495728900008544,0.09015340599944466,2.2801712690015847,,,,,,,False,False,0,0,0,0.049277689307928085,12112.0,9381.0,0.7745211360634082,
optimization,rg_gamma65_recovery__conditioned_p10_f075,train,305,rg_gamma65_recovery,gamma65,region_growing,conditioned_p10_f075,vesselness_conditioned,3,,1.0,2.0,10.0,0.75,1.0,both_tolerable,True,1.625675941147251,0.0,0.7047440571975638,0.36379851159357895,0.7047440571975638,0.3409455456039849,22913,6338,22913,16575,0.22593582887700533,0.6607715813598166,0.9332597033764595,0.7549862523458298,0.41495728900008544,0.09015340599944466,2.2891123939989484,,,,,,,False,False,0,0,0,0.07391653396189213,12112.0,8570.0,0.707562747688243,
optimization,rg_gamma65_recovery__current_c3_d2,train,305,rg_gamma65_recovery,gamma65,region_growing,current_c3_d2,standard,3,2.0,,,,,,both_tolerable,True,1.625675941147251,0.0,0.6916690415123017,0.36379851159357895,0.6916690415123017,0.32787052991872273,26455,6338,26455,20117,0.22593582887700533,0.6953017570664629,0.9332597033764595,0.6880740880740881,0.41495728900008544,0.09015340599944466,1.8375403829995776,,,,,,,False,False,0,0,0,,,,,
optimization,rg_gamma65_relax090__conditioned_p10_f025,train,305,rg_gamma65_relax090,gamma65,region_growing,conditioned_p10_f025,vesselness_conditioned,3,,1.0,2.0,10.0,0.25,1.0,both_tolerable,True,1.625675941147251,0.0,0.7075383537107702,0.3707693249280862,0.7075383537107702,0.33676902878268405,25184,6498,25184,18686,0.23139801375095492,0.6940794499618029,0.9322868574946137,0.721529542566709,0.41495728900008544,0.06222254100066493,2.358887049000259,,,,,,,False,False,0,0,0,0.023408779874444008,12360.0,10516.0,0.8508090614886732,
optimization,rg_gamma65_relax090__conditioned_p10_f050,train,305,rg_gamma65_relax090,gamma65,region_growing,conditioned_p10_f050,vesselness_conditioned,3,,1.0,2.0,10.0,0.5,1.0,both_tolerable,True,1.625675941147251,0.0,0.7087160969028392,0.3707693249280862,0.7087160969028392,0.33794677197475304,24221,6498,24221,17723,0.23139801375095492,0.6822001527883881,0.9322868574946137,0.7373766566202882,0.41495728900008544,0.06222254100066493,2.319059023000591,,,,,,,False,False,0,0,0,0.046817559748888016,12360.0,9553.0,0.7728964401294498,
optimization,rg_gamma65_relax090__conditioned_p10_f075,train,305,rg_gamma65_relax090,gamma65,region_growing,conditioned_p10_f075,vesselness_conditioned,3,,1.0,2.0,10.0,0.75,1.0,both_tolerable,True,1.625675941147251,0.0,0.7084274193548387,0.3707693249280862,0.7084274193548387,0.3376580944267525,23420,6498,23420,16922,0.23139801375095492,0.6710847975553857,0.9322868574946137,0.7501707941929975,0.41495728900008544,0.06222254100066493,2.3183940170001733,,,,,,,False,False,0,0,0,0.07022633962333202,12360.0,8752.0,0.7080906148867314,
optimization,rg_gamma65_relax090__current_c3_d2,train,305,rg_gamma65_relax090,gamma65,region_growing,current_c3_d2,standard,3,2.0,,,,,,both_tolerable,True,1.625675941147251,0.0,0.6949330927680049,0.3707693249280862,0.6949330927680049,0.3241637678399187,27028,6498,27028,20530,0.23139801375095492,0.7061879297173415,0.9322868574946137,0.6840313748705047,0.41495728900008544,0.06222254100066493,1.8246086349990946,,,,,,,False,False,0,0,0,,,,,
optimization,rg_gamma65_window3__conditioned_p10_f025,train,305,rg_gamma65_window3,gamma65,region_growing,conditioned_p10_f025,vesselness_conditioned,3,,1.0,2.0,10.0,0.25,1.0,both_tolerable,True,1.625675941147251,0.0,0.4713849203072095,0.1926542403191416,0.4713849203072095,0.2787306799880679,10147,2898,10147,7249,0.10699006875477464,0.32704354469060354,0.966528640441684,0.8437961959199763,0.41495728900008544,0.04758607999974629,2.332200216000274,,,,,,,False,False,0,0,0,0.027595391497015953,4571.0,4029.0,0.881426383723474,
optimization,rg_gamma65_window3__conditioned_p10_f050,train,305,rg_gamma65_window3,gamma65,region_growing,conditioned_p10_f050,vesselness_conditioned,3,,1.0,2.0,10.0,0.5,1.0,both_tolerable,True,1.625675941147251,0.0,0.4674559501973209,0.1926542403191416,0.4674559501973209,0.2748017098781793,9802,2898,9802,6904,0.10699006875477464,0.3212375859434683,0.966528640441684,0.8579881656804734,0.41495728900008544,0.04758607999974629,2.31945924700085,,,,,,,False,False,0,0,0,0.055190782994031906,4571.0,3684.0,0.8059505578647999,
optimization,rg_gamma65_window3__conditioned_p10_f075,train,305,rg_gamma65_window3,gamma65,region_growing,conditioned_p10_f075,vesselness_conditioned,3,,1.0,2.0,10.0,0.75,1.0,both_tolerable,True,1.625675941147251,0.0,0.4632334389279807,0.1926542403191416,0.4632334389279807,0.27057919860883906,9491,2898,9491,6593,0.10699006875477464,0.3155844155844156,0.966528640441684,0.8705089031714256,0.41495728900008544,0.04758607999974629,2.297283603998949,,,,,,,False,False,0,0,0,0.08278617449104786,4571.0,3373.0,0.7379129293371254,
optimization,rg_gamma65_window3__current_c3_d2,train,305,rg_gamma65_window3,gamma65,region_growing,current_c3_d2,standard,3,2.0,,,,,,both_tolerable,True,1.625675941147251,0.0,0.47156147440939544,0.1926542403191416,0.47156147440939544,0.27890723409025386,10689,2898,10689,7791,0.10699006875477464,0.3320473644003056,0.966528640441684,0.8132659743661709,0.41495728900008544,0.04758607999974629,1.7969442389985488,,,,,,,False,False,0,0,0,,,,,
optimization,fc_affinity_floor024_only__conditioned_p10_f025,train,315,fc_affinity_floor024_only,current,fuzzy_connectedness,conditioned_p10_f025,vesselness_conditioned,3,,1.0,2.0,10.0,0.25,1.0,both_tolerable,True,0.0,1.3908992882585443,0.6480616328473459,0.3606413112229464,0.6480616328473459,0.28742032162439946,27508,7148,27508,20360,0.22443950025671744,0.629128872154715,0.9173195299384443,0.6681692598516795,0.39493474100027015,1.5735971789999894,2.298389502000191,7148.0,566628.0,500000.0,0.16,8.0,False,False,True,0,0,0,0.01748238503932953,13618.0,11326.0,0.8316933470406814,
optimization,fc_affinity_floor024_only__conditioned_p10_f050,train,315,fc_affinity_floor024_only,current,fuzzy_connectedness,conditioned_p10_f050,vesselness_conditioned,3,,1.0,2.0,10.0,0.5,1.0,both_tolerable,True,0.0,1.3908992882585443,0.6518369690011481,0.3606413112229464,0.6518369690011481,0.29119565777820167,26529,7148,26529,19381,0.22443950025671744,0.6218723258600034,0.9173195299384443,0.6848354630781409,0.39493474100027015,1.5735971789999894,2.370591437999792,7148.0,566628.0,500000.0,0.16,8.0,False,False,True,0,0,0,0.03496477007865906,13618.0,10347.0,0.7598032016448818,
optimization,fc_affinity_floor024_only__conditioned_p10_f075,train,315,fc_affinity_floor024_only,current,fuzzy_connectedness,conditioned_p10_f075,vesselness_conditioned,3,,1.0,2.0,10.0,0.75,1.0,both_tolerable,True,0.0,1.3908992882585443,0.6540156127168687,0.3606413112229464,0.6540156127168687,0.2933743014939223,25484,7148,25484,18336,0.22443950025671744,0.6122539791203149,0.9173195299384443,0.7018913828284413,0.39493474100027015,1.5735971789999894,2.308483690999765,7148.0,566628.0,500000.0,0.16,8.0,False,False,True,0,0,0,0.052447155117988586,13618.0,9302.0,0.6830665295931855,
optimization,fc_affinity_floor024_only__current_c3_d2,train,315,fc_affinity_floor024_only,current,fuzzy_connectedness,current_c3_d2,standard,3,2.0,,,,,,both_tolerable,True,0.0,1.3908992882585443,0.6380750656612726,0.3606413112229464,0.6380750656612726,0.2774337544383262,29800,7148,29800,22652,0.22443950025671744,0.6444634605510867,0.9173195299384443,0.6318120805369127,0.39493474100027015,1.5735971789999894,1.8656220939997183,7148.0,566628.0,500000.0,0.16,8.0,False,False,True,0,0,0,,,,,
optimization,fc_alpha017__conditioned_p10_f025,train,315,fc_alpha017,current,fuzzy_connectedness,conditioned_p10_f025,vesselness_conditioned,3,,1.0,2.0,10.0,0.25,1.0,both_tolerable,True,0.0,1.3908992882585443,0.6503583614666643,0.3442065350730456,0.6503583614666643,0.30615182639361865,26176,6653,26176,19523,0.21129556734554167,0.6165326031148383,0.9278520967984368,0.6881112469437652,0.39493474100027015,1.516624123999918,2.362390998000137,6653.0,566628.0,500000.0,0.17,8.0,False,False,True,0,0,0,0.020385483279824257,13069.0,10916.0,0.8352590098706864,
optimization,fc_alpha017__conditioned_p10_f050,train,315,fc_alpha017,current,fuzzy_connectedness,conditioned_p10_f050,vesselness_conditioned,3,,1.0,2.0,10.0,0.5,1.0,both_tolerable,True,0.0,1.3908992882585443,0.6535446082661623,0.3442065350730456,0.6535446082661623,0.30933807319311674,25248,6653,25248,18595,0.21129556734554167,0.6091733698442581,0.9278520967984368,0.704887515842839,0.39493474100027015,1.516624123999918,2.3854808159999266,6653.0,566628.0,500000.0,0.17,8.0,False,False,True,0,0,0,0.040770966559648514,13069.0,9988.0,0.7642512816588874,
optimization,fc_alpha017__conditioned_p10_f075,train,315,fc_alpha017,current,fuzzy_connectedness,conditioned_p10_f075,vesselness_conditioned,3,,1.0,2.0,10.0,0.75,1.0,both_tolerable,True,0.0,1.3908992882585443,0.654319834046609,0.3442065350730456,0.654319834046609,0.3101132989735634,24294,6653,24294,17641,0.21129556734554167,0.5992127331850077,0.9278520967984368,0.7205894459537334,0.39493474100027015,1.516624123999918,2.3248628400001508,6653.0,566628.0,500000.0,0.17,8.0,False,False,True,0,0,0,0.06115644983947277,13069.0,9034.0,0.6912541127859821,
optimization,fc_alpha017__current_c3_d2,train,315,fc_alpha017,current,fuzzy_connectedness,current_c3_d2,standard,3,2.0,,,,,,both_tolerable,True,0.0,1.3908992882585443,0.6410051438898929,0.3442065350730456,0.6410051438898929,0.29679860881684733,28329,6653,28329,21676,0.21129556734554167,0.6312852986479548,0.9278520967984368,0.6510289809029617,0.39493474100027015,1.516624123999918,1.8368092210002942,6653.0,566628.0,500000.0,0.17,8.0,False,False,True,0,0,0,,,,,
optimization,fc_candidate024_only__conditioned_p10_f025,train,315,fc_candidate024_only,current,fuzzy_connectedness,conditioned_p10_f025,vesselness_conditioned,3,,1.0,2.0,10.0,0.25,1.0,both_tolerable,True,0.0,1.3908992882585443,0.649507197050273,0.35656518258853404,0.649507197050273,0.292942014461739,27197,7014,27197,20183,0.22108505904501113,0.6270751326373438,0.9208725406330197,0.6736037062911351,0.39493474100027015,1.5075233349998598,2.390642454999579,7014.0,468952.0,468952.0,0.16,8.0,False,False,False,0,0,0,0.018210437148809433,13507.0,11252.0,0.833049529873399,
optimization,fc_candidate024_only__conditioned_p10_f050,train,315,fc_candidate024_only,current,fuzzy_connectedness,conditioned_p10_f050,vesselness_conditioned,3,,1.0,2.0,10.0,0.5,1.0,both_tolerable,True,0.0,1.3908992882585443,0.653039132552727,0.35656518258853404,0.653039132552727,0.296473949964193,26212,7014,26212,19198,0.22108505904501113,0.6194762964230703,0.9208725406330197,0.6904471234549061,0.39493474100027015,1.5075233349998598,2.3665896590000557,7014.0,468952.0,468952.0,0.16,8.0,False,False,False,0,0,0,0.036420874297618866,13507.0,10267.0,0.7601243799511365,
optimization,fc_candidate024_only__conditioned_p10_f075,train,315,fc_candidate024_only,current,fuzzy_connectedness,conditioned_p10_f075,vesselness_conditioned,3,,1.0,2.0,10.0,0.75,1.0,both_tolerable,True,0.0,1.3908992882585443,0.6549898915640507,0.35656518258853404,0.6549898915640507,0.2984247089755167,25195,7014,25195,18181,0.22108505904501113,0.6099264076672942,0.9208725406330197,0.7072435006945823,0.39493474100027015,1.5075233349998598,2.3545645489998606,7014.0,468952.0,468952.0,0.16,8.0,False,False,False,0,0,0,0.0546313114464283,13507.0,9250.0,0.6848300881024654,
optimization,fc_candidate024_only__current_c3_d2,train,315,fc_candidate024_only,current,fuzzy_connectedness,current_c3_d2,standard,3,2.0,,,,,,both_tolerable,True,0.0,1.3908992882585443,0.6397463650774712,0.35656518258853404,0.6397463650774712,0.28318118248893714,29452,7014,29452,22438,0.22108505904501113,0.6423412630498032,0.9208725406330197,0.6371723482276246,0.39493474100027015,1.5075233349998598,1.8663234489999923,7014.0,468952.0,468952.0,0.16,8.0,False,False,False,0,0,0,,,,,
optimization,fc_current__conditioned_p10_f025,train,315,fc_current,current,fuzzy_connectedness,conditioned_p10_f025,vesselness_conditioned,3,,1.0,2.0,10.0,0.25,1.0,both_tolerable,True,0.0,1.3908992882585443,0.6495311364401822,0.3566559024040187,0.6495311364401822,0.29287523403616356,27198,7016,27198,20182,0.2211535170289235,0.6271093616293,0.9208950969213227,0.6736157070372821,0.39493474100027015,1.5634916720000547,2.2995041559997844,7016.0,566628.0,500000.0,0.16,8.0,False,False,True,0,0,0,0.018206674605607986,13506.0,11251.0,0.8330371686657781,
optimization,fc_current__conditioned_p10_f050,train,315,fc_current,current,fuzzy_connectedness,conditioned_p10_f050,vesselness_conditioned,3,,1.0,2.0,10.0,0.5,1.0,both_tolerable,True,0.0,1.3908992882585443,0.653039132552727,0.3566559024040187,0.653039132552727,0.2963832301487084,26212,7016,26212,19196,0.2211535170289235,0.6194762964230703,0.9208950969213227,0.6904471234549061,0.39493474100027015,1.5634916720000547,2.313185993999923,7016.0,566628.0,500000.0,0.16,8.0,False,False,True,0,0,0,0.03641334921121597,13506.0,10265.0,0.7600325781134311,
optimization,fc_current__conditioned_p10_f075,train,315,fc_current,current,fuzzy_connectedness,conditioned_p10_f075,vesselness_conditioned,3,,1.0,2.0,10.0,0.75,1.0,both_tolerable,True,0.0,1.3908992882585443,0.6549537794277103,0.3566559024040187,0.6549537794277103,0.2982978770236916,25198,7016,25198,18182,0.2211535170289235,0.6099264076672942,0.9208950969213227,0.7071592983570124,0.39493474100027015,1.5634916720000547,2.280794137000157,7016.0,566628.0,500000.0,0.16,8.0,False,False,True,0,0,0,0.05462002381682396,13506.0,9251.0,0.6849548348881979,
optimization,fc_current__current_c3_d2,train,315,fc_current,current,fuzzy_connectedness,current_c3_d2,standard,3,2.0,,,,,,both_tolerable,True,0.0,1.3908992882585443,0.6397695506920297,0.3566559024040187,0.6397695506920297,0.283113648288011,29453,7016,29453,22437,0.2211535170289235,0.6423754920417594,0.9208950969213227,0.6371846670967304,0.39493474100027015,1.5634916720000547,1.8164890309999464,7016.0,566628.0,500000.0,0.16,8.0,False,False,True,0,0,0,,,,,
optimization,fc_floor020__conditioned_p10_f025,train,315,fc_floor020,current,fuzzy_connectedness,conditioned_p10_f025,vesselness_conditioned,3,,1.0,2.0,10.0,0.25,1.0,both_tolerable,True,0.0,1.3908992882585443,0.6492789524904893,0.35798759476223296,0.6492789524904893,0.2912913577282563,27300,7060,27300,20240,0.2222488447715215,0.6279993154201609,0.9196883852691218,0.6720512820512821,0.39493474100027015,1.5425793459999113,2.2961066899997604,7060.0,528870.0,500000.0,0.16,8.0,False,False,True,0,0,0,0.018055103719234467,13536.0,11275.0,0.8329639479905437,
optimization,fc_floor020__conditioned_p10_f050,train,315,fc_floor020,current,fuzzy_connectedness,conditioned_p10_f050,vesselness_conditioned,3,,1.0,2.0,10.0,0.5,1.0,both_tolerable,True,0.0,1.3908992882585443,0.6526649494749356,0.35798759476223296,0.6526649494749356,0.2946773547127026,26302,7060,26302,19242,0.2222488447715215,0.6201266472702379,0.9196883852691218,0.6888069348338529,0.39493474100027015,1.5425793459999113,2.281727690000025,7060.0,528870.0,500000.0,0.16,8.0,False,False,True,0,0,0,0.03611020743846893,13536.0,10277.0,0.75923463356974,
optimization,fc_floor020__conditioned_p10_f075,train,315,fc_floor020,current,fuzzy_connectedness,conditioned_p10_f075,vesselness_conditioned,3,,1.0,2.0,10.0,0.75,1.0,both_tolerable,True,0.0,1.3908992882585443,0.6546629223794578,0.35798759476223296,0.6546629223794578,0.2966753276172248,25268,7060,25268,18208,0.2222488447715215,0.610439842546637,0.9196883852691218,0.7057938895045116,0.39493474100027015,1.5425793459999113,2.304610340000181,7060.0,528870.0,500000.0,0.16,8.0,False,False,True,0,0,0,0.0541653111577034,13536.0,9243.0,0.682845744680851,
optimization,fc_floor020__current_c3_d2,train,315,fc_floor020,current,fuzzy_connectedness,current_c3_d2,standard,3,2.0,,,,,,both_tolerable,True,0.0,1.3908992882585443,0.6394106438001905,0.35798759476223296,0.6394106438001905,0.28142304903795756,29561,7060,29561,22501,0.2222488447715215,0.6431969878487078,0.9196883852691218,0.6356686174351341,0.39493474100027015,1.5425793459999113,1.803324098000303,7060.0,528870.0,500000.0,0.16,8.0,False,False,True,0,0,0,,,,,
optimization,fc_floor020_recovery__conditioned_p10_f025,train,315,fc_floor020_recovery,current,fuzzy_connectedness,conditioned_p10_f025,vesselness_conditioned,3,,1.0,2.0,10.0,0.25,1.0,both_tolerable,True,0.0,1.3908992882585443,0.6492789524904893,0.35798759476223296,0.6492789524904893,0.2912913577282563,27300,7060,27300,20240,0.2222488447715215,0.6279993154201609,0.9196883852691218,0.6720512820512821,0.39493474100027015,1.706760163999661,2.3571332869996695,,,,,,,False,False,0,0,0,0.018055103719234467,13536.0,11275.0,0.8329639479905437,
optimization,fc_floor020_recovery__conditioned_p10_f050,train,315,fc_floor020_recovery,current,fuzzy_connectedness,conditioned_p10_f050,vesselness_conditioned,3,,1.0,2.0,10.0,0.5,1.0,both_tolerable,True,0.0,1.3908992882585443,0.6526649494749356,0.35798759476223296,0.6526649494749356,0.2946773547127026,26302,7060,26302,19242,0.2222488447715215,0.6201266472702379,0.9196883852691218,0.6888069348338529,0.39493474100027015,1.706760163999661,2.337207565999961,,,,,,,False,False,0,0,0,0.03611020743846893,13536.0,10277.0,0.75923463356974,
optimization,fc_floor020_recovery__conditioned_p10_f075,train,315,fc_floor020_recovery,current,fuzzy_connectedness,conditioned_p10_f075,vesselness_conditioned,3,,1.0,2.0,10.0,0.75,1.0,both_tolerable,True,0.0,1.3908992882585443,0.6546629223794578,0.35798759476223296,0.6546629223794578,0.2966753276172248,25268,7060,25268,18208,0.2222488447715215,0.610439842546637,0.9196883852691218,0.7057938895045116,0.39493474100027015,1.706760163999661,2.3478910639996684,,,,,,,False,False,0,0,0,0.0541653111577034,13536.0,9243.0,0.682845744680851,
optimization,fc_floor020_recovery__current_c3_d2,train,315,fc_floor020_recovery,current,fuzzy_connectedness,current_c3_d2,standard,3,2.0,,,,,,both_tolerable,True,0.0,1.3908992882585443,0.6394106438001905,0.35798759476223296,0.6394106438001905,0.28142304903795756,29561,7060,29561,22501,0.2222488447715215,0.6431969878487078,0.9196883852691218,0.6356686174351341,0.39493474100027015,1.706760163999661,1.8402802919999885,,,,,,,False,False,0,0,0,,,,,
optimization,fc_floor024__conditioned_p10_f025,train,315,fc_floor024,current,fuzzy_connectedness,conditioned_p10_f025,vesselness_conditioned,3,,1.0,2.0,10.0,0.25,1.0,both_tolerable,True,0.0,1.3908992882585443,0.6480377983851063,0.3605511399576469,0.6480377983851063,0.2874866584274594,27507,7146,27507,20361,0.22437104227280508,0.6290946431627589,0.9172963895885811,0.66815719635002,0.39493474100027015,1.52534561199991,2.3399970860000394,7146.0,468952.0,468952.0,0.16,8.0,False,False,False,0,0,0,0.017499882727861404,13619.0,11327.0,0.8317057052647038,
optimization,fc_floor024__conditioned_p10_f050,train,315,fc_floor024,current,fuzzy_connectedness,conditioned_p10_f050,vesselness_conditioned,3,,1.0,2.0,10.0,0.5,1.0,both_tolerable,True,0.0,1.3908992882585443,0.651848662612346,0.3605511399576469,0.651848662612346,0.29129752265469905,26528,7146,26528,19382,0.22437104227280508,0.6218723258600034,0.9172963895885811,0.6848612786489746,0.39493474100027015,1.52534561199991,2.3313897309999447,7146.0,468952.0,468952.0,0.16,8.0,False,False,False,0,0,0,0.03499976545572281,13619.0,10348.0,0.7598208385344005,
optimization,fc_floor024__conditioned_p10_f075,train,315,fc_floor024,current,fuzzy_connectedness,conditioned_p10_f075,vesselness_conditioned,3,,1.0,2.0,10.0,0.75,1.0,both_tolerable,True,0.0,1.3908992882585443,0.6540514845692555,0.3605511399576469,0.6540514845692555,0.2935003446116086,25481,7146,25481,18335,0.22437104227280508,0.6122539791203149,0.9172963895885811,0.7019740198579334,0.39493474100027015,1.52534561199991,2.3722425900000417,7146.0,468952.0,468952.0,0.16,8.0,False,False,False,0,0,0,0.05249964818358421,13619.0,9301.0,0.6829429473529628,
optimization,fc_floor024__current_c3_d2,train,315,fc_floor024,current,fuzzy_connectedness,current_c3_d2,standard,3,2.0,,,,,,both_tolerable,True,0.0,1.3908992882585443,0.6380519876639441,0.3605511399576469,0.6380519876639441,0.2775008477062972,29799,7146,29799,22653,0.22437104227280508,0.6444292315591306,0.9172963895885811,0.6317997248229806,0.39493474100027015,1.52534561199991,1.870008515000336,7146.0,468952.0,468952.0,0.16,8.0,False,False,False,0,0,0,,,,,
optimization,rg_gamma55_current__conditioned_p10_f025,train,315,rg_gamma55_current,current,region_growing,conditioned_p10_f025,vesselness_conditioned,3,,1.0,2.0,10.0,0.25,1.0,both_tolerable,True,0.0,1.3908992882585443,0.6549782853466302,0.3275556928954687,0.6549782853466302,0.32742259245116145,26738,6382,26738,20356,0.19955502310456957,0.6272120486051685,0.9135067376997806,0.6853167776198669,0.39493474100027015,0.06118869099964286,2.3387497580001764,,,,,,,False,False,0,0,0,0.024304110556840897,13621.0,11540.0,0.8472212025548785,
optimization,rg_gamma55_current__conditioned_p10_f050,train,315,rg_gamma55_current,current,region_growing,conditioned_p10_f050,vesselness_conditioned,3,,1.0,2.0,10.0,0.5,1.0,both_tolerable,True,0.0,1.3908992882585443,0.657337312563692,0.3275556928954687,0.657337312563692,0.3297816196682233,25737,6382,25737,19355,0.19955502310456957,0.6182098237206914,0.9135067376997806,0.7017523409876831,0.39493474100027015,0.06118869099964286,2.3167976049999197,,,,,,,False,False,0,0,0,0.04860822111368179,13621.0,10539.0,0.7737317377578738,
optimization,rg_gamma55_current__conditioned_p10_f075,train,315,rg_gamma55_current,current,region_growing,conditioned_p10_f075,vesselness_conditioned,3,,1.0,2.0,10.0,0.75,1.0,both_tolerable,True,0.0,1.3908992882585443,0.6576174515286753,0.3275556928954687,0.6576174515286753,0.33006175863320664,24786,6382,24786,18404,0.19955502310456957,0.6077699811740545,0.9135067376997806,0.7163721455660453,0.39493474100027015,0.06118869099964286,2.3141188549998333,,,,,,,False,False,0,0,0,0.07291233167052269,13621.0,9588.0,0.7039130753982821,
optimization,rg_gamma55_current__current_c3_d2,train,315,rg_gamma55_current,current,region_growing,current_c3_d2,standard,3,2.0,,,,,,both_tolerable,True,0.0,1.3908992882585443,0.6453802943102319,0.3275556928954687,0.6453802943102319,0.3178246014147632,28819,6382,28819,22437,0.19955502310456957,0.6410063323635119,0.9135067376997806,0.6498143585828794,0.39493474100027015,0.06118869099964286,1.8321663719998469,,,,,,,False,False,0,0,0,,,,,
optimization,rg_gamma65_current__conditioned_p10_f025,train,315,rg_gamma65_current,gamma65,region_growing,conditioned_p10_f025,vesselness_conditioned,3,,1.0,2.0,10.0,0.25,1.0,both_tolerable,True,0.0,1.3908992882585443,0.6559573118399941,0.29840612233154956,0.6559573118399941,0.3575511895084445,24383,5543,24383,18840,0.1775115522847852,0.6017114495978093,0.9355944434421793,0.720953123077554,0.39722433099996124,0.05359188200009157,2.3400330330000543,,,,,,,False,False,0,0,0,0.02389410510659218,12622.0,10796.0,0.8553319600697196,
optimization,rg_gamma65_current__conditioned_p10_f050,train,315,rg_gamma65_current,gamma65,region_growing,conditioned_p10_f050,vesselness_conditioned,3,,1.0,2.0,10.0,0.5,1.0,both_tolerable,True,0.0,1.3908992882585443,0.6568286707310125,0.29840612233154956,0.6568286707310125,0.3584225483994629,23438,5543,23438,17895,0.1775115522847852,0.5918877289063837,0.9355944434421793,0.7377762607731035,0.39722433099996124,0.05359188200009157,2.321015351999904,,,,,,,False,False,0,0,0,0.04778821021318436,12622.0,9851.0,0.7804626842021867,
optimization,rg_gamma65_current__conditioned_p10_f075,train,315,rg_gamma65_current,gamma65,region_growing,conditioned_p10_f075,vesselness_conditioned,3,,1.0,2.0,10.0,0.75,1.0,both_tolerable,True,0.0,1.3908992882585443,0.655276925155885,0.29840612233154956,0.655276925155885,0.3568708028243354,22586,5543,22586,17043,0.1775115522847852,0.5809344514804039,0.9355944434421793,0.7514389444788807,0.39722433099996124,0.05359188200009157,2.299636069999906,,,,,,,False,False,0,0,0,0.07168231531977654,12622.0,8999.0,0.7129614958009824,
optimization,rg_gamma65_current__current_c3_d2,train,315,rg_gamma65_current,gamma65,region_growing,current_c3_d2,standard,3,2.0,,,,,,both_tolerable,True,0.0,1.3908992882585443,0.6480225173210161,0.29840612233154956,0.6480225173210161,0.34961639498946656,26209,5543,26209,20666,0.1775115522847852,0.6146842375492042,0.9355944434421793,0.6851844786142165,0.39722433099996124,0.05359188200009157,1.831637516000228,,,,,,,False,False,0,0,0,,,,,
optimization,rg_gamma65_divisor6__conditioned_p10_f025,train,315,rg_gamma65_divisor6,gamma65,region_growing,conditioned_p10_f025,vesselness_conditioned,3,,1.0,2.0,10.0,0.25,1.0,both_tolerable,True,0.0,1.3908992882585443,0.6559573118399941,0.29840612233154956,0.6559573118399941,0.3575511895084445,24383,5543,24383,18840,0.1775115522847852,0.6017114495978093,0.9355944434421793,0.720953123077554,0.39722433099996124,0.05459193999968193,2.3382432530002006,,,,,,,False,False,0,0,0,0.02389410510659218,12622.0,10796.0,0.8553319600697196,
optimization,rg_gamma65_divisor6__conditioned_p10_f050,train,315,rg_gamma65_divisor6,gamma65,region_growing,conditioned_p10_f050,vesselness_conditioned,3,,1.0,2.0,10.0,0.5,1.0,both_tolerable,True,0.0,1.3908992882585443,0.6568286707310125,0.29840612233154956,0.6568286707310125,0.3584225483994629,23438,5543,23438,17895,0.1775115522847852,0.5918877289063837,0.9355944434421793,0.7377762607731035,0.39722433099996124,0.05459193999968193,2.3753055319998566,,,,,,,False,False,0,0,0,0.04778821021318436,12622.0,9851.0,0.7804626842021867,
optimization,rg_gamma65_divisor6__conditioned_p10_f075,train,315,rg_gamma65_divisor6,gamma65,region_growing,conditioned_p10_f075,vesselness_conditioned,3,,1.0,2.0,10.0,0.75,1.0,both_tolerable,True,0.0,1.3908992882585443,0.655276925155885,0.29840612233154956,0.655276925155885,0.3568708028243354,22586,5543,22586,17043,0.1775115522847852,0.5809344514804039,0.9355944434421793,0.7514389444788807,0.39722433099996124,0.05459193999968193,2.360425268000199,,,,,,,False,False,0,0,0,0.07168231531977654,12622.0,8999.0,0.7129614958009824,
optimization,rg_gamma65_divisor6__current_c3_d2,train,315,rg_gamma65_divisor6,gamma65,region_growing,current_c3_d2,standard,3,2.0,,,,,,both_tolerable,True,0.0,1.3908992882585443,0.6480225173210161,0.29840612233154956,0.6480225173210161,0.34961639498946656,26209,5543,26209,20666,0.1775115522847852,0.6146842375492042,0.9355944434421793,0.6851844786142165,0.39722433099996124,0.05459193999968193,1.830613516000085,,,,,,,False,False,0,0,0,,,,,
optimization,rg_gamma65_divisor8__conditioned_p10_f025,train,315,rg_gamma65_divisor8,gamma65,region_growing,conditioned_p10_f025,vesselness_conditioned,3,,1.0,2.0,10.0,0.25,1.0,both_tolerable,True,0.0,1.3908992882585443,0.6558557886093902,0.29822744014732966,0.6558557886093902,0.35762834846206054,24373,5537,24373,18836,0.17737463631696046,0.6015060756460722,0.9358858587682861,0.721002748943503,0.39722433099996124,0.05432567400021071,2.3698349639998924,,,,,,,False,False,0,0,0,0.023900596424937248,12618.0,10798.0,0.8557616103978444,
optimization,rg_gamma65_divisor8__conditioned_p10_f050,train,315,rg_gamma65_divisor8,gamma65,region_growing,conditioned_p10_f050,vesselness_conditioned,3,,1.0,2.0,10.0,0.5,1.0,both_tolerable,True,0.0,1.3908992882585443,0.6567254905685467,0.29822744014732966,0.6567254905685467,0.358498050421217,23428,5537,23428,17891,0.17737463631696046,0.5916823549546466,0.9358858587682861,0.737835069148028,0.39722433099996124,0.05432567400021071,2.317107393999777,,,,,,,False,False,0,0,0,0.047801192849874496,12618.0,9853.0,0.7808686004121097,
optimization,rg_gamma65_divisor8__conditioned_p10_f075,train,315,rg_gamma65_divisor8,gamma65,region_growing,conditioned_p10_f075,vesselness_conditioned,3,,1.0,2.0,10.0,0.75,1.0,both_tolerable,True,0.0,1.3908992882585443,0.6551710821039624,0.29822744014732966,0.6551710821039624,0.3569436419566327,22573,5537,22573,17036,0.17737463631696046,0.5806948485367106,0.9358858587682861,0.7515616001417623,0.39722433099996124,0.05432567400021071,2.307967865000137,,,,,,,False,False,0,0,0,0.07170178927481174,12618.0,8998.0,0.7131082580440641,
optimization,rg_gamma65_divisor8__current_c3_d2,train,315,rg_gamma65_divisor8,gamma65,region_growing,current_c3_d2,standard,3,2.0,,,,,,both_tolerable,True,0.0,1.3908992882585443,0.6479208778515738,0.29822744014732966,0.6479208778515738,0.34969343770424416,26193,5537,26193,20656,0.17737463631696046,0.6144104056135546,0.9358858587682861,0.6852975985950445,0.39722433099996124,0.05432567400021071,1.8567551740002273,,,,,,,False,False,0,0,0,,,,,
optimization,rg_gamma65_floor065__conditioned_p10_f025,train,315,rg_gamma65_floor065,gamma65,region_growing,conditioned_p10_f025,vesselness_conditioned,3,,1.0,2.0,10.0,0.25,1.0,both_tolerable,True,0.0,1.3908992882585443,0.6544849891278528,0.3155086285195277,0.6544849891278528,0.3389763606083251,25512,6017,25512,19495,0.19024473729248673,0.613007016943351,0.9237161376101047,0.701983380370022,0.39722433099996124,0.05657936400029939,2.30155458299987,,,,,,,False,False,0,0,0,0.02026255987584591,13062.0,11075.0,0.8478793446639106,
optimization,rg_gamma65_floor065__conditioned_p10_f050,train,315,rg_gamma65_floor065,gamma65,region_growing,conditioned_p10_f050,vesselness_conditioned,3,,1.0,2.0,10.0,0.5,1.0,both_tolerable,True,0.0,1.3908992882585443,0.6562854644564752,0.3155086285195277,0.6562854644564752,0.34077683593694746,24536,6017,24536,18519,0.19024473729248673,0.6037309601232244,0.9237161376101047,0.7188620802086729,0.39722433099996124,0.05657936400029939,2.309980548999647,,,,,,,False,False,0,0,0,0.04052511975169182,13062.0,10099.0,0.7731587811973664,
optimization,rg_gamma65_floor065__conditioned_p10_f075,train,315,rg_gamma65_floor065,gamma65,region_growing,conditioned_p10_f075,vesselness_conditioned,3,,1.0,2.0,10.0,0.75,1.0,both_tolerable,True,0.0,1.3908992882585443,0.6558517678200038,0.3155086285195277,0.6558517678200038,0.34034313930047605,23675,6017,23675,17658,0.19024473729248673,0.5936676364881054,0.9237161376101047,0.7325871172122492,0.39722433099996124,0.05657936400029939,2.308613780000087,,,,,,,False,False,0,0,0,0.06078767962753773,13062.0,9238.0,0.70724238248354,
optimization,rg_gamma65_floor065__current_c3_d2,train,315,rg_gamma65_floor065,gamma65,region_growing,current_c3_d2,standard,3,2.0,,,,,,both_tolerable,True,0.0,1.3908992882585443,0.6451669781711746,0.3155086285195277,0.6451669781711746,0.3296583496516469,27499,6017,27499,21482,0.19024473729248673,0.6262194078384392,0.9237161376101047,0.6652969198879959,0.39722433099996124,0.05657936400029939,1.822326028000134,,,,,,,False,False,0,0,0,,,,,
optimization,rg_gamma65_floor090__conditioned_p10_f025,train,315,rg_gamma65_floor090,gamma65,region_growing,conditioned_p10_f025,vesselness_conditioned,3,,1.0,2.0,10.0,0.25,1.0,both_tolerable,True,0.0,1.3908992882585443,0.6549192364170338,0.28320335234547783,0.6549192364170338,0.3717158840715559,23222,5149,23222,18073,0.16655827485880542,0.5877460208796851,0.9450378714313459,0.7394281284988373,0.39722433099996124,0.05121657400013646,2.3055244769998353,,,,,,,False,False,0,0,0,0.02705872245132923,12114.0,10412.0,0.8595014033349844,
optimization,rg_gamma65_floor090__conditioned_p10_f050,train,315,rg_gamma65_floor090,gamma65,region_growing,conditioned_p10_f050,vesselness_conditioned,3,,1.0,2.0,10.0,0.5,1.0,both_tolerable,True,0.0,1.3908992882585443,0.6549482955978504,0.28320335234547783,0.6549482955978504,0.37174494325237256,22328,5149,22328,17179,0.16655827485880542,0.5777511552284785,0.9450378714313459,0.7559566463633106,0.39722433099996124,0.05121657400013646,2.3333440450001035,,,,,,,False,False,0,0,0,0.05411744490265846,12114.0,9518.0,0.7857024929833251,
optimization,rg_gamma65_floor090__conditioned_p10_f075,train,315,rg_gamma65_floor090,gamma65,region_growing,conditioned_p10_f075,vesselness_conditioned,3,,1.0,2.0,10.0,0.75,1.0,both_tolerable,True,0.0,1.3908992882585443,0.652492061300566,0.28320335234547783,0.652492061300566,0.3692887089550882,21486,5149,21486,16337,0.16655827485880542,0.5661817559472874,0.9450378714313459,0.7698501349716094,0.39722433099996124,0.05121657400013646,2.383518485999957,,,,,,,False,False,0,0,0,0.0811761673539877,12114.0,8676.0,0.7161961367013373,
optimization,rg_gamma65_floor090__current_c3_d2,train,315,rg_gamma65_floor090,gamma65,region_growing,current_c3_d2,standard,3,2.0,,,,,,both_tolerable,True,0.0,1.3908992882585443,0.6481464378728827,0.28320335234547783,0.6481464378728827,0.3649430855274049,24924,5149,24924,19775,0.16655827485880542,0.600547663871299,0.9450378714313459,0.7039399775316963,0.39722433099996124,0.05121657400013646,1.8373006080000778,,,,,,,False,False,0,0,0,,,,,
optimization,rg_gamma65_recovery__conditioned_p10_f025,train,315,rg_gamma65_recovery,gamma65,region_growing,conditioned_p10_f025,vesselness_conditioned,3,,1.0,2.0,10.0,0.25,1.0,both_tolerable,True,0.0,1.3908992882585443,0.6559573118399941,0.29840612233154956,0.6559573118399941,0.3575511895084445,24383,5543,24383,18840,0.1775115522847852,0.6017114495978093,0.9355944434421793,0.720953123077554,0.39722433099996124,0.08032224199996563,2.3252109989998644,,,,,,,False,False,0,0,0,0.02389410510659218,12622.0,10796.0,0.8553319600697196,
optimization,rg_gamma65_recovery__conditioned_p10_f050,train,315,rg_gamma65_recovery,gamma65,region_growing,conditioned_p10_f050,vesselness_conditioned,3,,1.0,2.0,10.0,0.5,1.0,both_tolerable,True,0.0,1.3908992882585443,0.6568286707310125,0.29840612233154956,0.6568286707310125,0.3584225483994629,23438,5543,23438,17895,0.1775115522847852,0.5918877289063837,0.9355944434421793,0.7377762607731035,0.39722433099996124,0.08032224199996563,2.2895435890000044,,,,,,,False,False,0,0,0,0.04778821021318436,12622.0,9851.0,0.7804626842021867,
optimization,rg_gamma65_recovery__conditioned_p10_f075,train,315,rg_gamma65_recovery,gamma65,region_growing,conditioned_p10_f075,vesselness_conditioned,3,,1.0,2.0,10.0,0.75,1.0,both_tolerable,True,0.0,1.3908992882585443,0.655276925155885,0.29840612233154956,0.655276925155885,0.3568708028243354,22586,5543,22586,17043,0.1775115522847852,0.5809344514804039,0.9355944434421793,0.7514389444788807,0.39722433099996124,0.08032224199996563,2.324106790999849,,,,,,,False,False,0,0,0,0.07168231531977654,12622.0,8999.0,0.7129614958009824,
optimization,rg_gamma65_recovery__current_c3_d2,train,315,rg_gamma65_recovery,gamma65,region_growing,current_c3_d2,standard,3,2.0,,,,,,both_tolerable,True,0.0,1.3908992882585443,0.6480225173210161,0.29840612233154956,0.6480225173210161,0.34961639498946656,26209,5543,26209,20666,0.1775115522847852,0.6146842375492042,0.9355944434421793,0.6851844786142165,0.39722433099996124,0.08032224199996563,1.8272675859998344,,,,,,,False,False,0,0,0,,,,,
optimization,rg_gamma65_relax090__conditioned_p10_f025,train,315,rg_gamma65_relax090,gamma65,region_growing,conditioned_p10_f025,vesselness_conditioned,3,,1.0,2.0,10.0,0.25,1.0,both_tolerable,True,0.0,1.3908992882585443,0.6573403250013897,0.3051760190197932,0.6573403250013897,0.35216430598159654,24754,5696,24754,19058,0.18233784015060756,0.607153859318843,0.9352176966292135,0.7165710592227519,0.39722433099996124,0.055198594000103185,2.334300149000228,,,,,,,False,False,0,0,0,0.02271227166056633,12784.0,10899.0,0.8525500625782227,
optimization,rg_gamma65_relax090__conditioned_p10_f050,train,315,rg_gamma65_relax090,gamma65,region_growing,conditioned_p10_f050,vesselness_conditioned,3,,1.0,2.0,10.0,0.5,1.0,both_tolerable,True,0.0,1.3908992882585443,0.6584136928912457,0.3051760190197932,0.6584136928912457,0.35323767387145255,23776,5696,23776,18080,0.18233784015060756,0.5971247646756803,0.9352176966292135,0.7337230820995962,0.39722433099996124,0.055198594000103185,2.3511000080002304,,,,,,,False,False,0,0,0,0.04542454332113266,12784.0,9921.0,0.7760481852315394,
optimization,rg_gamma65_relax090__conditioned_p10_f075,train,315,rg_gamma65_relax090,gamma65,region_growing,conditioned_p10_f075,vesselness_conditioned,3,,1.0,2.0,10.0,0.75,1.0,both_tolerable,True,0.0,1.3908992882585443,0.657314782875321,0.3051760190197932,0.657314782875321,0.3521387638555278,22967,5696,22967,17271,0.18233784015060756,0.5870272120486052,0.9352176966292135,0.7467235598902774,0.39722433099996124,0.055198594000103185,2.341882010000063,,,,,,,False,False,0,0,0,0.06813681498169899,12784.0,9112.0,0.7127659574468085,
optimization,rg_gamma65_relax090__current_c3_d2,train,315,rg_gamma65_relax090,gamma65,region_growing,current_c3_d2,standard,3,2.0,,,,,,both_tolerable,True,0.0,1.3908992882585443,0.6487628459913346,0.3051760190197932,0.6487628459913346,0.3435868269715414,26639,5696,26639,20943,0.18233784015060756,0.6201608762621941,0.9352176966292135,0.6801306355343669,0.39722433099996124,0.055198594000103185,1.8609015839997483,,,,,,,False,False,0,0,0,,,,,
optimization,rg_gamma65_window3__conditioned_p10_f025,train,315,rg_gamma65_window3,gamma65,region_growing,conditioned_p10_f025,vesselness_conditioned,3,,1.0,2.0,10.0,0.25,1.0,both_tolerable,True,0.0,1.3908992882585443,0.3376798444588464,0.13210474652480922,0.3376798444588464,0.2055750979340372,9360,2366,9360,6994,0.07140167722060585,0.22293342461064522,0.8816568047337278,0.6958333333333333,0.39722433099996124,0.04067573000020275,2.361382326999774,,,,,,,False,False,0,0,0,0.025146618485450745,4601.0,3906.0,0.8489458813301456,
optimization,rg_gamma65_window3__conditioned_p10_f050,train,315,rg_gamma65_window3,gamma65,region_growing,conditioned_p10_f050,vesselness_conditioned,3,,1.0,2.0,10.0,0.5,1.0,both_tolerable,True,0.0,1.3908992882585443,0.3351788978845652,0.13210474652480922,0.3351788978845652,0.20307415135975596,9075,2366,9075,6709,0.07140167722060585,0.21964744138285128,0.8816568047337278,0.707107438016529,0.39722433099996124,0.04067573000020275,2.378019599000254,,,,,,,False,False,0,0,0,0.05029323697090149,4601.0,3621.0,0.7870028254727233,
optimization,rg_gamma65_window3__conditioned_p10_f075,train,315,rg_gamma65_window3,gamma65,region_growing,conditioned_p10_f075,vesselness_conditioned,3,,1.0,2.0,10.0,0.75,1.0,both_tolerable,True,0.0,1.3908992882585443,0.3313668685804583,0.13210474652480922,0.3313668685804583,0.19926212205564905,8755,2366,8755,6389,0.07140167722060585,0.21533458839637173,0.8816568047337278,0.7185608223872073,0.39722433099996124,0.04067573000020275,2.3454152589997648,,,,,,,False,False,0,0,0,0.07543985545635223,4601.0,3301.0,0.7174527276678982,
optimization,rg_gamma65_window3__current_c3_d2,train,315,rg_gamma65_window3,gamma65,region_growing,current_c3_d2,standard,3,2.0,,,,,,both_tolerable,True,0.0,1.3908992882585443,0.3411764705882353,0.13210474652480922,0.3411764705882353,0.20907172406342608,10055,2366,10055,7689,0.07140167722060585,0.229300017114496,0.8816568047337278,0.6662357036300348,0.39722433099996124,0.04067573000020275,1.8110345699997197,,,,,,,False,False,0,0,0,,,,,
optimization,fc_affinity_floor024_only__conditioned_p10_f025,train,330,fc_affinity_floor024_only,current,fuzzy_connectedness,conditioned_p10_f025,vesselness_conditioned,3,,1.0,2.0,10.0,0.25,1.0,both_tolerable,True,0.0,1.739843048383334,0.6078888276913952,0.3740927882406982,0.6078888276913952,0.233796039450697,37549,10280,37549,27269,0.24485868911605532,0.647083583884546,0.7922178988326848,0.5731710564861914,0.3941234069998245,2.4042393759991683,2.302243500000259,10280.0,533252.0,500000.0,0.16,8.0,False,False,True,0,0,0,0.018150217831134796,17219.0,14673.0,0.8521400778210116,
optimization,fc_affinity_floor024_only__conditioned_p10_f050,train,330,fc_affinity_floor024_only,current,fuzzy_connectedness,conditioned_p10_f050,vesselness_conditioned,3,,1.0,2.0,10.0,0.5,1.0,both_tolerable,True,0.0,1.739843048383334,0.6099570716528854,0.3740927882406982,0.6099570716528854,0.23586428341218718,36158,10280,36158,25878,0.24485868911605532,0.6365303668069754,0.7922178988326848,0.58551357929089,0.3941234069998245,2.4042393759991683,2.264520120999805,10280.0,533252.0,500000.0,0.16,8.0,False,False,True,0,0,0,0.03630043566226959,17219.0,13282.0,0.7713572216737326,
optimization,fc_affinity_floor024_only__conditioned_p10_f075,train,330,fc_affinity_floor024_only,current,fuzzy_connectedness,conditioned_p10_f075,vesselness_conditioned,3,,1.0,2.0,10.0,0.75,1.0,both_tolerable,True,0.0,1.739843048383334,0.6124013926226257,0.3740927882406982,0.6124013926226257,0.23830860438192752,34813,10280,34813,24533,0.24485868911605532,0.6266987372218882,0.7922178988326848,0.5987418493091661,0.3941234069998245,2.4042393759991683,2.288862388999405,10280.0,533252.0,500000.0,0.16,8.0,False,False,True,0,0,0,0.05445065349340439,17219.0,11937.0,0.6932458330913526,
optimization,fc_affinity_floor024_only__current_c3_d2,train,330,fc_affinity_floor024_only,current,fuzzy_connectedness,current_c3_d2,standard,3,2.0,,,,,,both_tolerable,True,0.0,1.739843048383334,0.5987867221048326,0.3740927882406982,0.5987867221048326,0.22469393386413444,40095,10280,40095,29815,0.24485868911605532,0.6603126879134095,0.7922178988326848,0.5477490958972441,0.3941234069998245,2.4042393759991683,1.8159099209997294,10280.0,533252.0,500000.0,0.16,8.0,False,False,True,0,0,0,,,,,
optimization,fc_alpha017__conditioned_p10_f025,train,330,fc_alpha017,current,fuzzy_connectedness,conditioned_p10_f025,vesselness_conditioned,3,,1.0,2.0,10.0,0.25,1.0,both_tolerable,True,0.0,1.739843048383334,0.5942357460899198,0.3370080263030655,0.5942357460899198,0.2572277197868543,28951,8104,28951,20847,0.2095610342754059,0.5557426337943475,0.8600691016781836,0.638458084349418,0.3941234069998245,1.9883241549996455,2.3185250549995544,8104.0,533252.0,500000.0,0.17,8.0,False,False,True,0,0,0,0.02067020907998085,13510.0,11468.0,0.8488527017024426,
optimization,fc_alpha017__conditioned_p10_f050,train,330,fc_alpha017,current,fuzzy_connectedness,conditioned_p10_f050,vesselness_conditioned,3,,1.0,2.0,10.0,0.5,1.0,both_tolerable,True,0.0,1.739843048383334,0.5949683683978225,0.3370080263030655,0.5949683683978225,0.25796034209475704,27913,8104,27913,19809,0.2095610342754059,0.5471437161755863,0.8600691016781836,0.6519542865331566,0.3941234069998245,1.9883241549996455,2.298382512999524,8104.0,533252.0,500000.0,0.17,8.0,False,False,True,0,0,0,0.0413404181599617,13510.0,10430.0,0.772020725388601,
optimization,fc_alpha017__conditioned_p10_f075,train,330,fc_alpha017,current,fuzzy_connectedness,conditioned_p10_f075,vesselness_conditioned,3,,1.0,2.0,10.0,0.75,1.0,both_tolerable,True,0.0,1.739843048383334,0.594940283383997,0.3370080263030655,0.594940283383997,0.2579322570809315,26941,8104,26941,18837,0.2095610342754059,0.5384245339747444,0.8600691016781836,0.6647117775880628,0.3941234069998245,1.9883241549996455,2.310391072999664,8104.0,533252.0,500000.0,0.17,8.0,False,False,True,0,0,0,0.06201062723994255,13510.0,9458.0,0.7000740192450037,
optimization,fc_alpha017__current_c3_d2,train,330,fc_alpha017,current,fuzzy_connectedness,current_c3_d2,standard,3,2.0,,,,,,both_tolerable,True,0.0,1.739843048383334,0.5884550137736759,0.3370080263030655,0.5884550137736759,0.25144698747061045,30993,8104,30993,22889,0.2095610342754059,0.5684004810583283,0.8600691016781836,0.6099764462943246,0.3941234069998245,1.9883241549996455,1.8827403969999068,8104.0,533252.0,500000.0,0.17,8.0,False,False,True,0,0,0,,,,,
optimization,fc_candidate024_only__conditioned_p10_f025,train,330,fc_candidate024_only,current,fuzzy_connectedness,conditioned_p10_f025,vesselness_conditioned,3,,1.0,2.0,10.0,0.25,1.0,both_tolerable,True,0.0,1.739843048383334,0.6070055026329803,0.3630412419339755,0.6070055026329803,0.24396426069900473,34344,9512,34344,24832,0.23343355381840047,0.6168971737823211,0.8162321278385197,0.5974260423945958,0.3941234069998245,2.051747929999692,2.307175574000212,9512.0,437250.0,437250.0,0.16,8.0,False,False,False,0,0,0,0.01879793405532837,15945.0,13635.0,0.8551269990592663,
optimization,fc_candidate024_only__conditioned_p10_f050,train,330,fc_candidate024_only,current,fuzzy_connectedness,conditioned_p10_f050,vesselness_conditioned,3,,1.0,2.0,10.0,0.5,1.0,both_tolerable,True,0.0,1.739843048383334,0.6084479015918958,0.3630412419339755,0.6084479015918958,0.24540665965792025,33076,9512,33076,23564,0.23343355381840047,0.6067648827420324,0.8162321278385197,0.6101402829846414,0.3941234069998245,2.051747929999692,2.2708570340000733,9512.0,437250.0,437250.0,0.16,8.0,False,False,False,0,0,0,0.03759586811065674,15945.0,12367.0,0.7756036375039197,
optimization,fc_candidate024_only__conditioned_p10_f075,train,330,fc_candidate024_only,current,fuzzy_connectedness,conditioned_p10_f075,vesselness_conditioned,3,,1.0,2.0,10.0,0.75,1.0,both_tolerable,True,0.0,1.739843048383334,0.6100102834865624,0.3630412419339755,0.6100102834865624,0.24696904155258687,31893,9512,31893,22381,0.23343355381840047,0.5974744437763079,0.8162321278385197,0.6230834352365723,0.3941234069998245,2.051747929999692,2.2697405369999615,9512.0,437250.0,437250.0,0.16,8.0,False,False,False,0,0,0,0.05639380216598511,15945.0,11184.0,0.7014111006585136,
optimization,fc_candidate024_only__current_c3_d2,train,330,fc_candidate024_only,current,fuzzy_connectedness,current_c3_d2,standard,3,2.0,,,,,,both_tolerable,True,0.0,1.739843048383334,0.5990502617501502,0.3630412419339755,0.5990502617501502,0.23600901981617467,36654,9512,36654,27142,0.23343355381840047,0.6296151533373422,0.8162321278385197,0.5713155453702188,0.3941234069998245,2.051747929999692,1.8073069319998467,9512.0,437250.0,437250.0,0.16,8.0,False,False,False,0,0,0,,,,,
optimization,fc_current__conditioned_p10_f025,train,330,fc_current,current,fuzzy_connectedness,conditioned_p10_f025,vesselness_conditioned,3,,1.0,2.0,10.0,0.25,1.0,both_tolerable,True,0.0,1.739843048383334,0.6070055026329803,0.3630412419339755,0.6070055026329803,0.24396426069900473,34344,9512,34344,24832,0.23343355381840047,0.6168971737823211,0.8162321278385197,0.5974260423945958,0.3941234069998245,2.276607437000166,2.306022111000857,9512.0,533252.0,500000.0,0.16,8.0,False,False,True,0,0,0,0.01879793405532837,15945.0,13635.0,0.8551269990592663,
optimization,fc_current__conditioned_p10_f050,train,330,fc_current,current,fuzzy_connectedness,conditioned_p10_f050,vesselness_conditioned,3,,1.0,2.0,10.0,0.5,1.0,both_tolerable,True,0.0,1.739843048383334,0.6084479015918958,0.3630412419339755,0.6084479015918958,0.24540665965792025,33076,9512,33076,23564,0.23343355381840047,0.6067648827420324,0.8162321278385197,0.6101402829846414,0.3941234069998245,2.276607437000166,2.2961437320000186,9512.0,533252.0,500000.0,0.16,8.0,False,False,True,0,0,0,0.03759586811065674,15945.0,12367.0,0.7756036375039197,
optimization,fc_current__conditioned_p10_f075,train,330,fc_current,current,fuzzy_connectedness,conditioned_p10_f075,vesselness_conditioned,3,,1.0,2.0,10.0,0.75,1.0,both_tolerable,True,0.0,1.739843048383334,0.6100102834865624,0.3630412419339755,0.6100102834865624,0.24696904155258687,31893,9512,31893,22381,0.23343355381840047,0.5974744437763079,0.8162321278385197,0.6230834352365723,0.3941234069998245,2.276607437000166,2.3488454279995494,9512.0,533252.0,500000.0,0.16,8.0,False,False,True,0,0,0,0.05639380216598511,15945.0,11184.0,0.7014111006585136,
optimization,fc_current__current_c3_d2,train,330,fc_current,current,fuzzy_connectedness,current_c3_d2,standard,3,2.0,,,,,,both_tolerable,True,0.0,1.739843048383334,0.5990502617501502,0.3630412419339755,0.5990502617501502,0.23600901981617467,36654,9512,36654,27142,0.23343355381840047,0.6296151533373422,0.8162321278385197,0.5713155453702188,0.3941234069998245,2.276607437000166,1.8318830879998131,9512.0,533252.0,500000.0,0.16,8.0,False,False,True,0,0,0,,,,,
optimization,fc_floor020__conditioned_p10_f025,train,330,fc_floor020,current,fuzzy_connectedness,conditioned_p10_f025,vesselness_conditioned,3,,1.0,2.0,10.0,0.25,1.0,both_tolerable,True,0.0,1.739843048383334,0.6042720960338943,0.3634242516157633,0.6042720960338943,0.240847844418131,34716,9599,34716,25117,0.23415514131088394,0.6174984966927239,0.8113345140118763,0.5916004147943311,0.3941234069998245,2.207769200000257,2.295345618000283,9599.0,496236.0,496236.0,0.16,8.0,False,False,False,0,0,0,0.018654653802514076,16125.0,13796.0,0.8555658914728682,
optimization,fc_floor020__conditioned_p10_f050,train,330,fc_floor020,current,fuzzy_connectedness,conditioned_p10_f050,vesselness_conditioned,3,,1.0,2.0,10.0,0.5,1.0,both_tolerable,True,0.0,1.739843048383334,0.6056399262401991,0.3634242516157633,0.6056399262401991,0.24221567462443583,33443,9599,33443,23844,0.23415514131088394,0.6073060733613951,0.8113345140118763,0.6039828962712676,0.3941234069998245,2.207769200000257,2.3062408550003966,9599.0,496236.0,496236.0,0.16,8.0,False,False,False,0,0,0,0.03730930760502815,16125.0,12523.0,0.7766201550387597,
optimization,fc_floor020__conditioned_p10_f075,train,330,fc_floor020,current,fuzzy_connectedness,conditioned_p10_f075,vesselness_conditioned,3,,1.0,2.0,10.0,0.75,1.0,both_tolerable,True,0.0,1.739843048383334,0.6074580826436184,0.3634242516157633,0.6074580826436184,0.24403383102785514,32226,9599,32226,22627,0.23415514131088394,0.5980156343956705,0.8113345140118763,0.6172035002792776,0.3941234069998245,2.207769200000257,2.3398030799999106,9599.0,496236.0,496236.0,0.16,8.0,False,False,False,0,0,0,0.05596396140754223,16125.0,11306.0,0.7011472868217055,
optimization,fc_floor020__current_c3_d2,train,330,fc_floor020,current,fuzzy_connectedness,current_c3_d2,standard,3,2.0,,,,,,both_tolerable,True,0.0,1.739843048383334,0.5963160514899367,0.3634242516157633,0.5963160514899367,0.2328917998741734,37045,9599,37045,27446,0.23415514131088394,0.6302465423932652,0.8113345140118763,0.5658523417465245,0.3941234069998245,2.207769200000257,1.813676994999696,9599.0,496236.0,496236.0,0.16,8.0,False,False,False,0,0,0,,,,,
optimization,fc_floor020_recovery__conditioned_p10_f025,train,330,fc_floor020_recovery,current,fuzzy_connectedness,conditioned_p10_f025,vesselness_conditioned,3,,1.0,2.0,10.0,0.25,1.0,both_tolerable,True,0.0,1.739843048383334,0.6042720960338943,0.3634242516157633,0.6042720960338943,0.240847844418131,34716,9599,34716,25117,0.23415514131088394,0.6174984966927239,0.8113345140118763,0.5916004147943311,0.3941234069998245,2.3810225549996176,2.2678968769996573,,,,,,,False,False,0,0,0,0.018654653802514076,16125.0,13796.0,0.8555658914728682,
optimization,fc_floor020_recovery__conditioned_p10_f050,train,330,fc_floor020_recovery,current,fuzzy_connectedness,conditioned_p10_f050,vesselness_conditioned,3,,1.0,2.0,10.0,0.5,1.0,both_tolerable,True,0.0,1.739843048383334,0.6056399262401991,0.3634242516157633,0.6056399262401991,0.24221567462443583,33443,9599,33443,23844,0.23415514131088394,0.6073060733613951,0.8113345140118763,0.6039828962712676,0.3941234069998245,2.3810225549996176,2.2545246810004755,,,,,,,False,False,0,0,0,0.03730930760502815,16125.0,12523.0,0.7766201550387597,
optimization,fc_floor020_recovery__conditioned_p10_f075,train,330,fc_floor020_recovery,current,fuzzy_connectedness,conditioned_p10_f075,vesselness_conditioned,3,,1.0,2.0,10.0,0.75,1.0,both_tolerable,True,0.0,1.739843048383334,0.6074580826436184,0.3634242516157633,0.6074580826436184,0.24403383102785514,32226,9599,32226,22627,0.23415514131088394,0.5980156343956705,0.8113345140118763,0.6172035002792776,0.3941234069998245,2.3810225549996176,2.276527165000516,,,,,,,False,False,0,0,0,0.05596396140754223,16125.0,11306.0,0.7011472868217055,
optimization,fc_floor020_recovery__current_c3_d2,train,330,fc_floor020_recovery,current,fuzzy_connectedness,current_c3_d2,standard,3,2.0,,,,,,both_tolerable,True,0.0,1.739843048383334,0.5963160514899367,0.3634242516157633,0.5963160514899367,0.2328917998741734,37045,9599,37045,27446,0.23415514131088394,0.6302465423932652,0.8113345140118763,0.5658523417465245,0.3941234069998245,2.3810225549996176,1.8317903690003732,,,,,,,False,False,0,0,0,,,,,
optimization,fc_floor024__conditioned_p10_f025,train,330,fc_floor024,current,fuzzy_connectedness,conditioned_p10_f025,vesselness_conditioned,3,,1.0,2.0,10.0,0.25,1.0,both_tolerable,True,0.0,1.739843048383334,0.6078888276913952,0.3740927882406982,0.6078888276913952,0.233796039450697,37549,10280,37549,27269,0.24485868911605532,0.647083583884546,0.7922178988326848,0.5731710564861914,0.3941234069998245,2.2621985330006282,2.3572371370000837,10280.0,437250.0,437250.0,0.16,8.0,False,False,False,0,0,0,0.018150217831134796,17219.0,14673.0,0.8521400778210116,
optimization,fc_floor024__conditioned_p10_f050,train,330,fc_floor024,current,fuzzy_connectedness,conditioned_p10_f050,vesselness_conditioned,3,,1.0,2.0,10.0,0.5,1.0,both_tolerable,True,0.0,1.739843048383334,0.6099570716528854,0.3740927882406982,0.6099570716528854,0.23586428341218718,36158,10280,36158,25878,0.24485868911605532,0.6365303668069754,0.7922178988326848,0.58551357929089,0.3941234069998245,2.2621985330006282,2.282881637999708,10280.0,437250.0,437250.0,0.16,8.0,False,False,False,0,0,0,0.03630043566226959,17219.0,13282.0,0.7713572216737326,
optimization,fc_floor024__conditioned_p10_f075,train,330,fc_floor024,current,fuzzy_connectedness,conditioned_p10_f075,vesselness_conditioned,3,,1.0,2.0,10.0,0.75,1.0,both_tolerable,True,0.0,1.739843048383334,0.6124013926226257,0.3740927882406982,0.6124013926226257,0.23830860438192752,34813,10280,34813,24533,0.24485868911605532,0.6266987372218882,0.7922178988326848,0.5987418493091661,0.3941234069998245,2.2621985330006282,2.266469228999995,10280.0,437250.0,437250.0,0.16,8.0,False,False,False,0,0,0,0.05445065349340439,17219.0,11937.0,0.6932458330913526,
optimization,fc_floor024__current_c3_d2,train,330,fc_floor024,current,fuzzy_connectedness,current_c3_d2,standard,3,2.0,,,,,,both_tolerable,True,0.0,1.739843048383334,0.5987867221048326,0.3740927882406982,0.5987867221048326,0.22469393386413444,40095,10280,40095,29815,0.24485868911605532,0.6603126879134095,0.7922178988326848,0.5477490958972441,0.3941234069998245,2.2621985330006282,1.843460836000304,10280.0,437250.0,437250.0,0.16,8.0,False,False,False,0,0,0,,,,,
optimization,rg_gamma55_current__conditioned_p10_f025,train,330,rg_gamma55_current,current,region_growing,conditioned_p10_f025,vesselness_conditioned,3,,1.0,2.0,10.0,0.25,1.0,both_tolerable,True,0.0,1.739843048383334,0.6495228327350502,0.38527855936972427,0.6495228327350502,0.2642442733653259,46691,11165,46691,35526,0.25730607336139505,0.7806674684305472,0.7665024630541872,0.5561028892077702,0.3941234069998245,0.09659229499993671,2.2966230150004776,,,,,,,False,False,0,0,0,0.02267947793006897,22247.0,19550.0,0.8787701712590462,
optimization,rg_gamma55_current__conditioned_p10_f050,train,330,rg_gamma55_current,current,region_growing,conditioned_p10_f050,vesselness_conditioned,3,,1.0,2.0,10.0,0.5,1.0,both_tolerable,True,0.0,1.739843048383334,0.6523082422633031,0.38527855936972427,0.6523082422633031,0.2670296828935788,45068,11165,45068,33903,0.25730607336139505,0.7680998196031269,0.7665024630541872,0.5668545309310375,0.3941234069998245,0.09659229499993671,2.315663346000292,,,,,,,False,False,0,0,0,0.04535895586013794,22247.0,17927.0,0.8058165145862364,
optimization,rg_gamma55_current__conditioned_p10_f075,train,330,rg_gamma55_current,current,region_growing,conditioned_p10_f075,vesselness_conditioned,3,,1.0,2.0,10.0,0.75,1.0,both_tolerable,True,0.0,1.739843048383334,0.6557085739671257,0.38527855936972427,0.6557085739671257,0.2704300145974014,43274,11165,43274,32109,0.25730607336139505,0.7544197233914612,0.7665024630541872,0.5798400887368859,0.3941234069998245,0.09659229499993671,2.3115567269996973,,,,,,,False,False,0,0,0,0.06803843379020691,22247.0,16133.0,0.7251764282824651,
optimization,rg_gamma55_current__current_c3_d2,train,330,rg_gamma55_current,current,region_growing,current_c3_d2,standard,3,2.0,,,,,,both_tolerable,True,0.0,1.739843048383334,0.6411528409640886,0.38527855936972427,0.6411528409640886,0.2558742815943644,49388,11165,49388,38223,0.25730607336139505,0.7966025255562237,0.7665024630541872,0.5364663481007532,0.3941234069998245,0.09659229499993671,1.8202940829996805,,,,,,,False,False,0,0,0,,,,,
optimization,rg_gamma65_current__conditioned_p10_f025,train,330,rg_gamma65_current,gamma65,region_growing,conditioned_p10_f025,vesselness_conditioned,3,,1.0,2.0,10.0,0.25,1.0,both_tolerable,True,0.0,1.739843048383334,0.6234148686820121,0.32366449117718155,0.6234148686820121,0.2997503775048306,33296,8110,33296,25186,0.2012928442573662,0.623752254960914,0.8255240443896424,0.6230778471888515,0.3921651170003315,0.07217221199971391,2.2996150689996284,,,,,,,False,False,0,0,0,0.022972851991653442,16076.0,14095.0,0.8767728290619557,
optimization,rg_gamma65_current__conditioned_p10_f050,train,330,rg_gamma65_current,gamma65,region_growing,conditioned_p10_f050,vesselness_conditioned,3,,1.0,2.0,10.0,0.5,1.0,both_tolerable,True,0.0,1.739843048383334,0.6253230764525058,0.32366449117718155,0.6253230764525058,0.3016585852753243,32127,8110,32127,24017,0.2012928442573662,0.6146722790138305,0.8255240443896424,0.6363494879696205,0.3921651170003315,0.07217221199971391,2.282065156000499,,,,,,,False,False,0,0,0,0.045945703983306885,16076.0,12926.0,0.8040557352575267,
optimization,rg_gamma65_current__conditioned_p10_f075,train,330,rg_gamma65_current,gamma65,region_growing,conditioned_p10_f075,vesselness_conditioned,3,,1.0,2.0,10.0,0.75,1.0,both_tolerable,True,0.0,1.739843048383334,0.6257892521397502,0.32366449117718155,0.6257892521397502,0.3021247609625687,30883,8110,30883,22773,0.2012928442573662,0.6034275405892965,0.8255240443896424,0.6498720979179484,0.3921651170003315,0.07217221199971391,2.4222145829999135,,,,,,,False,False,0,0,0,0.06891855597496033,16076.0,11682.0,0.7266733018163722,
optimization,rg_gamma65_current__current_c3_d2,train,330,rg_gamma65_current,gamma65,region_growing,current_c3_d2,standard,3,2.0,,,,,,both_tolerable,True,0.0,1.739843048383334,0.6182937683295154,0.32366449117718155,0.6182937683295154,0.2946292771523339,35277,8110,35277,27167,0.2012928442573662,0.6370414912808178,0.8255240443896424,0.6006179663803611,0.3921651170003315,0.07217221199971391,1.8119327750000593,,,,,,,False,False,0,0,0,,,,,
optimization,rg_gamma65_divisor6__conditioned_p10_f025,train,330,rg_gamma65_divisor6,gamma65,region_growing,conditioned_p10_f025,vesselness_conditioned,3,,1.0,2.0,10.0,0.25,1.0,both_tolerable,True,0.0,1.739843048383334,0.6234808082325547,0.32394808710152984,0.6234808082325547,0.29953272113102486,33305,8117,33305,25188,0.2015033072760072,0.6239025856885148,0.8256745102870519,0.6230596006605614,0.3921651170003315,0.07474405500033754,2.402621283999906,,,,,,,False,False,0,0,0,0.022972818464040756,16078.0,14093.0,0.8765393705684786,
optimization,rg_gamma65_divisor6__conditioned_p10_f050,train,330,rg_gamma65_divisor6,gamma65,region_growing,conditioned_p10_f050,vesselness_conditioned,3,,1.0,2.0,10.0,0.5,1.0,both_tolerable,True,0.0,1.739843048383334,0.6253574541617605,0.32394808710152984,0.6253574541617605,0.30140936706023064,32133,8117,32133,24016,0.2015033072760072,0.6147624774503908,0.8256745102870519,0.6363240282575545,0.3921651170003315,0.07474405500033754,2.379822060999686,,,,,,,False,False,0,0,0,0.04594563692808151,16078.0,12921.0,0.8036447319318323,
optimization,rg_gamma65_divisor6__conditioned_p10_f075,train,330,rg_gamma65_divisor6,gamma65,region_growing,conditioned_p10_f075,vesselness_conditioned,3,,1.0,2.0,10.0,0.75,1.0,both_tolerable,True,0.0,1.739843048383334,0.6258242529111911,0.32394808710152984,0.6258242529111911,0.3018761658096613,30889,8117,30889,22772,0.2015033072760072,0.6035177390258569,0.8256745102870519,0.6498429861763088,0.3921651170003315,0.07474405500033754,2.288859522000166,,,,,,,False,False,0,0,0,0.06891845539212227,16078.0,11677.0,0.7262719243687026,
optimization,rg_gamma65_divisor6__current_c3_d2,train,330,rg_gamma65_divisor6,gamma65,region_growing,current_c3_d2,standard,3,2.0,,,,,,both_tolerable,True,0.0,1.739843048383334,0.6183807439824945,0.32394808710152984,0.6183807439824945,0.2944326568809647,35290,8117,35290,27173,0.2015033072760072,0.6372519542994588,0.8256745102870519,0.6005950694247663,0.3921651170003315,0.07474405500033754,1.912466303999281,,,,,,,False,False,0,0,0,,,,,
optimization,rg_gamma65_divisor8__conditioned_p10_f025,train,330,rg_gamma65_divisor8,gamma65,region_growing,conditioned_p10_f025,vesselness_conditioned,3,,1.0,2.0,10.0,0.25,1.0,both_tolerable,True,0.0,1.739843048383334,0.6232829360666086,0.32305646233829044,0.6232829360666086,0.3002264737283181,33278,8095,33278,25183,0.20084185207456404,0.6234515935057126,0.8252007411982706,0.6231143698539575,0.3921651170003315,0.0707383770004526,2.2984313840006507,,,,,,,False,False,0,0,0,0.02297401987016201,16071.0,14091.0,0.8767967145790554,
optimization,rg_gamma65_divisor8__conditioned_p10_f050,train,330,rg_gamma65_divisor8,gamma65,region_growing,conditioned_p10_f050,vesselness_conditioned,3,,1.0,2.0,10.0,0.5,1.0,both_tolerable,True,0.0,1.739843048383334,0.6252103411350772,0.32305646233829044,0.6252103411350772,0.3021538787967868,32110,8095,32110,24015,0.20084185207456404,0.6144016837041492,0.8252007411982706,0.63640610401744,0.3921651170003315,0.0707383770004526,2.3644180199999028,,,,,,,False,False,0,0,0,0.04594803974032402,16071.0,12923.0,0.8041192209570033,
optimization,rg_gamma65_divisor8__conditioned_p10_f075,train,330,rg_gamma65_divisor8,gamma65,region_growing,conditioned_p10_f075,vesselness_conditioned,3,,1.0,2.0,10.0,0.75,1.0,both_tolerable,True,0.0,1.739843048383334,0.6256802058158571,0.32305646233829044,0.6256802058158571,0.3026237434775667,30875,8095,30875,22780,0.20084185207456404,0.6032471437161756,0.8252007411982706,0.6498461538461539,0.3921651170003315,0.0707383770004526,2.4673558970007434,,,,,,,False,False,0,0,0,0.06892205961048603,16071.0,11688.0,0.7272727272727273,
optimization,rg_gamma65_divisor8__current_c3_d2,train,330,rg_gamma65_divisor8,gamma65,region_growing,current_c3_d2,standard,3,2.0,,,,,,both_tolerable,True,0.0,1.739843048383334,0.618144137306985,0.32305646233829044,0.618144137306985,0.2950876749686946,35258,8095,35258,27163,0.20084185207456404,0.6367107636800962,0.8252007411982706,0.6006296443360372,0.3921651170003315,0.0707383770004526,1.8156550759995298,,,,,,,False,False,0,0,0,,,,,
optimization,rg_gamma65_floor065__conditioned_p10_f025,train,330,rg_gamma65_floor065,gamma65,region_growing,conditioned_p10_f025,vesselness_conditioned,3,,1.0,2.0,10.0,0.25,1.0,both_tolerable,True,0.0,1.739843048383334,0.6461808834330081,0.3689289160501769,0.6461808834330081,0.27725196738283114,42988,10266,42988,32722,0.24140108238123872,0.7406794948887553,0.7820962400155854,0.573066902391365,0.3921651170003315,0.09412209399943094,2.4061920020003527,,,,,,,False,False,0,0,0,0.018856942653656006,20613.0,18093.0,0.8777470528307378,
optimization,rg_gamma65_floor065__conditioned_p10_f050,train,330,rg_gamma65_floor065,gamma65,region_growing,conditioned_p10_f050,vesselness_conditioned,3,,1.0,2.0,10.0,0.5,1.0,both_tolerable,True,0.0,1.739843048383334,0.6489263495886013,0.3689289160501769,0.6489263495886013,0.2799974335384244,41485,10266,41485,31219,0.24140108238123872,0.72916416115454,0.7820962400155854,0.584596842232132,0.3921651170003315,0.09412209399943094,2.4077381839997543,,,,,,,False,False,0,0,0,0.03771388530731201,20613.0,16590.0,0.8048319021976422,
optimization,rg_gamma65_floor065__conditioned_p10_f075,train,330,rg_gamma65_floor065,gamma65,region_growing,conditioned_p10_f075,vesselness_conditioned,3,,1.0,2.0,10.0,0.75,1.0,both_tolerable,True,0.0,1.739843048383334,0.6511920384951881,0.3689289160501769,0.6511920384951881,0.2822631224450112,39892,10266,39892,29626,0.24140108238123872,0.7161154539987974,0.7820962400155854,0.5970620675824727,0.3921651170003315,0.09412209399943094,2.4671674009996423,,,,,,,False,False,0,0,0,0.05657082796096802,20613.0,14997.0,0.7275505748799301,
optimization,rg_gamma65_floor065__current_c3_d2,train,330,rg_gamma65_floor065,gamma65,region_growing,current_c3_d2,standard,3,2.0,,,,,,both_tolerable,True,0.0,1.739843048383334,0.6384572415193988,0.3689289160501769,0.6384572415193988,0.26952832546922184,45508,10266,45508,35242,0.24140108238123872,0.7560132291040289,0.7820962400155854,0.5525402127098532,0.3921651170003315,0.09412209399943094,1.9152022940006646,,,,,,,False,False,0,0,0,,,,,
optimization,rg_gamma65_floor090__conditioned_p10_f025,train,330,rg_gamma65_floor090,gamma65,region_growing,conditioned_p10_f025,vesselness_conditioned,3,,1.0,2.0,10.0,0.25,1.0,both_tolerable,True,0.0,1.739843048383334,0.6116942025626594,0.29695787050935657,0.6116942025626594,0.3147363320533028,27146,6712,27146,20434,0.17844257366205651,0.5554720384846663,0.8842371871275327,0.680579090842113,0.3921651170003315,0.06424083700039773,2.397521630000483,,,,,,,False,False,0,0,0,0.02663462422788143,13270.0,11624.0,0.8759608138658629,
optimization,rg_gamma65_floor090__conditioned_p10_f050,train,330,rg_gamma65_floor090,gamma65,region_growing,conditioned_p10_f050,vesselness_conditioned,3,,1.0,2.0,10.0,0.5,1.0,both_tolerable,True,0.0,1.739843048383334,0.6118394513916902,0.29695787050935657,0.6118394513916902,0.3148815808823336,26236,6712,26236,19524,0.17844257366205651,0.5472339146121468,0.8842371871275327,0.6937414239975606,0.3921651170003315,0.06424083700039773,2.4183313339999586,,,,,,,False,False,0,0,0,0.05326924845576286,13270.0,10714.0,0.8073850791258478,
optimization,rg_gamma65_floor090__conditioned_p10_f075,train,330,rg_gamma65_floor090,gamma65,region_growing,conditioned_p10_f075,vesselness_conditioned,3,,1.0,2.0,10.0,0.75,1.0,both_tolerable,True,0.0,1.739843048383334,0.6094573325121467,0.29695787050935657,0.6094573325121467,0.31249946200279016,25192,6712,25192,18480,0.17844257366205651,0.5355381840048106,0.8842371871275327,0.7070498570974912,0.3921651170003315,0.06424083700039773,2.4587474850004583,,,,,,,False,False,0,0,0,0.0799038726836443,13270.0,9670.0,0.7287113790504898,
optimization,rg_gamma65_floor090__current_c3_d2,train,330,rg_gamma65_floor090,gamma65,region_growing,current_c3_d2,standard,3,2.0,,,,,,both_tolerable,True,0.0,1.739843048383334,0.6077805711338877,0.29695787050935657,0.6077805711338877,0.31082270062453116,28792,6712,28792,22080,0.17844257366205651,0.5669573060733614,0.8842371871275327,0.6549388719088636,0.3921651170003315,0.06424083700039773,1.899226670000644,,,,,,,False,False,0,0,0,,,,,
optimization,rg_gamma65_recovery__conditioned_p10_f025,train,330,rg_gamma65_recovery,gamma65,region_growing,conditioned_p10_f025,vesselness_conditioned,3,,1.0,2.0,10.0,0.25,1.0,both_tolerable,True,0.0,1.739843048383334,0.6234148686820121,0.32366449117718155,0.6234148686820121,0.2997503775048306,33296,8110,33296,25186,0.2012928442573662,0.623752254960914,0.8255240443896424,0.6230778471888515,0.3921651170003315,0.1312071370002741,2.4460032220003995,,,,,,,False,False,0,0,0,0.022972851991653442,16076.0,14095.0,0.8767728290619557,
optimization,rg_gamma65_recovery__conditioned_p10_f050,train,330,rg_gamma65_recovery,gamma65,region_growing,conditioned_p10_f050,vesselness_conditioned,3,,1.0,2.0,10.0,0.5,1.0,both_tolerable,True,0.0,1.739843048383334,0.6253230764525058,0.32366449117718155,0.6253230764525058,0.3016585852753243,32127,8110,32127,24017,0.2012928442573662,0.6146722790138305,0.8255240443896424,0.6363494879696205,0.3921651170003315,0.1312071370002741,2.4487816539995038,,,,,,,False,False,0,0,0,0.045945703983306885,16076.0,12926.0,0.8040557352575267,
optimization,rg_gamma65_recovery__conditioned_p10_f075,train,330,rg_gamma65_recovery,gamma65,region_growing,conditioned_p10_f075,vesselness_conditioned,3,,1.0,2.0,10.0,0.75,1.0,both_tolerable,True,0.0,1.739843048383334,0.6257892521397502,0.32366449117718155,0.6257892521397502,0.3021247609625687,30883,8110,30883,22773,0.2012928442573662,0.6034275405892965,0.8255240443896424,0.6498720979179484,0.3921651170003315,0.1312071370002741,2.3756705069999953,,,,,,,False,False,0,0,0,0.06891855597496033,16076.0,11682.0,0.7266733018163722,
optimization,rg_gamma65_recovery__current_c3_d2,train,330,rg_gamma65_recovery,gamma65,region_growing,current_c3_d2,standard,3,2.0,,,,,,both_tolerable,True,0.0,1.739843048383334,0.6182937683295154,0.32366449117718155,0.6182937683295154,0.2946292771523339,35277,8110,35277,27167,0.2012928442573662,0.6370414912808178,0.8255240443896424,0.6006179663803611,0.3921651170003315,0.1312071370002741,1.9831927519999226,,,,,,,False,False,0,0,0,,,,,
optimization,rg_gamma65_relax090__conditioned_p10_f025,train,330,rg_gamma65_relax090,gamma65,region_growing,conditioned_p10_f025,vesselness_conditioned,3,,1.0,2.0,10.0,0.25,1.0,both_tolerable,True,0.0,1.739843048383334,0.6544688243083538,0.3474320958367928,0.6544688243083538,0.30703672847156105,36971,8895,36971,28076,0.22017438364401684,0.6909801563439567,0.8232715008431704,0.6216223526547835,0.3921651170003315,0.08093602200005989,2.424896434999937,,,,,,,False,False,0,0,0,0.02141253836452961,17911.0,15744.0,0.8790128971023393,
optimization,rg_gamma65_relax090__conditioned_p10_f050,train,330,rg_gamma65_relax090,gamma65,region_growing,conditioned_p10_f050,vesselness_conditioned,3,,1.0,2.0,10.0,0.5,1.0,both_tolerable,True,0.0,1.739843048383334,0.6565826493024335,0.3474320958367928,0.6565826493024335,0.3091505534656407,35694,8895,35694,26799,0.22017438364401684,0.680607336139507,0.8232715008431704,0.6341962234549224,0.3921651170003315,0.08093602200005989,2.4127579679998234,,,,,,,False,False,0,0,0,0.04282507672905922,17911.0,14467.0,0.8077159287588632,
optimization,rg_gamma65_relax090__conditioned_p10_f075,train,330,rg_gamma65_relax090,gamma65,region_growing,conditioned_p10_f075,vesselness_conditioned,3,,1.0,2.0,10.0,0.75,1.0,both_tolerable,True,0.0,1.739843048383334,0.6567367485934261,0.3474320958367928,0.6567367485934261,0.3093046527566333,34280,8895,34280,25385,0.22017438364401684,0.6668069753457607,0.8232715008431704,0.6469661610268378,0.3921651170003315,0.08093602200005989,2.4289618129996597,,,,,,,False,False,0,0,0,0.06423761509358883,17911.0,13053.0,0.7287700295907543,
optimization,rg_gamma65_relax090__current_c3_d2,train,330,rg_gamma65_relax090,gamma65,region_growing,current_c3_d2,standard,3,2.0,,,,,,both_tolerable,True,0.0,1.739843048383334,0.6475869499157435,0.3474320958367928,0.6475869499157435,0.3001548540789507,39138,8895,39138,30243,0.22017438364401684,0.7048105832832231,0.8232715008431704,0.5989575348765905,0.3921651170003315,0.08093602200005989,1.9583755769999698,,,,,,,False,False,0,0,0,,,,,
optimization,rg_gamma65_window3__conditioned_p10_f025,train,330,rg_gamma65_window3,gamma65,region_growing,conditioned_p10_f025,vesselness_conditioned,3,,1.0,2.0,10.0,0.25,1.0,both_tolerable,True,0.0,1.739843048383334,0.5124280641606465,0.22310587985790786,0.5124280641606465,0.2893221843027386,15742,4462,15742,11280,0.1265183403487673,0.3774804570054119,0.9430748543254146,0.7975479608690128,0.3921651170003315,0.07130723999944166,2.4462050040001486,,,,,,,False,False,0,0,0,0.026957005262374878,7224.0,6384.0,0.8837209302325582,
optimization,rg_gamma65_window3__conditioned_p10_f050,train,330,rg_gamma65_window3,gamma65,region_growing,conditioned_p10_f050,vesselness_conditioned,3,,1.0,2.0,10.0,0.5,1.0,both_tolerable,True,0.0,1.739843048383334,0.5098233040899542,0.22310587985790786,0.5098233040899542,0.2867174242320464,15298,4462,15298,10836,0.1265183403487673,0.37215874924834635,0.9430748543254146,0.8091253758661263,0.3921651170003315,0.07130723999944166,2.453859141999601,,,,,,,False,False,0,0,0,0.053914010524749756,7224.0,5940.0,0.8222591362126246,
optimization,rg_gamma65_window3__conditioned_p10_f075,train,330,rg_gamma65_window3,gamma65,region_growing,conditioned_p10_f075,vesselness_conditioned,3,,1.0,2.0,10.0,0.75,1.0,both_tolerable,True,0.0,1.739843048383334,0.5058505100978555,0.22310587985790786,0.5058505100978555,0.28274463023994767,14770,4462,14770,10308,0.1265183403487673,0.36524353577871316,0.9430748543254146,0.8224779959377115,0.3921651170003315,0.07130723999944166,2.48509245599962,,,,,,,False,False,0,0,0,0.08087101578712463,7224.0,5412.0,0.7491694352159468,
optimization,rg_gamma65_window3__current_c3_d2,train,330,rg_gamma65_window3,gamma65,region_growing,current_c3_d2,standard,3,2.0,,,,,,both_tolerable,True,0.0,1.739843048383334,0.5129007664218932,0.22310587985790786,0.5129007664218932,0.28979488656398533,16582,4462,16582,12120,0.1265183403487673,0.38430547203848464,0.9430748543254146,0.7708358460981788,0.3921651170003315,0.07130723999944166,1.9694554079997033,,,,,,,False,False,0,0,0,,,,,
optimization,fc_affinity_floor024_only__conditioned_p10_f025,train,344,fc_affinity_floor024_only,current,fuzzy_connectedness,conditioned_p10_f025,vesselness_conditioned,3,,1.0,2.0,10.0,0.25,1.0,both_tolerable,True,1.7128449698162995,0.0,0.7229537125016967,0.4638720870258358,0.7229537125016967,0.2590816254758609,34203,10554,34203,23649,0.3081931464174455,0.7466355140186915,0.9373697176425999,0.7007280063152355,0.561902404000648,2.4603030140006013,2.4966486299999815,10554.0,625478.0,500000.0,0.16,8.0,False,False,True,0,0,0,0.01674254797399044,15295.0,13149.0,0.8596927100359595,
optimization,fc_affinity_floor024_only__conditioned_p10_f050,train,344,fc_affinity_floor024_only,current,fuzzy_connectedness,conditioned_p10_f050,vesselness_conditioned,3,,1.0,2.0,10.0,0.5,1.0,both_tolerable,True,1.7128449698162995,0.0,0.7262913469375202,0.4638720870258358,0.7262913469375202,0.26241925991168435,32929,10554,32929,22375,0.3081931464174455,0.7356697819314642,0.9373697176425999,0.7171490175832852,0.561902404000648,2.4603030140006013,2.4312420450005447,10554.0,625478.0,500000.0,0.16,8.0,False,False,True,0,0,0,0.03348509594798088,15295.0,11875.0,0.7763975155279503,
optimization,fc_affinity_floor024_only__conditioned_p10_f075,train,344,fc_affinity_floor024_only,current,fuzzy_connectedness,conditioned_p10_f075,vesselness_conditioned,3,,1.0,2.0,10.0,0.75,1.0,both_tolerable,True,1.7128449698162995,0.0,0.7265676515841366,0.4638720870258358,0.7265676515841366,0.2626955645583008,31594,10554,31594,21040,0.3081931464174455,0.7208411214953271,0.9373697176425999,0.7323858960562132,0.561902404000648,2.4603030140006013,2.456377710999732,10554.0,625478.0,500000.0,0.16,8.0,False,False,True,0,0,0,0.05022764392197132,15295.0,10540.0,0.6891140895717555,
optimization,fc_affinity_floor024_only__current_c3_d2,train,344,fc_affinity_floor024_only,current,fuzzy_connectedness,current_c3_d2,standard,3,2.0,,,,,,both_tolerable,True,1.7128449698162995,0.0,0.7185495770573712,0.4638720870258358,0.7185495770573712,0.2546774900315354,36349,10554,36349,25795,0.3081931464174455,0.7661059190031153,0.9373697176425999,0.676552312305703,0.561902404000648,2.4603030140006013,1.931699197000853,10554.0,625478.0,500000.0,0.16,8.0,False,False,True,0,0,0,,,,,
optimization,fc_alpha017__conditioned_p10_f025,train,344,fc_alpha017,current,fuzzy_connectedness,conditioned_p10_f025,vesselness_conditioned,3,,1.0,2.0,10.0,0.25,1.0,both_tolerable,True,1.7128449698162995,0.0,0.7273118081464082,0.4492946373438465,0.7273118081464082,0.27801717080256166,33033,10006,33033,23027,0.29467289719626166,0.7378816199376947,0.9453328003198082,0.7170405352223534,0.561902404000648,2.4279160109999793,2.456873863999135,10006.0,625478.0,500000.0,0.17,8.0,False,False,True,0,0,0,0.019461775198578835,14906.0,12846.0,0.8618006172011271,
optimization,fc_alpha017__conditioned_p10_f050,train,344,fc_alpha017,current,fuzzy_connectedness,conditioned_p10_f050,vesselness_conditioned,3,,1.0,2.0,10.0,0.5,1.0,both_tolerable,True,1.7128449698162995,0.0,0.7290959435570922,0.4492946373438465,0.7290959435570922,0.27980130621324567,31823,10006,31823,21817,0.29467289719626166,0.7259501557632398,0.9453328003198082,0.7322691135342363,0.561902404000648,2.4279160109999793,2.439493584999582,10006.0,625478.0,500000.0,0.17,8.0,False,False,True,0,0,0,0.03892355039715767,14906.0,11636.0,0.7806252515765464,
optimization,fc_alpha017__conditioned_p10_f075,train,344,fc_alpha017,current,fuzzy_connectedness,conditioned_p10_f075,vesselness_conditioned,3,,1.0,2.0,10.0,0.75,1.0,both_tolerable,True,1.7128449698162995,0.0,0.7281141288737114,0.4492946373438465,0.7281141288737114,0.2788194915298649,30566,10006,30566,20560,0.29467289719626166,0.7107165109034268,0.9453328003198082,0.746384872080089,0.561902404000648,2.4279160109999793,2.393291849999514,10006.0,625478.0,500000.0,0.17,8.0,False,False,True,0,0,0,0.058385325595736504,14906.0,10379.0,0.6962967932376224,
optimization,fc_alpha017__current_c3_d2,train,344,fc_alpha017,current,fuzzy_connectedness,current_c3_d2,standard,3,2.0,,,,,,both_tolerable,True,1.7128449698162995,0.0,0.7237063384578751,0.4492946373438465,0.7237063384578751,0.2744117011140286,35093,10006,35093,25087,0.29467289719626166,0.7574454828660436,0.9453328003198082,0.6928447268686063,0.561902404000648,2.4279160109999793,1.9585707769983856,10006.0,625478.0,500000.0,0.17,8.0,False,False,True,0,0,0,,,,,
optimization,fc_candidate024_only__conditioned_p10_f025,train,344,fc_candidate024_only,current,fuzzy_connectedness,conditioned_p10_f025,vesselness_conditioned,3,,1.0,2.0,10.0,0.25,1.0,both_tolerable,True,1.7128449698162995,0.0,0.7243184197351054,0.45861792830561965,0.7243184197351054,0.2657004914294857,33813,10358,33813,23455,0.30330218068535825,0.7436448598130841,0.939949797258158,0.7059710762132907,0.561902404000648,2.4490270710011828,2.4630191659998673,10358.0,505880.0,500000.0,0.16,8.0,False,False,True,0,0,0,0.017795490100979805,15178.0,13054.0,0.8600606140466465,
optimization,fc_candidate024_only__conditioned_p10_f050,train,344,fc_candidate024_only,current,fuzzy_connectedness,conditioned_p10_f050,vesselness_conditioned,3,,1.0,2.0,10.0,0.5,1.0,both_tolerable,True,1.7128449698162995,0.0,0.7270954864066103,0.45861792830561965,0.7270954864066103,0.2684775581009906,32527,10358,32527,22169,0.30330218068535825,0.7319314641744549,0.939949797258158,0.7223229932056445,0.561902404000648,2.4490270710011828,2.4298864920001506,10358.0,505880.0,500000.0,0.16,8.0,False,False,True,0,0,0,0.03559098020195961,15178.0,11768.0,0.7753327184082224,
optimization,fc_candidate024_only__conditioned_p10_f075,train,344,fc_candidate024_only,current,fuzzy_connectedness,conditioned_p10_f075,vesselness_conditioned,3,,1.0,2.0,10.0,0.75,1.0,both_tolerable,True,1.7128449698162995,0.0,0.7270688211786633,0.45861792830561965,0.7270688211786633,0.2684508928730437,31209,10358,31209,20851,0.30330218068535825,0.7169781931464174,0.939949797258158,0.7374475311608831,0.561902404000648,2.4490270710011828,2.4429620829996566,10358.0,505880.0,500000.0,0.16,8.0,False,False,True,0,0,0,0.053386470302939415,15178.0,10450.0,0.6884965081038344,
optimization,fc_candidate024_only__current_c3_d2,train,344,fc_candidate024_only,current,fuzzy_connectedness,current_c3_d2,standard,3,2.0,,,,,,both_tolerable,True,1.7128449698162995,0.0,0.7201963637432574,0.45861792830561965,0.7201963637432574,0.2615784354376377,35937,10358,35937,25579,0.30330218068535825,0.7632398753894081,0.939949797258158,0.6817486156329131,0.561902404000648,2.4490270710011828,1.9476830450003035,10358.0,505880.0,500000.0,0.16,8.0,False,False,True,0,0,0,,,,,
optimization,fc_current__conditioned_p10_f025,train,344,fc_current,current,fuzzy_connectedness,conditioned_p10_f025,vesselness_conditioned,3,,1.0,2.0,10.0,0.25,1.0,both_tolerable,True,1.7128449698162995,0.0,0.7243184197351054,0.45861792830561965,0.7243184197351054,0.2657004914294857,33813,10358,33813,23455,0.30330218068535825,0.7436448598130841,0.939949797258158,0.7059710762132907,0.561902404000648,2.390675984999689,2.434723392001615,10358.0,625478.0,500000.0,0.16,8.0,False,False,True,0,0,0,0.017795490100979805,15178.0,13054.0,0.8600606140466465,
optimization,fc_current__conditioned_p10_f050,train,344,fc_current,current,fuzzy_connectedness,conditioned_p10_f050,vesselness_conditioned,3,,1.0,2.0,10.0,0.5,1.0,both_tolerable,True,1.7128449698162995,0.0,0.7270954864066103,0.45861792830561965,0.7270954864066103,0.2684775581009906,32527,10358,32527,22169,0.30330218068535825,0.7319314641744549,0.939949797258158,0.7223229932056445,0.561902404000648,2.390675984999689,2.4143219149991637,10358.0,625478.0,500000.0,0.16,8.0,False,False,True,0,0,0,0.03559098020195961,15178.0,11768.0,0.7753327184082224,
optimization,fc_current__conditioned_p10_f075,train,344,fc_current,current,fuzzy_connectedness,conditioned_p10_f075,vesselness_conditioned,3,,1.0,2.0,10.0,0.75,1.0,both_tolerable,True,1.7128449698162995,0.0,0.7270688211786633,0.45861792830561965,0.7270688211786633,0.2684508928730437,31209,10358,31209,20851,0.30330218068535825,0.7169781931464174,0.939949797258158,0.7374475311608831,0.561902404000648,2.390675984999689,2.440836407999086,10358.0,625478.0,500000.0,0.16,8.0,False,False,True,0,0,0,0.053386470302939415,15178.0,10450.0,0.6884965081038344,
optimization,fc_current__current_c3_d2,train,344,fc_current,current,fuzzy_connectedness,current_c3_d2,standard,3,2.0,,,,,,both_tolerable,True,1.7128449698162995,0.0,0.7201963637432574,0.45861792830561965,0.7201963637432574,0.2615784354376377,35937,10358,35937,25579,0.30330218068535825,0.7632398753894081,0.939949797258158,0.6817486156329131,0.561902404000648,2.390675984999689,1.9138201370005845,10358.0,625478.0,500000.0,0.16,8.0,False,False,True,0,0,0,,,,,
optimization,fc_floor020__conditioned_p10_f025,train,344,fc_floor020,current,fuzzy_connectedness,conditioned_p10_f025,vesselness_conditioned,3,,1.0,2.0,10.0,0.25,1.0,both_tolerable,True,1.7128449698162995,0.0,0.7237129012719564,0.46033015096646757,0.7237129012719564,0.26338275030548886,33940,10426,33940,23514,0.3049221183800623,0.7444548286604361,0.9388068290811433,0.7040954625810253,0.561902404000648,2.4260405200002424,2.3938828820009803,10426.0,579027.0,500000.0,0.16,8.0,False,False,True,0,0,0,0.017382660880684853,15212.0,13081.0,0.8599132264002104,
optimization,fc_floor020__conditioned_p10_f050,train,344,fc_floor020,current,fuzzy_connectedness,conditioned_p10_f050,vesselness_conditioned,3,,1.0,2.0,10.0,0.5,1.0,both_tolerable,True,1.7128449698162995,0.0,0.7267252428233913,0.46033015096646757,0.7267252428233913,0.2663950918569238,32659,10426,32659,22233,0.3049221183800623,0.7330529595015576,0.9388068290811433,0.7205058330016229,0.561902404000648,2.4260405200002424,2.416841962000035,10426.0,579027.0,500000.0,0.16,8.0,False,False,True,0,0,0,0.034765321761369705,15212.0,11800.0,0.7757033920589008,
optimization,fc_floor020__conditioned_p10_f075,train,344,fc_floor020,current,fuzzy_connectedness,conditioned_p10_f075,vesselness_conditioned,3,,1.0,2.0,10.0,0.75,1.0,both_tolerable,True,1.7128449698162995,0.0,0.7270349066267434,0.46033015096646757,0.7270349066267434,0.26670475566027585,31355,10426,31355,20929,0.3049221183800623,0.7185981308411215,0.9388068290811433,0.7356721416042099,0.561902404000648,2.4260405200002424,2.4053498700013733,10426.0,579027.0,500000.0,0.16,8.0,False,False,True,0,0,0,0.05214798264205456,15212.0,10496.0,0.6899815934788325,
optimization,fc_floor020__current_c3_d2,train,344,fc_floor020,current,fuzzy_connectedness,current_c3_d2,standard,3,2.0,,,,,,both_tolerable,True,1.7128449698162995,0.0,0.7195728388904373,0.46033015096646757,0.7195728388904373,0.25924268792396976,36071,10426,36071,25645,0.3049221183800623,0.7640809968847352,0.9388068290811433,0.6799645144298744,0.561902404000648,2.4260405200002424,1.9191126679997978,10426.0,579027.0,500000.0,0.16,8.0,False,False,True,0,0,0,,,,,
optimization,fc_floor020_recovery__conditioned_p10_f025,train,344,fc_floor020_recovery,current,fuzzy_connectedness,conditioned_p10_f025,vesselness_conditioned,3,,1.0,2.0,10.0,0.25,1.0,both_tolerable,True,1.7128449698162995,0.0,0.7237129012719564,0.46033015096646757,0.7237129012719564,0.26338275030548886,33940,10426,33940,23514,0.3049221183800623,0.7444548286604361,0.9388068290811433,0.7040954625810253,0.561902404000648,2.596916335998685,2.423266047000652,,,,,,,False,False,0,0,0,0.017382660880684853,15212.0,13081.0,0.8599132264002104,
optimization,fc_floor020_recovery__conditioned_p10_f050,train,344,fc_floor020_recovery,current,fuzzy_connectedness,conditioned_p10_f050,vesselness_conditioned,3,,1.0,2.0,10.0,0.5,1.0,both_tolerable,True,1.7128449698162995,0.0,0.7267252428233913,0.46033015096646757,0.7267252428233913,0.2663950918569238,32659,10426,32659,22233,0.3049221183800623,0.7330529595015576,0.9388068290811433,0.7205058330016229,0.561902404000648,2.596916335998685,2.445736717998443,,,,,,,False,False,0,0,0,0.034765321761369705,15212.0,11800.0,0.7757033920589008,
optimization,fc_floor020_recovery__conditioned_p10_f075,train,344,fc_floor020_recovery,current,fuzzy_connectedness,conditioned_p10_f075,vesselness_conditioned,3,,1.0,2.0,10.0,0.75,1.0,both_tolerable,True,1.7128449698162995,0.0,0.7270349066267434,0.46033015096646757,0.7270349066267434,0.26670475566027585,31355,10426,31355,20929,0.3049221183800623,0.7185981308411215,0.9388068290811433,0.7356721416042099,0.561902404000648,2.596916335998685,2.4202850070014392,,,,,,,False,False,0,0,0,0.05214798264205456,15212.0,10496.0,0.6899815934788325,
optimization,fc_floor020_recovery__current_c3_d2,train,344,fc_floor020_recovery,current,fuzzy_connectedness,current_c3_d2,standard,3,2.0,,,,,,both_tolerable,True,1.7128449698162995,0.0,0.7195728388904373,0.46033015096646757,0.7195728388904373,0.25924268792396976,36071,10426,36071,25645,0.3049221183800623,0.7640809968847352,0.9388068290811433,0.6799645144298744,0.561902404000648,2.596916335998685,1.8980599220012664,,,,,,,False,False,0,0,0,,,,,
optimization,fc_floor024__conditioned_p10_f025,train,344,fc_floor024,current,fuzzy_connectedness,conditioned_p10_f025,vesselness_conditioned,3,,1.0,2.0,10.0,0.25,1.0,both_tolerable,True,1.7128449698162995,0.0,0.7229537125016967,0.4638720870258358,0.7229537125016967,0.2590816254758609,34203,10554,34203,23649,0.3081931464174455,0.7466355140186915,0.9373697176425999,0.7007280063152355,0.561902404000648,2.4017188289999467,2.4206314150014805,10554.0,505880.0,500000.0,0.16,8.0,False,False,True,0,0,0,0.01674254797399044,15295.0,13149.0,0.8596927100359595,
optimization,fc_floor024__conditioned_p10_f050,train,344,fc_floor024,current,fuzzy_connectedness,conditioned_p10_f050,vesselness_conditioned,3,,1.0,2.0,10.0,0.5,1.0,both_tolerable,True,1.7128449698162995,0.0,0.7262913469375202,0.4638720870258358,0.7262913469375202,0.26241925991168435,32929,10554,32929,22375,0.3081931464174455,0.7356697819314642,0.9373697176425999,0.7171490175832852,0.561902404000648,2.4017188289999467,2.404549955999755,10554.0,505880.0,500000.0,0.16,8.0,False,False,True,0,0,0,0.03348509594798088,15295.0,11875.0,0.7763975155279503,
optimization,fc_floor024__conditioned_p10_f075,train,344,fc_floor024,current,fuzzy_connectedness,conditioned_p10_f075,vesselness_conditioned,3,,1.0,2.0,10.0,0.75,1.0,both_tolerable,True,1.7128449698162995,0.0,0.7265676515841366,0.4638720870258358,0.7265676515841366,0.2626955645583008,31594,10554,31594,21040,0.3081931464174455,0.7208411214953271,0.9373697176425999,0.7323858960562132,0.561902404000648,2.4017188289999467,2.44452554199961,10554.0,505880.0,500000.0,0.16,8.0,False,False,True,0,0,0,0.05022764392197132,15295.0,10540.0,0.6891140895717555,
optimization,fc_floor024__current_c3_d2,train,344,fc_floor024,current,fuzzy_connectedness,current_c3_d2,standard,3,2.0,,,,,,both_tolerable,True,1.7128449698162995,0.0,0.7185495770573712,0.4638720870258358,0.7185495770573712,0.2546774900315354,36349,10554,36349,25795,0.3081931464174455,0.7661059190031153,0.9373697176425999,0.676552312305703,0.561902404000648,2.4017188289999467,1.905475383000521,10554.0,505880.0,500000.0,0.16,8.0,False,False,True,0,0,0,,,,,
optimization,rg_gamma55_current__conditioned_p10_f025,train,344,rg_gamma55_current,current,region_growing,conditioned_p10_f025,vesselness_conditioned,3,,1.0,2.0,10.0,0.25,1.0,both_tolerable,True,1.7128449698162995,0.0,0.7302904564315352,0.4199661590524535,0.7302904564315352,0.31032429737908174,32729,9270,32729,23459,0.27062305295950156,0.7374454828660436,0.937108953613808,0.723272938372697,0.561902404000648,0.0817038129989669,2.4283701360000123,,,,,,,False,False,0,0,0,0.02527676336467266,15166.0,13295.0,0.8766319398654886,
optimization,rg_gamma55_current__conditioned_p10_f050,train,344,rg_gamma55_current,current,region_growing,conditioned_p10_f050,vesselness_conditioned,3,,1.0,2.0,10.0,0.5,1.0,both_tolerable,True,1.7128449698162995,0.0,0.7308376213630426,0.4199661590524535,0.7308376213630426,0.31087146231058915,31449,9270,31449,22179,0.27062305295950156,0.7234267912772586,0.937108953613808,0.7384018569747846,0.561902404000648,0.0817038129989669,2.4064947740007483,,,,,,,False,False,0,0,0,0.05055352672934532,15166.0,12015.0,0.7922326256099169,
optimization,rg_gamma55_current__conditioned_p10_f075,train,344,rg_gamma55_current,current,region_growing,conditioned_p10_f075,vesselness_conditioned,3,,1.0,2.0,10.0,0.75,1.0,both_tolerable,True,1.7128449698162995,0.0,0.7303707262390904,0.4199661590524535,0.7303707262390904,0.3104045671866369,30345,9270,30345,21075,0.27062305295950156,0.7104049844236761,0.937108953613808,0.7514911847091778,0.561902404000648,0.0817038129989669,2.4334174800005712,,,,,,,False,False,0,0,0,0.07583029009401798,15166.0,10911.0,0.7194382170644863,
optimization,rg_gamma55_current__current_c3_d2,train,344,rg_gamma55_current,current,region_growing,current_c3_d2,standard,3,2.0,,,,,,both_tolerable,True,1.7128449698162995,0.0,0.7269565217391304,0.4199661590524535,0.7269565217391304,0.3069903626866769,34600,9270,34600,25330,0.27062305295950156,0.7552647975077882,0.937108953613808,0.7006936416184971,0.561902404000648,0.0817038129989669,1.9106931110000005,,,,,,,False,False,0,0,0,,,,,
optimization,rg_gamma65_current__conditioned_p10_f025,train,344,rg_gamma65_current,gamma65,region_growing,conditioned_p10_f025,vesselness_conditioned,3,,1.0,2.0,10.0,0.25,1.0,both_tolerable,True,1.7128449698162995,0.0,0.7319784721664391,0.3923023646977342,0.7319784721664391,0.33967610746870486,30145,8328,30145,21817,0.2470404984423676,0.7096884735202492,0.9522094140249759,0.7557140487643058,0.44599546599965834,0.0745393930010323,2.4354698639999697,,,,,,,False,False,0,0,0,0.024973107501864433,14137.0,12401.0,0.8772016693782273,
optimization,rg_gamma65_current__conditioned_p10_f050,train,344,rg_gamma65_current,gamma65,region_growing,conditioned_p10_f050,vesselness_conditioned,3,,1.0,2.0,10.0,0.5,1.0,both_tolerable,True,1.7128449698162995,0.0,0.7301789862897157,0.3923023646977342,0.7301789862897157,0.33787662159198145,29022,8328,29022,20694,0.2470404984423676,0.6951713395638629,0.9522094140249759,0.768899455585418,0.44599546599965834,0.0745393930010323,2.4523558229993796,,,,,,,False,False,0,0,0,0.04994621500372887,14137.0,11278.0,0.797764730848129,
optimization,rg_gamma65_current__conditioned_p10_f075,train,344,rg_gamma65_current,gamma65,region_growing,conditioned_p10_f075,vesselness_conditioned,3,,1.0,2.0,10.0,0.75,1.0,both_tolerable,True,1.7128449698162995,0.0,0.7282181187920805,0.3923023646977342,0.7282181187920805,0.3359157540943463,27904,8328,27904,19576,0.2470404984423676,0.6806230529595015,0.9522094140249759,0.7829701834862385,0.44599546599965834,0.0745393930010323,2.4452871279991086,,,,,,,False,False,0,0,0,0.0749193225055933,14137.0,10160.0,0.7186814741458584,
optimization,rg_gamma65_current__current_c3_d2,train,344,rg_gamma65_current,gamma65,region_growing,current_c3_d2,standard,3,2.0,,,,,,both_tolerable,True,1.7128449698162995,0.0,0.7299667088666948,0.3923023646977342,0.7299667088666948,0.3376643441689606,31881,8328,31881,23553,0.2470404984423676,0.7274766355140186,0.9522094140249759,0.7324738872682789,0.44599546599965834,0.0745393930010323,1.9489106190012535,,,,,,,False,False,0,0,0,,,,,
optimization,rg_gamma65_divisor6__conditioned_p10_f025,train,344,rg_gamma65_divisor6,gamma65,region_growing,conditioned_p10_f025,vesselness_conditioned,3,,1.0,2.0,10.0,0.25,1.0,both_tolerable,True,1.7128449698162995,0.0,0.7319784721664391,0.3923023646977342,0.7319784721664391,0.33967610746870486,30145,8328,30145,21817,0.2470404984423676,0.7096884735202492,0.9522094140249759,0.7557140487643058,0.44599546599965834,0.07429009000043152,2.417875131999608,,,,,,,False,False,0,0,0,0.024973107501864433,14137.0,12401.0,0.8772016693782273,
optimization,rg_gamma65_divisor6__conditioned_p10_f050,train,344,rg_gamma65_divisor6,gamma65,region_growing,conditioned_p10_f050,vesselness_conditioned,3,,1.0,2.0,10.0,0.5,1.0,both_tolerable,True,1.7128449698162995,0.0,0.7301789862897157,0.3923023646977342,0.7301789862897157,0.33787662159198145,29022,8328,29022,20694,0.2470404984423676,0.6951713395638629,0.9522094140249759,0.768899455585418,0.44599546599965834,0.07429009000043152,2.4386765500003094,,,,,,,False,False,0,0,0,0.04994621500372887,14137.0,11278.0,0.797764730848129,
optimization,rg_gamma65_divisor6__conditioned_p10_f075,train,344,rg_gamma65_divisor6,gamma65,region_growing,conditioned_p10_f075,vesselness_conditioned,3,,1.0,2.0,10.0,0.75,1.0,both_tolerable,True,1.7128449698162995,0.0,0.7282181187920805,0.3923023646977342,0.7282181187920805,0.3359157540943463,27904,8328,27904,19576,0.2470404984423676,0.6806230529595015,0.9522094140249759,0.7829701834862385,0.44599546599965834,0.07429009000043152,2.4303815319999558,,,,,,,False,False,0,0,0,0.0749193225055933,14137.0,10160.0,0.7186814741458584,
optimization,rg_gamma65_divisor6__current_c3_d2,train,344,rg_gamma65_divisor6,gamma65,region_growing,current_c3_d2,standard,3,2.0,,,,,,both_tolerable,True,1.7128449698162995,0.0,0.7299667088666948,0.3923023646977342,0.7299667088666948,0.3376643441689606,31881,8328,31881,23553,0.2470404984423676,0.7274766355140186,0.9522094140249759,0.7324738872682789,0.44599546599965834,0.07429009000043152,1.897234390999074,,,,,,,False,False,0,0,0,,,,,
optimization,rg_gamma65_divisor8__conditioned_p10_f025,train,344,rg_gamma65_divisor8,gamma65,region_growing,conditioned_p10_f025,vesselness_conditioned,3,,1.0,2.0,10.0,0.25,1.0,both_tolerable,True,1.7128449698162995,0.0,0.7319692025782393,0.39162604241419413,0.7319692025782393,0.34034316016404514,30113,8311,30113,21802,0.24651090342679127,0.7093146417445483,0.9521116592467814,0.7561186198651745,0.44599546599965834,0.07346728400079883,2.4400366760000907,,,,,,,False,False,0,0,0,0.025001339614391327,14122.0,12397.0,0.8778501628664495,
optimization,rg_gamma65_divisor8__conditioned_p10_f050,train,344,rg_gamma65_divisor8,gamma65,region_growing,conditioned_p10_f050,vesselness_conditioned,3,,1.0,2.0,10.0,0.5,1.0,both_tolerable,True,1.7128449698162995,0.0,0.7302127659574468,0.39162604241419413,0.7302127659574468,0.33858672354325264,29000,8311,29000,20689,0.24651090342679127,0.6949532710280374,0.9521116592467814,0.7692413793103449,0.44599546599965834,0.07346728400079883,2.4497329400001036,,,,,,,False,False,0,0,0,0.050002679228782654,14122.0,11284.0,0.7990369636028891,
optimization,rg_gamma65_divisor8__conditioned_p10_f075,train,344,rg_gamma65_divisor8,gamma65,region_growing,conditioned_p10_f075,vesselness_conditioned,3,,1.0,2.0,10.0,0.75,1.0,both_tolerable,True,1.7128449698162995,0.0,0.7281881992030544,0.39162604241419413,0.7281881992030544,0.3365621567888603,27879,8311,27879,19568,0.24651090342679127,0.6803115264797508,0.9521116592467814,0.783313605222569,0.44599546599965834,0.07346728400079883,2.4543837960009114,,,,,,,False,False,0,0,0,0.07500401884317398,14122.0,10163.0,0.7196572723410282,
optimization,rg_gamma65_divisor8__current_c3_d2,train,344,rg_gamma65_divisor8,gamma65,region_growing,current_c3_d2,standard,3,2.0,,,,,,both_tolerable,True,1.7128449698162995,0.0,0.7300197065907598,0.39162604241419413,0.7300197065907598,0.33839366417656563,31838,8311,31838,23527,0.24651090342679127,0.7270404984423676,0.9521116592467814,0.7330234311200452,0.44599546599965834,0.07346728400079883,1.9751762129999406,,,,,,,False,False,0,0,0,,,,,
optimization,rg_gamma65_floor065__conditioned_p10_f025,train,344,rg_gamma65_floor065,gamma65,region_growing,conditioned_p10_f025,vesselness_conditioned,3,,1.0,2.0,10.0,0.25,1.0,both_tolerable,True,1.7128449698162995,0.0,0.7309117633261927,0.41145250036519454,0.7309117633261927,0.31945926296099814,31853,8974,31853,22879,0.2632398753894081,0.7280996884735202,0.9416090929351459,0.7337456440523655,0.44599546599965834,0.07667869000033534,2.4205763029985974,,,,,,,False,False,0,0,0,0.020926769822835922,14841.0,12977.0,0.8744019944747659,
optimization,rg_gamma65_floor065__conditioned_p10_f050,train,344,rg_gamma65_floor065,gamma65,region_growing,conditioned_p10_f050,vesselness_conditioned,3,,1.0,2.0,10.0,0.5,1.0,both_tolerable,True,1.7128449698162995,0.0,0.7304289608340108,0.41145250036519454,0.7304289608340108,0.3189764604688162,30633,8974,30633,21659,0.2632398753894081,0.7137383177570094,0.9416090929351459,0.7479189109783567,0.44599546599965834,0.07667869000033534,2.3654064379988995,,,,,,,False,False,0,0,0,0.041853539645671844,14841.0,11757.0,0.792197291287649,
optimization,rg_gamma65_floor065__conditioned_p10_f075,train,344,rg_gamma65_floor065,gamma65,region_growing,conditioned_p10_f075,vesselness_conditioned,3,,1.0,2.0,10.0,0.75,1.0,both_tolerable,True,1.7128449698162995,0.0,0.7298967066111012,0.41145250036519454,0.7298967066111012,0.31844420624590664,29569,8974,29569,20595,0.2632398753894081,0.7011214953271028,0.9416090929351459,0.76113497243735,0.44599546599965834,0.07667869000033534,2.3725850920000084,,,,,,,False,False,0,0,0,0.06278030946850777,14841.0,10693.0,0.720504009163803,
optimization,rg_gamma65_floor065__current_c3_d2,train,344,rg_gamma65_floor065,gamma65,region_growing,current_c3_d2,standard,3,2.0,,,,,,both_tolerable,True,1.7128449698162995,0.0,0.7280489843049668,0.41145250036519454,0.7280489843049668,0.31659648393977224,33717,8974,33717,24743,0.2632398753894081,0.746386292834891,0.9416090929351459,0.7105910964795207,0.44599546599965834,0.07667869000033534,1.9165394409992587,,,,,,,False,False,0,0,0,,,,,
optimization,rg_gamma65_floor090__conditioned_p10_f025,train,344,rg_gamma65_floor090,gamma65,region_growing,conditioned_p10_f025,vesselness_conditioned,3,,1.0,2.0,10.0,0.25,1.0,both_tolerable,True,1.7128449698162995,0.0,0.7327793106826234,0.37792282491809837,0.7327793106826234,0.354856485764525,29149,7887,29149,21262,0.23538940809968847,0.6990965732087228,0.9580322048941295,0.7698720367765618,0.44599546599965834,0.07265016500059573,2.4007062090004183,,,,,,,False,False,0,0,0,0.027942344546318054,13765.0,12158.0,0.8832546313112968,
optimization,rg_gamma65_floor090__conditioned_p10_f050,train,344,rg_gamma65_floor090,gamma65,region_growing,conditioned_p10_f050,vesselness_conditioned,3,,1.0,2.0,10.0,0.5,1.0,both_tolerable,True,1.7128449698162995,0.0,0.7301835350445538,0.37792282491809837,0.7301835350445538,0.35226071012645543,28052,7887,28052,20165,0.23538940809968847,0.6841433021806853,0.9580322048941295,0.7828675317267931,0.44599546599965834,0.07265016500059573,2.4628338849997817,,,,,,,False,False,0,0,0,0.05588468909263611,13765.0,11061.0,0.8035597529967309,
optimization,rg_gamma65_floor090__conditioned_p10_f075,train,344,rg_gamma65_floor090,gamma65,region_growing,conditioned_p10_f075,vesselness_conditioned,3,,1.0,2.0,10.0,0.75,1.0,both_tolerable,True,1.7128449698162995,0.0,0.7281252644942869,0.37792282491809837,0.7281252644942869,0.3502024395761886,26975,7887,26975,19088,0.23538940809968847,0.67,0.9580322048941295,0.7972937905468026,0.44599546599965834,0.07265016500059573,2.42910943500101,,,,,,,False,False,0,0,0,0.08382703363895416,13765.0,9984.0,0.7253178350889938,
optimization,rg_gamma65_floor090__current_c3_d2,train,344,rg_gamma65_floor090,gamma65,region_growing,current_c3_d2,standard,3,2.0,,,,,,both_tolerable,True,1.7128449698162995,0.0,0.7318951253659157,0.37792282491809837,0.7318951253659157,0.35397230044781736,30756,7887,30756,22869,0.23538940809968847,0.7165732087227414,0.9580322048941295,0.7478865912342307,0.44599546599965834,0.07265016500059573,1.873323193998658,,,,,,,False,False,0,0,0,,,,,
optimization,rg_gamma65_recovery__conditioned_p10_f025,train,344,rg_gamma65_recovery,gamma65,region_growing,conditioned_p10_f025,vesselness_conditioned,3,,1.0,2.0,10.0,0.25,1.0,both_tolerable,True,1.7128449698162995,0.0,0.7319784721664391,0.3923023646977342,0.7319784721664391,0.33967610746870486,30145,8328,30145,21817,0.2470404984423676,0.7096884735202492,0.9522094140249759,0.7557140487643058,0.44599546599965834,0.10328726300031121,2.4464909130001615,,,,,,,False,False,0,0,0,0.024973107501864433,14137.0,12401.0,0.8772016693782273,
optimization,rg_gamma65_recovery__conditioned_p10_f050,train,344,rg_gamma65_recovery,gamma65,region_growing,conditioned_p10_f050,vesselness_conditioned,3,,1.0,2.0,10.0,0.5,1.0,both_tolerable,True,1.7128449698162995,0.0,0.7301789862897157,0.3923023646977342,0.7301789862897157,0.33787662159198145,29022,8328,29022,20694,0.2470404984423676,0.6951713395638629,0.9522094140249759,0.768899455585418,0.44599546599965834,0.10328726300031121,2.4531732049999846,,,,,,,False,False,0,0,0,0.04994621500372887,14137.0,11278.0,0.797764730848129,
optimization,rg_gamma65_recovery__conditioned_p10_f075,train,344,rg_gamma65_recovery,gamma65,region_growing,conditioned_p10_f075,vesselness_conditioned,3,,1.0,2.0,10.0,0.75,1.0,both_tolerable,True,1.7128449698162995,0.0,0.7282181187920805,0.3923023646977342,0.7282181187920805,0.3359157540943463,27904,8328,27904,19576,0.2470404984423676,0.6806230529595015,0.9522094140249759,0.7829701834862385,0.44599546599965834,0.10328726300031121,2.450134782000532,,,,,,,False,False,0,0,0,0.0749193225055933,14137.0,10160.0,0.7186814741458584,
optimization,rg_gamma65_recovery__current_c3_d2,train,344,rg_gamma65_recovery,gamma65,region_growing,current_c3_d2,standard,3,2.0,,,,,,both_tolerable,True,1.7128449698162995,0.0,0.7299667088666948,0.3923023646977342,0.7299667088666948,0.3376643441689606,31881,8328,31881,23553,0.2470404984423676,0.7274766355140186,0.9522094140249759,0.7324738872682789,0.44599546599965834,0.10328726300031121,1.9067317729986826,,,,,,,False,False,0,0,0,,,,,
optimization,rg_gamma65_relax090__conditioned_p10_f025,train,344,rg_gamma65_relax090,gamma65,region_growing,conditioned_p10_f025,vesselness_conditioned,3,,1.0,2.0,10.0,0.25,1.0,both_tolerable,True,1.7128449698162995,0.0,0.7339723244890186,0.4004131012097964,0.7339723244890186,0.3335592232792222,30916,8568,30916,22348,0.2536448598130841,0.7204361370716511,0.9502801120448179,0.7480269116315177,0.44599546599965834,0.07758733099944948,2.3930414899987227,,,,,,,False,False,0,0,0,0.023468799889087677,14484.0,12698.0,0.8766915216790941,
optimization,rg_gamma65_relax090__conditioned_p10_f050,train,344,rg_gamma65_relax090,gamma65,region_growing,conditioned_p10_f050,vesselness_conditioned,3,,1.0,2.0,10.0,0.5,1.0,both_tolerable,True,1.7128449698162995,0.0,0.7325788197251415,0.4004131012097964,0.7325788197251415,0.3321657185153451,29750,8568,29750,21182,0.2536448598130841,0.7057632398753894,0.9502801120448179,0.7615126050420168,0.44599546599965834,0.07758733099944948,2.386907426000107,,,,,,,False,False,0,0,0,0.046937599778175354,14484.0,11532.0,0.796188898094449,
optimization,rg_gamma65_relax090__conditioned_p10_f075,train,344,rg_gamma65_relax090,gamma65,region_growing,conditioned_p10_f075,vesselness_conditioned,3,,1.0,2.0,10.0,0.75,1.0,both_tolerable,True,1.7128449698162995,0.0,0.731266362603527,0.4004131012097964,0.731266362603527,0.33085326139373056,28633,8568,28633,20065,0.2536448598130841,0.6917757009345794,0.9502801120448179,0.7755387140711766,0.44599546599965834,0.07758733099944948,2.3816881100010505,,,,,,,False,False,0,0,0,0.07040639966726303,14484.0,10415.0,0.7190693178679922,
optimization,rg_gamma65_relax090__current_c3_d2,train,344,rg_gamma65_relax090,gamma65,region_growing,current_c3_d2,standard,3,2.0,,,,,,both_tolerable,True,1.7128449698162995,0.0,0.7315206320792568,0.4004131012097964,0.7315206320792568,0.3311075308694604,32702,8568,32702,24134,0.2536448598130841,0.738380062305296,0.9502801120448179,0.7247874747721852,0.44599546599965834,0.07758733099944948,1.9202167210005427,,,,,,,False,False,0,0,0,,,,,
optimization,rg_gamma65_window3__conditioned_p10_f025,train,344,rg_gamma65_window3,gamma65,region_growing,conditioned_p10_f025,vesselness_conditioned,3,,1.0,2.0,10.0,0.25,1.0,both_tolerable,True,1.7128449698162995,0.0,0.3922674929473246,0.16606661941885187,0.3922674929473246,0.22620087352847273,11146,3175,11146,7971,0.09124610591900312,0.2642367601246106,0.9225196850393701,0.7609904898618338,0.44599546599965834,0.05191950999869732,2.4304358059998776,,,,,,,False,False,0,0,0,0.025345351547002792,5166.0,4548.0,0.8803716608594657,
optimization,rg_gamma65_window3__conditioned_p10_f050,train,344,rg_gamma65_window3,gamma65,region_growing,conditioned_p10_f050,vesselness_conditioned,3,,1.0,2.0,10.0,0.5,1.0,both_tolerable,True,1.7128449698162995,0.0,0.3856248832430413,0.16606661941885187,0.3856248832430413,0.21955826382418941,10724,3175,10724,7549,0.09124610591900312,0.25722741433021806,0.9225196850393701,0.7699552405818725,0.44599546599965834,0.05191950999869732,2.450737522000054,,,,,,,False,False,0,0,0,0.050690703094005585,5166.0,4126.0,0.7986837011227255,
optimization,rg_gamma65_window3__conditioned_p10_f075,train,344,rg_gamma65_window3,gamma65,region_growing,conditioned_p10_f075,vesselness_conditioned,3,,1.0,2.0,10.0,0.75,1.0,both_tolerable,True,1.7128449698162995,0.0,0.38044503111446354,0.16606661941885187,0.38044503111446354,0.21437841169561167,10324,3175,10324,7149,0.09124610591900312,0.2514018691588785,0.9225196850393701,0.7816737698566447,0.44599546599965834,0.05191950999869732,2.4659034889991744,,,,,,,False,False,0,0,0,0.07603605464100838,5166.0,3726.0,0.7212543554006968,
optimization,rg_gamma65_window3__current_c3_d2,train,344,rg_gamma65_window3,gamma65,region_growing,current_c3_d2,standard,3,2.0,,,,,,both_tolerable,True,1.7128449698162995,0.0,0.397182199525807,0.16606661941885187,0.397182199525807,0.23111558010695515,11764,3175,11764,8589,0.09124610591900312,0.27137071651090344,0.9225196850393701,0.7404794287657259,0.44599546599965834,0.05191950999869732,1.9534501809994254,,,,,,,False,False,0,0,0,,,,,
optimization,fc_affinity_floor024_only__conditioned_p10_f025,train,380,fc_affinity_floor024_only,current,fuzzy_connectedness,conditioned_p10_f025,vesselness_conditioned,3,,1.0,2.0,10.0,0.25,1.0,both_tolerable,True,2.059923817235118,3.4990407446631,0.5769429554482494,0.320660051287769,0.5769429554482494,0.2562829041604804,32241,9367,32241,22874,0.2026608038784599,0.55062292124697,0.7675883420518843,0.6059055240222078,0.310312778000025,2.2736410359998445,1.7543356959999983,9367.0,451983.0,451983.0,0.16,8.0,False,False,False,0,0,0,0.01667034812271595,14511.0,12375.0,0.8528013231341741,
optimization,fc_affinity_floor024_only__conditioned_p10_f050,train,380,fc_affinity_floor024_only,current,fuzzy_connectedness,conditioned_p10_f050,vesselness_conditioned,3,,1.0,2.0,10.0,0.5,1.0,both_tolerable,True,2.059923817235118,3.4990407446631,0.5736561961166504,0.320660051287769,0.5736561961166504,0.25299614482888144,31217,9367,31217,21850,0.2026608038784599,0.5392073961328147,0.7675883420518843,0.6128071243232854,0.310312778000025,2.2736410359998445,1.7167888610001683,9367.0,451983.0,451983.0,0.16,8.0,False,False,False,0,0,0,0.0333406962454319,14511.0,11351.0,0.7822341671835159,
optimization,fc_affinity_floor024_only__conditioned_p10_f075,train,380,fc_affinity_floor024_only,current,fuzzy_connectedness,conditioned_p10_f075,vesselness_conditioned,3,,1.0,2.0,10.0,0.75,1.0,both_tolerable,True,2.059923817235118,3.4990407446631,0.5700122025625382,0.320660051287769,0.5700122025625382,0.24935215127476917,30082,9367,30082,20715,0.2026608038784599,0.5266644117481256,0.7675883420518843,0.6211355627950269,0.310312778000025,2.2736410359998445,1.7619992770000863,9367.0,451983.0,451983.0,0.16,8.0,False,False,False,0,0,0,0.05001104436814785,14511.0,10216.0,0.7040176417889876,
optimization,fc_affinity_floor024_only__current_c3_d2,train,380,fc_affinity_floor024_only,current,fuzzy_connectedness,current_c3_d2,standard,3,2.0,,,,,,both_tolerable,True,2.059923817235118,3.4990407446631,0.5773960346431894,0.320660051287769,0.5773960346431894,0.25673598335542047,34377,9367,34377,25010,0.2026608038784599,0.5684367777214048,0.7675883420518843,0.5866422317246996,0.310312778000025,2.2736410359998445,1.3733850049998182,9367.0,451983.0,451983.0,0.16,8.0,False,False,False,0,0,0,,,,,
optimization,fc_alpha017__conditioned_p10_f025,train,380,fc_alpha017,current,fuzzy_connectedness,conditioned_p10_f025,vesselness_conditioned,3,,1.0,2.0,10.0,0.25,1.0,both_tolerable,True,2.059923817235118,3.4990407446631,0.5877230902241709,0.30816521699530947,0.5877230902241709,0.27955787322886144,29294,8440,29294,20854,0.1907379220925644,0.5365014938835334,0.8017772511848341,0.6497576295487131,0.310312778000025,2.0578692059998502,1.7797455370000534,8440.0,451983.0,451983.0,0.17,8.0,False,False,False,0,0,0,0.018867207691073418,13260.0,11374.0,0.8577677224736048,
optimization,fc_alpha017__conditioned_p10_f050,train,380,fc_alpha017,current,fuzzy_connectedness,conditioned_p10_f050,vesselness_conditioned,3,,1.0,2.0,10.0,0.5,1.0,both_tolerable,True,2.059923817235118,3.4990407446631,0.58327329678935,0.30816521699530947,0.58327329678935,0.27510807979404056,28372,8440,28372,19932,0.1907379220925644,0.5248604769152715,0.8017772511848341,0.6563160862822501,0.310312778000025,2.0578692059998502,1.7213317079999797,8440.0,451983.0,451983.0,0.17,8.0,False,False,False,0,0,0,0.037734415382146835,13260.0,10452.0,0.788235294117647,
optimization,fc_alpha017__conditioned_p10_f075,train,380,fc_alpha017,current,fuzzy_connectedness,conditioned_p10_f075,vesselness_conditioned,3,,1.0,2.0,10.0,0.75,1.0,both_tolerable,True,2.059923817235118,3.4990407446631,0.5786057462852779,0.30816521699530947,0.5786057462852779,0.2704405292899685,27380,8440,27380,18940,0.1907379220925644,0.5125711708664524,0.8017772511848341,0.6641709276844412,0.310312778000025,2.0578692059998502,1.7729325159998552,8440.0,451983.0,451983.0,0.17,8.0,False,False,False,0,0,0,0.05660162307322025,13260.0,9460.0,0.7134238310708899,
optimization,fc_alpha017__current_c3_d2,train,380,fc_alpha017,current,fuzzy_connectedness,current_c3_d2,standard,3,2.0,,,,,,both_tolerable,True,2.059923817235118,3.4990407446631,0.5890965825557323,0.30816521699530947,0.5890965825557323,0.2809313655604228,31180,8440,31180,22740,0.1907379220925644,0.5534133829415412,0.8017772511848341,0.6296985246953175,0.310312778000025,2.0578692059998502,1.3489354129997082,8440.0,451983.0,451983.0,0.17,8.0,False,False,False,0,0,0,,,,,
optimization,fc_candidate024_only__conditioned_p10_f025,train,380,fc_candidate024_only,current,fuzzy_connectedness,conditioned_p10_f025,vesselness_conditioned,3,,1.0,2.0,10.0,0.25,1.0,both_tolerable,True,2.059923817235118,3.4990407446631,0.5809663604860554,0.3151512419420277,0.5809663604860554,0.26581511854402773,30605,8888,30605,21717,0.19705169400755398,0.5410677039291956,0.7865661566156615,0.6272177748733867,0.310312778000025,2.021968044999994,1.7699821589999374,8888.0,353608.0,353608.0,0.16,8.0,False,False,False,0,0,0,0.017431609332561493,13785.0,11800.0,0.8560029017047516,
optimization,fc_candidate024_only__conditioned_p10_f050,train,380,fc_candidate024_only,current,fuzzy_connectedness,conditioned_p10_f050,vesselness_conditioned,3,,1.0,2.0,10.0,0.5,1.0,both_tolerable,True,2.059923817235118,3.4990407446631,0.5772964669738864,0.3151512419420277,0.5772964669738864,0.26214522503185866,29622,8888,29622,20734,0.19705169400755398,0.5296521788150403,0.7865661566156615,0.634359597596381,0.310312778000025,2.021968044999994,1.745158229000026,8888.0,353608.0,353608.0,0.16,8.0,False,False,False,0,0,0,0.034863218665122986,13785.0,10817.0,0.7846935074356184,
optimization,fc_candidate024_only__conditioned_p10_f075,train,380,fc_candidate024_only,current,fuzzy_connectedness,conditioned_p10_f075,vesselness_conditioned,3,,1.0,2.0,10.0,0.75,1.0,both_tolerable,True,2.059923817235118,3.4990407446631,0.5729756721751479,0.3151512419420277,0.5729756721751479,0.2578244302331202,28605,8888,28605,19717,0.19705169400755398,0.5174756186932747,0.7865661566156615,0.6418108722251354,0.310312778000025,2.021968044999994,1.8001395090000187,8888.0,353608.0,353608.0,0.16,8.0,False,False,False,0,0,0,0.05229482799768448,13785.0,9800.0,0.710917664127675,
optimization,fc_candidate024_only__current_c3_d2,train,380,fc_candidate024_only,current,fuzzy_connectedness,current_c3_d2,standard,3,2.0,,,,,,both_tolerable,True,2.059923817235118,3.4990407446631,0.5820943762120233,0.3151512419420277,0.5820943762120233,0.2669431342699956,32590,8888,32590,23702,0.19705169400755398,0.5584023902136536,0.7865661566156615,0.6078858545566125,0.310312778000025,2.021968044999994,1.3650855970004159,8888.0,353608.0,353608.0,0.16,8.0,False,False,False,0,0,0,,,,,
optimization,fc_current__conditioned_p10_f025,train,380,fc_current,current,fuzzy_connectedness,conditioned_p10_f025,vesselness_conditioned,3,,1.0,2.0,10.0,0.25,1.0,both_tolerable,True,2.059923817235118,3.4990407446631,0.5809663604860554,0.3151512419420277,0.5809663604860554,0.26581511854402773,30605,8888,30605,21717,0.19705169400755398,0.5410677039291956,0.7865661566156615,0.6272177748733867,0.310312778000025,2.167438370000127,1.780163279000135,8888.0,451983.0,451983.0,0.16,8.0,False,False,False,0,0,0,0.017431609332561493,13785.0,11800.0,0.8560029017047516,
optimization,fc_current__conditioned_p10_f050,train,380,fc_current,current,fuzzy_connectedness,conditioned_p10_f050,vesselness_conditioned,3,,1.0,2.0,10.0,0.5,1.0,both_tolerable,True,2.059923817235118,3.4990407446631,0.5772964669738864,0.3151512419420277,0.5772964669738864,0.26214522503185866,29622,8888,29622,20734,0.19705169400755398,0.5296521788150403,0.7865661566156615,0.634359597596381,0.310312778000025,2.167438370000127,1.7515902539998933,8888.0,451983.0,451983.0,0.16,8.0,False,False,False,0,0,0,0.034863218665122986,13785.0,10817.0,0.7846935074356184,
optimization,fc_current__conditioned_p10_f075,train,380,fc_current,current,fuzzy_connectedness,conditioned_p10_f075,vesselness_conditioned,3,,1.0,2.0,10.0,0.75,1.0,both_tolerable,True,2.059923817235118,3.4990407446631,0.5729756721751479,0.3151512419420277,0.5729756721751479,0.2578244302331202,28605,8888,28605,19717,0.19705169400755398,0.5174756186932747,0.7865661566156615,0.6418108722251354,0.310312778000025,2.167438370000127,1.7751180360000944,8888.0,451983.0,451983.0,0.16,8.0,False,False,False,0,0,0,0.05229482799768448,13785.0,9800.0,0.710917664127675,
optimization,fc_current__current_c3_d2,train,380,fc_current,current,fuzzy_connectedness,current_c3_d2,standard,3,2.0,,,,,,both_tolerable,True,2.059923817235118,3.4990407446631,0.5820943762120233,0.3151512419420277,0.5820943762120233,0.2669431342699956,32590,8888,32590,23702,0.19705169400755398,0.5584023902136536,0.7865661566156615,0.6078858545566125,0.310312778000025,2.167438370000127,1.364975009000318,8888.0,451983.0,451983.0,0.16,8.0,False,False,False,0,0,0,,,,,
optimization,fc_floor020__conditioned_p10_f025,train,380,fc_floor020,current,fuzzy_connectedness,conditioned_p10_f025,vesselness_conditioned,3,,1.0,2.0,10.0,0.25,1.0,both_tolerable,True,2.059923817235118,3.4990407446631,0.5807698113207547,0.31705396711133105,0.5807698113207547,0.2637158442094236,30772,8975,30772,21797,0.19863013698630136,0.542251536163256,0.7851810584958218,0.6251787339139477,0.310312778000025,2.1352538289997938,1.769559510000363,8975.0,413514.0,413514.0,0.16,8.0,False,False,False,0,0,0,0.017043333500623703,13844.0,11826.0,0.8542328806703265,
optimization,fc_floor020__conditioned_p10_f050,train,380,fc_floor020,current,fuzzy_connectedness,conditioned_p10_f050,vesselness_conditioned,3,,1.0,2.0,10.0,0.5,1.0,both_tolerable,True,2.059923817235118,3.4990407446631,0.577259564557893,0.31705396711133105,0.577259564557893,0.2602055974465619,29789,8975,29789,20814,0.19863013698630136,0.5309769434579176,0.7851810584958218,0.6323810802645272,0.310312778000025,2.1352538289997938,1.7300756640001964,8975.0,413514.0,413514.0,0.16,8.0,False,False,False,0,0,0,0.034086667001247406,13844.0,10843.0,0.7832273909274776,
optimization,fc_floor020__conditioned_p10_f075,train,380,fc_floor020,current,fuzzy_connectedness,conditioned_p10_f075,vesselness_conditioned,3,,1.0,2.0,10.0,0.75,1.0,both_tolerable,True,2.059923817235118,3.4990407446631,0.5727545982650407,0.31705396711133105,0.5727545982650407,0.25570063115370967,28731,8975,28731,19756,0.19863013698630136,0.5182930266644118,0.7851810584958218,0.6400055688977063,0.310312778000025,2.1352538289997938,1.776346533999913,8975.0,413514.0,413514.0,0.16,8.0,False,False,False,0,0,0,0.05113000050187111,13844.0,9785.0,0.7068043917942791,
optimization,fc_floor020__current_c3_d2,train,380,fc_floor020,current,fuzzy_connectedness,current_c3_d2,standard,3,2.0,,,,,,both_tolerable,True,2.059923817235118,3.4990407446631,0.5817366848303744,0.31705396711133105,0.5817366848303744,0.2646827177190434,32790,8975,32790,23815,0.19863013698630136,0.5596989683747675,0.7851810584958218,0.6055809698078682,0.310312778000025,2.1352538289997938,1.3782413189996987,8975.0,413514.0,413514.0,0.16,8.0,False,False,False,0,0,0,,,,,
optimization,fc_floor020_recovery__conditioned_p10_f025,train,380,fc_floor020_recovery,current,fuzzy_connectedness,conditioned_p10_f025,vesselness_conditioned,3,,1.0,2.0,10.0,0.25,1.0,both_tolerable,True,2.059923817235118,3.4990407446631,0.5807698113207547,0.31705396711133105,0.5807698113207547,0.2637158442094236,30772,8975,30772,21797,0.19863013698630136,0.542251536163256,0.7851810584958218,0.6251787339139477,0.310312778000025,2.239902723999876,1.7828549250002652,,,,,,,False,False,0,0,0,0.017043333500623703,13844.0,11826.0,0.8542328806703265,
optimization,fc_floor020_recovery__conditioned_p10_f050,train,380,fc_floor020_recovery,current,fuzzy_connectedness,conditioned_p10_f050,vesselness_conditioned,3,,1.0,2.0,10.0,0.5,1.0,both_tolerable,True,2.059923817235118,3.4990407446631,0.577259564557893,0.31705396711133105,0.577259564557893,0.2602055974465619,29789,8975,29789,20814,0.19863013698630136,0.5309769434579176,0.7851810584958218,0.6323810802645272,0.310312778000025,2.239902723999876,1.7137504910001553,,,,,,,False,False,0,0,0,0.034086667001247406,13844.0,10843.0,0.7832273909274776,
optimization,fc_floor020_recovery__conditioned_p10_f075,train,380,fc_floor020_recovery,current,fuzzy_connectedness,conditioned_p10_f075,vesselness_conditioned,3,,1.0,2.0,10.0,0.75,1.0,both_tolerable,True,2.059923817235118,3.4990407446631,0.5727545982650407,0.31705396711133105,0.5727545982650407,0.25570063115370967,28731,8975,28731,19756,0.19863013698630136,0.5182930266644118,0.7851810584958218,0.6400055688977063,0.310312778000025,2.239902723999876,1.7675286110002162,,,,,,,False,False,0,0,0,0.05113000050187111,13844.0,9785.0,0.7068043917942791,
optimization,fc_floor020_recovery__current_c3_d2,train,380,fc_floor020_recovery,current,fuzzy_connectedness,current_c3_d2,standard,3,2.0,,,,,,both_tolerable,True,2.059923817235118,3.4990407446631,0.5817366848303744,0.31705396711133105,0.5817366848303744,0.2646827177190434,32790,8975,32790,23815,0.19863013698630136,0.5596989683747675,0.7851810584958218,0.6055809698078682,0.310312778000025,2.239902723999876,1.361407753000094,,,,,,,False,False,0,0,0,,,,,
optimization,fc_floor024__conditioned_p10_f025,train,380,fc_floor024,current,fuzzy_connectedness,conditioned_p10_f025,vesselness_conditioned,3,,1.0,2.0,10.0,0.25,1.0,both_tolerable,True,2.059923817235118,3.4990407446631,0.5769219409905786,0.3206226028008206,0.5769219409905786,0.256299338189758,32240,9366,32240,22874,0.20263261739669655,0.5505947347652066,0.7675635276532138,0.6058933002481389,0.310312778000025,2.106296770999961,1.7811036629996124,9366.0,353608.0,353608.0,0.16,8.0,False,False,False,0,0,0,0.016675669699907303,14510.0,12375.0,0.8528600964851827,
optimization,fc_floor024__conditioned_p10_f050,train,380,fc_floor024,current,fuzzy_connectedness,conditioned_p10_f050,vesselness_conditioned,3,,1.0,2.0,10.0,0.5,1.0,both_tolerable,True,2.059923817235118,3.4990407446631,0.5736348097280115,0.3206226028008206,0.5736348097280115,0.2530122069271909,31216,9366,31216,21850,0.20263261739669655,0.5391792096510514,0.7675635276532138,0.6127947206560738,0.310312778000025,2.106296770999961,1.762406490000103,9366.0,353608.0,353608.0,0.16,8.0,False,False,False,0,0,0,0.033351339399814606,14510.0,11351.0,0.7822880771881461,
optimization,fc_floor024__conditioned_p10_f075,train,380,fc_floor024,current,fuzzy_connectedness,conditioned_p10_f075,vesselness_conditioned,3,,1.0,2.0,10.0,0.75,1.0,both_tolerable,True,2.059923817235118,3.4990407446631,0.5699903903354231,0.3206226028008206,0.5699903903354231,0.24936778753460248,30081,9366,30081,20715,0.20263261739669655,0.5266362252663622,0.7675635276532138,0.6211229679864366,0.310312778000025,2.106296770999961,1.7753443000001425,9366.0,353608.0,353608.0,0.16,8.0,False,False,False,0,0,0,0.05002700909972191,14510.0,10216.0,0.704066161268091,
optimization,fc_floor024__current_c3_d2,train,380,fc_floor024,current,fuzzy_connectedness,current_c3_d2,standard,3,2.0,,,,,,both_tolerable,True,2.059923817235118,3.4990407446631,0.5773553032797446,0.3206226028008206,0.5773553032797446,0.256732700478924,34375,9366,34375,25009,0.20263261739669655,0.5683804047578781,0.7675635276532138,0.5866181818181818,0.310312778000025,2.106296770999961,1.3772327170004246,9366.0,353608.0,353608.0,0.16,8.0,False,False,False,0,0,0,,,,,
optimization,rg_gamma55_current__conditioned_p10_f025,train,380,rg_gamma55_current,current,region_growing,conditioned_p10_f025,vesselness_conditioned,3,,1.0,2.0,10.0,0.25,1.0,both_tolerable,True,2.059923817235118,3.4990407446631,0.5576035637120222,0.2980767102671359,0.5576035637120222,0.25952685344488635,39500,9705,39500,29795,0.18980776819437398,0.589210214780991,0.6938691396187532,0.5292151898734178,0.310312778000025,0.07899921199987148,1.7790627190001942,,,,,,,False,False,0,0,0,0.022568339481949806,18825.0,16595.0,0.8815405046480743,
optimization,rg_gamma55_current__conditioned_p10_f050,train,380,rg_gamma55_current,current,region_growing,conditioned_p10_f050,vesselness_conditioned,3,,1.0,2.0,10.0,0.5,1.0,both_tolerable,True,2.059923817235118,3.4990407446631,0.5563505532550403,0.2980767102671359,0.5563505532550403,0.25827384298790446,38177,9705,38177,28472,0.18980776819437398,0.5775128248492023,0.6938691396187532,0.5366843911255468,0.310312778000025,0.07899921199987148,1.709144809999998,,,,,,,False,False,0,0,0,0.04513667896389961,18825.0,15272.0,0.811261620185923,
optimization,rg_gamma55_current__conditioned_p10_f075,train,380,rg_gamma55_current,current,region_growing,conditioned_p10_f075,vesselness_conditioned,3,,1.0,2.0,10.0,0.75,1.0,both_tolerable,True,2.059923817235118,3.4990407446631,0.5560920114320597,0.2980767102671359,0.5560920114320597,0.25801530116492377,36600,9705,36600,26895,0.18980776819437398,0.5648852810192232,0.6938691396187532,0.547568306010929,0.310312778000025,0.07899921199987148,1.7559832169999936,,,,,,,False,False,0,0,0,0.06770501844584942,18825.0,13695.0,0.7274900398406374,
optimization,rg_gamma55_current__current_c3_d2,train,380,rg_gamma55_current,current,region_growing,current_c3_d2,standard,3,2.0,,,,,,both_tolerable,True,2.059923817235118,3.4990407446631,0.5563931198839499,0.2980767102671359,0.5563931198839499,0.258316409616814,41730,9705,41730,32025,0.18980776819437398,0.6054174417949152,0.6938691396187532,0.514713635274383,0.310312778000025,0.07899921199987148,1.3461418260003484,,,,,,,False,False,0,0,0,,,,,
optimization,rg_gamma65_current__conditioned_p10_f025,train,380,rg_gamma65_current,gamma65,region_growing,conditioned_p10_f025,vesselness_conditioned,3,,1.0,2.0,10.0,0.25,1.0,both_tolerable,True,2.059923817235118,3.4990407446631,0.5750857550153691,0.27223364680329953,0.5750857550153691,0.30285210821206954,31865,7801,31865,24064,0.16604656406787305,0.5458030328654377,0.7551595949237278,0.6076886866467911,0.29948286300032123,0.06594622600005096,1.7381826889995864,,,,,,,False,False,0,0,0,0.02266557142138481,15323.0,13596.0,0.8872936109117013,
optimization,rg_gamma65_current__conditioned_p10_f050,train,380,rg_gamma65_current,gamma65,region_growing,conditioned_p10_f050,vesselness_conditioned,3,,1.0,2.0,10.0,0.5,1.0,both_tolerable,True,2.059923817235118,3.4990407446631,0.5711999758465045,0.27223364680329953,0.5711999758465045,0.29896632904320497,30765,7801,30765,22964,0.16604656406787305,0.5332600484807486,0.7551595949237278,0.6149520559076873,0.29948286300032123,0.06594622600005096,1.7602032439999675,,,,,,,False,False,0,0,0,0.04533114284276962,15323.0,12496.0,0.8155061019382628,
optimization,rg_gamma65_current__conditioned_p10_f075,train,380,rg_gamma65_current,gamma65,region_growing,conditioned_p10_f075,vesselness_conditioned,3,,1.0,2.0,10.0,0.75,1.0,both_tolerable,True,2.059923817235118,3.4990407446631,0.5685199445556753,0.27223364680329953,0.5685199445556753,0.2962862977523758,29452,7801,29452,21651,0.16604656406787305,0.5202378939060827,0.7551595949237278,0.6266807008013038,0.29948286300032123,0.06594622600005096,1.7264233450000575,,,,,,,False,False,0,0,0,0.06799671426415443,15323.0,11183.0,0.7298179207726947,
optimization,rg_gamma65_current__current_c3_d2,train,380,rg_gamma65_current,gamma65,region_growing,current_c3_d2,standard,3,2.0,,,,,,both_tolerable,True,2.059923817235118,3.4990407446631,0.5764007528594179,0.27223364680329953,0.5764007528594179,0.3041671060561184,33592,7801,33592,25791,0.16604656406787305,0.5610801059811714,0.7551595949237278,0.5925815670397714,0.29948286300032123,0.06594622600005096,1.3777179130001969,,,,,,,False,False,0,0,0,,,,,
optimization,rg_gamma65_divisor6__conditioned_p10_f025,train,380,rg_gamma65_divisor6,gamma65,region_growing,conditioned_p10_f025,vesselness_conditioned,3,,1.0,2.0,10.0,0.25,1.0,both_tolerable,True,2.059923817235118,3.4990407446631,0.5751069137562367,0.2723134862872854,0.5751069137562367,0.30279342746895127,31866,7803,31866,24063,0.16610293703139975,0.5458312193472011,0.7552223503780597,0.6077009979288269,0.29948286300032123,0.06443088000014541,1.7243798530003005,,,,,,,False,False,0,0,0,0.022666841745376587,15324.0,13595.0,0.8871704515792221,
optimization,rg_gamma65_divisor6__conditioned_p10_f050,train,380,rg_gamma65_divisor6,gamma65,region_growing,conditioned_p10_f050,vesselness_conditioned,3,,1.0,2.0,10.0,0.5,1.0,both_tolerable,True,2.059923817235118,3.4990407446631,0.5712215445927178,0.2723134862872854,0.5712215445927178,0.2989080583054324,30766,7803,30766,22963,0.16610293703139975,0.533288234962512,0.7552223503780597,0.6149645712799844,0.29948286300032123,0.06443088000014541,1.7314977330001966,,,,,,,False,False,0,0,0,0.045333683490753174,15324.0,12495.0,0.8153876272513704,
optimization,rg_gamma65_divisor6__conditioned_p10_f075,train,380,rg_gamma65_divisor6,gamma65,region_growing,conditioned_p10_f075,vesselness_conditioned,3,,1.0,2.0,10.0,0.75,1.0,both_tolerable,True,2.059923817235118,3.4990407446631,0.5685419907286197,0.2723134862872854,0.5685419907286197,0.29622850444133425,29453,7803,29453,21650,0.16610293703139975,0.5202660803878459,0.7552223503780597,0.6266933758870065,0.29948286300032123,0.06443088000014541,1.7110586789999616,,,,,,,False,False,0,0,0,0.06800052523612976,15324.0,11182.0,0.7297050378491255,
optimization,rg_gamma65_divisor6__current_c3_d2,train,380,rg_gamma65_divisor6,gamma65,region_growing,current_c3_d2,standard,3,2.0,,,,,,both_tolerable,True,2.059923817235118,3.4990407446631,0.5764625830642943,0.2723134862872854,0.5764625830642943,0.3041490967770089,33595,7803,33595,25792,0.16610293703139975,0.5611646654264615,0.7552223503780597,0.5926179490995684,0.29948286300032123,0.06443088000014541,1.3585347039997941,,,,,,,False,False,0,0,0,,,,,
optimization,rg_gamma65_divisor8__conditioned_p10_f025,train,380,rg_gamma65_divisor8,gamma65,region_growing,conditioned_p10_f025,vesselness_conditioned,3,,1.0,2.0,10.0,0.25,1.0,both_tolerable,True,2.059923817235118,3.4990407446631,0.5749209131009491,0.2719541504899242,0.5749209131009491,0.30296676261102484,31853,7794,31853,24059,0.16584925869552963,0.5455493545295677,0.7549396972029766,0.6076350736194392,0.29948286300032123,0.0652300900001137,1.7835173449998365,,,,,,,False,False,0,0,0,0.02267085760831833,15320.0,13594.0,0.8873368146214099,
optimization,rg_gamma65_divisor8__conditioned_p10_f050,train,380,rg_gamma65_divisor8,gamma65,region_growing,conditioned_p10_f050,vesselness_conditioned,3,,1.0,2.0,10.0,0.5,1.0,both_tolerable,True,2.059923817235118,3.4990407446631,0.5711524814663829,0.2719541504899242,0.5711524814663829,0.29919833097645865,30753,7794,30753,22959,0.16584925869552963,0.5331191160719319,0.7549396972029766,0.6150294280232823,0.29948286300032123,0.0652300900001137,1.805871087000014,,,,,,,False,False,0,0,0,0.04534171521663666,15320.0,12494.0,0.8155352480417755,
optimization,rg_gamma65_divisor8__conditioned_p10_f075,train,380,rg_gamma65_divisor8,gamma65,region_growing,conditioned_p10_f075,vesselness_conditioned,3,,1.0,2.0,10.0,0.75,1.0,both_tolerable,True,2.059923817235118,3.4990407446631,0.5684051631188195,0.2719541504899242,0.5684051631188195,0.2964510126288953,29444,7794,29444,21650,0.16584925869552963,0.5200687750155025,0.7549396972029766,0.6266471946746366,0.29948286300032123,0.0652300900001137,1.7986138239998581,,,,,,,False,False,0,0,0,0.06801257282495499,15320.0,11185.0,0.7300913838120104,
optimization,rg_gamma65_divisor8__current_c3_d2,train,380,rg_gamma65_divisor8,gamma65,region_growing,current_c3_d2,standard,3,2.0,,,,,,both_tolerable,True,2.059923817235118,3.4990407446631,0.5761906830589223,0.2719541504899242,0.5761906830589223,0.3042365325689981,33579,7794,33579,25785,0.16584925869552963,0.5607700546817747,0.7549396972029766,0.5924833973614462,0.29948286300032123,0.0652300900001137,1.3549051449999752,,,,,,,False,False,0,0,0,,,,,
optimization,rg_gamma65_floor065__conditioned_p10_f025,train,380,rg_gamma65_floor065,gamma65,region_growing,conditioned_p10_f025,vesselness_conditioned,3,,1.0,2.0,10.0,0.25,1.0,both_tolerable,True,2.059923817235118,3.4990407446631,0.5643097270450866,0.29038478787335187,0.5643097270450866,0.27392493917173477,36805,9118,36805,27687,0.1825074694176673,0.5748632955634477,0.7101338012722088,0.5541366662138296,0.29948286300032123,0.07436731200004942,1.7810476820000076,,,,,,,False,False,0,0,0,0.01897248812019825,17502.0,15385.0,0.8790423951548394,
optimization,rg_gamma65_floor065__conditioned_p10_f050,train,380,rg_gamma65_floor065,gamma65,region_growing,conditioned_p10_f050,vesselness_conditioned,3,,1.0,2.0,10.0,0.5,1.0,both_tolerable,True,2.059923817235118,3.4990407446631,0.5623539349570604,0.29038478787335187,0.5623539349570604,0.27196914708370856,35552,9118,35552,26434,0.1825074694176673,0.5629404137775523,0.7101338012722088,0.5617686768676867,0.29948286300032123,0.07436731200004942,1.7417778070002896,,,,,,,False,False,0,0,0,0.0379449762403965,17502.0,14132.0,0.8074505770769055,
optimization,rg_gamma65_floor065__conditioned_p10_f075,train,380,rg_gamma65_floor065,gamma65,region_growing,conditioned_p10_f075,vesselness_conditioned,3,,1.0,2.0,10.0,0.75,1.0,both_tolerable,True,2.059923817235118,3.4990407446631,0.5606003968139862,0.29038478787335187,0.5606003968139862,0.27021560894063434,34076,9118,34076,24958,0.1825074694176673,0.5495236484581995,0.7101338012722088,0.5721328794459444,0.29948286300032123,0.07436731200004942,1.742675971999688,,,,,,,False,False,0,0,0,0.05691746436059475,17502.0,12656.0,0.7231173580162267,
optimization,rg_gamma65_floor065__current_c3_d2,train,380,rg_gamma65_floor065,gamma65,region_growing,current_c3_d2,standard,3,2.0,,,,,,both_tolerable,True,2.059923817235118,3.4990407446631,0.5636559139784946,0.29038478787335187,0.5636559139784946,0.2732711261051427,38922,9118,38922,29804,0.1825074694176673,0.5910141496138452,0.7101338012722088,0.538718462566158,0.29948286300032123,0.07436731200004942,1.3782248689999506,,,,,,,False,False,0,0,0,,,,,
optimization,rg_gamma65_floor090__conditioned_p10_f025,train,380,rg_gamma65_floor090,gamma65,region_growing,conditioned_p10_f025,vesselness_conditioned,3,,1.0,2.0,10.0,0.25,1.0,both_tolerable,True,2.059923817235118,3.4990407446631,0.5739283158784882,0.24942108906872926,0.5739283158784882,0.32450722680975896,26014,6411,26014,19603,0.14724618073172108,0.49737865719600877,0.8148494774606145,0.6783270546628738,0.29948286300032123,0.05561208900007841,1.726824692000264,,,,,,,False,False,0,0,0,0.02636914886534214,12444.0,11136.0,0.8948891031822566,
optimization,rg_gamma65_floor090__conditioned_p10_f050,train,380,rg_gamma65_floor090,gamma65,region_growing,conditioned_p10_f050,vesselness_conditioned,3,,1.0,2.0,10.0,0.5,1.0,both_tolerable,True,2.059923817235118,3.4990407446631,0.5685821732532823,0.24942108906872926,0.5685821732532823,0.319161084184553,25150,6411,25150,18739,0.14724618073172108,0.4858221996730368,0.8148494774606145,0.6853280318091451,0.29948286300032123,0.05561208900007841,1.7178280620000805,,,,,,,False,False,0,0,0,0.05273829773068428,12444.0,10272.0,0.8254580520732884,
optimization,rg_gamma65_floor090__conditioned_p10_f075,train,380,rg_gamma65_floor090,gamma65,region_growing,conditioned_p10_f075,vesselness_conditioned,3,,1.0,2.0,10.0,0.75,1.0,both_tolerable,True,2.059923817235118,3.4990407446631,0.563365157133509,0.24942108906872926,0.563365157133509,0.3139440680647797,24121,6411,24121,17710,0.14724618073172108,0.47319465584305764,0.8148494774606145,0.695991045147382,0.29948286300032123,0.05561208900007841,1.7219363140002315,,,,,,,False,False,0,0,0,0.07910744659602642,12444.0,9243.0,0.7427675988428158,
optimization,rg_gamma65_floor090__current_c3_d2,train,380,rg_gamma65_floor090,gamma65,region_growing,current_c3_d2,standard,3,2.0,,,,,,both_tolerable,True,2.059923817235118,3.4990407446631,0.5786624203821656,0.24942108906872926,0.5786624203821656,0.32924133131343636,27322,6411,27322,20911,0.14724618073172108,0.5121483736400022,0.8148494774606145,0.6650318424712686,0.29948286300032123,0.05561208900007841,1.3654956769996716,,,,,,,False,False,0,0,0,,,,,
optimization,rg_gamma65_recovery__conditioned_p10_f025,train,380,rg_gamma65_recovery,gamma65,region_growing,conditioned_p10_f025,vesselness_conditioned,3,,1.0,2.0,10.0,0.25,1.0,both_tolerable,True,2.059923817235118,3.4990407446631,0.5750857550153691,0.27223364680329953,0.5750857550153691,0.30285210821206954,31865,7801,31865,24064,0.16604656406787305,0.5458030328654377,0.7551595949237278,0.6076886866467911,0.29948286300032123,0.08553587799997331,1.725696255999992,,,,,,,False,False,0,0,0,0.02266557142138481,15323.0,13596.0,0.8872936109117013,
optimization,rg_gamma65_recovery__conditioned_p10_f050,train,380,rg_gamma65_recovery,gamma65,region_growing,conditioned_p10_f050,vesselness_conditioned,3,,1.0,2.0,10.0,0.5,1.0,both_tolerable,True,2.059923817235118,3.4990407446631,0.5711999758465045,0.27223364680329953,0.5711999758465045,0.29896632904320497,30765,7801,30765,22964,0.16604656406787305,0.5332600484807486,0.7551595949237278,0.6149520559076873,0.29948286300032123,0.08553587799997331,1.7267248889997973,,,,,,,False,False,0,0,0,0.04533114284276962,15323.0,12496.0,0.8155061019382628,
optimization,rg_gamma65_recovery__conditioned_p10_f075,train,380,rg_gamma65_recovery,gamma65,region_growing,conditioned_p10_f075,vesselness_conditioned,3,,1.0,2.0,10.0,0.75,1.0,both_tolerable,True,2.059923817235118,3.4990407446631,0.5685199445556753,0.27223364680329953,0.5685199445556753,0.2962862977523758,29452,7801,29452,21651,0.16604656406787305,0.5202378939060827,0.7551595949237278,0.6266807008013038,0.29948286300032123,0.08553587799997331,1.7267781350001314,,,,,,,False,False,0,0,0,0.06799671426415443,15323.0,11183.0,0.7298179207726947,
optimization,rg_gamma65_recovery__current_c3_d2,train,380,rg_gamma65_recovery,gamma65,region_growing,current_c3_d2,standard,3,2.0,,,,,,both_tolerable,True,2.059923817235118,3.4990407446631,0.5764007528594179,0.27223364680329953,0.5764007528594179,0.3041671060561184,33592,7801,33592,25791,0.16604656406787305,0.5610801059811714,0.7551595949237278,0.5925815670397714,0.29948286300032123,0.08553587799997331,1.376531366999643,,,,,,,False,False,0,0,0,,,,,
optimization,rg_gamma65_relax090__conditioned_p10_f025,train,380,rg_gamma65_relax090,gamma65,region_growing,conditioned_p10_f025,vesselness_conditioned,3,,1.0,2.0,10.0,0.25,1.0,both_tolerable,True,2.059923817235118,3.4990407446631,0.5705635430226266,0.27826804501799346,0.5705635430226266,0.2922954980046331,32893,8149,32893,24744,0.17109194430351204,0.5497773267940695,0.7448766719842925,0.5929833095187426,0.29948286300032123,0.0699296179996054,1.7662446270001055,,,,,,,False,False,0,0,0,0.02129216678440571,15699.0,13873.0,0.8836868590356074,
optimization,rg_gamma65_relax090__conditioned_p10_f050,train,380,rg_gamma65_relax090,gamma65,region_growing,conditioned_p10_f050,vesselness_conditioned,3,,1.0,2.0,10.0,0.5,1.0,both_tolerable,True,2.059923817235118,3.4990407446631,0.5673400172552286,0.27826804501799346,0.5673400172552286,0.2890719722372352,31748,8149,31748,23599,0.17109194430351204,0.5375162072270139,0.7448766719842925,0.6006677585989668,0.29948286300032123,0.0699296179996054,1.7640010750001238,,,,,,,False,False,0,0,0,0.04258433356881142,15699.0,12728.0,0.8107522772151092,
optimization,rg_gamma65_relax090__conditioned_p10_f075,train,380,rg_gamma65_relax090,gamma65,region_growing,conditioned_p10_f075,vesselness_conditioned,3,,1.0,2.0,10.0,0.75,1.0,both_tolerable,True,2.059923817235118,3.4990407446631,0.5654218366046779,0.27826804501799346,0.5654218366046779,0.28715379158668447,30448,8149,30448,22299,0.17109194430351204,0.5253396471052483,0.7448766719842925,0.612125591171834,0.29948286300032123,0.0699296179996054,1.7804131789998792,,,,,,,False,False,0,0,0,0.06387650035321712,15699.0,11428.0,0.7279444550608319,
optimization,rg_gamma65_relax090__current_c3_d2,train,380,rg_gamma65_relax090,gamma65,region_growing,current_c3_d2,standard,3,2.0,,,,,,both_tolerable,True,2.059923817235118,3.4990407446631,0.5716768522871348,0.27826804501799346,0.5716768522871348,0.29340880726914137,34719,8149,34719,26570,0.17109194430351204,0.5655617565815435,0.7448766719842925,0.5779256314986031,0.29948286300032123,0.0699296179996054,1.4057545680002477,,,,,,,False,False,0,0,0,,,,,
optimization,rg_gamma65_window3__conditioned_p10_f025,train,380,rg_gamma65_window3,gamma65,region_growing,conditioned_p10_f025,vesselness_conditioned,3,,1.0,2.0,10.0,0.25,1.0,both_tolerable,True,2.059923817235118,3.4990407446631,0.40269789382215415,0.14757301522007404,0.40269789382215415,0.2551248786020801,12856,3418,12856,9438,0.08089520266080388,0.27431084052088617,0.839672322995904,0.7570006222775357,0.29948286300032123,0.05053604099975928,1.7946764420003092,,,,,,,False,False,0,0,0,0.024431459605693817,5905.0,5361.0,0.9078746824724809,
optimization,rg_gamma65_window3__conditioned_p10_f050,train,380,rg_gamma65_window3,gamma65,region_growing,conditioned_p10_f050,vesselness_conditioned,3,,1.0,2.0,10.0,0.5,1.0,both_tolerable,True,2.059923817235118,3.4990407446631,0.3966462969528855,0.14757301522007404,0.3966462969528855,0.24907328173281146,12469,3418,12469,9051,0.08089520266080388,0.26802525508765995,0.839672322995904,0.7626112759643917,0.29948286300032123,0.05053604099975928,1.7645827589999499,,,,,,,False,False,0,0,0,0.048862919211387634,5905.0,4974.0,0.8423370025402201,
optimization,rg_gamma65_window3__conditioned_p10_f075,train,380,rg_gamma65_window3,gamma65,region_growing,conditioned_p10_f075,vesselness_conditioned,3,,1.0,2.0,10.0,0.75,1.0,both_tolerable,True,2.059923817235118,3.4990407446631,0.3906226982891054,0.14757301522007404,0.3906226982891054,0.24304968306903135,12041,3418,12041,8623,0.08089520266080388,0.261598737245617,0.839672322995904,0.7707831575450544,0.29948286300032123,0.05053604099975928,1.77711129599993,,,,,,,False,False,0,0,0,0.07329437881708145,5905.0,4546.0,0.7698560541913633,
optimization,rg_gamma65_window3__current_c3_d2,train,380,rg_gamma65_window3,gamma65,region_growing,current_c3_d2,standard,3,2.0,,,,,,both_tolerable,True,2.059923817235118,3.4990407446631,0.40779082613854906,0.14757301522007404,0.40779082613854906,0.260217810918475,13400,3418,13400,9982,0.08089520266080388,0.2809064772535092,0.839672322995904,0.743731343283582,0.29948286300032123,0.05053604099975928,1.4676991710002767,,,,,,,False,False,0,0,0,,,,,
optimization,fc_affinity_floor024_only__conditioned_p10_f025,train,428,fc_affinity_floor024_only,current,fuzzy_connectedness,conditioned_p10_f025,vesselness_conditioned,3,,1.0,2.0,10.0,0.25,1.0,both_tolerable,True,0.0,0.8595969173697416,0.6337782327388217,0.35702692733308744,0.6337782327388217,0.2767513054057343,32155,10178,32155,21977,0.2197674946641842,0.5482493983016212,0.9509726861858911,0.7509252060332763,0.3982523759996184,2.300415982999766,2.2892997889998696,10178.0,667665.0,500000.0,0.16,8.0,False,False,True,0,0,0,0.016692496836185455,14041.0,11998.0,0.8544975429100491,
optimization,fc_affinity_floor024_only__conditioned_p10_f050,train,428,fc_affinity_floor024_only,current,fuzzy_connectedness,conditioned_p10_f050,vesselness_conditioned,3,,1.0,2.0,10.0,0.5,1.0,both_tolerable,True,0.0,0.8595969173697416,0.6303148241942793,0.35702692733308744,0.6303148241942793,0.27328789686119187,30984,10178,30984,20806,0.2197674946641842,0.5368738931020389,0.9509726861858911,0.7631358120320165,0.3982523759996184,2.300415982999766,2.2973163999999997,10178.0,667665.0,500000.0,0.16,8.0,False,False,True,0,0,0,0.03338499367237091,14041.0,10827.0,0.7710989245780215,
optimization,fc_affinity_floor024_only__conditioned_p10_f075,train,428,fc_affinity_floor024_only,current,fuzzy_connectedness,conditioned_p10_f075,vesselness_conditioned,3,,1.0,2.0,10.0,0.75,1.0,both_tolerable,True,0.0,0.8595969173697416,0.6268195913282509,0.35702692733308744,0.6268195913282509,0.2697926639951635,29807,10178,29807,19629,0.2197674946641842,0.5255210935016575,0.9509726861858911,0.7764954540879659,0.3982523759996184,2.300415982999766,2.341429705000337,10178.0,667665.0,500000.0,0.16,8.0,False,False,True,0,0,0,0.050077490508556366,14041.0,9650.0,0.6872729862545403,
optimization,fc_affinity_floor024_only__current_c3_d2,train,428,fc_affinity_floor024_only,current,fuzzy_connectedness,current_c3_d2,standard,3,2.0,,,,,,both_tolerable,True,0.0,0.8595969173697416,0.633640081799591,0.35702692733308744,0.633640081799591,0.27661315446650353,34198,10178,34198,24020,0.2197674946641842,0.562826392988511,0.9509726861858911,0.7248377098075911,0.3982523759996184,2.300415982999766,1.8044039090000297,10178.0,667665.0,500000.0,0.16,8.0,False,False,True,0,0,0,,,,,
optimization,fc_alpha017__conditioned_p10_f025,train,428,fc_alpha017,current,fuzzy_connectedness,conditioned_p10_f025,vesselness_conditioned,3,,1.0,2.0,10.0,0.25,1.0,both_tolerable,True,0.0,0.8595969173697416,0.6322820732490897,0.3429083041110199,0.6322820732490897,0.2893737691380698,30662,9570,30662,21092,0.20870986785341264,0.5362381363244176,0.9605015673981191,0.7702367751614376,0.3982523759996184,2.217739996000091,2.371114791999844,9570.0,667665.0,500000.0,0.17,8.0,False,False,True,0,0,0,0.019459806382656097,13494.0,11527.0,0.8542315103008744,
optimization,fc_alpha017__conditioned_p10_f050,train,428,fc_alpha017,current,fuzzy_connectedness,conditioned_p10_f050,vesselness_conditioned,3,,1.0,2.0,10.0,0.5,1.0,both_tolerable,True,0.0,0.8595969173697416,0.628307399605898,0.3429083041110199,0.628307399605898,0.2853990954948781,29543,9570,29543,19973,0.20870986785341264,0.5248853367240361,0.9605015673981191,0.7824865450360492,0.3982523759996184,2.217739996000091,2.399405385999671,9570.0,667665.0,500000.0,0.17,8.0,False,False,True,0,0,0,0.038919612765312195,13494.0,10408.0,0.7713057655254187,
optimization,fc_alpha017__conditioned_p10_f075,train,428,fc_alpha017,current,fuzzy_connectedness,conditioned_p10_f075,vesselness_conditioned,3,,1.0,2.0,10.0,0.75,1.0,both_tolerable,True,0.0,0.8595969173697416,0.623388098854066,0.3429083041110199,0.623388098854066,0.2804797947430461,28388,9570,28388,18818,0.20870986785341264,0.5126016075564234,0.9605015673981191,0.7952656051852895,0.3982523759996184,2.217739996000091,2.3618270160000066,9570.0,667665.0,500000.0,0.17,8.0,False,False,True,0,0,0,0.05837941914796829,13494.0,9253.0,0.6857121683711279,
optimization,fc_alpha017__current_c3_d2,train,428,fc_alpha017,current,fuzzy_connectedness,current_c3_d2,standard,3,2.0,,,,,,both_tolerable,True,0.0,0.8595969173697416,0.6331729076182651,0.3429083041110199,0.6331729076182651,0.29026460350724514,32629,9570,32629,23059,0.20870986785341264,0.5511330094001181,0.9605015673981191,0.7439087927916884,0.3982523759996184,2.217739996000091,1.8103412330001447,9570.0,667665.0,500000.0,0.17,8.0,False,False,True,0,0,0,,,,,
optimization,fc_candidate024_only__conditioned_p10_f025,train,428,fc_candidate024_only,current,fuzzy_connectedness,conditioned_p10_f025,vesselness_conditioned,3,,1.0,2.0,10.0,0.25,1.0,both_tolerable,True,0.0,0.8595969173697416,0.6327300650047,0.3522657826996796,0.6327300650047,0.28046428230502035,31491,9957,31491,21534,0.21595295399845602,0.5425729985014305,0.9552073917846741,0.7588199803118352,0.3982523759996184,2.216427918000136,2.3390456329998415,9957.0,516425.0,500000.0,0.16,8.0,False,False,True,0,0,0,0.0176516342908144,13770.0,11760.0,0.8540305010893247,
optimization,fc_candidate024_only__conditioned_p10_f050,train,428,fc_candidate024_only,current,fuzzy_connectedness,conditioned_p10_f050,vesselness_conditioned,3,,1.0,2.0,10.0,0.5,1.0,both_tolerable,True,0.0,0.8595969173697416,0.6287612821650996,0.3522657826996796,0.6287612821650996,0.27649549946542,30301,9957,30301,20344,0.21595295399845602,0.5306752645202307,0.9552073917846741,0.77132767895449,0.3982523759996184,2.216427918000136,2.301546683000197,9957.0,516425.0,500000.0,0.16,8.0,False,False,True,0,0,0,0.0353032685816288,13770.0,10570.0,0.7676107480029049,
optimization,fc_candidate024_only__conditioned_p10_f075,train,428,fc_candidate024_only,current,fuzzy_connectedness,conditioned_p10_f075,vesselness_conditioned,3,,1.0,2.0,10.0,0.75,1.0,both_tolerable,True,0.0,0.8595969173697416,0.6249214373548299,0.3522657826996796,0.6249214373548299,0.27265565465515024,29148,9957,29148,19191,0.21595295399845602,0.5192543481222469,0.9552073917846741,0.7845821325648416,0.3982523759996184,2.216427918000136,2.2895905269997456,9957.0,516425.0,500000.0,0.16,8.0,False,False,True,0,0,0,0.0529549028724432,13770.0,9417.0,0.6838779956427016,
optimization,fc_candidate024_only__current_c3_d2,train,428,fc_candidate024_only,current,fuzzy_connectedness,current_c3_d2,standard,3,2.0,,,,,,both_tolerable,True,0.0,0.8595969173697416,0.6330165198663967,0.3522657826996796,0.6330165198663967,0.2807507371667171,33501,9957,33501,23544,0.21595295399845602,0.5572635211843241,0.9552073917846741,0.7326049968657652,0.3982523759996184,2.216427918000136,1.8394233429999076,9957.0,516425.0,500000.0,0.16,8.0,False,False,True,0,0,0,,,,,
optimization,fc_current__conditioned_p10_f025,train,428,fc_current,current,fuzzy_connectedness,conditioned_p10_f025,vesselness_conditioned,3,,1.0,2.0,10.0,0.25,1.0,both_tolerable,True,0.0,0.8595969173697416,0.6327300650047,0.3522657826996796,0.6327300650047,0.28046428230502035,31491,9957,31491,21534,0.21595295399845602,0.5425729985014305,0.9552073917846741,0.7588199803118352,0.3982523759996184,2.2168559319998167,2.291091902000062,9957.0,667665.0,500000.0,0.16,8.0,False,False,True,0,0,0,0.0176516342908144,13770.0,11760.0,0.8540305010893247,
optimization,fc_current__conditioned_p10_f050,train,428,fc_current,current,fuzzy_connectedness,conditioned_p10_f050,vesselness_conditioned,3,,1.0,2.0,10.0,0.5,1.0,both_tolerable,True,0.0,0.8595969173697416,0.6287612821650996,0.3522657826996796,0.6287612821650996,0.27649549946542,30301,9957,30301,20344,0.21595295399845602,0.5306752645202307,0.9552073917846741,0.77132767895449,0.3982523759996184,2.2168559319998167,2.2753714350001246,9957.0,667665.0,500000.0,0.16,8.0,False,False,True,0,0,0,0.0353032685816288,13770.0,10570.0,0.7676107480029049,
optimization,fc_current__conditioned_p10_f075,train,428,fc_current,current,fuzzy_connectedness,conditioned_p10_f075,vesselness_conditioned,3,,1.0,2.0,10.0,0.75,1.0,both_tolerable,True,0.0,0.8595969173697416,0.6249214373548299,0.3522657826996796,0.6249214373548299,0.27265565465515024,29148,9957,29148,19191,0.21595295399845602,0.5192543481222469,0.9552073917846741,0.7845821325648416,0.3982523759996184,2.2168559319998167,2.2863340990002143,9957.0,667665.0,500000.0,0.16,8.0,False,False,True,0,0,0,0.0529549028724432,13770.0,9417.0,0.6838779956427016,
optimization,fc_current__current_c3_d2,train,428,fc_current,current,fuzzy_connectedness,current_c3_d2,standard,3,2.0,,,,,,both_tolerable,True,0.0,0.8595969173697416,0.6330165198663967,0.3522657826996796,0.6330165198663967,0.2807507371667171,33501,9957,33501,23544,0.21595295399845602,0.5572635211843241,0.9552073917846741,0.7326049968657652,0.3982523759996184,2.2168559319998167,1.8051434569997582,9957.0,667665.0,500000.0,0.16,8.0,False,False,True,0,0,0,,,,,
optimization,fc_floor020__conditioned_p10_f025,train,428,fc_floor020,current,fuzzy_connectedness,conditioned_p10_f025,vesselness_conditioned,3,,1.0,2.0,10.0,0.25,1.0,both_tolerable,True,0.0,0.8595969173697416,0.6351920007387181,0.35432925250582537,0.6351920007387181,0.2808627482328927,31765,10032,31765,21733,0.21751964034330867,0.5466600063575677,0.9549441786283892,0.7579411301747206,0.3982523759996184,2.2325781650001773,2.290072779000184,10032.0,608256.0,500000.0,0.16,8.0,False,False,True,0,0,0,0.017316440120339394,13899.0,11878.0,0.85459385567307,
optimization,fc_floor020__conditioned_p10_f050,train,428,fc_floor020,current,fuzzy_connectedness,conditioned_p10_f050,vesselness_conditioned,3,,1.0,2.0,10.0,0.5,1.0,both_tolerable,True,0.0,0.8595969173697416,0.6314675383832159,0.35432925250582537,0.6314675383832159,0.27713828587739053,30600,10032,30600,20568,0.21751964034330867,0.5351028563643795,0.9549441786283892,0.7701633986928105,0.3982523759996184,2.2325781650001773,2.291674521999994,10032.0,608256.0,500000.0,0.16,8.0,False,False,True,0,0,0,0.03463288024067879,13899.0,10713.0,0.7707748758903519,
optimization,fc_floor020__conditioned_p10_f075,train,428,fc_floor020,current,fuzzy_connectedness,conditioned_p10_f075,vesselness_conditioned,3,,1.0,2.0,10.0,0.75,1.0,both_tolerable,True,0.0,0.8595969173697416,0.6278111097506224,0.35432925250582537,0.6278111097506224,0.273481857244797,29461,10032,29461,19429,0.21751964034330867,0.5238862903592025,0.9549441786283892,0.7831709717932182,0.3982523759996184,2.2325781650001773,2.314856469999995,10032.0,608256.0,500000.0,0.16,8.0,False,False,True,0,0,0,0.05194932036101818,13899.0,9574.0,0.688826534283042,
optimization,fc_floor020__current_c3_d2,train,428,fc_floor020,current,fuzzy_connectedness,current_c3_d2,standard,3,2.0,,,,,,both_tolerable,True,0.0,0.8595969173697416,0.6353497455928457,0.35432925250582537,0.6353497455928457,0.2810204930870204,33786,10032,33786,23754,0.21751964034330867,0.5613732346396622,0.9549441786283892,0.7317823950748831,0.3982523759996184,2.2325781650001773,1.7944781129999683,10032.0,608256.0,500000.0,0.16,8.0,False,False,True,0,0,0,,,,,
optimization,fc_floor020_recovery__conditioned_p10_f025,train,428,fc_floor020_recovery,current,fuzzy_connectedness,conditioned_p10_f025,vesselness_conditioned,3,,1.0,2.0,10.0,0.25,1.0,both_tolerable,True,0.0,0.8595969173697416,0.6351920007387181,0.35432925250582537,0.6351920007387181,0.2808627482328927,31765,10032,31765,21733,0.21751964034330867,0.5466600063575677,0.9549441786283892,0.7579411301747206,0.3982523759996184,2.387601662000179,2.3884342450000986,,,,,,,False,False,0,0,0,0.017316440120339394,13899.0,11878.0,0.85459385567307,
optimization,fc_floor020_recovery__conditioned_p10_f050,train,428,fc_floor020_recovery,current,fuzzy_connectedness,conditioned_p10_f050,vesselness_conditioned,3,,1.0,2.0,10.0,0.5,1.0,both_tolerable,True,0.0,0.8595969173697416,0.6314675383832159,0.35432925250582537,0.6314675383832159,0.27713828587739053,30600,10032,30600,20568,0.21751964034330867,0.5351028563643795,0.9549441786283892,0.7701633986928105,0.3982523759996184,2.387601662000179,2.3542815030000384,,,,,,,False,False,0,0,0,0.03463288024067879,13899.0,10713.0,0.7707748758903519,
optimization,fc_floor020_recovery__conditioned_p10_f075,train,428,fc_floor020_recovery,current,fuzzy_connectedness,conditioned_p10_f075,vesselness_conditioned,3,,1.0,2.0,10.0,0.75,1.0,both_tolerable,True,0.0,0.8595969173697416,0.6278111097506224,0.35432925250582537,0.6278111097506224,0.273481857244797,29461,10032,29461,19429,0.21751964034330867,0.5238862903592025,0.9549441786283892,0.7831709717932182,0.3982523759996184,2.387601662000179,2.324901277999743,,,,,,,False,False,0,0,0,0.05194932036101818,13899.0,9574.0,0.688826534283042,
optimization,fc_floor020_recovery__current_c3_d2,train,428,fc_floor020_recovery,current,fuzzy_connectedness,current_c3_d2,standard,3,2.0,,,,,,both_tolerable,True,0.0,0.8595969173697416,0.6353497455928457,0.35432925250582537,0.6353497455928457,0.2810204930870204,33786,10032,33786,23754,0.21751964034330867,0.5613732346396622,0.9549441786283892,0.7317823950748831,0.3982523759996184,2.387601662000179,1.8325157819999731,,,,,,,False,False,0,0,0,,,,,
optimization,fc_floor024__conditioned_p10_f025,train,428,fc_floor024,current,fuzzy_connectedness,conditioned_p10_f025,vesselness_conditioned,3,,1.0,2.0,10.0,0.25,1.0,both_tolerable,True,0.0,0.8595969173697416,0.6337782327388217,0.35702692733308744,0.6337782327388217,0.2767513054057343,32155,10178,32155,21977,0.2197674946641842,0.5482493983016212,0.9509726861858911,0.7509252060332763,0.3982523759996184,2.248126921000221,2.2979441120000956,10178.0,516425.0,500000.0,0.16,8.0,False,False,True,0,0,0,0.016692496836185455,14041.0,11998.0,0.8544975429100491,
optimization,fc_floor024__conditioned_p10_f050,train,428,fc_floor024,current,fuzzy_connectedness,conditioned_p10_f050,vesselness_conditioned,3,,1.0,2.0,10.0,0.5,1.0,both_tolerable,True,0.0,0.8595969173697416,0.6303148241942793,0.35702692733308744,0.6303148241942793,0.27328789686119187,30984,10178,30984,20806,0.2197674946641842,0.5368738931020389,0.9509726861858911,0.7631358120320165,0.3982523759996184,2.248126921000221,2.2837877349998053,10178.0,516425.0,500000.0,0.16,8.0,False,False,True,0,0,0,0.03338499367237091,14041.0,10827.0,0.7710989245780215,
optimization,fc_floor024__conditioned_p10_f075,train,428,fc_floor024,current,fuzzy_connectedness,conditioned_p10_f075,vesselness_conditioned,3,,1.0,2.0,10.0,0.75,1.0,both_tolerable,True,0.0,0.8595969173697416,0.6268195913282509,0.35702692733308744,0.6268195913282509,0.2697926639951635,29807,10178,29807,19629,0.2197674946641842,0.5255210935016575,0.9509726861858911,0.7764954540879659,0.3982523759996184,2.248126921000221,2.291787466000187,10178.0,516425.0,500000.0,0.16,8.0,False,False,True,0,0,0,0.050077490508556366,14041.0,9650.0,0.6872729862545403,
optimization,fc_floor024__current_c3_d2,train,428,fc_floor024,current,fuzzy_connectedness,current_c3_d2,standard,3,2.0,,,,,,both_tolerable,True,0.0,0.8595969173697416,0.633640081799591,0.35702692733308744,0.633640081799591,0.27661315446650353,34198,10178,34198,24020,0.2197674946641842,0.562826392988511,0.9509726861858911,0.7248377098075911,0.3982523759996184,2.248126921000221,1.812982047999867,10178.0,516425.0,500000.0,0.16,8.0,False,False,True,0,0,0,,,,,
optimization,rg_gamma55_current__conditioned_p10_f025,train,428,rg_gamma55_current,current,region_growing,conditioned_p10_f025,vesselness_conditioned,3,,1.0,2.0,10.0,0.25,1.0,both_tolerable,True,0.0,0.8595969173697416,0.6272155293071198,0.32528923140387395,0.6272155293071198,0.3019262979032458,32407,9289,32407,23118,0.19694836746741748,0.5443667408382907,0.9337926579825601,0.7398093004597772,0.3982523759996184,0.07806771600007778,2.3104503709996607,,,,,,,False,False,0,0,0,0.024002987891435623,14778.0,12929.0,0.8748815807281094,
optimization,rg_gamma55_current__conditioned_p10_f050,train,428,rg_gamma55_current,current,region_growing,conditioned_p10_f050,vesselness_conditioned,3,,1.0,2.0,10.0,0.5,1.0,both_tolerable,True,0.0,0.8595969173697416,0.6237450199203187,0.32528923140387395,0.6237450199203187,0.2984557885164448,31258,9289,31258,21969,0.19694836746741748,0.5332182916307161,0.9337926579825601,0.7512956683089129,0.3982523759996184,0.07806771600007778,2.3098707519998243,,,,,,,False,False,0,0,0,0.048005975782871246,14778.0,11780.0,0.797130870212478,
optimization,rg_gamma55_current__conditioned_p10_f075,train,428,rg_gamma55_current,current,region_growing,conditioned_p10_f075,vesselness_conditioned,3,,1.0,2.0,10.0,0.75,1.0,both_tolerable,True,0.0,0.8595969173697416,0.62004020453043,0.32528923140387395,0.62004020453043,0.294750973126556,30079,9289,30079,20790,0.19694836746741748,0.5217519640343309,0.9337926579825601,0.763954918714053,0.3982523759996184,0.07806771600007778,2.3126893879998534,,,,,,,False,False,0,0,0,0.07200896367430687,14778.0,10601.0,0.7173501150358641,
optimization,rg_gamma55_current__current_c3_d2,train,428,rg_gamma55_current,current,region_growing,current_c3_d2,standard,3,2.0,,,,,,both_tolerable,True,0.0,0.8595969173697416,0.6281641932105545,0.32528923140387395,0.6281641932105545,0.30287496180668055,34256,9289,34256,24967,0.19694836746741748,0.5583760955451614,0.9337926579825601,0.7178888369920597,0.3982523759996184,0.07806771600007778,1.8196821599999566,,,,,,,False,False,0,0,0,,,,,
optimization,rg_gamma65_current__conditioned_p10_f025,train,428,rg_gamma65_current,gamma65,region_growing,conditioned_p10_f025,vesselness_conditioned,3,,1.0,2.0,10.0,0.25,1.0,both_tolerable,True,0.0,0.8595969173697416,0.6241170184714878,0.2951602039834504,0.6241170184714878,0.32895681448803743,28015,7923,28015,20092,0.17412924027065074,0.5105581036283547,0.9679414363246245,0.8026414420845975,0.39403644899994106,0.07215554399999746,2.327685537999969,,,,,,,False,False,0,0,0,0.02368742972612381,12850.0,11296.0,0.8790661478599222,
optimization,rg_gamma65_current__conditioned_p10_f050,train,428,rg_gamma65_current,gamma65,region_growing,conditioned_p10_f050,vesselness_conditioned,3,,1.0,2.0,10.0,0.5,1.0,both_tolerable,True,0.0,0.8595969173697416,0.6194013054242629,0.2951602039834504,0.6194013054242629,0.3242411014408125,27046,7923,27046,19123,0.17412924027065074,0.49988647200399616,0.9679414363246245,0.8140205575685868,0.39403644899994106,0.07215554399999746,2.306988072999957,,,,,,,False,False,0,0,0,0.04737485945224762,12850.0,10327.0,0.8036575875486381,
optimization,rg_gamma65_current__conditioned_p10_f075,train,428,rg_gamma65_current,gamma65,region_growing,conditioned_p10_f075,vesselness_conditioned,3,,1.0,2.0,10.0,0.75,1.0,both_tolerable,True,0.0,0.8595969173697416,0.6132846486286032,0.2951602039834504,0.6132846486286032,0.3181244446451528,26069,7923,26069,18146,0.17412924027065074,0.48814767721720176,0.9679414363246245,0.8246959990793663,0.39403644899994106,0.07215554399999746,2.2901067499997225,,,,,,,False,False,0,0,0,0.07106228917837143,12850.0,9350.0,0.7276264591439688,
optimization,rg_gamma65_current__current_c3_d2,train,428,rg_gamma65_current,gamma65,region_growing,current_c3_d2,standard,3,2.0,,,,,,both_tolerable,True,0.0,0.8595969173697416,0.6276779285704582,0.2951602039834504,0.6276779285704582,0.33251772458700785,29569,7923,29569,21646,0.17412924027065074,0.5245447527360247,0.9679414363246245,0.7812912171530996,0.39403644899994106,0.07215554399999746,1.8387880509999377,,,,,,,False,False,0,0,0,,,,,
optimization,rg_gamma65_divisor6__conditioned_p10_f025,train,428,rg_gamma65_divisor6,gamma65,region_growing,conditioned_p10_f025,vesselness_conditioned,3,,1.0,2.0,10.0,0.25,1.0,both_tolerable,True,0.0,0.8595969173697416,0.6241274511164463,0.2951930108147635,0.6241274511164463,0.3289344403016828,28017,7924,28017,20093,0.1741519458698515,0.5105808092275556,0.9679454820797577,0.802619837955527,0.39403644899994106,0.06770237199998519,2.305610637999962,,,,,,,False,False,0,0,0,0.023684067651629448,12851.0,11297.0,0.8790755583223095,
optimization,rg_gamma65_divisor6__conditioned_p10_f050,train,428,rg_gamma65_divisor6,gamma65,region_growing,conditioned_p10_f050,vesselness_conditioned,3,,1.0,2.0,10.0,0.5,1.0,both_tolerable,True,0.0,0.8595969173697416,0.6194207261320317,0.2951930108147635,0.6194207261320317,0.3242277153172682,27047,7924,27047,19123,0.1741519458698515,0.499909177603197,0.9679454820797577,0.8140274337264761,0.39403644899994106,0.06770237199998519,2.292716432999896,,,,,,,False,False,0,0,0,0.047368135303258896,12851.0,10327.0,0.8035950509687962,
optimization,rg_gamma65_divisor6__conditioned_p10_f075,train,428,rg_gamma65_divisor6,gamma65,region_growing,conditioned_p10_f075,vesselness_conditioned,3,,1.0,2.0,10.0,0.75,1.0,both_tolerable,True,0.0,0.8595969173697416,0.6133044272021908,0.2951930108147635,0.6133044272021908,0.3181114163874273,26070,7924,26070,18146,0.1741519458698515,0.4881703828164025,0.9679454820797577,0.8247027234369007,0.39403644899994106,0.06770237199998519,2.3405502790001265,,,,,,,False,False,0,0,0,0.07105220295488834,12851.0,9350.0,0.7275698389230411,
optimization,rg_gamma65_divisor6__current_c3_d2,train,428,rg_gamma65_divisor6,gamma65,region_growing,current_c3_d2,standard,3,2.0,,,,,,both_tolerable,True,0.0,0.8595969173697416,0.6276880442313179,0.2951930108147635,0.6276880442313179,0.33249503341655434,29571,7924,29571,21647,0.1741519458698515,0.5245674583352254,0.9679454820797577,0.7812721923506137,0.39403644899994106,0.06770237199998519,1.807997634000003,,,,,,,False,False,0,0,0,,,,,
optimization,rg_gamma65_divisor8__conditioned_p10_f025,train,428,rg_gamma65_divisor8,gamma65,region_growing,conditioned_p10_f025,vesselness_conditioned,3,,1.0,2.0,10.0,0.25,1.0,both_tolerable,True,0.0,0.8595969173697416,0.6241170184714878,0.2951602039834504,0.6241170184714878,0.32895681448803743,28015,7923,28015,20092,0.17412924027065074,0.5105581036283547,0.9679414363246245,0.8026414420845975,0.39403644899994106,0.07042997700000342,2.3179852700000083,,,,,,,False,False,0,0,0,0.02368742972612381,12850.0,11296.0,0.8790661478599222,
optimization,rg_gamma65_divisor8__conditioned_p10_f050,train,428,rg_gamma65_divisor8,gamma65,region_growing,conditioned_p10_f050,vesselness_conditioned,3,,1.0,2.0,10.0,0.5,1.0,both_tolerable,True,0.0,0.8595969173697416,0.6194013054242629,0.2951602039834504,0.6194013054242629,0.3242411014408125,27046,7923,27046,19123,0.17412924027065074,0.49988647200399616,0.9679414363246245,0.8140205575685868,0.39403644899994106,0.07042997700000342,2.307194788000288,,,,,,,False,False,0,0,0,0.04737485945224762,12850.0,10327.0,0.8036575875486381,
optimization,rg_gamma65_divisor8__conditioned_p10_f075,train,428,rg_gamma65_divisor8,gamma65,region_growing,conditioned_p10_f075,vesselness_conditioned,3,,1.0,2.0,10.0,0.75,1.0,both_tolerable,True,0.0,0.8595969173697416,0.6132846486286032,0.2951602039834504,0.6132846486286032,0.3181244446451528,26069,7923,26069,18146,0.17412924027065074,0.48814767721720176,0.9679414363246245,0.8246959990793663,0.39403644899994106,0.07042997700000342,2.302408932000162,,,,,,,False,False,0,0,0,0.07106228917837143,12850.0,9350.0,0.7276264591439688,
optimization,rg_gamma65_divisor8__current_c3_d2,train,428,rg_gamma65_divisor8,gamma65,region_growing,current_c3_d2,standard,3,2.0,,,,,,both_tolerable,True,0.0,0.8595969173697416,0.6276779285704582,0.2951602039834504,0.6276779285704582,0.33251772458700785,29569,7923,29569,21646,0.17412924027065074,0.5245447527360247,0.9679414363246245,0.7812912171530996,0.39403644899994106,0.07042997700000342,1.8695993510000335,,,,,,,False,False,0,0,0,,,,,
optimization,rg_gamma65_floor065__conditioned_p10_f025,train,428,rg_gamma65_floor065,gamma65,region_growing,conditioned_p10_f025,vesselness_conditioned,3,,1.0,2.0,10.0,0.25,1.0,both_tolerable,True,0.0,0.8595969173697416,0.6213704525586713,0.311529197564815,0.6213704525586713,0.3098412549938563,30313,8685,30313,21628,0.18648108623586576,0.5245220471368239,0.9456534254461716,0.7620822749315476,0.39403644899994106,0.07273404699981256,2.345552391000183,,,,,,,False,False,0,0,0,0.020145075395703316,13868.0,12134.0,0.8749639457744448,
optimization,rg_gamma65_floor065__conditioned_p10_f050,train,428,rg_gamma65_floor065,gamma65,region_growing,conditioned_p10_f050,vesselness_conditioned,3,,1.0,2.0,10.0,0.5,1.0,both_tolerable,True,0.0,0.8595969173697416,0.6174260504316282,0.311529197564815,0.6174260504316282,0.30589685286681323,29285,8685,29285,20600,0.18648108623586576,0.51398664910767,0.9456534254461716,0.772989585111832,0.39403644899994106,0.07273404699981256,2.332634417999998,,,,,,,False,False,0,0,0,0.04029015079140663,13868.0,11106.0,0.8008364580328815,
optimization,rg_gamma65_floor065__conditioned_p10_f075,train,428,rg_gamma65_floor065,gamma65,region_growing,conditioned_p10_f075,vesselness_conditioned,3,,1.0,2.0,10.0,0.75,1.0,both_tolerable,True,0.0,0.8595969173697416,0.6132055879380287,0.311529197564815,0.6132055879380287,0.3016763903732137,28185,8685,28185,19500,0.18648108623586576,0.5028154943008946,0.9456534254461716,0.7857016143338655,0.39403644899994106,0.07273404699981256,2.316737321999881,,,,,,,False,False,0,0,0,0.06043522618710995,13868.0,10006.0,0.7215171618113643,
optimization,rg_gamma65_floor065__current_c3_d2,train,428,rg_gamma65_floor065,gamma65,region_growing,current_c3_d2,standard,3,2.0,,,,,,both_tolerable,True,0.0,0.8595969173697416,0.6235855379884083,0.311529197564815,0.6235855379884083,0.3120563404235933,32047,8685,32047,23362,0.18648108623586576,0.5386676354388993,0.9456534254461716,0.7402877024370456,0.39403644899994106,0.07273404699981256,1.8253962190001403,,,,,,,False,False,0,0,0,,,,,
optimization,rg_gamma65_floor090__conditioned_p10_f025,train,428,rg_gamma65_floor090,gamma65,region_growing,conditioned_p10_f025,vesselness_conditioned,3,,1.0,2.0,10.0,0.25,1.0,both_tolerable,True,0.0,0.8595969173697416,0.6170699342160987,0.2794343622960067,0.6170699342160987,0.33763557192009197,26796,7369,26796,19427,0.16309431905907998,0.4962535761318741,0.974759126068666,0.8156441259889535,0.39403644899994106,0.0636785419997068,2.2842804679999063,,,,,,,False,False,0,0,0,0.026857150718569756,12418.0,10986.0,0.8846835239168949,
optimization,rg_gamma65_floor090__conditioned_p10_f050,train,428,rg_gamma65_floor090,gamma65,region_growing,conditioned_p10_f050,vesselness_conditioned,3,,1.0,2.0,10.0,0.5,1.0,both_tolerable,True,0.0,0.8595969173697416,0.6120342036777533,0.2794343622960067,0.6120342036777533,0.3325998413817466,25892,7369,25892,18523,0.16309431905907998,0.485922528495527,0.974759126068666,0.8265487409238375,0.39403644899994106,0.0636785419997068,2.293344235999939,,,,,,,False,False,0,0,0,0.05371430143713951,12418.0,10082.0,0.8118859719761636,
optimization,rg_gamma65_floor090__conditioned_p10_f075,train,428,rg_gamma65_floor090,gamma65,region_growing,conditioned_p10_f075,vesselness_conditioned,3,,1.0,2.0,10.0,0.75,1.0,both_tolerable,True,0.0,0.8595969173697416,0.6045654948369881,0.2794343622960067,0.6045654948369881,0.32513113254098136,24910,7369,24910,17541,0.16309431905907998,0.4732528041415013,0.974759126068666,0.8367322360497792,0.39403644899994106,0.0636785419997068,2.2939670900000237,,,,,,,False,False,0,0,0,0.08057145215570927,12418.0,9100.0,0.7328072153325818,
optimization,rg_gamma65_floor090__current_c3_d2,train,428,rg_gamma65_floor090,gamma65,region_growing,current_c3_d2,standard,3,2.0,,,,,,both_tolerable,True,0.0,0.8595969173697416,0.6216410682164106,0.2794343622960067,0.6216410682164106,0.3422067059204039,28228,7369,28228,20859,0.16309431905907998,0.5100358748467372,0.974759126068666,0.7957701572906334,0.39403644899994106,0.0636785419997068,1.8163348409998434,,,,,,,False,False,0,0,0,,,,,
optimization,rg_gamma65_recovery__conditioned_p10_f025,train,428,rg_gamma65_recovery,gamma65,region_growing,conditioned_p10_f025,vesselness_conditioned,3,,1.0,2.0,10.0,0.25,1.0,both_tolerable,True,0.0,0.8595969173697416,0.6241170184714878,0.2951602039834504,0.6241170184714878,0.32895681448803743,28015,7923,28015,20092,0.17412924027065074,0.5105581036283547,0.9679414363246245,0.8026414420845975,0.39403644899994106,0.09588156600011644,2.337761146000048,,,,,,,False,False,0,0,0,0.02368742972612381,12850.0,11296.0,0.8790661478599222,
optimization,rg_gamma65_recovery__conditioned_p10_f050,train,428,rg_gamma65_recovery,gamma65,region_growing,conditioned_p10_f050,vesselness_conditioned,3,,1.0,2.0,10.0,0.5,1.0,both_tolerable,True,0.0,0.8595969173697416,0.6194013054242629,0.2951602039834504,0.6194013054242629,0.3242411014408125,27046,7923,27046,19123,0.17412924027065074,0.49988647200399616,0.9679414363246245,0.8140205575685868,0.39403644899994106,0.09588156600011644,2.3057221039998694,,,,,,,False,False,0,0,0,0.04737485945224762,12850.0,10327.0,0.8036575875486381,
optimization,rg_gamma65_recovery__conditioned_p10_f075,train,428,rg_gamma65_recovery,gamma65,region_growing,conditioned_p10_f075,vesselness_conditioned,3,,1.0,2.0,10.0,0.75,1.0,both_tolerable,True,0.0,0.8595969173697416,0.6132846486286032,0.2951602039834504,0.6132846486286032,0.3181244446451528,26069,7923,26069,18146,0.17412924027065074,0.48814767721720176,0.9679414363246245,0.8246959990793663,0.39403644899994106,0.09588156600011644,2.2997525420000784,,,,,,,False,False,0,0,0,0.07106228917837143,12850.0,9350.0,0.7276264591439688,
optimization,rg_gamma65_recovery__current_c3_d2,train,428,rg_gamma65_recovery,gamma65,region_growing,current_c3_d2,standard,3,2.0,,,,,,both_tolerable,True,0.0,0.8595969173697416,0.6276779285704582,0.2951602039834504,0.6276779285704582,0.33251772458700785,29569,7923,29569,21646,0.17412924027065074,0.5245447527360247,0.9679414363246245,0.7812912171530996,0.39403644899994106,0.09588156600011644,1.8265872070001024,,,,,,,False,False,0,0,0,,,,,
optimization,rg_gamma65_relax090__conditioned_p10_f025,train,428,rg_gamma65_relax090,gamma65,region_growing,conditioned_p10_f025,vesselness_conditioned,3,,1.0,2.0,10.0,0.25,1.0,both_tolerable,True,0.0,0.8595969173697416,0.6243806020342333,0.30195252679938744,0.6243806020342333,0.32242807523484585,28811,8198,28811,20613,0.17907906089641706,0.5164161482221515,0.9620639180287875,0.7894207073687134,0.39403644899994106,0.06975868600011381,2.2902979380000943,,,,,,,False,False,0,0,0,0.022329889237880707,13184.0,11554.0,0.8763652912621359,
optimization,rg_gamma65_relax090__conditioned_p10_f050,train,428,rg_gamma65_relax090,gamma65,region_growing,conditioned_p10_f050,vesselness_conditioned,3,,1.0,2.0,10.0,0.5,1.0,both_tolerable,True,0.0,0.8595969173697416,0.6199167467178994,0.30195252679938744,0.6199167467178994,0.317964219918512,27787,8198,27787,19589,0.17907906089641706,0.5055174606057854,0.9620639180287875,0.8012379889876561,0.39403644899994106,0.06975868600011381,2.290850873999716,,,,,,,False,False,0,0,0,0.044659778475761414,13184.0,10530.0,0.7986953883495146,
optimization,rg_gamma65_relax090__conditioned_p10_f075,train,428,rg_gamma65_relax090,gamma65,region_growing,conditioned_p10_f075,vesselness_conditioned,3,,1.0,2.0,10.0,0.75,1.0,both_tolerable,True,0.0,0.8595969173697416,0.6145811278142423,0.30195252679938744,0.6145811278142423,0.3126286010148549,26803,8198,26803,18605,0.17907906089641706,0.4943008946006085,0.9620639180287875,0.8122225124053277,0.39403644899994106,0.06975868600011381,2.3089550459999373,,,,,,,False,False,0,0,0,0.06698966771364212,13184.0,9546.0,0.7240594660194175,
optimization,rg_gamma65_relax090__current_c3_d2,train,428,rg_gamma65_relax090,gamma65,region_growing,current_c3_d2,standard,3,2.0,,,,,,both_tolerable,True,0.0,0.8595969173697416,0.627310930010875,0.30195252679938744,0.627310930010875,0.32535840321148757,30441,8198,30441,22243,0.17907906089641706,0.530448208528223,0.9620639180287875,0.7674517919910647,0.39403644899994106,0.06975868600011381,1.7950708800003667,,,,,,,False,False,0,0,0,,,,,
optimization,rg_gamma65_window3__conditioned_p10_f025,train,428,rg_gamma65_window3,gamma65,region_growing,conditioned_p10_f025,vesselness_conditioned,3,,1.0,2.0,10.0,0.25,1.0,both_tolerable,True,0.0,0.8595969173697416,0.48371487950755954,0.20928915321438685,0.48371487950755954,0.2744257262931727,18991,5392,18991,13599,0.11745606466554652,0.34614685981563054,0.9593842729970327,0.8027486704228318,0.39403644899994106,0.07495288100017206,2.280117488000087,,,,,,,False,False,0,0,0,0.02407103404402733,8577.0,7577.0,0.8834091174070188,
optimization,rg_gamma65_window3__conditioned_p10_f050,train,428,rg_gamma65_window3,gamma65,region_growing,conditioned_p10_f050,vesselness_conditioned,3,,1.0,2.0,10.0,0.5,1.0,both_tolerable,True,0.0,0.8595969173697416,0.47869903068172714,0.20928915321438685,0.47869903068172714,0.2694098774673403,18373,5392,18373,12981,0.11745606466554652,0.3391989464601971,0.9593842729970327,0.8130953028901104,0.39403644899994106,0.07495288100017206,2.300648920000185,,,,,,,False,False,0,0,0,0.04814206808805466,8577.0,6959.0,0.8113559519645563,
optimization,rg_gamma65_window3__conditioned_p10_f075,train,428,rg_gamma65_window3,gamma65,region_growing,conditioned_p10_f075,vesselness_conditioned,3,,1.0,2.0,10.0,0.75,1.0,both_tolerable,True,0.0,0.8595969173697416,0.4728985882657687,0.20928915321438685,0.4728985882657687,0.26360943505138185,17726,5392,17726,12334,0.11745606466554652,0.33161527632714227,0.9593842729970327,0.8239309488886382,0.39403644899994106,0.07495288100017206,2.2912872110000535,,,,,,,False,False,0,0,0,0.07221310213208199,8577.0,6312.0,0.7359216509268975,
optimization,rg_gamma65_window3__current_c3_d2,train,428,rg_gamma65_window3,gamma65,region_growing,current_c3_d2,standard,3,2.0,,,,,,both_tolerable,True,0.0,0.8595969173697416,0.4887792232130308,0.20928915321438685,0.4887792232130308,0.27949006999864395,19991,5392,19991,14599,0.11745606466554652,0.35531992189273875,0.9593842729970327,0.7828022610174579,0.39403644899994106,0.07495288100017206,1.7939229769999656,,,,,,,False,False,0,0,0,,,,,
optimization,fc_affinity_floor024_only__conditioned_p10_f025,train,447,fc_affinity_floor024_only,current,fuzzy_connectedness,conditioned_p10_f025,vesselness_conditioned,3,,1.0,2.0,10.0,0.25,1.0,found_but_wrong,False,0.0,10.795136550527337,0.4747179535526853,0.23790406026240635,0.4747179535526853,0.23681389329027897,10914,3254,10914,7660,0.13746592050509399,0.3612665614387526,0.883220651505839,0.6920469122228331,0.3529273789999934,0.7514025680002305,2.141833797999425,3254.0,672032.0,500000.0,0.16,8.0,False,False,True,0,0,0,0.017166320234537125,5100.0,4248.0,0.8329411764705882,
optimization,fc_affinity_floor024_only__conditioned_p10_f050,train,447,fc_affinity_floor024_only,current,fuzzy_connectedness,conditioned_p10_f050,vesselness_conditioned,3,,1.0,2.0,10.0,0.5,1.0,found_but_wrong,False,0.0,10.795136550527337,0.47266594539553236,0.23790406026240635,0.47266594539553236,0.234761885133126,10519,3254,10519,7265,0.13746592050509399,0.35523987181326827,0.883220651505839,0.7060557087175587,0.3529273789999934,0.7514025680002305,2.1043414089999715,3254.0,672032.0,500000.0,0.16,8.0,False,False,True,0,0,0,0.03433264046907425,5100.0,3853.0,0.7554901960784314,
optimization,fc_affinity_floor024_only__conditioned_p10_f075,train,447,fc_affinity_floor024_only,current,fuzzy_connectedness,conditioned_p10_f075,vesselness_conditioned,3,,1.0,2.0,10.0,0.75,1.0,found_but_wrong,False,0.0,10.795136550527337,0.47137287753326673,0.23790406026240635,0.47137287753326673,0.23346881727086038,10130,3254,10130,6876,0.13746592050509399,0.34988281436839336,0.883220651505839,0.7221125370187562,0.3529273789999934,0.7514025680002305,2.0779959529991174,3254.0,672032.0,500000.0,0.16,8.0,False,False,True,0,0,0,0.051498960703611374,5100.0,3464.0,0.6792156862745098,
optimization,fc_affinity_floor024_only__current_c3_d2,train,447,fc_affinity_floor024_only,current,fuzzy_connectedness,current_c3_d2,standard,3,2.0,,,,,,found_but_wrong,False,0.0,10.795136550527337,0.4758057111376366,0.23790406026240635,0.4758057111376366,0.23790165087523024,11766,3254,11766,8512,0.13746592050509399,0.3717893528483283,0.883220651505839,0.6606323304436512,0.3529273789999934,0.7514025680002305,1.6397165849994053,3254.0,672032.0,500000.0,0.16,8.0,False,False,True,0,0,0,,,,,
optimization,fc_alpha017__conditioned_p10_f025,train,447,fc_alpha017,current,fuzzy_connectedness,conditioned_p10_f025,vesselness_conditioned,3,,1.0,2.0,10.0,0.25,1.0,found_but_wrong,False,0.0,10.795136550527337,0.4779758115849777,0.23141322004248407,0.4779758115849777,0.24656259154249363,10513,3102,10513,7411,0.13287415698091548,0.35916200315683744,0.8955512572533849,0.7142585370493675,0.3529273789999934,0.7236399790008363,2.059333109000363,3102.0,672032.0,500000.0,0.17,8.0,False,False,True,0,0,0,0.019517971202731133,4951.0,4116.0,0.8313472025853363,
optimization,fc_alpha017__conditioned_p10_f050,train,447,fc_alpha017,current,fuzzy_connectedness,conditioned_p10_f050,vesselness_conditioned,3,,1.0,2.0,10.0,0.5,1.0,found_but_wrong,False,0.0,10.795136550527337,0.4756073983373075,0.23141322004248407,0.4756073983373075,0.2441941782948234,10127,3102,10127,7025,0.13287415698091548,0.35299182092122255,0.8955512572533849,0.728744939271255,0.3529273789999934,0.7236399790008363,2.0714139519996024,3102.0,672032.0,500000.0,0.17,8.0,False,False,True,0,0,0,0.039035942405462265,4951.0,3730.0,0.7533831549181983,
optimization,fc_alpha017__conditioned_p10_f075,train,447,fc_alpha017,current,fuzzy_connectedness,conditioned_p10_f075,vesselness_conditioned,3,,1.0,2.0,10.0,0.75,1.0,found_but_wrong,False,0.0,10.795136550527337,0.473565767587489,0.23141322004248407,0.473565767587489,0.2421525475450049,9754,3102,9754,6652,0.13287415698091548,0.3472521165159994,0.8955512572533849,0.744310026655731,0.3529273789999934,0.7236399790008363,2.0702259849995244,3102.0,672032.0,500000.0,0.17,8.0,False,False,True,0,0,0,0.0585539136081934,4951.0,3357.0,0.6780448394263785,
optimization,fc_alpha017__current_c3_d2,train,447,fc_alpha017,current,fuzzy_connectedness,current_c3_d2,standard,3,2.0,,,,,,found_but_wrong,False,0.0,10.795136550527337,0.47942954580685165,0.23141322004248407,0.47942954580685165,0.24801632576436758,11348,3102,11348,8246,0.13287415698091548,0.36982828717654376,0.8955512572533849,0.6813535424744448,0.3529273789999934,0.7236399790008363,1.646469065999554,3102.0,672032.0,500000.0,0.17,8.0,False,False,True,0,0,0,,,,,
optimization,fc_candidate024_only__conditioned_p10_f025,train,447,fc_candidate024_only,current,fuzzy_connectedness,conditioned_p10_f025,vesselness_conditioned,3,,1.0,2.0,10.0,0.25,1.0,found_but_wrong,False,0.0,10.795136550527337,0.4763589273870061,0.2357237715803453,0.4763589273870061,0.24063515580666078,10754,3189,10754,7565,0.1358396709236141,0.36069259099823026,0.8905613044841643,0.7012274502510694,0.3529273789999934,0.7212963900001341,2.0423618680006257,3189.0,561455.0,500000.0,0.16,8.0,False,False,True,0,0,0,0.0177829097956419,5041.0,4206.0,0.8343582622495537,
optimization,fc_candidate024_only__conditioned_p10_f050,train,447,fc_candidate024_only,current,fuzzy_connectedness,conditioned_p10_f050,vesselness_conditioned,3,,1.0,2.0,10.0,0.5,1.0,found_but_wrong,False,0.0,10.795136550527337,0.47417404931717144,0.2357237715803453,0.47417404931717144,0.23845027773682614,10360,3189,10360,7171,0.1358396709236141,0.35457023963265893,0.8905613044841643,0.7155405405405405,0.3529273789999934,0.7212963900001341,2.0628901730005964,3189.0,561455.0,500000.0,0.16,8.0,False,False,True,0,0,0,0.0355658195912838,5041.0,3812.0,0.7561991668319777,
optimization,fc_candidate024_only__conditioned_p10_f075,train,447,fc_candidate024_only,current,fuzzy_connectedness,conditioned_p10_f075,vesselness_conditioned,3,,1.0,2.0,10.0,0.75,1.0,found_but_wrong,False,0.0,10.795136550527337,0.4726377825270384,0.2357237715803453,0.4726377825270384,0.23691401094669312,9975,3189,9975,6786,0.1358396709236141,0.34906968957765344,0.8905613044841643,0.7316290726817043,0.3529273789999934,0.7212963900001341,2.062079500999971,3189.0,561455.0,500000.0,0.16,8.0,False,False,True,0,0,0,0.0533487293869257,5041.0,3427.0,0.6798254314620115,
optimization,fc_candidate024_only__current_c3_d2,train,447,fc_candidate024_only,current,fuzzy_connectedness,current_c3_d2,standard,3,2.0,,,,,,found_but_wrong,False,0.0,10.795136550527337,0.47778188084687345,0.2357237715803453,0.47778188084687345,0.24205810926652815,11589,3189,11589,8400,0.1358396709236141,0.37131104414789307,0.8905613044841643,0.6698593493830356,0.3529273789999934,0.7212963900001341,1.618958348999513,3189.0,561455.0,500000.0,0.16,8.0,False,False,True,0,0,0,,,,,
optimization,fc_current__conditioned_p10_f025,train,447,fc_current,current,fuzzy_connectedness,conditioned_p10_f025,vesselness_conditioned,3,,1.0,2.0,10.0,0.25,1.0,found_but_wrong,False,0.0,10.795136550527337,0.4763589273870061,0.2357237715803453,0.4763589273870061,0.24063515580666078,10754,3189,10754,7565,0.1358396709236141,0.36069259099823026,0.8905613044841643,0.7012274502510694,0.3529273789999934,0.7417539709995253,2.0704836299992166,3189.0,672032.0,500000.0,0.16,8.0,False,False,True,0,0,0,0.0177829097956419,5041.0,4206.0,0.8343582622495537,
optimization,fc_current__conditioned_p10_f050,train,447,fc_current,current,fuzzy_connectedness,conditioned_p10_f050,vesselness_conditioned,3,,1.0,2.0,10.0,0.5,1.0,found_but_wrong,False,0.0,10.795136550527337,0.47417404931717144,0.2357237715803453,0.47417404931717144,0.23845027773682614,10360,3189,10360,7171,0.1358396709236141,0.35457023963265893,0.8905613044841643,0.7155405405405405,0.3529273789999934,0.7417539709995253,2.0608813340004417,3189.0,672032.0,500000.0,0.16,8.0,False,False,True,0,0,0,0.0355658195912838,5041.0,3812.0,0.7561991668319777,
optimization,fc_current__conditioned_p10_f075,train,447,fc_current,current,fuzzy_connectedness,conditioned_p10_f075,vesselness_conditioned,3,,1.0,2.0,10.0,0.75,1.0,found_but_wrong,False,0.0,10.795136550527337,0.4726377825270384,0.2357237715803453,0.4726377825270384,0.23691401094669312,9975,3189,9975,6786,0.1358396709236141,0.34906968957765344,0.8905613044841643,0.7316290726817043,0.3529273789999934,0.7417539709995253,2.0274226100000305,3189.0,672032.0,500000.0,0.16,8.0,False,False,True,0,0,0,0.0533487293869257,5041.0,3427.0,0.6798254314620115,
optimization,fc_current__current_c3_d2,train,447,fc_current,current,fuzzy_connectedness,current_c3_d2,standard,3,2.0,,,,,,found_but_wrong,False,0.0,10.795136550527337,0.47778188084687345,0.2357237715803453,0.47778188084687345,0.24205810926652815,11589,3189,11589,8400,0.1358396709236141,0.37131104414789307,0.8905613044841643,0.6698593493830356,0.3529273789999934,0.7417539709995253,1.661090234000767,3189.0,672032.0,500000.0,0.16,8.0,False,False,True,0,0,0,,,,,
optimization,fc_floor020__conditioned_p10_f025,train,447,fc_floor020,current,fuzzy_connectedness,conditioned_p10_f025,vesselness_conditioned,3,,1.0,2.0,10.0,0.25,1.0,found_but_wrong,False,0.0,10.795136550527337,0.47572203304325894,0.23639152605613367,0.47572203304325894,0.23933050698712527,10809,3214,10809,7595,0.13636581049409288,0.36083608360836084,0.8870566272557561,0.6979369044314923,0.3529273789999934,0.7302606329994887,2.052362952999829,3214.0,629532.0,500000.0,0.16,8.0,False,False,True,0,0,0,0.017495062202215195,5057.0,4217.0,0.8338936128139213,
optimization,fc_floor020__conditioned_p10_f050,train,447,fc_floor020,current,fuzzy_connectedness,conditioned_p10_f050,vesselness_conditioned,3,,1.0,2.0,10.0,0.5,1.0,found_but_wrong,False,0.0,10.795136550527337,0.47363044311071384,0.23639152605613367,0.47363044311071384,0.23723891705458017,10417,3214,10417,7203,0.13636581049409288,0.35480939398287653,0.8870566272557561,0.7121052126331957,0.3529273789999934,0.7302606329994887,2.03058289099954,3214.0,629532.0,500000.0,0.16,8.0,False,False,True,0,0,0,0.03499012440443039,5057.0,3825.0,0.7563772987937513,
optimization,fc_floor020__conditioned_p10_f075,train,447,fc_floor020,current,fuzzy_connectedness,conditioned_p10_f075,vesselness_conditioned,3,,1.0,2.0,10.0,0.75,1.0,found_but_wrong,False,0.0,10.795136550527337,0.4722195287501212,0.23639152605613367,0.4722195287501212,0.23582800269398752,10032,3214,10032,6818,0.13636581049409288,0.3494045056679581,0.8870566272557561,0.7281698564593302,0.3529273789999934,0.7302606329994887,2.0396950150006887,3214.0,629532.0,500000.0,0.16,8.0,False,False,True,0,0,0,0.052485186606645584,5057.0,3440.0,0.6802452046667985,
optimization,fc_floor020__current_c3_d2,train,447,fc_floor020,current,fuzzy_connectedness,current_c3_d2,standard,3,2.0,,,,,,found_but_wrong,False,0.0,10.795136550527337,0.4770856370561494,0.23639152605613367,0.4770856370561494,0.24069411100001575,11649,3214,11649,8435,0.13636581049409288,0.37145453675802365,0.8870566272557561,0.6666666666666666,0.3529273789999934,0.7302606329994887,1.641602411000349,3214.0,629532.0,500000.0,0.16,8.0,False,False,True,0,0,0,,,,,
optimization,fc_floor020_recovery__conditioned_p10_f025,train,447,fc_floor020_recovery,current,fuzzy_connectedness,conditioned_p10_f025,vesselness_conditioned,3,,1.0,2.0,10.0,0.25,1.0,found_but_wrong,False,0.0,10.795136550527337,0.47546717927709325,0.23634253502445496,0.47546717927709325,0.2391246442526383,10826,3219,10826,7607,0.13636581049409288,0.36083608360836084,0.8856787822305063,0.6968409384814336,0.3529273789999934,1.0293000379997466,2.1106761450000704,,,,,,,False,False,1,1,5,0.017451267689466476,5065.0,4225.0,0.8341559723593287,
optimization,fc_floor020_recovery__conditioned_p10_f050,train,447,fc_floor020_recovery,current,fuzzy_connectedness,conditioned_p10_f050,vesselness_conditioned,3,,1.0,2.0,10.0,0.5,1.0,found_but_wrong,False,0.0,10.795136550527337,0.47338864071474157,0.23634253502445496,0.47338864071474157,0.2370461056902866,10433,3219,10433,7214,0.13636581049409288,0.35480939398287653,0.8856787822305063,0.7110131314099492,0.3529273789999934,1.0293000379997466,2.066361989000143,,,,,,,False,False,1,1,5,0.03490253537893295,5065.0,3832.0,0.7565646594274432,
optimization,fc_floor020_recovery__conditioned_p10_f075,train,447,fc_floor020_recovery,current,fuzzy_connectedness,conditioned_p10_f075,vesselness_conditioned,3,,1.0,2.0,10.0,0.75,1.0,found_but_wrong,False,0.0,10.795136550527337,0.4720059444964947,0.23634253502445496,0.4720059444964947,0.23566340947203973,10046,3219,10046,6827,0.13636581049409288,0.3494045056679581,0.8856787822305063,0.7271550866016325,0.3529273789999934,1.0293000379997466,2.0622895120004614,,,,,,,False,False,1,1,5,0.05235380306839943,5065.0,3445.0,0.6801579466929911,
optimization,fc_floor020_recovery__current_c3_d2,train,447,fc_floor020_recovery,current,fuzzy_connectedness,current_c3_d2,standard,3,2.0,,,,,,found_but_wrong,False,0.0,10.795136550527337,0.4768366438461302,0.23634253502445496,0.4768366438461302,0.24049410882167527,11666,3219,11666,8447,0.13636581049409288,0.37145453675802365,0.8856787822305063,0.6656951825818618,0.3529273789999934,1.0293000379997466,1.6414732410003126,,,,,,,False,False,1,1,5,,,,,
optimization,fc_floor024__conditioned_p10_f025,train,447,fc_floor024,current,fuzzy_connectedness,conditioned_p10_f025,vesselness_conditioned,3,,1.0,2.0,10.0,0.25,1.0,found_but_wrong,False,0.0,10.795136550527337,0.4747179535526853,0.23790406026240635,0.4747179535526853,0.23681389329027897,10914,3254,10914,7660,0.13746592050509399,0.3612665614387526,0.883220651505839,0.6920469122228331,0.3529273789999934,0.7360845860002883,2.0480860190000385,3254.0,561455.0,500000.0,0.16,8.0,False,False,True,0,0,0,0.017166320234537125,5100.0,4248.0,0.8329411764705882,
optimization,fc_floor024__conditioned_p10_f050,train,447,fc_floor024,current,fuzzy_connectedness,conditioned_p10_f050,vesselness_conditioned,3,,1.0,2.0,10.0,0.5,1.0,found_but_wrong,False,0.0,10.795136550527337,0.47266594539553236,0.23790406026240635,0.47266594539553236,0.234761885133126,10519,3254,10519,7265,0.13746592050509399,0.35523987181326827,0.883220651505839,0.7060557087175587,0.3529273789999934,0.7360845860002883,2.025386671999513,3254.0,561455.0,500000.0,0.16,8.0,False,False,True,0,0,0,0.03433264046907425,5100.0,3853.0,0.7554901960784314,
optimization,fc_floor024__conditioned_p10_f075,train,447,fc_floor024,current,fuzzy_connectedness,conditioned_p10_f075,vesselness_conditioned,3,,1.0,2.0,10.0,0.75,1.0,found_but_wrong,False,0.0,10.795136550527337,0.47137287753326673,0.23790406026240635,0.47137287753326673,0.23346881727086038,10130,3254,10130,6876,0.13746592050509399,0.34988281436839336,0.883220651505839,0.7221125370187562,0.3529273789999934,0.7360845860002883,2.051328671000192,3254.0,561455.0,500000.0,0.16,8.0,False,False,True,0,0,0,0.051498960703611374,5100.0,3464.0,0.6792156862745098,
optimization,fc_floor024__current_c3_d2,train,447,fc_floor024,current,fuzzy_connectedness,current_c3_d2,standard,3,2.0,,,,,,found_but_wrong,False,0.0,10.795136550527337,0.4758057111376366,0.23790406026240635,0.4758057111376366,0.23790165087523024,11766,3254,11766,8512,0.13746592050509399,0.3717893528483283,0.883220651505839,0.6606323304436512,0.3529273789999934,0.7360845860002883,1.6106253070001912,3254.0,561455.0,500000.0,0.16,8.0,False,False,True,0,0,0,,,,,
optimization,rg_gamma55_current__conditioned_p10_f025,train,447,rg_gamma55_current,current,region_growing,conditioned_p10_f025,vesselness_conditioned,3,,1.0,2.0,10.0,0.25,1.0,found_but_wrong,False,0.0,10.795136550527337,0.4649715560863689,0.21021298004360223,0.4649715560863689,0.2547585760427667,10910,2945,10910,7965,0.11991199119911991,0.3538049457119625,0.8512733446519525,0.6780018331805683,0.3529273789999934,0.033420198000385426,2.0755222940006206,,,,,,,False,False,0,0,0,0.024510826915502548,5254.0,4535.0,0.8631518842786449,
optimization,rg_gamma55_current__conditioned_p10_f050,train,447,rg_gamma55_current,current,region_growing,conditioned_p10_f050,vesselness_conditioned,3,,1.0,2.0,10.0,0.5,1.0,found_but_wrong,False,0.0,10.795136550527337,0.46175871723084755,0.21021298004360223,0.46175871723084755,0.2515457371872453,10525,2945,10525,7580,0.11991199119911991,0.34710862390586883,0.8512733446519525,0.689501187648456,0.3529273789999934,0.033420198000385426,2.063817276000009,,,,,,,False,False,0,0,0,0.049021653831005096,5254.0,4150.0,0.7898743814236772,
optimization,rg_gamma55_current__conditioned_p10_f075,train,447,rg_gamma55_current,current,region_growing,conditioned_p10_f075,vesselness_conditioned,3,,1.0,2.0,10.0,0.75,1.0,found_but_wrong,False,0.0,10.795136550527337,0.46093976136107806,0.21021298004360223,0.46093976136107806,0.25072678131747583,10186,2945,10186,7241,0.11991199119911991,0.342756014731908,0.8512733446519525,0.7035146279206754,0.3529273789999934,0.033420198000385426,2.055859803000203,,,,,,,False,False,0,0,0,0.07353248074650764,5254.0,3811.0,0.7253521126760564,
optimization,rg_gamma55_current__current_c3_d2,train,447,rg_gamma55_current,current,region_growing,current_c3_d2,standard,3,2.0,,,,,,found_but_wrong,False,0.0,10.795136550527337,0.46742070322104745,0.21021298004360223,0.46742070322104745,0.2572077231774452,11629,2945,11629,8684,0.11991199119911991,0.3637059358109724,0.8512733446519525,0.6538825350417061,0.3529273789999934,0.033420198000385426,1.619289979000314,,,,,,,False,False,0,0,0,,,,,
optimization,rg_gamma65_current__conditioned_p10_f025,train,447,rg_gamma65_current,gamma65,region_growing,conditioned_p10_f025,vesselness_conditioned,3,,1.0,2.0,10.0,0.25,1.0,found_but_wrong,False,0.0,10.795136550527337,0.47388585087920365,0.19771603886142833,0.47388585087920365,0.27616981201777535,9632,2561,9632,7071,0.11096761850098054,0.3461041756349548,0.9058961343225302,0.7512458471760798,0.3594967330000145,0.029939560999991954,2.050337784000476,,,,,,,False,False,0,0,0,0.024973703548312187,4723.0,4020.0,0.8511539275883973,
optimization,rg_gamma65_current__conditioned_p10_f050,train,447,rg_gamma65_current,gamma65,region_growing,conditioned_p10_f050,vesselness_conditioned,3,,1.0,2.0,10.0,0.5,1.0,found_but_wrong,False,0.0,10.795136550527337,0.47035089459933194,0.19771603886142833,0.47035089459933194,0.2726348557379036,9330,2561,9330,6769,0.11096761850098054,0.34012531687951403,0.9058961343225302,0.7621650589496248,0.3594967330000145,0.029939560999991954,2.093166533999465,,,,,,,False,False,0,0,0,0.049947407096624374,4723.0,3718.0,0.7872115181029007,
optimization,rg_gamma65_current__conditioned_p10_f075,train,447,rg_gamma65_current,gamma65,region_growing,conditioned_p10_f075,vesselness_conditioned,3,,1.0,2.0,10.0,0.75,1.0,found_but_wrong,False,0.0,10.795136550527337,0.46675585284280935,0.19771603886142833,0.46675585284280935,0.269039813981381,8993,2561,8993,6432,0.11096761850098054,0.33376381116372505,0.9058961343225302,0.7759368397642611,0.3594967330000145,0.029939560999991954,2.1263488529993992,,,,,,,False,False,0,0,0,0.07492111064493656,4723.0,3381.0,0.715858564471734,
optimization,rg_gamma65_current__current_c3_d2,train,447,rg_gamma65_current,gamma65,region_growing,current_c3_d2,standard,3,2.0,,,,,,found_but_wrong,False,0.0,10.795136550527337,0.47743422316112927,0.19771603886142833,0.47743422316112927,0.27971818429970097,10335,2561,10335,7774,0.11096761850098054,0.3567226287846176,0.9058961343225302,0.7216255442670537,0.3594967330000145,0.029939560999991954,1.6286132470004304,,,,,,,False,False,0,0,0,,,,,
optimization,rg_gamma65_divisor6__conditioned_p10_f025,train,447,rg_gamma65_divisor6,gamma65,region_growing,conditioned_p10_f025,vesselness_conditioned,3,,1.0,2.0,10.0,0.25,1.0,found_but_wrong,False,0.0,10.795136550527337,0.4740857152211636,0.19786962079250106,0.4740857152211636,0.2762160944286626,9636,2563,9636,7073,0.11106328024106758,0.3462954991151289,0.905969566913773,0.751349107513491,0.3594967330000145,0.02981541700046364,2.057794900000772,,,,,,,False,False,0,0,0,0.024961048737168312,4722.0,4019.0,0.8511224057602711,
optimization,rg_gamma65_divisor6__conditioned_p10_f050,train,447,rg_gamma65_divisor6,gamma65,region_growing,conditioned_p10_f050,vesselness_conditioned,3,,1.0,2.0,10.0,0.5,1.0,found_but_wrong,False,0.0,10.795136550527337,0.47045206521379673,0.19786962079250106,0.47045206521379673,0.27258244442129564,9332,2563,9332,6769,0.11106328024106758,0.3402209786196011,0.905969566913773,0.7622160308615517,0.3594967330000145,0.02981541700046364,2.033447089999754,,,,,,,False,False,0,0,0,0.049922097474336624,4722.0,3715.0,0.7867429055484964,
optimization,rg_gamma65_divisor6__conditioned_p10_f075,train,447,rg_gamma65_divisor6,gamma65,region_growing,conditioned_p10_f075,vesselness_conditioned,3,,1.0,2.0,10.0,0.75,1.0,found_but_wrong,False,0.0,10.795136550527337,0.46685840412012575,0.19786962079250106,0.46685840412012575,0.26898878332762466,8995,2563,8995,6432,0.11106328024106758,0.3338594729038121,0.905969566913773,0.7759866592551418,0.3594967330000145,0.02981541700046364,2.033227834999707,,,,,,,False,False,0,0,0,0.07488314621150494,4722.0,3378.0,0.7153748411689962,
optimization,rg_gamma65_divisor6__current_c3_d2,train,447,rg_gamma65_divisor6,gamma65,region_growing,current_c3_d2,standard,3,2.0,,,,,,found_but_wrong,False,0.0,10.795136550527337,0.47762913652947575,0.19786962079250106,0.47762913652947575,0.27975951573697466,10339,2563,10339,7776,0.11106328024106758,0.3569139522647917,0.905969566913773,0.7217332430602573,0.3594967330000145,0.02981541700046364,1.652716603999579,,,,,,,False,False,0,0,0,,,,,
optimization,rg_gamma65_divisor8__conditioned_p10_f025,train,447,rg_gamma65_divisor8,gamma65,region_growing,conditioned_p10_f025,vesselness_conditioned,3,,1.0,2.0,10.0,0.25,1.0,found_but_wrong,False,0.0,10.795136550527337,0.4737066282231906,0.19694773637991303,0.4737066282231906,0.27675889184327757,9614,2551,9614,7063,0.11048930980054528,0.3457693595446501,0.9055272442179537,0.7519242770959018,0.3594967330000145,0.03001070400023309,2.1335623099994336,,,,,,,False,False,0,0,0,0.024993713945150375,4718.0,4021.0,0.8522679101314116,
optimization,rg_gamma65_divisor8__conditioned_p10_f050,train,447,rg_gamma65_divisor8,gamma65,region_growing,conditioned_p10_f050,vesselness_conditioned,3,,1.0,2.0,10.0,0.5,1.0,found_but_wrong,False,0.0,10.795136550527337,0.4701677752407426,0.19694773637991303,0.4701677752407426,0.2732200388608296,9312,2551,9312,6761,0.11048930980054528,0.33979050078920936,0.9055272442179537,0.7628865979381443,0.3594967330000145,0.03001070400023309,2.0876045810000505,,,,,,,False,False,0,0,0,0.04998742789030075,4718.0,3719.0,0.7882577363289529,
optimization,rg_gamma65_divisor8__conditioned_p10_f075,train,447,rg_gamma65_divisor8,gamma65,region_growing,conditioned_p10_f075,vesselness_conditioned,3,,1.0,2.0,10.0,0.75,1.0,found_but_wrong,False,0.0,10.795136550527337,0.466644362663098,0.19694773637991303,0.466644362663098,0.26969662628318497,8983,2551,8983,6432,0.11048930980054528,0.33357248768355097,0.9055272442179537,0.776355337860403,0.3594967330000145,0.03001070400023309,2.075423291000334,,,,,,,False,False,0,0,0,0.07498114183545113,4718.0,3390.0,0.7185247986434931,
optimization,rg_gamma65_divisor8__current_c3_d2,train,447,rg_gamma65_divisor8,gamma65,region_growing,current_c3_d2,standard,3,2.0,,,,,,found_but_wrong,False,0.0,10.795136550527337,0.477224678070344,0.19694773637991303,0.477224678070344,0.280276941690431,10311,2551,10311,7760,0.11048930980054528,0.35629215095422584,0.9055272442179537,0.722432353796916,0.3594967330000145,0.03001070400023309,1.639435147999393,,,,,,,False,False,0,0,0,,,,,
optimization,rg_gamma65_floor065__conditioned_p10_f025,train,447,rg_gamma65_floor065,gamma65,region_growing,conditioned_p10_f025,vesselness_conditioned,3,,1.0,2.0,10.0,0.25,1.0,found_but_wrong,False,0.0,10.795136550527337,0.46610250071313114,0.20689655172413793,0.46610250071313114,0.2592059489889932,10644,2844,10644,7800,0.11752044769694361,0.35170038743004733,0.8639240506329114,0.6908117249154453,0.3594967330000145,0.033946001999538566,2.1422318319991973,,,,,,,False,False,0,0,0,0.020139379426836967,5182.0,4440.0,0.8568120416827479,
optimization,rg_gamma65_floor065__conditioned_p10_f050,train,447,rg_gamma65_floor065,gamma65,region_growing,conditioned_p10_f050,vesselness_conditioned,3,,1.0,2.0,10.0,0.5,1.0,found_but_wrong,False,0.0,10.795136550527337,0.4625597280569541,0.20689655172413793,0.4625597280569541,0.2556631763328162,10276,2844,10276,7432,0.11752044769694361,0.3449562347539102,0.8639240506329114,0.7018295056442195,0.3594967330000145,0.033946001999538566,2.1031563010001264,,,,,,,False,False,0,0,0,0.040278758853673935,5182.0,4072.0,0.785796989579313,
optimization,rg_gamma65_floor065__conditioned_p10_f075,train,447,rg_gamma65_floor065,gamma65,region_growing,conditioned_p10_f075,vesselness_conditioned,3,,1.0,2.0,10.0,0.75,1.0,found_but_wrong,False,0.0,10.795136550527337,0.4618074668911699,0.20689655172413793,0.4618074668911699,0.254910915167032,9976,2844,9976,7132,0.11752044769694361,0.3410819342803846,0.8639240506329114,0.7148155573376103,0.3594967330000145,0.033946001999538566,2.070949279999695,,,,,,,False,False,0,0,0,0.0604181382805109,5182.0,3772.0,0.7279042840602085,
optimization,rg_gamma65_floor065__current_c3_d2,train,447,rg_gamma65_floor065,gamma65,region_growing,current_c3_d2,standard,3,2.0,,,,,,found_but_wrong,False,0.0,10.795136550527337,0.46883225466819434,0.20689655172413793,0.46883225466819434,0.26193570294405644,11386,2844,11386,8542,0.11752044769694361,0.3620796862294925,0.8639240506329114,0.6648515721060952,0.3594967330000145,0.033946001999538566,1.6847321960003683,,,,,,,False,False,0,0,0,,,,,
optimization,rg_gamma65_floor090__conditioned_p10_f025,train,447,rg_gamma65_floor090,gamma65,region_growing,conditioned_p10_f025,vesselness_conditioned,3,,1.0,2.0,10.0,0.25,1.0,found_but_wrong,False,0.0,10.795136550527337,0.47204762379859655,0.19003903736433445,0.47204762379859655,0.2820085864342621,9162,2404,9162,6758,0.1059453771464103,0.3394556846989047,0.9213810316139767,0.7746125300152805,0.3594967330000145,0.02912987699983205,2.157067444999484,,,,,,,False,False,0,0,0,0.028891615569591522,4526.0,3866.0,0.8541758727353072,
optimization,rg_gamma65_floor090__conditioned_p10_f050,train,447,rg_gamma65_floor090,gamma65,region_growing,conditioned_p10_f050,vesselness_conditioned,3,,1.0,2.0,10.0,0.5,1.0,found_but_wrong,False,0.0,10.795136550527337,0.46774518359401224,0.19003903736433445,0.46774518359401224,0.2777061462296778,8887,2404,8887,6483,0.1059453771464103,0.3332855024632898,0.9213810316139767,0.784066614155508,0.3594967330000145,0.02912987699983205,2.0766432240006907,,,,,,,False,False,0,0,0,0.057783231139183044,4526.0,3591.0,0.7934158197083517,
optimization,rg_gamma65_floor090__conditioned_p10_f075,train,447,rg_gamma65_floor090,gamma65,region_growing,conditioned_p10_f075,vesselness_conditioned,3,,1.0,2.0,10.0,0.75,1.0,found_but_wrong,False,0.0,10.795136550527337,0.46269315673289185,0.19003903736433445,0.46269315673289185,0.27265411936855743,8538,2404,8538,6134,0.1059453771464103,0.32582388673649976,0.9213810316139767,0.7978449285546967,0.3594967330000145,0.02912987699983205,2.0539089779995265,,,,,,,False,False,0,0,0,0.08667484670877457,4526.0,3242.0,0.7163057887759611,
optimization,rg_gamma65_floor090__current_c3_d2,train,447,rg_gamma65_floor090,gamma65,region_growing,current_c3_d2,standard,3,2.0,,,,,,found_but_wrong,False,0.0,10.795136550527337,0.4762927527742523,0.19003903736433445,0.4762927527742523,0.28625371540991784,9822,2404,9822,7418,0.1059453771464103,0.35002630697852394,0.9213810316139767,0.7450621054774995,0.3594967330000145,0.02912987699983205,1.6512611520001883,,,,,,,False,False,0,0,0,,,,,
optimization,rg_gamma65_recovery__conditioned_p10_f025,train,447,rg_gamma65_recovery,gamma65,region_growing,conditioned_p10_f025,vesselness_conditioned,3,,1.0,2.0,10.0,0.25,1.0,found_but_wrong,False,0.0,10.795136550527337,0.4694181676817416,0.19722859814673127,0.4694181676817416,0.27218956953501033,9961,2619,9961,7342,0.11096761850098054,0.3465346534653465,0.8858342878961436,0.7273366127898805,0.3594967330000145,0.06962139200004458,2.065028355999857,,,,,,,False,False,1,1,58,0.02384871430695057,4893.0,4190.0,0.856325362763131,
optimization,rg_gamma65_recovery__conditioned_p10_f050,train,447,rg_gamma65_recovery,gamma65,region_growing,conditioned_p10_f050,vesselness_conditioned,3,,1.0,2.0,10.0,0.5,1.0,found_but_wrong,False,0.0,10.795136550527337,0.4664658108462143,0.19722859814673127,0.4664658108462143,0.26923721269948303,9629,2619,9629,7010,0.11096761850098054,0.34065145644999284,0.8858342878961436,0.7396406688129609,0.3594967330000145,0.06962139200004458,2.0595556989992474,,,,,,,False,False,1,1,58,0.04769742861390114,4893.0,3858.0,0.7884733292458614,
optimization,rg_gamma65_recovery__conditioned_p10_f075,train,447,rg_gamma65_recovery,gamma65,region_growing,conditioned_p10_f075,vesselness_conditioned,3,,1.0,2.0,10.0,0.75,1.0,found_but_wrong,False,0.0,10.795136550527337,0.46407741251325557,0.19722859814673127,0.46407741251325557,0.2668488143665243,9269,2619,9269,6650,0.11096761850098054,0.3349117520447697,0.8858342878961436,0.7554212967957709,0.3594967330000145,0.06962139200004458,2.1054861259999598,,,,,,,False,False,1,1,58,0.07154614292085171,4893.0,3498.0,0.7148988350705089,
optimization,rg_gamma65_recovery__current_c3_d2,train,447,rg_gamma65_recovery,gamma65,region_growing,current_c3_d2,standard,3,2.0,,,,,,found_but_wrong,False,0.0,10.795136550527337,0.47245890215704284,0.19722859814673127,0.47245890215704284,0.27523030401031157,10664,2619,10664,8045,0.11096761850098054,0.3567226287846176,0.8858342878961436,0.6993623405851462,0.3594967330000145,0.06962139200004458,1.639503927000078,,,,,,,False,False,1,1,58,,,,,
optimization,rg_gamma65_relax090__conditioned_p10_f025,train,447,rg_gamma65_relax090,gamma65,region_growing,conditioned_p10_f025,vesselness_conditioned,3,,1.0,2.0,10.0,0.25,1.0,found_but_wrong,False,0.0,10.795136550527337,0.4712628782479103,0.20090897506689886,0.4712628782479103,0.27035390318101143,9959,2636,9959,7323,0.11312000765293921,0.34787391782656524,0.8971927162367223,0.730294206245607,0.3594967330000145,0.03196698300052958,2.1166175159996783,,,,,,,False,False,0,0,0,0.023523898795247078,4881.0,4179.0,0.8561770129071912,
optimization,rg_gamma65_relax090__conditioned_p10_f050,train,447,rg_gamma65_relax090,gamma65,region_growing,conditioned_p10_f050,vesselness_conditioned,3,,1.0,2.0,10.0,0.5,1.0,found_but_wrong,False,0.0,10.795136550527337,0.46793465806789536,0.20090897506689886,0.46793465806789536,0.2670256830009965,9640,2636,9640,7004,0.11312000765293921,0.341847228201081,0.8971927162367223,0.741390041493776,0.3594967330000145,0.03196698300052958,2.1016922220005654,,,,,,,False,False,0,0,0,0.047047797590494156,4881.0,3860.0,0.790821552960459,
optimization,rg_gamma65_relax090__conditioned_p10_f075,train,447,rg_gamma65_relax090,gamma65,region_growing,conditioned_p10_f075,vesselness_conditioned,3,,1.0,2.0,10.0,0.75,1.0,found_but_wrong,False,0.0,10.795136550527337,0.46485771012574456,0.20090897506689886,0.46485771012574456,0.2639487350588457,9313,2636,9313,6677,0.11312000765293921,0.33596403118572726,0.8971927162367223,0.7542145388167079,0.3594967330000145,0.03196698300052958,2.05272265900021,,,,,,,False,False,0,0,0,0.07057169638574123,4881.0,3533.0,0.7238270846138086,
optimization,rg_gamma65_relax090__current_c3_d2,train,447,rg_gamma65_relax090,gamma65,region_growing,current_c3_d2,standard,3,2.0,,,,,,found_but_wrong,False,0.0,10.795136550527337,0.47478459199189055,0.20090897506689886,0.47478459199189055,0.2738756169249917,10661,2636,10661,8025,0.11312000765293921,0.35844454010618454,0.8971927162367223,0.7029359347153176,0.3594967330000145,0.03196698300052958,1.6879778850006915,,,,,,,False,False,0,0,0,,,,,
optimization,rg_gamma65_window3__conditioned_p10_f025,train,447,rg_gamma65_window3,gamma65,region_growing,conditioned_p10_f025,vesselness_conditioned,3,,1.0,2.0,10.0,0.25,1.0,found_but_wrong,False,0.0,10.795136550527337,0.15481819322984225,0.05053818081027394,0.15481819322984225,0.1042800124195683,2992,740,2992,2252,0.026163485913808772,0.08848710958052328,0.7391891891891892,0.6183155080213903,0.3594967330000145,0.020827892999477626,2.084261527000308,,,,,,,False,False,0,0,0,0.022826507687568665,1437.0,1276.0,0.8879610299234516,
optimization,rg_gamma65_window3__conditioned_p10_f050,train,447,rg_gamma65_window3,gamma65,region_growing,conditioned_p10_f050,vesselness_conditioned,3,,1.0,2.0,10.0,0.5,1.0,found_but_wrong,False,0.0,10.795136550527337,0.15219856368905127,0.05053818081027394,0.15219856368905127,0.10166038287877732,2904,740,2904,2164,0.026163485913808772,0.08666953651886927,0.7391891891891892,0.6239669421487604,0.3594967330000145,0.020827892999477626,2.0595343519999005,,,,,,,False,False,0,0,0,0.04565301537513733,1437.0,1188.0,0.826722338204593,
optimization,rg_gamma65_window3__conditioned_p10_f075,train,447,rg_gamma65_window3,gamma65,region_growing,conditioned_p10_f075,vesselness_conditioned,3,,1.0,2.0,10.0,0.75,1.0,found_but_wrong,False,0.0,10.795136550527337,0.1502509807229932,0.05053818081027394,0.1502509807229932,0.09971279991271925,2800,740,2800,2060,0.026163485913808772,0.08518677954751996,0.7391891891891892,0.6360714285714286,0.3594967330000145,0.020827892999477626,2.1168147930002306,,,,,,,False,False,0,0,0,0.068479523062706,1437.0,1084.0,0.7543493389004872,
optimization,rg_gamma65_window3__current_c3_d2,train,447,rg_gamma65_window3,gamma65,region_growing,current_c3_d2,standard,3,2.0,,,,,,found_but_wrong,False,0.0,10.795136550527337,0.15810473815461346,0.05053818081027394,0.15810473815461346,0.10756655734433951,3153,740,3153,2413,0.026163485913808772,0.09097431482278663,0.7391891891891892,0.6032350142721218,0.3594967330000145,0.020827892999477626,1.6397962760001974,,,,,,,False,False,0,0,0,,,,,
optimization,fc_affinity_floor024_only__conditioned_p10_f025,train,518,fc_affinity_floor024_only,current,fuzzy_connectedness,conditioned_p10_f025,vesselness_conditioned,3,,1.0,2.0,10.0,0.25,1.0,both_tolerable,True,0.0,1.0982191061341653,0.6776128963382086,0.4184568626096567,0.6776128963382086,0.25915603372855195,24828,6947,24828,17881,0.2752760485300132,0.7210433044031445,0.8720310925579386,0.6391171258256807,0.34883582900056354,1.4951076100005594,2.0776983019995896,6947.0,373270.0,373270.0,0.16,8.0,False,False,False,0,0,0,0.016460949555039406,12037.0,9769.0,0.8115809587106422,
optimization,fc_affinity_floor024_only__conditioned_p10_f050,train,518,fc_affinity_floor024_only,current,fuzzy_connectedness,conditioned_p10_f050,vesselness_conditioned,3,,1.0,2.0,10.0,0.5,1.0,both_tolerable,True,0.0,1.0982191061341653,0.6804128200661905,0.4184568626096567,0.6804128200661905,0.26195595745653383,23921,6947,23921,16974,0.2752760485300132,0.7100013632026173,0.8720310925579386,0.6531917561974834,0.34883582900056354,1.4951076100005594,2.072587662000842,6947.0,373270.0,373270.0,0.16,8.0,False,False,False,0,0,0,0.03292189911007881,12037.0,8862.0,0.7362299576306388,
optimization,fc_affinity_floor024_only__conditioned_p10_f075,train,518,fc_affinity_floor024_only,current,fuzzy_connectedness,conditioned_p10_f075,vesselness_conditioned,3,,1.0,2.0,10.0,0.75,1.0,both_tolerable,True,0.0,1.0982191061341653,0.681633829037477,0.4184568626096567,0.681633829037477,0.26317696642782035,23114,6947,23114,16167,0.2752760485300132,0.6987776616531104,0.8720310925579386,0.66531106688587,0.34883582900056354,1.4951076100005594,2.0218769659995814,6947.0,373270.0,373270.0,0.16,8.0,False,False,False,0,0,0,0.04938284866511822,12037.0,8055.0,0.6691866744205367,
optimization,fc_affinity_floor024_only__current_c3_d2,train,518,fc_affinity_floor024_only,current,fuzzy_connectedness,current_c3_d2,standard,3,2.0,,,,,,both_tolerable,True,0.0,1.0982191061341653,0.6653768608842637,0.4184568626096567,0.6653768608842637,0.24691999827460703,27096,6947,27096,20149,0.2752760485300132,0.7423092652337893,0.8720310925579386,0.602893416002362,0.34883582900056354,1.4951076100005594,1.6075370320004367,6947.0,373270.0,373270.0,0.16,8.0,False,False,False,0,0,0,,,,,
optimization,fc_alpha017__conditioned_p10_f025,train,518,fc_alpha017,current,fuzzy_connectedness,conditioned_p10_f025,vesselness_conditioned,3,,1.0,2.0,10.0,0.25,1.0,both_tolerable,True,0.0,1.0982191061341653,0.6872973509495556,0.4044397463002114,0.6872973509495556,0.2828576046493442,23330,6373,23330,16957,0.2607806606988685,0.7079565592765938,0.9005178095088655,0.6678096870981569,0.34883582900056354,1.4428578930001095,2.0398463720002837,6373.0,373270.0,373270.0,0.17,8.0,False,False,False,0,0,0,0.019201649352908134,11278.0,9399.0,0.8333924454690548,
optimization,fc_alpha017__conditioned_p10_f050,train,518,fc_alpha017,current,fuzzy_connectedness,conditioned_p10_f050,vesselness_conditioned,3,,1.0,2.0,10.0,0.5,1.0,both_tolerable,True,0.0,1.0982191061341653,0.68964897298755,0.4044397463002114,0.68964897298755,0.2852092266873386,22491,6373,22491,16118,0.2607806606988685,0.6972326986867815,0.9005178095088655,0.6822284469343293,0.34883582900056354,1.4428578930001095,2.0386101240001153,6373.0,373270.0,373270.0,0.17,8.0,False,False,False,0,0,0,0.03840329870581627,11278.0,8560.0,0.7589998226635928,
optimization,fc_alpha017__conditioned_p10_f075,train,518,fc_alpha017,current,fuzzy_connectedness,conditioned_p10_f075,vesselness_conditioned,3,,1.0,2.0,10.0,0.75,1.0,both_tolerable,True,0.0,1.0982191061341653,0.6895762789420701,0.4044397463002114,0.6895762789420701,0.2851365326418587,21701,6373,21701,15328,0.2607806606988685,0.6847821147816604,0.9005178095088655,0.6944380443297544,0.34883582900056354,1.4428578930001095,2.0802983399998993,6373.0,373270.0,373270.0,0.17,8.0,False,False,False,0,0,0,0.0576049480587244,11278.0,7770.0,0.6889519418336585,
optimization,fc_alpha017__current_c3_d2,train,518,fc_alpha017,current,fuzzy_connectedness,current_c3_d2,standard,3,2.0,,,,,,both_tolerable,True,0.0,1.0982191061341653,0.6801084378176889,0.4044397463002114,0.6801084378176889,0.2756686915174775,25209,6373,25209,18836,0.2607806606988685,0.7295860408051984,0.9005178095088655,0.6369153873616565,0.34883582900056354,1.4428578930001095,1.6671004069994524,6373.0,373270.0,373270.0,0.17,8.0,False,False,False,0,0,0,,,,,
optimization,fc_candidate024_only__conditioned_p10_f025,train,518,fc_candidate024_only,current,fuzzy_connectedness,conditioned_p10_f025,vesselness_conditioned,3,,1.0,2.0,10.0,0.25,1.0,both_tolerable,True,0.0,1.0982191061341653,0.6855809490579204,0.4150745695225455,0.6855809490579204,0.27050637953537493,23849,6624,23849,17225,0.27000499840959696,0.7142727314036443,0.8970410628019324,0.6591052035724768,0.34883582900056354,1.441319919000307,2.1459756539998125,6624.0,301353.0,301353.0,0.16,8.0,False,False,False,0,0,0,0.017315028235316277,11443.0,9511.0,0.8311631565148999,
optimization,fc_candidate024_only__conditioned_p10_f050,train,518,fc_candidate024_only,current,fuzzy_connectedness,conditioned_p10_f050,vesselness_conditioned,3,,1.0,2.0,10.0,0.5,1.0,both_tolerable,True,0.0,1.0982191061341653,0.6886295431810604,0.4150745695225455,0.6886295431810604,0.2735549736585149,22978,6624,22978,16354,0.27000499840959696,0.7038215113373018,0.8970410628019324,0.6740795543563408,0.34883582900056354,1.441319919000307,2.13802912599931,6624.0,301353.0,301353.0,0.16,8.0,False,False,False,0,0,0,0.03463005647063255,11443.0,8640.0,0.7550467534737394,
optimization,fc_candidate024_only__conditioned_p10_f075,train,518,fc_candidate024_only,current,fuzzy_connectedness,conditioned_p10_f075,vesselness_conditioned,3,,1.0,2.0,10.0,0.75,1.0,both_tolerable,True,0.0,1.0982191061341653,0.689209056159953,0.4150745695225455,0.689209056159953,0.27413448663740747,22206,6624,22206,15582,0.27000499840959696,0.692325169264325,0.8970410628019324,0.6861208682338107,0.34883582900056354,1.441319919000307,2.066868889000034,6624.0,301353.0,301353.0,0.16,8.0,False,False,False,0,0,0,0.05194508470594883,11443.0,7868.0,0.6875819278161321,
optimization,fc_candidate024_only__current_c3_d2,train,518,fc_candidate024_only,current,fuzzy_connectedness,current_c3_d2,standard,3,2.0,,,,,,both_tolerable,True,0.0,1.0982191061341653,0.6775341089813343,0.4150745695225455,0.6775341089813343,0.26245953945878875,25781,6624,25781,19157,0.27000499840959696,0.735629572408779,0.8970410628019324,0.6279430588417827,0.34883582900056354,1.441319919000307,1.7071869060000608,6624.0,301353.0,301353.0,0.16,8.0,False,False,False,0,0,0,,,,,
optimization,fc_current__conditioned_p10_f025,train,518,fc_current,current,fuzzy_connectedness,conditioned_p10_f025,vesselness_conditioned,3,,1.0,2.0,10.0,0.25,1.0,both_tolerable,True,0.0,1.0982191061341653,0.6855809490579204,0.4150745695225455,0.6855809490579204,0.27050637953537493,23849,6624,23849,17225,0.27000499840959696,0.7142727314036443,0.8970410628019324,0.6591052035724768,0.34883582900056354,1.4612628929999119,2.035946351000348,6624.0,373270.0,373270.0,0.16,8.0,False,False,False,0,0,0,0.017315028235316277,11443.0,9511.0,0.8311631565148999,
optimization,fc_current__conditioned_p10_f050,train,518,fc_current,current,fuzzy_connectedness,conditioned_p10_f050,vesselness_conditioned,3,,1.0,2.0,10.0,0.5,1.0,both_tolerable,True,0.0,1.0982191061341653,0.6886295431810604,0.4150745695225455,0.6886295431810604,0.2735549736585149,22978,6624,22978,16354,0.27000499840959696,0.7038215113373018,0.8970410628019324,0.6740795543563408,0.34883582900056354,1.4612628929999119,2.041095817000496,6624.0,373270.0,373270.0,0.16,8.0,False,False,False,0,0,0,0.03463005647063255,11443.0,8640.0,0.7550467534737394,
optimization,fc_current__conditioned_p10_f075,train,518,fc_current,current,fuzzy_connectedness,conditioned_p10_f075,vesselness_conditioned,3,,1.0,2.0,10.0,0.75,1.0,both_tolerable,True,0.0,1.0982191061341653,0.689209056159953,0.4150745695225455,0.689209056159953,0.27413448663740747,22206,6624,22206,15582,0.27000499840959696,0.692325169264325,0.8970410628019324,0.6861208682338107,0.34883582900056354,1.4612628929999119,2.0474367939996228,6624.0,373270.0,373270.0,0.16,8.0,False,False,False,0,0,0,0.05194508470594883,11443.0,7868.0,0.6875819278161321,
optimization,fc_current__current_c3_d2,train,518,fc_current,current,fuzzy_connectedness,current_c3_d2,standard,3,2.0,,,,,,both_tolerable,True,0.0,1.0982191061341653,0.6775341089813343,0.4150745695225455,0.6775341089813343,0.26245953945878875,25781,6624,25781,19157,0.27000499840959696,0.735629572408779,0.8970410628019324,0.6279430588417827,0.34883582900056354,1.4612628929999119,1.6143992620000063,6624.0,373270.0,373270.0,0.16,8.0,False,False,False,0,0,0,,,,,
optimization,fc_floor020__conditioned_p10_f025,train,518,fc_floor020,current,fuzzy_connectedness,conditioned_p10_f025,vesselness_conditioned,3,,1.0,2.0,10.0,0.25,1.0,both_tolerable,True,0.0,1.0982191061341653,0.684826595883556,0.41658529781001535,0.684826595883556,0.26824129807354063,23955,6669,23955,17286,0.2714136411141909,0.7151360930612987,0.8956365272154746,0.6569818409517846,0.34883582900056354,1.4561076599993612,2.0919922210005097,6669.0,345594.0,345594.0,0.16,8.0,False,False,False,0,0,0,0.016977155581116676,11470.0,9545.0,0.8321708805579773,
optimization,fc_floor020__conditioned_p10_f050,train,518,fc_floor020,current,fuzzy_connectedness,conditioned_p10_f050,vesselness_conditioned,3,,1.0,2.0,10.0,0.5,1.0,both_tolerable,True,0.0,1.0982191061341653,0.6876386547164788,0.41658529781001535,0.6876386547164788,0.2710533569064634,23069,6669,23069,16400,0.2714136411141909,0.7042304721225064,0.8956365272154746,0.6718106549915471,0.34883582900056354,1.4561076599993612,2.0490958279997358,6669.0,345594.0,345594.0,0.16,8.0,False,False,False,0,0,0,0.03395431116223335,11470.0,8659.0,0.754925893635571,
optimization,fc_floor020__conditioned_p10_f075,train,518,fc_floor020,current,fuzzy_connectedness,conditioned_p10_f075,vesselness_conditioned,3,,1.0,2.0,10.0,0.75,1.0,both_tolerable,True,0.0,1.0982191061341653,0.6885231095757411,0.41658529781001535,0.6885231095757411,0.2719378117657258,22282,6669,22282,15613,0.2714136411141909,0.6928250102240197,0.8956365272154746,0.6842743021272776,0.34883582900056354,1.4561076599993612,2.0480435070003296,6669.0,345594.0,345594.0,0.16,8.0,False,False,False,0,0,0,0.05093146674335003,11470.0,7872.0,0.686312118570183,
optimization,fc_floor020__current_c3_d2,train,518,fc_floor020,current,fuzzy_connectedness,current_c3_d2,standard,3,2.0,,,,,,both_tolerable,True,0.0,1.0982191061341653,0.6765510472570844,0.41658529781001535,0.6765510472570844,0.259965749447069,25880,6669,25880,19211,0.2714136411141909,0.7360839732812287,0.8956365272154746,0.6259273570324575,0.34883582900056354,1.4561076599993612,1.652573155999562,6669.0,345594.0,345594.0,0.16,8.0,False,False,False,0,0,0,,,,,
optimization,fc_floor020_recovery__conditioned_p10_f025,train,518,fc_floor020_recovery,current,fuzzy_connectedness,conditioned_p10_f025,vesselness_conditioned,3,,1.0,2.0,10.0,0.25,1.0,both_tolerable,True,0.0,1.0982191061341653,0.684826595883556,0.41658529781001535,0.684826595883556,0.26824129807354063,23955,6669,23955,17286,0.2714136411141909,0.7151360930612987,0.8956365272154746,0.6569818409517846,0.34883582900056354,1.604173119000734,2.0806470309998986,,,,,,,False,False,0,0,0,0.016977155581116676,11470.0,9545.0,0.8321708805579773,
optimization,fc_floor020_recovery__conditioned_p10_f050,train,518,fc_floor020_recovery,current,fuzzy_connectedness,conditioned_p10_f050,vesselness_conditioned,3,,1.0,2.0,10.0,0.5,1.0,both_tolerable,True,0.0,1.0982191061341653,0.6876386547164788,0.41658529781001535,0.6876386547164788,0.2710533569064634,23069,6669,23069,16400,0.2714136411141909,0.7042304721225064,0.8956365272154746,0.6718106549915471,0.34883582900056354,1.604173119000734,2.0773116640002627,,,,,,,False,False,0,0,0,0.03395431116223335,11470.0,8659.0,0.754925893635571,
optimization,fc_floor020_recovery__conditioned_p10_f075,train,518,fc_floor020_recovery,current,fuzzy_connectedness,conditioned_p10_f075,vesselness_conditioned,3,,1.0,2.0,10.0,0.75,1.0,both_tolerable,True,0.0,1.0982191061341653,0.6885231095757411,0.41658529781001535,0.6885231095757411,0.2719378117657258,22282,6669,22282,15613,0.2714136411141909,0.6928250102240197,0.8956365272154746,0.6842743021272776,0.34883582900056354,1.604173119000734,2.088425509999979,,,,,,,False,False,0,0,0,0.05093146674335003,11470.0,7872.0,0.686312118570183,
optimization,fc_floor020_recovery__current_c3_d2,train,518,fc_floor020_recovery,current,fuzzy_connectedness,current_c3_d2,standard,3,2.0,,,,,,both_tolerable,True,0.0,1.0982191061341653,0.6765510472570844,0.41658529781001535,0.6765510472570844,0.259965749447069,25880,6669,25880,19211,0.2714136411141909,0.7360839732812287,0.8956365272154746,0.6259273570324575,0.34883582900056354,1.604173119000734,1.6441828710003392,,,,,,,False,False,0,0,0,,,,,
optimization,fc_floor024__conditioned_p10_f025,train,518,fc_floor024,current,fuzzy_connectedness,conditioned_p10_f025,vesselness_conditioned,3,,1.0,2.0,10.0,0.25,1.0,both_tolerable,True,0.0,1.0982191061341653,0.6776128963382086,0.4184568626096567,0.6776128963382086,0.25915603372855195,24828,6947,24828,17881,0.2752760485300132,0.7210433044031445,0.8720310925579386,0.6391171258256807,0.34883582900056354,1.4522456360000433,2.167900412000563,6947.0,301353.0,301353.0,0.16,8.0,False,False,False,0,0,0,0.016460949555039406,12037.0,9769.0,0.8115809587106422,
optimization,fc_floor024__conditioned_p10_f050,train,518,fc_floor024,current,fuzzy_connectedness,conditioned_p10_f050,vesselness_conditioned,3,,1.0,2.0,10.0,0.5,1.0,both_tolerable,True,0.0,1.0982191061341653,0.6804128200661905,0.4184568626096567,0.6804128200661905,0.26195595745653383,23921,6947,23921,16974,0.2752760485300132,0.7100013632026173,0.8720310925579386,0.6531917561974834,0.34883582900056354,1.4522456360000433,2.121268386000338,6947.0,301353.0,301353.0,0.16,8.0,False,False,False,0,0,0,0.03292189911007881,12037.0,8862.0,0.7362299576306388,
optimization,fc_floor024__conditioned_p10_f075,train,518,fc_floor024,current,fuzzy_connectedness,conditioned_p10_f075,vesselness_conditioned,3,,1.0,2.0,10.0,0.75,1.0,both_tolerable,True,0.0,1.0982191061341653,0.681633829037477,0.4184568626096567,0.681633829037477,0.26317696642782035,23114,6947,23114,16167,0.2752760485300132,0.6987776616531104,0.8720310925579386,0.66531106688587,0.34883582900056354,1.4522456360000433,2.1048330049998185,6947.0,301353.0,301353.0,0.16,8.0,False,False,False,0,0,0,0.04938284866511822,12037.0,8055.0,0.6691866744205367,
optimization,fc_floor024__current_c3_d2,train,518,fc_floor024,current,fuzzy_connectedness,current_c3_d2,standard,3,2.0,,,,,,both_tolerable,True,0.0,1.0982191061341653,0.6653768608842637,0.4184568626096567,0.6653768608842637,0.24691999827460703,27096,6947,27096,20149,0.2752760485300132,0.7423092652337893,0.8720310925579386,0.602893416002362,0.34883582900056354,1.4522456360000433,1.6680359940000926,6947.0,301353.0,301353.0,0.16,8.0,False,False,False,0,0,0,,,,,
optimization,rg_gamma55_current__conditioned_p10_f025,train,518,rg_gamma55_current,current,region_growing,conditioned_p10_f025,vesselness_conditioned,3,,1.0,2.0,10.0,0.25,1.0,both_tolerable,True,0.0,1.0982191061341653,0.7154400795624067,0.40120557930889467,0.7154400795624067,0.3142345002535121,26257,6527,26257,19730,0.260099059390194,0.7845231062843641,0.876972575455799,0.65753894199642,0.34883582900056354,0.05819305400018493,2.018078467000123,,,,,,,False,False,0,0,0,0.024571353569626808,13329.0,11139.0,0.8356966013954535,
optimization,rg_gamma55_current__conditioned_p10_f050,train,518,rg_gamma55_current,current,region_growing,conditioned_p10_f050,vesselness_conditioned,3,,1.0,2.0,10.0,0.5,1.0,both_tolerable,True,0.0,1.0982191061341653,0.717607973421927,0.40120557930889467,0.717607973421927,0.3164023941130323,25250,6527,25250,18723,0.260099059390194,0.7704821193256691,0.876972575455799,0.6715247524752476,0.34883582900056354,0.05819305400018493,2.0356157369997163,,,,,,,False,False,0,0,0,0.049142707139253616,13329.0,10132.0,0.7601470477905319,
optimization,rg_gamma55_current__conditioned_p10_f075,train,518,rg_gamma55_current,current,region_growing,conditioned_p10_f075,vesselness_conditioned,3,,1.0,2.0,10.0,0.75,1.0,both_tolerable,True,0.0,1.0982191061341653,0.7164745996806077,0.40120557930889467,0.7164745996806077,0.315269020371713,24331,6527,24331,17804,0.260099059390194,0.7543054482664606,0.876972575455799,0.6822572027454687,0.34883582900056354,0.05819305400018493,2.0470485980004014,,,,,,,False,False,0,0,0,0.07371406070888042,13329.0,9213.0,0.691199639882962,
optimization,rg_gamma55_current__current_c3_d2,train,518,rg_gamma55_current,current,region_growing,current_c3_d2,standard,3,2.0,,,,,,both_tolerable,True,0.0,1.0982191061341653,0.7037697704840052,0.40120557930889467,0.7037697704840052,0.3025641911751106,28447,6527,28447,21920,0.260099059390194,0.8067433089471532,0.876972575455799,0.6241079902977467,0.34883582900056354,0.05819305400018493,1.607105510999645,,,,,,,False,False,0,0,0,,,,,
optimization,rg_gamma65_current__conditioned_p10_f025,train,518,rg_gamma65_current,gamma65,region_growing,conditioned_p10_f025,vesselness_conditioned,3,,1.0,2.0,10.0,0.25,1.0,both_tolerable,True,0.0,1.0982191061341653,0.6983400114481969,0.35714285714285715,0.6983400114481969,0.34119715430533976,21668,5377,21668,16291,0.22220202662789112,0.6929613304857545,0.909429049655942,0.7038028429019753,0.3550370220000332,0.050722468999993,2.0430492049999884,,,,,,,False,False,0,0,0,0.024075910449028015,10846.0,9267.0,0.8544163747003504,
optimization,rg_gamma65_current__conditioned_p10_f050,train,518,rg_gamma65_current,gamma65,region_growing,conditioned_p10_f050,vesselness_conditioned,3,,1.0,2.0,10.0,0.5,1.0,both_tolerable,True,0.0,1.0982191061341653,0.6969725241405047,0.35714285714285715,0.6969725241405047,0.33982966699764755,20867,5377,20867,15490,0.22220202662789112,0.6789203435270595,0.909429049655942,0.7160109263430297,0.3550370220000332,0.050722468999993,2.043488551000337,,,,,,,False,False,0,0,0,0.04815182089805603,10846.0,8466.0,0.780564263322884,
optimization,rg_gamma65_current__conditioned_p10_f075,train,518,rg_gamma65_current,gamma65,region_growing,conditioned_p10_f075,vesselness_conditioned,3,,1.0,2.0,10.0,0.75,1.0,both_tolerable,True,0.0,1.0982191061341653,0.6948967481604558,0.35714285714285715,0.6948967481604558,0.3377538910175986,20123,5377,20123,14746,0.22220202662789112,0.6651519970918344,0.909429049655942,0.7274263280822939,0.3550370220000332,0.050722468999993,2.052539498000442,,,,,,,False,False,0,0,0,0.07222773134708405,10846.0,7722.0,0.7119675456389453,
optimization,rg_gamma65_current__current_c3_d2,train,518,rg_gamma65_current,gamma65,region_growing,current_c3_d2,standard,3,2.0,,,,,,both_tolerable,True,0.0,1.0982191061341653,0.6934193662438679,0.35714285714285715,0.6934193662438679,0.33627650910101076,23247,5377,23247,17870,0.22220202662789112,0.7129549688735403,0.909429049655942,0.6749257968770164,0.3550370220000332,0.050722468999993,1.6211985509999067,,,,,,,False,False,0,0,0,,,,,
optimization,rg_gamma65_divisor6__conditioned_p10_f025,train,518,rg_gamma65_divisor6,gamma65,region_growing,conditioned_p10_f025,vesselness_conditioned,3,,1.0,2.0,10.0,0.25,1.0,both_tolerable,True,0.0,1.0982191061341653,0.6985442226698407,0.3575027382256298,0.6985442226698407,0.34104148444421095,21681,5383,21681,16298,0.22247466715136094,0.6933702912709593,0.9095300018577002,0.7037959503712928,0.3550370220000332,0.04912345299999288,2.0324276609999288,,,,,,,False,False,0,0,0,0.02406812645494938,10854.0,9268.0,0.8538787543762668,
optimization,rg_gamma65_divisor6__conditioned_p10_f050,train,518,rg_gamma65_divisor6,gamma65,region_growing,conditioned_p10_f050,vesselness_conditioned,3,,1.0,2.0,10.0,0.5,1.0,both_tolerable,True,0.0,1.0982191061341653,0.6970594408040482,0.3575027382256298,0.6970594408040482,0.33955670257841847,20876,5383,20876,15493,0.22247466715136094,0.6791475439632844,0.9095300018577002,0.7159417512933512,0.3550370220000332,0.04912345299999288,2.0352831909995075,,,,,,,False,False,0,0,0,0.04813625290989876,10854.0,8463.0,0.7797125483692647,
optimization,rg_gamma65_divisor6__conditioned_p10_f075,train,518,rg_gamma65_divisor6,gamma65,region_growing,conditioned_p10_f075,vesselness_conditioned,3,,1.0,2.0,10.0,0.75,1.0,both_tolerable,True,0.0,1.0982191061341653,0.6950021358393849,0.3575027382256298,0.6950021358393849,0.3374993976137551,20131,5383,20131,14748,0.22247466715136094,0.6653791975280593,0.9095300018577002,0.7273856241617406,0.3550370220000332,0.04912345299999288,2.0276493970004594,,,,,,,False,False,0,0,0,0.07220437936484814,10854.0,7718.0,0.7110742583379399,
optimization,rg_gamma65_divisor6__current_c3_d2,train,518,rg_gamma65_divisor6,gamma65,region_growing,current_c3_d2,standard,3,2.0,,,,,,both_tolerable,True,0.0,1.0982191061341653,0.6935106241993197,0.3575027382256298,0.6935106241993197,0.33600788597368997,23267,5383,23267,17884,0.22247466715136094,0.713363929658745,0.9095300018577002,0.6747324536897752,0.3550370220000332,0.04912345299999288,1.5992386739999347,,,,,,,False,False,0,0,0,,,,,
optimization,rg_gamma65_divisor8__conditioned_p10_f025,train,518,rg_gamma65_divisor8,gamma65,region_growing,conditioned_p10_f025,vesselness_conditioned,3,,1.0,2.0,10.0,0.25,1.0,both_tolerable,True,0.0,1.0982191061341653,0.6983879831470965,0.35696285745590006,0.6983879831470965,0.34142512569119643,21665,5374,21665,16291,0.22206570636615622,0.6929613304857545,0.9093784890212132,0.7039003000230787,0.3550370220000332,0.049955591000070854,2.0428071149999596,,,,,,,False,False,0,0,0,0.02408820018172264,10845.0,9269.0,0.8546795758414015,
optimization,rg_gamma65_divisor8__conditioned_p10_f050,train,518,rg_gamma65_divisor8,gamma65,region_growing,conditioned_p10_f050,vesselness_conditioned,3,,1.0,2.0,10.0,0.5,1.0,both_tolerable,True,0.0,1.0982191061341653,0.697021296447482,0.35696285745590006,0.697021296447482,0.34005843899158195,20864,5374,20864,15490,0.22206570636615622,0.6789203435270595,0.9093784890212132,0.7161138803680982,0.3550370220000332,0.049955591000070854,2.0363694830002714,,,,,,,False,False,0,0,0,0.04817640036344528,10845.0,8468.0,0.7808206546795758,
optimization,rg_gamma65_divisor8__conditioned_p10_f075,train,518,rg_gamma65_divisor8,gamma65,region_growing,conditioned_p10_f075,vesselness_conditioned,3,,1.0,2.0,10.0,0.75,1.0,both_tolerable,True,0.0,1.0982191061341653,0.6949462340066941,0.35696285745590006,0.6949462340066941,0.337983376550794,20120,5374,20120,14746,0.22206570636615622,0.6651519970918344,0.9093784890212132,0.7275347912524851,0.3550370220000332,0.049955591000070854,2.0426617319999423,,,,,,,False,False,0,0,0,0.07226460054516792,10845.0,7724.0,0.7122176118026741,
optimization,rg_gamma65_divisor8__current_c3_d2,train,518,rg_gamma65_divisor8,gamma65,region_growing,current_c3_d2,standard,3,2.0,,,,,,both_tolerable,True,0.0,1.0982191061341653,0.6934671145685997,0.35696285745590006,0.6934671145685997,0.3365042571126996,23241,5374,23241,17867,0.22206570636615622,0.7129095287862953,0.9093784890212132,0.6750570113162084,0.3550370220000332,0.049955591000070854,1.6046162599996023,,,,,,,False,False,0,0,0,,,,,
optimization,rg_gamma65_floor065__conditioned_p10_f025,train,518,rg_gamma65_floor065,gamma65,region_growing,conditioned_p10_f025,vesselness_conditioned,3,,1.0,2.0,10.0,0.25,1.0,both_tolerable,True,0.0,1.0982191061341653,0.6977798894263995,0.38270815572605854,0.6977798894263995,0.3150717337003409,24297,6145,24297,18152,0.24478574998863997,0.7340846094424501,0.8766476810414972,0.6648969008519571,0.3550370220000332,0.056008689999544004,2.0435538170004293,,,,,,,False,False,0,0,0,0.020675448700785637,12244.0,10176.0,0.8311009474028095,
optimization,rg_gamma65_floor065__conditioned_p10_f050,train,518,rg_gamma65_floor065,gamma65,region_growing,conditioned_p10_f050,vesselness_conditioned,3,,1.0,2.0,10.0,0.5,1.0,both_tolerable,True,0.0,1.0982191061341653,0.6981763721258039,0.38270815572605854,0.6981763721258039,0.3154682163997453,23397,6145,23397,17252,0.24478574998863997,0.7202253828327351,0.8766476810414972,0.6774372782835406,0.3550370220000332,0.056008689999544004,2.059358742000768,,,,,,,False,False,0,0,0,0.041350897401571274,12244.0,9276.0,0.7575955570075139,
optimization,rg_gamma65_floor065__conditioned_p10_f075,train,518,rg_gamma65_floor065,gamma65,region_growing,conditioned_p10_f075,vesselness_conditioned,3,,1.0,2.0,10.0,0.75,1.0,both_tolerable,True,0.0,1.0982191061341653,0.6971084770114943,0.38270815572605854,0.6971084770114943,0.3144003212854357,22537,6145,22537,16392,0.24478574998863997,0.7055027945653656,0.8766476810414972,0.6889115676443183,0.3550370220000332,0.056008689999544004,2.0844103489998815,,,,,,,False,False,0,0,0,0.06202634610235691,12244.0,8416.0,0.6873570728520092,
optimization,rg_gamma65_floor065__current_c3_d2,train,518,rg_gamma65_floor065,gamma65,region_growing,current_c3_d2,standard,3,2.0,,,,,,both_tolerable,True,0.0,1.0982191061341653,0.6884561316464071,0.38270815572605854,0.6884561316464071,0.3057479759203485,26365,6145,26365,20220,0.24478574998863997,0.7566228927159541,0.8766476810414972,0.6315569884316329,0.3550370220000332,0.056008689999544004,1.6220783069993558,,,,,,,False,False,0,0,0,,,,,
optimization,rg_gamma65_floor090__conditioned_p10_f025,train,518,rg_gamma65_floor090,gamma65,region_growing,conditioned_p10_f025,vesselness_conditioned,3,,1.0,2.0,10.0,0.25,1.0,both_tolerable,True,0.0,1.0982191061341653,0.6963905588434817,0.3414435734358823,0.6963905588434817,0.3549469854075994,20742,5037,20742,15705,0.209796882810015,0.6763756986413414,0.916617033948779,0.7176260727027287,0.3550370220000332,0.04804962999969575,2.0651181729999735,,,,,,,False,False,0,0,0,0.027678612619638443,10507.0,8975.0,0.8541924431331493,
optimization,rg_gamma65_floor090__conditioned_p10_f050,train,518,rg_gamma65_floor090,gamma65,region_growing,conditioned_p10_f050,vesselness_conditioned,3,,1.0,2.0,10.0,0.5,1.0,both_tolerable,True,0.0,1.0982191061341653,0.6943227281386931,0.3414435734358823,0.6943227281386931,0.35287915470281084,19985,5037,19985,14948,0.209796882810015,0.6624255918571363,0.916617033948779,0.7294470853139855,0.3550370220000332,0.04804962999969575,2.0583084769996276,,,,,,,False,False,0,0,0,0.055357225239276886,10507.0,8218.0,0.782145236508994,
optimization,rg_gamma65_floor090__conditioned_p10_f075,train,518,rg_gamma65_floor090,gamma65,region_growing,conditioned_p10_f075,vesselness_conditioned,3,,1.0,2.0,10.0,0.75,1.0,both_tolerable,True,0.0,1.0982191061341653,0.691413627778585,0.3414435734358823,0.691413627778585,0.3499700543427027,19291,5037,19291,14254,0.209796882810015,0.6487481255964012,0.916617033948779,0.7400860504898658,0.3550370220000332,0.04804962999969575,2.0493659029998526,,,,,,,False,False,0,0,0,0.08303583785891533,10507.0,7524.0,0.7160940325497287,
optimization,rg_gamma65_floor090__current_c3_d2,train,518,rg_gamma65_floor090,gamma65,region_growing,current_c3_d2,standard,3,2.0,,,,,,both_tolerable,True,0.0,1.0982191061341653,0.6927576161333303,0.3414435734358823,0.6927576161333303,0.35131404269744804,22274,5037,22274,17237,0.209796882810015,0.6969600581633116,0.916617033948779,0.6886055490706654,0.3550370220000332,0.04804962999969575,1.6135305919997336,,,,,,,False,False,0,0,0,,,,,
optimization,rg_gamma65_recovery__conditioned_p10_f025,train,518,rg_gamma65_recovery,gamma65,region_growing,conditioned_p10_f025,vesselness_conditioned,3,,1.0,2.0,10.0,0.25,1.0,both_tolerable,True,0.0,1.0982191061341653,0.6983400114481969,0.35714285714285715,0.6983400114481969,0.34119715430533976,21668,5377,21668,16291,0.22220202662789112,0.6929613304857545,0.909429049655942,0.7038028429019753,0.3550370220000332,0.07825174899971898,2.1041474220000964,,,,,,,False,False,0,0,0,0.024075910449028015,10846.0,9267.0,0.8544163747003504,
optimization,rg_gamma65_recovery__conditioned_p10_f050,train,518,rg_gamma65_recovery,gamma65,region_growing,conditioned_p10_f050,vesselness_conditioned,3,,1.0,2.0,10.0,0.5,1.0,both_tolerable,True,0.0,1.0982191061341653,0.6969725241405047,0.35714285714285715,0.6969725241405047,0.33982966699764755,20867,5377,20867,15490,0.22220202662789112,0.6789203435270595,0.909429049655942,0.7160109263430297,0.3550370220000332,0.07825174899971898,2.0863974300000336,,,,,,,False,False,0,0,0,0.04815182089805603,10846.0,8466.0,0.780564263322884,
optimization,rg_gamma65_recovery__conditioned_p10_f075,train,518,rg_gamma65_recovery,gamma65,region_growing,conditioned_p10_f075,vesselness_conditioned,3,,1.0,2.0,10.0,0.75,1.0,both_tolerable,True,0.0,1.0982191061341653,0.6948967481604558,0.35714285714285715,0.6948967481604558,0.3377538910175986,20123,5377,20123,14746,0.22220202662789112,0.6651519970918344,0.909429049655942,0.7274263280822939,0.3550370220000332,0.07825174899971898,2.0996167149996836,,,,,,,False,False,0,0,0,0.07222773134708405,10846.0,7722.0,0.7119675456389453,
optimization,rg_gamma65_recovery__current_c3_d2,train,518,rg_gamma65_recovery,gamma65,region_growing,current_c3_d2,standard,3,2.0,,,,,,both_tolerable,True,0.0,1.0982191061341653,0.6934193662438679,0.35714285714285715,0.6934193662438679,0.33627650910101076,23247,5377,23247,17870,0.22220202662789112,0.7129549688735403,0.909429049655942,0.6749257968770164,0.3550370220000332,0.07825174899971898,1.6901086500001838,,,,,,,False,False,0,0,0,,,,,
optimization,rg_gamma65_relax090__conditioned_p10_f025,train,518,rg_gamma65_relax090,gamma65,region_growing,conditioned_p10_f025,vesselness_conditioned,3,,1.0,2.0,10.0,0.25,1.0,both_tolerable,True,0.0,1.0982191061341653,0.6888050202103665,0.3611602788715096,0.6888050202103665,0.3276447413388569,22772,5676,22772,17096,0.22715499613759257,0.7007770254918889,0.8807258632840028,0.6772352011241876,0.3550370220000332,0.052652001000751625,2.1599388369995722,,,,,,,False,False,0,0,0,0.022884223610162735,11554.0,9621.0,0.8326986325082223,
optimization,rg_gamma65_relax090__conditioned_p10_f050,train,518,rg_gamma65_relax090,gamma65,region_growing,conditioned_p10_f050,vesselness_conditioned,3,,1.0,2.0,10.0,0.5,1.0,both_tolerable,True,0.0,1.0982191061341653,0.688139757062918,0.3611602788715096,0.688139757062918,0.3269794781914084,21955,5676,21955,16279,0.22715499613759257,0.6873267596673786,0.8807258632840028,0.6889546800273286,0.3550370220000332,0.052652001000751625,2.072139955000239,,,,,,,False,False,0,0,0,0.04576844722032547,11554.0,8804.0,0.7619871905833477,
optimization,rg_gamma65_relax090__conditioned_p10_f075,train,518,rg_gamma65_relax090,gamma65,region_growing,conditioned_p10_f075,vesselness_conditioned,3,,1.0,2.0,10.0,0.75,1.0,both_tolerable,True,0.0,1.0982191061341653,0.6858320978502594,0.3611602788715096,0.6858320978502594,0.32467181897874986,21161,5676,21161,15485,0.22715499613759257,0.6726496114872541,0.8807258632840028,0.6995416095647654,0.3550370220000332,0.052652001000751625,2.1088849869993282,,,,,,,False,False,0,0,0,0.0686526708304882,11554.0,8010.0,0.6932664012463217,
optimization,rg_gamma65_relax090__current_c3_d2,train,518,rg_gamma65_relax090,gamma65,region_growing,current_c3_d2,standard,3,2.0,,,,,,both_tolerable,True,0.0,1.0982191061341653,0.6799537592053434,0.3611602788715096,0.6799537592053434,0.3187934803338338,24705,5676,24705,19029,0.22715499613759257,0.721634025537329,0.8807258632840028,0.6428253390002023,0.3550370220000332,0.052652001000751625,1.6740330640004686,,,,,,,False,False,0,0,0,,,,,
optimization,rg_gamma65_window3__conditioned_p10_f025,train,518,rg_gamma65_window3,gamma65,region_growing,conditioned_p10_f025,vesselness_conditioned,3,,1.0,2.0,10.0,0.25,1.0,both_tolerable,True,0.0,1.0982191061341653,0.5844133201603998,0.24866363096416552,0.5844133201603998,0.33574968919623427,12407,3248,12407,9159,0.14268187394919798,0.4569455173353933,0.9667487684729064,0.8105101958571774,0.3550370220000332,0.048823737999555306,2.1350860399998055,,,,,,,False,False,0,0,0,0.024914801120758057,5995.0,5095.0,0.8498748957464554,
optimization,rg_gamma65_window3__conditioned_p10_f050,train,518,rg_gamma65_window3,gamma65,region_growing,conditioned_p10_f050,vesselness_conditioned,3,,1.0,2.0,10.0,0.5,1.0,both_tolerable,True,0.0,1.0982191061341653,0.5787148830908769,0.24866363096416552,0.5787148830908769,0.3300512521267114,11951,3248,11951,8703,0.14268187394919798,0.44649429726905077,0.9667487684729064,0.8221906116642959,0.3550370220000332,0.048823737999555306,2.0921474169999783,,,,,,,False,False,0,0,0,0.04982960224151611,5995.0,4639.0,0.773811509591326,
optimization,rg_gamma65_window3__conditioned_p10_f075,train,518,rg_gamma65_window3,gamma65,region_growing,conditioned_p10_f075,vesselness_conditioned,3,,1.0,2.0,10.0,0.75,1.0,both_tolerable,True,0.0,1.0982191061341653,0.5740492569760862,0.24866363096416552,0.5740492569760862,0.32538562601192067,11572,3248,11572,8324,0.14268187394919798,0.4379515608669969,0.9667487684729064,0.8328724507431732,0.3550370220000332,0.048823737999555306,2.0808294190001106,,,,,,,False,False,0,0,0,0.07474440336227417,5995.0,4260.0,0.7105921601334445,
optimization,rg_gamma65_window3__current_c3_d2,train,518,rg_gamma65_window3,gamma65,region_growing,current_c3_d2,standard,3,2.0,,,,,,both_tolerable,True,0.0,1.0982191061341653,0.5899643200996771,0.24866363096416552,0.5899643200996771,0.3413006891355116,13307,3248,13307,10059,0.14268187394919798,0.47334938883082656,0.9667487684729064,0.7828210716164424,0.3550370220000332,0.048823737999555306,1.7268675049999729,,,,,,,False,False,0,0,0,,,,,
optimization,fc_affinity_floor024_only__conditioned_p10_f025,train,538,fc_affinity_floor024_only,current,fuzzy_connectedness,conditioned_p10_f025,vesselness_conditioned,3,,1.0,2.0,10.0,0.25,1.0,both_tolerable,True,0.0,0.8095744354916121,0.5256712800561261,0.3041354202321312,0.5256712800561261,0.22153585982399487,22323,7423,22323,14900,0.19774217042971595,0.5002427773731488,0.6583591539808703,0.5538234108318775,0.45179303900022205,1.7894686800000272,2.289614010999685,7423.0,438847.0,438847.0,0.16,8.0,False,False,False,0,0,0,0.01607893779873848,10470.0,7609.0,0.7267430754536772,
optimization,fc_affinity_floor024_only__conditioned_p10_f050,train,538,fc_affinity_floor024_only,current,fuzzy_connectedness,conditioned_p10_f050,vesselness_conditioned,3,,1.0,2.0,10.0,0.5,1.0,both_tolerable,True,0.0,0.8095744354916121,0.5265018429504451,0.3041354202321312,0.5265018429504451,0.22236642271831392,21679,7423,21679,14256,0.19774217042971595,0.4941733430444283,0.6583591539808703,0.5633562433691591,0.45179303900022205,1.7894686800000272,2.352101216999472,7423.0,438847.0,438847.0,0.16,8.0,False,False,False,0,0,0,0.03215787559747696,10470.0,6965.0,0.6652340019102196,
optimization,fc_affinity_floor024_only__conditioned_p10_f075,train,538,fc_affinity_floor024_only,current,fuzzy_connectedness,conditioned_p10_f075,vesselness_conditioned,3,,1.0,2.0,10.0,0.75,1.0,both_tolerable,True,0.0,0.8095744354916121,0.5246310811402548,0.3041354202321312,0.5246310811402548,0.22049566090812361,20960,7423,20960,13537,0.19774217042971595,0.48478595128267377,0.6583591539808703,0.5716125954198473,0.45179303900022205,1.7894686800000272,2.340291470000011,7423.0,438847.0,438847.0,0.16,8.0,False,False,False,0,0,0,0.04823681339621544,10470.0,6246.0,0.5965616045845272,
optimization,fc_affinity_floor024_only__current_c3_d2,train,538,fc_affinity_floor024_only,current,fuzzy_connectedness,current_c3_d2,standard,3,2.0,,,,,,both_tolerable,True,0.0,0.8095744354916121,0.5038278087298088,0.3041354202321312,0.5038278087298088,0.19969238849767762,25184,7423,25184,17761,0.19774217042971595,0.5086185967467832,0.6583591539808703,0.4991264294790343,0.45179303900022205,1.7894686800000272,1.8344742649996988,7423.0,438847.0,438847.0,0.16,8.0,False,False,False,0,0,0,,,,,
optimization,fc_alpha017__conditioned_p10_f025,train,538,fc_alpha017,current,fuzzy_connectedness,conditioned_p10_f025,vesselness_conditioned,3,,1.0,2.0,10.0,0.25,1.0,both_tolerable,True,0.0,0.8095744354916121,0.44309784215193615,0.20462260743950886,0.44309784215193615,0.2384752347124273,9116,2976,9116,6140,0.11463138302176903,0.30326940195840413,0.9519489247311828,0.8221807810443177,0.45179303900022205,0.7704105760003586,2.3358311749998393,2976.0,438847.0,438847.0,0.17,8.0,False,False,False,0,0,0,0.01763366162776947,4117.0,3313.0,0.8047121690551372,
optimization,fc_alpha017__conditioned_p10_f050,train,538,fc_alpha017,current,fuzzy_connectedness,conditioned_p10_f050,vesselness_conditioned,3,,1.0,2.0,10.0,0.5,1.0,both_tolerable,True,0.0,0.8095744354916121,0.4399666149994038,0.20462260743950886,0.4399666149994038,0.23534400755989496,8834,2976,8834,5858,0.11463138302176903,0.2986161689730517,0.9519489247311828,0.8354086484038941,0.45179303900022205,0.7704105760003586,2.3208947009998155,2976.0,438847.0,438847.0,0.17,8.0,False,False,False,0,0,0,0.03526732325553894,4117.0,3031.0,0.736215691037163,
optimization,fc_alpha017__conditioned_p10_f075,train,538,fc_alpha017,current,fuzzy_connectedness,conditioned_p10_f075,vesselness_conditioned,3,,1.0,2.0,10.0,0.75,1.0,both_tolerable,True,0.0,0.8095744354916121,0.4344738346724444,0.20462260743950886,0.4344738346724444,0.22985122723293552,8517,2976,8517,5541,0.11463138302176903,0.2921016427935583,0.9519489247311828,0.847598919807444,0.45179303900022205,0.7704105760003586,2.2865919269997903,2976.0,438847.0,438847.0,0.17,8.0,False,False,False,0,0,0,0.05290098488330841,4117.0,2714.0,0.659217877094972,
optimization,fc_alpha017__current_c3_d2,train,538,fc_alpha017,current,fuzzy_connectedness,current_c3_d2,standard,3,2.0,,,,,,both_tolerable,True,0.0,0.8095744354916121,0.4412427094762372,0.20462260743950886,0.4412427094762372,0.23662010203672837,9920,2976,9920,6944,0.11463138302176903,0.30917698470502547,0.9519489247311828,0.7702620967741935,0.45179303900022205,0.7704105760003586,1.879511029999776,2976.0,438847.0,438847.0,0.17,8.0,False,False,False,0,0,0,,,,,
optimization,fc_candidate024_only__conditioned_p10_f025,train,538,fc_candidate024_only,current,fuzzy_connectedness,conditioned_p10_f025,vesselness_conditioned,3,,1.0,2.0,10.0,0.25,1.0,both_tolerable,True,0.0,0.8095744354916121,0.4446597950254016,0.20991295590245307,0.4446597950254016,0.23474683912294853,9339,3088,9339,6251,0.11807072914137735,0.30634458201828924,0.9449481865284974,0.8106863689902559,0.45179303900022205,0.7797104209994359,2.3510135000005903,3088.0,362959.0,362959.0,0.16,8.0,False,False,False,0,0,0,0.016134873032569885,4197.0,3362.0,0.8010483678818203,
optimization,fc_candidate024_only__conditioned_p10_f050,train,538,fc_candidate024_only,current,fuzzy_connectedness,conditioned_p10_f050,vesselness_conditioned,3,,1.0,2.0,10.0,0.5,1.0,both_tolerable,True,0.0,0.8095744354916121,0.44226669824727616,0.20991295590245307,0.44226669824727616,0.2323537423448231,9062,3088,9062,5974,0.11807072914137735,0.30221736667475924,0.9449481865284974,0.8242109909512249,0.45179303900022205,0.7797104209994359,2.423601405000227,3088.0,362959.0,362959.0,0.16,8.0,False,False,False,0,0,0,0.03226974606513977,4197.0,3085.0,0.7350488444126757,
optimization,fc_candidate024_only__conditioned_p10_f075,train,538,fc_candidate024_only,current,fuzzy_connectedness,conditioned_p10_f075,vesselness_conditioned,3,,1.0,2.0,10.0,0.75,1.0,both_tolerable,True,0.0,0.8095744354916121,0.43691092426917205,0.20991295590245307,0.43691092426917205,0.22699796836671898,8707,3088,8707,5619,0.11807072914137735,0.2954196002265922,0.9449481865284974,0.838520730446767,0.45179303900022205,0.7797104209994359,2.3397356040004524,3088.0,362959.0,362959.0,0.16,8.0,False,False,False,0,0,0,0.048404619097709656,4197.0,2730.0,0.6504646175839885,
optimization,fc_candidate024_only__current_c3_d2,train,538,fc_candidate024_only,current,fuzzy_connectedness,current_c3_d2,standard,3,2.0,,,,,,both_tolerable,True,0.0,0.8095744354916121,0.4424443934877322,0.20991295590245307,0.4424443934877322,0.2325314375852791,10174,3088,10174,7086,0.11807072914137735,0.31229262766043536,0.9449481865284974,0.7586003538431295,0.45179303900022205,0.7797104209994359,1.900450942000134,3088.0,362959.0,362959.0,0.16,8.0,False,False,False,0,0,0,,,,,
optimization,fc_current__conditioned_p10_f025,train,538,fc_current,current,fuzzy_connectedness,conditioned_p10_f025,vesselness_conditioned,3,,1.0,2.0,10.0,0.25,1.0,both_tolerable,True,0.0,0.8095744354916121,0.4446597950254016,0.20991295590245307,0.4446597950254016,0.23474683912294853,9339,3088,9339,6251,0.11807072914137735,0.30634458201828924,0.9449481865284974,0.8106863689902559,0.45179303900022205,0.856915592000405,2.3622018220003156,3088.0,438847.0,438847.0,0.16,8.0,False,False,False,0,0,0,0.016134873032569885,4197.0,3362.0,0.8010483678818203,
optimization,fc_current__conditioned_p10_f050,train,538,fc_current,current,fuzzy_connectedness,conditioned_p10_f050,vesselness_conditioned,3,,1.0,2.0,10.0,0.5,1.0,both_tolerable,True,0.0,0.8095744354916121,0.44226669824727616,0.20991295590245307,0.44226669824727616,0.2323537423448231,9062,3088,9062,5974,0.11807072914137735,0.30221736667475924,0.9449481865284974,0.8242109909512249,0.45179303900022205,0.856915592000405,2.3407671489994755,3088.0,438847.0,438847.0,0.16,8.0,False,False,False,0,0,0,0.03226974606513977,4197.0,3085.0,0.7350488444126757,
optimization,fc_current__conditioned_p10_f075,train,538,fc_current,current,fuzzy_connectedness,conditioned_p10_f075,vesselness_conditioned,3,,1.0,2.0,10.0,0.75,1.0,both_tolerable,True,0.0,0.8095744354916121,0.43691092426917205,0.20991295590245307,0.43691092426917205,0.22699796836671898,8707,3088,8707,5619,0.11807072914137735,0.2954196002265922,0.9449481865284974,0.838520730446767,0.45179303900022205,0.856915592000405,2.3569970500002455,3088.0,438847.0,438847.0,0.16,8.0,False,False,False,0,0,0,0.048404619097709656,4197.0,2730.0,0.6504646175839885,
optimization,fc_current__current_c3_d2,train,538,fc_current,current,fuzzy_connectedness,current_c3_d2,standard,3,2.0,,,,,,both_tolerable,True,0.0,0.8095744354916121,0.4424443934877322,0.20991295590245307,0.4424443934877322,0.2325314375852791,10174,3088,10174,7086,0.11807072914137735,0.31229262766043536,0.9449481865284974,0.7586003538431295,0.45179303900022205,0.856915592000405,1.8452442629995858,3088.0,438847.0,438847.0,0.16,8.0,False,False,False,0,0,0,,,,,
optimization,fc_floor020__conditioned_p10_f025,train,538,fc_floor020,current,fuzzy_connectedness,conditioned_p10_f025,vesselness_conditioned,3,,1.0,2.0,10.0,0.25,1.0,both_tolerable,True,0.0,0.8095744354916121,0.5828563112447851,0.31669454667112745,0.5828563112447851,0.26616176457365764,16514,5176,16514,11338,0.19151088451889617,0.4861616897305171,0.9144126738794436,0.7275644907351339,0.45179303900022205,1.2592014760002712,2.449837285000285,5176.0,409382.0,409382.0,0.16,8.0,False,False,False,0,0,0,0.016457363963127136,7393.0,6226.0,0.8421479778168538,
optimization,fc_floor020__conditioned_p10_f050,train,538,fc_floor020,current,fuzzy_connectedness,conditioned_p10_f050,vesselness_conditioned,3,,1.0,2.0,10.0,0.5,1.0,both_tolerable,True,0.0,0.8095744354916121,0.5828175655761862,0.31669454667112745,0.5828175655761862,0.2661230189050588,16002,5176,16002,10826,0.19151088451889617,0.48009225540179656,0.9144126738794436,0.7414698162729659,0.45179303900022205,1.2592014760002712,2.3748549219999404,5176.0,409382.0,409382.0,0.16,8.0,False,False,False,0,0,0,0.03291472792625427,7393.0,5714.0,0.7728932774245908,
optimization,fc_floor020__conditioned_p10_f075,train,538,fc_floor020,current,fuzzy_connectedness,conditioned_p10_f075,vesselness_conditioned,3,,1.0,2.0,10.0,0.75,1.0,both_tolerable,True,0.0,0.8095744354916121,0.5802798633109676,0.31669454667112745,0.5802798633109676,0.26358531663984014,15377,5176,15377,10201,0.19151088451889617,0.47066440074451726,0.9144126738794436,0.7564544449502504,0.45179303900022205,1.2592014760002712,2.407636117999573,5176.0,409382.0,409382.0,0.16,8.0,False,False,False,0,0,0,0.04937209188938141,7393.0,5089.0,0.6883538482348167,
optimization,fc_floor020__current_c3_d2,train,538,fc_floor020,current,fuzzy_connectedness,current_c3_d2,standard,3,2.0,,,,,,both_tolerable,True,0.0,0.8095744354916121,0.5763415497110508,0.31669454667112745,0.5763415497110508,0.25964700303992333,17681,5176,17681,12505,0.19151088451889617,0.4943351946265275,0.9144126738794436,0.6909677054465245,0.45179303900022205,1.2592014760002712,1.8702453469995817,5176.0,409382.0,409382.0,0.16,8.0,False,False,False,0,0,0,,,,,
optimization,fc_floor020_recovery__conditioned_p10_f025,train,538,fc_floor020_recovery,current,fuzzy_connectedness,conditioned_p10_f025,vesselness_conditioned,3,,1.0,2.0,10.0,0.25,1.0,both_tolerable,True,0.0,0.8095744354916121,0.5828563112447851,0.31669454667112745,0.5828563112447851,0.26616176457365764,16514,5176,16514,11338,0.19151088451889617,0.4861616897305171,0.9144126738794436,0.7275644907351339,0.45179303900022205,1.3748741109993716,2.2867446749996816,,,,,,,False,False,0,0,0,0.016457363963127136,7393.0,6226.0,0.8421479778168538,
optimization,fc_floor020_recovery__conditioned_p10_f050,train,538,fc_floor020_recovery,current,fuzzy_connectedness,conditioned_p10_f050,vesselness_conditioned,3,,1.0,2.0,10.0,0.5,1.0,both_tolerable,True,0.0,0.8095744354916121,0.5828175655761862,0.31669454667112745,0.5828175655761862,0.2661230189050588,16002,5176,16002,10826,0.19151088451889617,0.48009225540179656,0.9144126738794436,0.7414698162729659,0.45179303900022205,1.3748741109993716,2.269914341999538,,,,,,,False,False,0,0,0,0.03291472792625427,7393.0,5714.0,0.7728932774245908,
optimization,fc_floor020_recovery__conditioned_p10_f075,train,538,fc_floor020_recovery,current,fuzzy_connectedness,conditioned_p10_f075,vesselness_conditioned,3,,1.0,2.0,10.0,0.75,1.0,both_tolerable,True,0.0,0.8095744354916121,0.5802798633109676,0.31669454667112745,0.5802798633109676,0.26358531663984014,15377,5176,15377,10201,0.19151088451889617,0.47066440074451726,0.9144126738794436,0.7564544449502504,0.45179303900022205,1.3748741109993716,2.2647627940004895,,,,,,,False,False,0,0,0,0.04937209188938141,7393.0,5089.0,0.6883538482348167,
optimization,fc_floor020_recovery__current_c3_d2,train,538,fc_floor020_recovery,current,fuzzy_connectedness,current_c3_d2,standard,3,2.0,,,,,,both_tolerable,True,0.0,0.8095744354916121,0.5763415497110508,0.31669454667112745,0.5763415497110508,0.25964700303992333,17681,5176,17681,12505,0.19151088451889617,0.4943351946265275,0.9144126738794436,0.6909677054465245,0.45179303900022205,1.3748741109993716,1.8209240719997979,,,,,,,False,False,0,0,0,,,,,
optimization,fc_floor024__conditioned_p10_f025,train,538,fc_floor024,current,fuzzy_connectedness,conditioned_p10_f025,vesselness_conditioned,3,,1.0,2.0,10.0,0.25,1.0,both_tolerable,True,0.0,0.8095744354916121,0.5256824559911557,0.3041638140287546,0.5256824559911557,0.22151864196240112,22322,7420,22322,14902,0.19774217042971595,0.5002427773731488,0.6586253369272237,0.5538482214855299,0.45179303900022205,1.6962483779998365,2.3533974940000917,7420.0,362959.0,362959.0,0.16,8.0,False,False,False,0,0,0,0.01610693708062172,10468.0,7611.0,0.727072984333206,
optimization,fc_floor024__conditioned_p10_f050,train,538,fc_floor024,current,fuzzy_connectedness,conditioned_p10_f050,vesselness_conditioned,3,,1.0,2.0,10.0,0.5,1.0,both_tolerable,True,0.0,0.8095744354916121,0.526524541398116,0.3041638140287546,0.526524541398116,0.2223607273693614,21677,7420,21677,14257,0.19774217042971595,0.4941733430444283,0.6586253369272237,0.5634082206947456,0.45179303900022205,1.6962483779998365,2.3519570329999624,7420.0,362959.0,362959.0,0.16,8.0,False,False,False,0,0,0,0.03221387416124344,10468.0,6966.0,0.665456629728697,
optimization,fc_floor024__conditioned_p10_f075,train,538,fc_floor024,current,fuzzy_connectedness,conditioned_p10_f075,vesselness_conditioned,3,,1.0,2.0,10.0,0.75,1.0,both_tolerable,True,0.0,0.8095744354916121,0.5246468849228074,0.3041638140287546,0.5246468849228074,0.22048307089405283,20951,7420,20951,13531,0.19774217042971595,0.4847050254916242,0.6586253369272237,0.5717626843587418,0.45179303900022205,1.6962483779998365,2.4123527909996483,7420.0,362959.0,362959.0,0.16,8.0,False,False,False,0,0,0,0.04832081124186516,10468.0,6240.0,0.596102407336645,
optimization,fc_floor024__current_c3_d2,train,538,fc_floor024,current,fuzzy_connectedness,current_c3_d2,standard,3,2.0,,,,,,both_tolerable,True,0.0,0.8095744354916121,0.5038782995610607,0.3041638140287546,0.5038782995610607,0.19971448553230609,25179,7420,25179,17759,0.19774217042971595,0.5086185967467832,0.6586253369272237,0.4992255450971047,0.45179303900022205,1.6962483779998365,1.8717842129999553,7420.0,362959.0,362959.0,0.16,8.0,False,False,False,0,0,0,,,,,
optimization,rg_gamma55_current__conditioned_p10_f025,train,538,rg_gamma55_current,current,region_growing,conditioned_p10_f025,vesselness_conditioned,3,,1.0,2.0,10.0,0.25,1.0,both_tolerable,True,0.0,0.8095744354916121,0.5241484172069352,0.2676596418951038,0.5241484172069352,0.2564887753118314,22639,6841,22639,15798,0.17087480780124625,0.5021445334628146,0.6173074111971933,0.5481690887406687,0.45179303900022205,0.06753963200026192,2.394976356999905,,,,,,,False,False,0,0,0,0.02386707067489624,10867.0,8254.0,0.7595472531517438,
optimization,rg_gamma55_current__conditioned_p10_f050,train,538,rg_gamma55_current,current,region_growing,conditioned_p10_f050,vesselness_conditioned,3,,1.0,2.0,10.0,0.5,1.0,both_tolerable,True,0.0,0.8095744354916121,0.521549138891269,0.2676596418951038,0.521549138891269,0.2538894969961652,21970,6841,21970,15129,0.17087480780124625,0.4925952901189609,0.6173074111971933,0.5541192535275375,0.45179303900022205,0.06753963200026192,2.360407127000144,,,,,,,False,False,0,0,0,0.04773414134979248,10867.0,7585.0,0.6979847243949572,
optimization,rg_gamma55_current__conditioned_p10_f075,train,538,rg_gamma55_current,current,region_growing,conditioned_p10_f075,vesselness_conditioned,3,,1.0,2.0,10.0,0.75,1.0,both_tolerable,True,0.0,0.8095744354916121,0.518318449139621,0.2676596418951038,0.518318449139621,0.2506588072445172,21196,6841,21196,14355,0.17087480780124625,0.48142753095411506,0.6173074111971933,0.5613323268541234,0.45179303900022205,0.06753963200026192,2.3248724649993164,,,,,,,False,False,0,0,0,0.07160121202468872,10867.0,6811.0,0.6267599153400203,
optimization,rg_gamma55_current__current_c3_d2,train,538,rg_gamma55_current,current,region_growing,current_c3_d2,standard,3,2.0,,,,,,both_tolerable,True,0.0,0.8095744354916121,0.5052235520153705,0.2676596418951038,0.5052235520153705,0.23756391012026673,25252,6841,25252,18411,0.17087480780124625,0.510722667314073,0.6173074111971933,0.49984159670521144,0.45179303900022205,0.06753963200026192,1.9163030909994632,,,,,,,False,False,0,0,0,,,,,
optimization,rg_gamma65_current__conditioned_p10_f025,train,538,rg_gamma65_current,gamma65,region_growing,conditioned_p10_f025,vesselness_conditioned,3,,1.0,2.0,10.0,0.25,1.0,both_tolerable,True,0.0,0.8095744354916121,0.5205667782779342,0.24198222251164003,0.5205667782779342,0.27858455576629415,20383,5999,20383,14384,0.15036011977017075,0.47495346767014646,0.619436572762127,0.5758720502379434,0.39566446600019844,0.05501756000012392,2.2759985399998186,,,,,,,False,False,0,0,0,0.023881345987319946,9906.0,7596.0,0.7668079951544519,
optimization,rg_gamma65_current__conditioned_p10_f050,train,538,rg_gamma65_current,gamma65,region_growing,conditioned_p10_f050,vesselness_conditioned,3,,1.0,2.0,10.0,0.5,1.0,both_tolerable,True,0.0,0.8095744354916121,0.516586078938491,0.24198222251164003,0.516586078938491,0.2746038564268509,19751,5999,19751,13752,0.15036011977017075,0.46471635510237114,0.619436572762127,0.581489544833173,0.39566446600019844,0.05501756000012392,2.280312240999592,,,,,,,False,False,0,0,0,0.04776269197463989,9906.0,6964.0,0.7030082778114274,
optimization,rg_gamma65_current__conditioned_p10_f075,train,538,rg_gamma65_current,gamma65,region_growing,conditioned_p10_f075,vesselness_conditioned,3,,1.0,2.0,10.0,0.75,1.0,both_tolerable,True,0.0,0.8095744354916121,0.5094326679014887,0.24198222251164003,0.5094326679014887,0.26745044538984863,19017,5999,19017,13018,0.15036011977017075,0.45071619325078904,0.619436572762127,0.5857390755639691,0.39566446600019844,0.05501756000012392,2.2725068139998257,,,,,,,False,False,0,0,0,0.07164403796195984,9906.0,6230.0,0.6289117706440541,
optimization,rg_gamma65_current__current_c3_d2,train,538,rg_gamma65_current,gamma65,region_growing,current_c3_d2,standard,3,2.0,,,,,,both_tolerable,True,0.0,0.8095744354916121,0.503765266732761,0.24198222251164003,0.503765266732761,0.261783044221121,22693,5999,22693,16694,0.15036011977017075,0.4831674354616816,0.619436572762127,0.5261975058388049,0.39566446600019844,0.05501756000012392,1.8123628900002586,,,,,,,False,False,0,0,0,,,,,
optimization,rg_gamma65_divisor6__conditioned_p10_f025,train,538,rg_gamma65_divisor6,gamma65,region_growing,conditioned_p10_f025,vesselness_conditioned,3,,1.0,2.0,10.0,0.25,1.0,both_tolerable,True,0.0,0.8095744354916121,0.5205206092991286,0.24195071133248688,0.5205206092991286,0.27856989796664167,20387,6003,20387,14384,0.15036011977017075,0.47495346767014646,0.619023821422622,0.5757590621474469,0.39566446600019844,0.05632558900015283,2.2985098220005966,,,,,,,False,False,0,0,0,0.023856235668063164,9910.0,7593.0,0.7661957618567103,
optimization,rg_gamma65_divisor6__conditioned_p10_f050,train,538,rg_gamma65_divisor6,gamma65,region_growing,conditioned_p10_f050,vesselness_conditioned,3,,1.0,2.0,10.0,0.5,1.0,both_tolerable,True,0.0,0.8095744354916121,0.5166295621669028,0.24195071133248688,0.5166295621669028,0.2746788508344159,19755,6003,19755,13752,0.15036011977017075,0.4647972808934207,0.619023821422622,0.5814730447987851,0.39566446600019844,0.05632558900015283,2.2769386869995287,,,,,,,False,False,0,0,0,0.04771247133612633,9910.0,6961.0,0.7024217961654894,
optimization,rg_gamma65_divisor6__conditioned_p10_f075,train,538,rg_gamma65_divisor6,gamma65,region_growing,conditioned_p10_f075,vesselness_conditioned,3,,1.0,2.0,10.0,0.75,1.0,both_tolerable,True,0.0,0.8095744354916121,0.5094093704982507,0.24195071133248688,0.5094093704982507,0.26745865916576383,19019,6003,19019,13016,0.15036011977017075,0.45071619325078904,0.619023821422622,0.5856774804143225,0.39566446600019844,0.05632558900015283,2.3261519939997015,,,,,,,False,False,0,0,0,0.07156870700418949,9910.0,6225.0,0.6281533804238143,
optimization,rg_gamma65_divisor6__current_c3_d2,train,538,rg_gamma65_divisor6,gamma65,region_growing,current_c3_d2,standard,3,2.0,,,,,,both_tolerable,True,0.0,0.8095744354916121,0.5036484035598296,0.24195071133248688,0.5036484035598296,0.26169769222734274,22704,6003,22704,16701,0.15036011977017075,0.4831674354616816,0.619023821422622,0.5259425651867512,0.39566446600019844,0.05632558900015283,1.8412742960008472,,,,,,,False,False,0,0,0,,,,,
optimization,rg_gamma65_divisor8__conditioned_p10_f025,train,538,rg_gamma65_divisor8,gamma65,region_growing,conditioned_p10_f025,vesselness_conditioned,3,,1.0,2.0,10.0,0.25,1.0,both_tolerable,True,0.0,0.8095744354916121,0.5205667782779342,0.24200586128296972,0.5205667782779342,0.27856091699496444,20383,5996,20383,14387,0.15036011977017075,0.47495346767014646,0.61974649766511,0.5758720502379434,0.39566446600019844,0.05511561799994524,2.277470106999317,,,,,,,False,False,0,0,0,0.023897645995020866,9906.0,7597.0,0.7669089440742984,
optimization,rg_gamma65_divisor8__conditioned_p10_f050,train,538,rg_gamma65_divisor8,gamma65,region_growing,conditioned_p10_f050,vesselness_conditioned,3,,1.0,2.0,10.0,0.5,1.0,both_tolerable,True,0.0,0.8095744354916121,0.516586078938491,0.24200586128296972,0.516586078938491,0.2745802176555212,19751,5996,19751,13755,0.15036011977017075,0.46471635510237114,0.61974649766511,0.581489544833173,0.39566446600019844,0.05511561799994524,2.2976594719993955,,,,,,,False,False,0,0,0,0.04779529199004173,9906.0,6965.0,0.703109226731274,
optimization,rg_gamma65_divisor8__conditioned_p10_f075,train,538,rg_gamma65_divisor8,gamma65,region_growing,conditioned_p10_f075,vesselness_conditioned,3,,1.0,2.0,10.0,0.75,1.0,both_tolerable,True,0.0,0.8095744354916121,0.5093304061470911,0.24200586128296972,0.5093304061470911,0.2673245448641214,19014,5996,19014,13018,0.15036011977017075,0.45059480456421463,0.61974649766511,0.585673714105396,0.39566446600019844,0.05511561799994524,2.339752724000391,,,,,,,False,False,0,0,0,0.0716929379850626,9906.0,6228.0,0.628709872804361,
optimization,rg_gamma65_divisor8__current_c3_d2,train,538,rg_gamma65_divisor8,gamma65,region_growing,current_c3_d2,standard,3,2.0,,,,,,both_tolerable,True,0.0,0.8095744354916121,0.5037758933468337,0.24200586128296972,0.5037758933468337,0.26177003206386396,22692,5996,22692,16696,0.15036011977017075,0.4831674354616816,0.61974649766511,0.5262206945178918,0.39566446600019844,0.05511561799994524,1.829351580000548,,,,,,,False,False,0,0,0,,,,,
optimization,rg_gamma65_floor065__conditioned_p10_f025,train,538,rg_gamma65_floor065,gamma65,region_growing,conditioned_p10_f025,vesselness_conditioned,3,,1.0,2.0,10.0,0.25,1.0,both_tolerable,True,0.0,0.8095744354916121,0.5202063628546861,0.25931016846210403,0.5202063628546861,0.2608961943925821,21806,6569,21806,15237,0.16411750424860402,0.48960103585012543,0.6174455777135028,0.5548931486746767,0.39566446600019844,0.06012113299948396,2.277010873999643,,,,,,,False,False,0,0,0,0.02012140490114689,10523.0,7977.0,0.758053786942887,
optimization,rg_gamma65_floor065__conditioned_p10_f050,train,538,rg_gamma65_floor065,gamma65,region_growing,conditioned_p10_f050,vesselness_conditioned,3,,1.0,2.0,10.0,0.5,1.0,both_tolerable,True,0.0,0.8095744354916121,0.5172654342518311,0.25931016846210403,0.5172654342518311,0.2579552657897271,21158,6569,21158,14589,0.16411750424860402,0.4800517925062717,0.6174455777135028,0.560733528688912,0.39566446600019844,0.06012113299948396,2.277017751999665,,,,,,,False,False,0,0,0,0.04024280980229378,10523.0,7329.0,0.6964743894326713,
optimization,rg_gamma65_floor065__conditioned_p10_f075,train,538,rg_gamma65_floor065,gamma65,region_growing,conditioned_p10_f075,vesselness_conditioned,3,,1.0,2.0,10.0,0.75,1.0,both_tolerable,True,0.0,0.8095744354916121,0.5135075189637581,0.25931016846210403,0.5135075189637581,0.2541973505016541,20372,6569,20372,13803,0.16411750424860402,0.4683984785951283,0.6174455777135028,0.5682309051639505,0.39566446600019844,0.06012113299948396,2.331502736999937,,,,,,,False,False,0,0,0,0.060364214703440666,10523.0,6543.0,0.6217808609712059,
optimization,rg_gamma65_floor065__current_c3_d2,train,538,rg_gamma65_floor065,gamma65,region_growing,current_c3_d2,standard,3,2.0,,,,,,both_tolerable,True,0.0,0.8095744354916121,0.5019769290343619,0.25931016846210403,0.5019769290343619,0.24266676057225783,24352,6569,24352,17783,0.16411750424860402,0.4983005583879582,0.6174455777135028,0.505707950065703,0.39566446600019844,0.06012113299948396,1.8027278749996185,,,,,,,False,False,0,0,0,,,,,
optimization,rg_gamma65_floor090__conditioned_p10_f025,train,538,rg_gamma65_floor090,gamma65,region_growing,conditioned_p10_f025,vesselness_conditioned,3,,1.0,2.0,10.0,0.25,1.0,both_tolerable,True,0.0,0.8095744354916121,0.4278799019607843,0.15851213898581928,0.4278799019607843,0.269367762974965,7926,2224,7926,5702,0.08638828194545602,0.2825523994497046,0.9599820143884892,0.8810244764067625,0.39566446600019844,0.028648746999351715,2.3290682080005354,,,,,,,False,False,0,0,0,0.027120886370539665,3705.0,3234.0,0.8728744939271255,
optimization,rg_gamma65_floor090__conditioned_p10_f050,train,538,rg_gamma65_floor090,gamma65,region_growing,conditioned_p10_f050,vesselness_conditioned,3,,1.0,2.0,10.0,0.5,1.0,both_tolerable,True,0.0,0.8095744354916121,0.42017690356899856,0.15851213898581928,0.42017690356899856,0.2616647645831793,7620,2224,7620,5396,0.08638828194545602,0.27486444929999193,0.9599820143884892,0.8914698162729658,0.39566446600019844,0.028648746999351715,2.331182715999603,,,,,,,False,False,0,0,0,0.05424177274107933,3705.0,2928.0,0.7902834008097166,
optimization,rg_gamma65_floor090__conditioned_p10_f075,train,538,rg_gamma65_floor090,gamma65,region_growing,conditioned_p10_f075,vesselness_conditioned,3,,1.0,2.0,10.0,0.75,1.0,both_tolerable,True,0.0,0.8095744354916121,0.4107577934653589,0.15851213898581928,0.4107577934653589,0.2522456544795396,7300,2224,7300,5076,0.08638828194545602,0.2660435380755847,0.9599820143884892,0.9006849315068494,0.39566446600019844,0.028648746999351715,2.3198272580002595,,,,,,,False,False,0,0,0,0.081362659111619,3705.0,2608.0,0.7039136302294197,
optimization,rg_gamma65_floor090__current_c3_d2,train,538,rg_gamma65_floor090,gamma65,region_growing,current_c3_d2,standard,3,2.0,,,,,,both_tolerable,True,0.0,0.8095744354916121,0.43079339192413396,0.15851213898581928,0.43079339192413396,0.2722812529383147,8397,2224,8397,6173,0.08638828194545602,0.28858137088290037,0.9599820143884892,0.8493509586757175,0.39566446600019844,0.028648746999351715,1.8049966690005022,,,,,,,False,False,0,0,0,,,,,
optimization,rg_gamma65_recovery__conditioned_p10_f025,train,538,rg_gamma65_recovery,gamma65,region_growing,conditioned_p10_f025,vesselness_conditioned,3,,1.0,2.0,10.0,0.25,1.0,both_tolerable,True,0.0,0.8095744354916121,0.5205667782779342,0.24198222251164003,0.5205667782779342,0.27858455576629415,20383,5999,20383,14384,0.15036011977017075,0.47495346767014646,0.619436572762127,0.5758720502379434,0.39566446600019844,0.08221961400067812,2.2788160410000273,,,,,,,False,False,0,0,0,0.023881345987319946,9906.0,7596.0,0.7668079951544519,
optimization,rg_gamma65_recovery__conditioned_p10_f050,train,538,rg_gamma65_recovery,gamma65,region_growing,conditioned_p10_f050,vesselness_conditioned,3,,1.0,2.0,10.0,0.5,1.0,both_tolerable,True,0.0,0.8095744354916121,0.516586078938491,0.24198222251164003,0.516586078938491,0.2746038564268509,19751,5999,19751,13752,0.15036011977017075,0.46471635510237114,0.619436572762127,0.581489544833173,0.39566446600019844,0.08221961400067812,2.2856669769998916,,,,,,,False,False,0,0,0,0.04776269197463989,9906.0,6964.0,0.7030082778114274,
optimization,rg_gamma65_recovery__conditioned_p10_f075,train,538,rg_gamma65_recovery,gamma65,region_growing,conditioned_p10_f075,vesselness_conditioned,3,,1.0,2.0,10.0,0.75,1.0,both_tolerable,True,0.0,0.8095744354916121,0.5094326679014887,0.24198222251164003,0.5094326679014887,0.26745044538984863,19017,5999,19017,13018,0.15036011977017075,0.45071619325078904,0.619436572762127,0.5857390755639691,0.39566446600019844,0.08221961400067812,2.2806854959999328,,,,,,,False,False,0,0,0,0.07164403796195984,9906.0,6230.0,0.6289117706440541,
optimization,rg_gamma65_recovery__current_c3_d2,train,538,rg_gamma65_recovery,gamma65,region_growing,current_c3_d2,standard,3,2.0,,,,,,both_tolerable,True,0.0,0.8095744354916121,0.503765266732761,0.24198222251164003,0.503765266732761,0.261783044221121,22693,5999,22693,16694,0.15036011977017075,0.4831674354616816,0.619436572762127,0.5261975058388049,0.39566446600019844,0.08221961400067812,1.8166888499999914,,,,,,,False,False,0,0,0,,,,,
optimization,rg_gamma65_relax090__conditioned_p10_f025,train,538,rg_gamma65_relax090,gamma65,region_growing,conditioned_p10_f025,vesselness_conditioned,3,,1.0,2.0,10.0,0.25,1.0,both_tolerable,True,0.0,0.8095744354916121,0.5211242786025816,0.24681760761830726,0.5211242786025816,0.2743066709842743,20684,6159,20684,14525,0.1541636319495023,0.4786355911629036,0.6186069167072576,0.5718913169599691,0.39566446600019844,0.05649457199979224,2.2727826740001547,,,,,,,False,False,0,0,0,0.022661469876766205,10024.0,7641.0,0.7622705506783719,
optimization,rg_gamma65_relax090__conditioned_p10_f050,train,538,rg_gamma65_relax090,gamma65,region_growing,conditioned_p10_f050,vesselness_conditioned,3,,1.0,2.0,10.0,0.5,1.0,both_tolerable,True,0.0,0.8095744354916121,0.5177306549281613,0.24681760761830726,0.5177306549281613,0.270913047309854,20039,6159,20039,13880,0.1541636319495023,0.4687626446548515,0.6186069167072576,0.5781226608114177,0.39566446600019844,0.05649457199979224,2.2866670129997146,,,,,,,False,False,0,0,0,0.04532293975353241,10024.0,6996.0,0.6979249800478851,
optimization,rg_gamma65_relax090__conditioned_p10_f075,train,538,rg_gamma65_relax090,gamma65,region_growing,conditioned_p10_f075,vesselness_conditioned,3,,1.0,2.0,10.0,0.75,1.0,both_tolerable,True,0.0,0.8095744354916121,0.5104767965092496,0.24681760761830726,0.5104767965092496,0.2636591888909423,19288,6159,19288,13129,0.1541636319495023,0.454438779639071,0.6186069167072576,0.5822791372874326,0.39566446600019844,0.05649457199979224,2.2822490819999075,,,,,,,False,False,0,0,0,0.06798440963029861,10024.0,6245.0,0.6230047885075818,
optimization,rg_gamma65_relax090__current_c3_d2,train,538,rg_gamma65_relax090,gamma65,region_growing,current_c3_d2,standard,3,2.0,,,,,,both_tolerable,True,0.0,0.8095744354916121,0.5035474351729767,0.24681760761830726,0.5035474351729767,0.25672982755466944,23067,6159,23067,16908,0.1541636319495023,0.4867686331633892,0.6186069167072576,0.5215242554298348,0.39566446600019844,0.05649457199979224,1.8279043840002487,,,,,,,False,False,0,0,0,,,,,
optimization,rg_gamma65_window3__conditioned_p10_f025,train,538,rg_gamma65_window3,gamma65,region_growing,conditioned_p10_f025,vesselness_conditioned,3,,1.0,2.0,10.0,0.25,1.0,both_tolerable,True,0.0,0.8095744354916121,0.4332716741971677,0.16587240016254756,0.4332716741971677,0.26739927403462016,8263,2355,8263,5908,0.09083920045318443,0.289066925629198,0.9532908704883227,0.8645770301343337,0.39566446600019844,0.04015234800044709,2.361865871000191,,,,,,,False,False,0,0,0,0.024286560714244843,3845.0,3331.0,0.8663198959687907,
optimization,rg_gamma65_window3__conditioned_p10_f050,train,538,rg_gamma65_window3,gamma65,region_growing,conditioned_p10_f050,vesselness_conditioned,3,,1.0,2.0,10.0,0.5,1.0,both_tolerable,True,0.0,0.8095744354916121,0.42635896180215477,0.16587240016254756,0.42635896180215477,0.2604865616396072,7958,2355,7958,5603,0.09083920045318443,0.28182406733025817,0.9532908704883227,0.8752199044986178,0.39566446600019844,0.04015234800044709,2.3511405760000343,,,,,,,False,False,0,0,0,0.048573121428489685,3845.0,3026.0,0.7869960988296489,
optimization,rg_gamma65_window3__conditioned_p10_f075,train,538,rg_gamma65_window3,gamma65,region_growing,conditioned_p10_f075,vesselness_conditioned,3,,1.0,2.0,10.0,0.75,1.0,both_tolerable,True,0.0,0.8095744354916121,0.4168805070335446,0.16587240016254756,0.4168805070335446,0.25100810687099706,7631,2355,7631,5276,0.09083920045318443,0.27280084162822693,0.9532908704883227,0.8835015070108767,0.39566446600019844,0.04015234800044709,2.323669990999406,,,,,,,False,False,0,0,0,0.07285968214273453,3845.0,2699.0,0.7019505851755526,
optimization,rg_gamma65_window3__current_c3_d2,train,538,rg_gamma65_window3,gamma65,region_growing,current_c3_d2,standard,3,2.0,,,,,,both_tolerable,True,0.0,0.8095744354916121,0.4352811203009764,0.16587240016254756,0.4352811203009764,0.2694087201384288,8777,2355,8777,6422,0.09083920045318443,0.29493404548029456,0.9532908704883227,0.8304659906574,0.39566446600019844,0.04015234800044709,1.8369149339996511,,,,,,,False,False,0,0,0,,,,,
optimization,fc_affinity_floor024_only__conditioned_p10_f025,train,550,fc_affinity_floor024_only,current,fuzzy_connectedness,conditioned_p10_f025,vesselness_conditioned,3,,1.0,2.0,10.0,0.25,1.0,both_tolerable,True,0.0,1.6331862610496237,0.5433158040409631,0.2992956059226604,0.5433158040409631,0.24402019811830272,11460,3425,11460,8035,0.17903003898188488,0.4501261178628755,0.9118248175182482,0.6851657940663176,0.3975700679993679,0.7999045500000648,2.3422741919994223,3425.0,572778.0,500000.0,0.16,8.0,False,False,True,0,0,0,0.014749620109796524,5396.0,4461.0,0.8267234988880652,
optimization,fc_affinity_floor024_only__conditioned_p10_f050,train,550,fc_affinity_floor024_only,current,fuzzy_connectedness,conditioned_p10_f050,vesselness_conditioned,3,,1.0,2.0,10.0,0.5,1.0,both_tolerable,True,0.0,1.6331862610496237,0.5445617480972257,0.2992956059226604,0.5445617480972257,0.24526614217456527,11067,3425,11067,7642,0.17903003898188488,0.44502407704654895,0.9118248175182482,0.7014547754585705,0.3975700679993679,0.7999045500000648,2.3061855549995016,3425.0,572778.0,500000.0,0.16,8.0,False,False,True,0,0,0,0.029499240219593048,5396.0,4068.0,0.7538917716827279,
optimization,fc_affinity_floor024_only__conditioned_p10_f075,train,550,fc_affinity_floor024_only,current,fuzzy_connectedness,conditioned_p10_f075,vesselness_conditioned,3,,1.0,2.0,10.0,0.75,1.0,both_tolerable,True,0.0,1.6331862610496237,0.5455645304771732,0.2992956059226604,0.5455645304771732,0.24626892455451282,10659,3425,10659,7234,0.17903003898188488,0.4394634258197661,0.9118248175182482,0.7192044281827563,0.3975700679993679,0.7999045500000648,2.3200204449995,3425.0,572778.0,500000.0,0.16,8.0,False,False,True,0,0,0,0.04424886032938957,5396.0,3660.0,0.6782802075611564,
optimization,fc_affinity_floor024_only__current_c3_d2,train,550,fc_affinity_floor024_only,current,fuzzy_connectedness,current_c3_d2,standard,3,2.0,,,,,,both_tolerable,True,0.0,1.6331862610496237,0.5348704715305472,0.2992956059226604,0.5348704715305472,0.23557486560788682,12395,3425,12395,8970,0.17903003898188488,0.45746388443017655,0.9118248175182482,0.6438079870915692,0.3975700679993679,0.7999045500000648,1.8773024920001262,3425.0,572778.0,500000.0,0.16,8.0,False,False,True,0,0,0,,,,,
optimization,fc_alpha017__conditioned_p10_f025,train,550,fc_alpha017,current,fuzzy_connectedness,conditioned_p10_f025,vesselness_conditioned,3,,1.0,2.0,10.0,0.25,1.0,both_tolerable,True,0.0,1.6331862610496237,0.5461495300883714,0.28951055708556794,0.5461495300883714,0.25663897300280347,11072,3253,11072,7819,0.17174959871589085,0.4463999082779179,0.9209960036889026,0.7033056358381503,0.3975700679993679,0.7992265839993706,2.3949987859996327,3253.0,572778.0,500000.0,0.17,8.0,False,False,True,0,0,0,0.017671309411525726,5267.0,4370.0,0.8296943231441049,
optimization,fc_alpha017__conditioned_p10_f050,train,550,fc_alpha017,current,fuzzy_connectedness,conditioned_p10_f050,vesselness_conditioned,3,,1.0,2.0,10.0,0.5,1.0,both_tolerable,True,0.0,1.6331862610496237,0.5469611294854013,0.28951055708556794,0.5469611294854013,0.2574505723998334,10675,3253,10675,7422,0.17174959871589085,0.4408392570511351,0.9209960036889026,0.7203747072599531,0.3975700679993679,0.7992265839993706,2.400173366000672,3253.0,572778.0,500000.0,0.17,8.0,False,False,True,0,0,0,0.03534261882305145,5267.0,3973.0,0.7543193468767799,
optimization,fc_alpha017__conditioned_p10_f075,train,550,fc_alpha017,current,fuzzy_connectedness,conditioned_p10_f075,vesselness_conditioned,3,,1.0,2.0,10.0,0.75,1.0,both_tolerable,True,0.0,1.6331862610496237,0.5468529953417831,0.28951055708556794,0.5468529953417831,0.25734243825621517,10249,3253,10249,6996,0.17174959871589085,0.4340747534969044,0.9209960036889026,0.7388037857351937,0.3975700679993679,0.7992265839993706,2.352959259000272,3253.0,572778.0,500000.0,0.17,8.0,False,False,True,0,0,0,0.05301392823457718,5267.0,3547.0,0.673438389975318,
optimization,fc_alpha017__current_c3_d2,train,550,fc_alpha017,current,fuzzy_connectedness,current_c3_d2,standard,3,2.0,,,,,,both_tolerable,True,0.0,1.6331862610496237,0.5387413728623398,0.28951055708556794,0.5387413728623398,0.24923081577677186,11969,3253,11969,8716,0.17174959871589085,0.4541962852556753,0.9209960036889026,0.6619600634973682,0.3975700679993679,0.7992265839993706,1.8805850979997558,3253.0,572778.0,500000.0,0.17,8.0,False,False,True,0,0,0,,,,,
optimization,fc_candidate024_only__conditioned_p10_f025,train,550,fc_candidate024_only,current,fuzzy_connectedness,conditioned_p10_f025,vesselness_conditioned,3,,1.0,2.0,10.0,0.25,1.0,both_tolerable,True,0.0,1.6331862610496237,0.5446329254727474,0.29620374819798173,0.5446329254727474,0.2484291772747657,11324,3366,11324,7958,0.17667966062829626,0.44909424443934876,0.9156268568033273,0.6918050158954433,0.3975700679993679,0.7850054330001512,2.3984057220004615,3366.0,472811.0,472811.0,0.16,8.0,False,False,False,0,0,0,0.015511933714151382,5344.0,4430.0,0.8289670658682635,
optimization,fc_candidate024_only__conditioned_p10_f050,train,550,fc_candidate024_only,current,fuzzy_connectedness,conditioned_p10_f050,vesselness_conditioned,3,,1.0,2.0,10.0,0.5,1.0,both_tolerable,True,0.0,1.6331862610496237,0.5460570381076603,0.29620374819798173,0.5460570381076603,0.24985328990967853,10923,3366,10923,7557,0.17667966062829626,0.4439922036230222,0.9156268568033273,0.709054289114712,0.3975700679993679,0.7850054330001512,2.404524338000556,3366.0,472811.0,472811.0,0.16,8.0,False,False,False,0,0,0,0.031023867428302765,5344.0,4029.0,0.7539296407185628,
optimization,fc_candidate024_only__conditioned_p10_f075,train,550,fc_candidate024_only,current,fuzzy_connectedness,conditioned_p10_f075,vesselness_conditioned,3,,1.0,2.0,10.0,0.75,1.0,both_tolerable,True,0.0,1.6331862610496237,0.5470550347097974,0.29620374819798173,0.5470550347097974,0.2508512865118157,10502,3366,10502,7136,0.17667966062829626,0.43820224719101125,0.9156268568033273,0.7278613597410017,0.3975700679993679,0.7850054330001512,2.379635729999791,3366.0,472811.0,472811.0,0.16,8.0,False,False,False,0,0,0,0.04653580114245415,5344.0,3608.0,0.6751497005988024,
optimization,fc_candidate024_only__current_c3_d2,train,550,fc_candidate024_only,current,fuzzy_connectedness,current_c3_d2,standard,3,2.0,,,,,,both_tolerable,True,0.0,1.6331862610496237,0.5369584259820767,0.29620374819798173,0.5369584259820767,0.24075467778409493,12238,3366,12238,8872,0.17667966062829626,0.4568332951157991,0.9156268568033273,0.6511684915835921,0.3975700679993679,0.7850054330001512,1.9143622150004376,3366.0,472811.0,472811.0,0.16,8.0,False,False,False,0,0,0,,,,,
optimization,fc_current__conditioned_p10_f025,train,550,fc_current,current,fuzzy_connectedness,conditioned_p10_f025,vesselness_conditioned,3,,1.0,2.0,10.0,0.25,1.0,both_tolerable,True,0.0,1.6331862610496237,0.5446329254727474,0.29620374819798173,0.5446329254727474,0.2484291772747657,11324,3366,11324,7958,0.17667966062829626,0.44909424443934876,0.9156268568033273,0.6918050158954433,0.3975700679993679,0.7807769660003032,2.329069577000155,3366.0,572778.0,500000.0,0.16,8.0,False,False,True,0,0,0,0.015511933714151382,5344.0,4430.0,0.8289670658682635,
optimization,fc_current__conditioned_p10_f050,train,550,fc_current,current,fuzzy_connectedness,conditioned_p10_f050,vesselness_conditioned,3,,1.0,2.0,10.0,0.5,1.0,both_tolerable,True,0.0,1.6331862610496237,0.5460570381076603,0.29620374819798173,0.5460570381076603,0.24985328990967853,10923,3366,10923,7557,0.17667966062829626,0.4439922036230222,0.9156268568033273,0.709054289114712,0.3975700679993679,0.7807769660003032,2.360254542999428,3366.0,572778.0,500000.0,0.16,8.0,False,False,True,0,0,0,0.031023867428302765,5344.0,4029.0,0.7539296407185628,
optimization,fc_current__conditioned_p10_f075,train,550,fc_current,current,fuzzy_connectedness,conditioned_p10_f075,vesselness_conditioned,3,,1.0,2.0,10.0,0.75,1.0,both_tolerable,True,0.0,1.6331862610496237,0.5470550347097974,0.29620374819798173,0.5470550347097974,0.2508512865118157,10502,3366,10502,7136,0.17667966062829626,0.43820224719101125,0.9156268568033273,0.7278613597410017,0.3975700679993679,0.7807769660003032,2.4006974350004384,3366.0,572778.0,500000.0,0.16,8.0,False,False,True,0,0,0,0.04653580114245415,5344.0,3608.0,0.6751497005988024,
optimization,fc_current__current_c3_d2,train,550,fc_current,current,fuzzy_connectedness,current_c3_d2,standard,3,2.0,,,,,,both_tolerable,True,0.0,1.6331862610496237,0.5369584259820767,0.29620374819798173,0.5369584259820767,0.24075467778409493,12238,3366,12238,8872,0.17667966062829626,0.4568332951157991,0.9156268568033273,0.6511684915835921,0.3975700679993679,0.7807769660003032,1.797358185000121,3366.0,572778.0,500000.0,0.16,8.0,False,False,True,0,0,0,,,,,
optimization,fc_floor020__conditioned_p10_f025,train,550,fc_floor020,current,fuzzy_connectedness,conditioned_p10_f025,vesselness_conditioned,3,,1.0,2.0,10.0,0.25,1.0,both_tolerable,True,0.0,1.6331862610496237,0.5444633494218549,0.29763333493351257,0.5444633494218549,0.24683001448834235,11355,3387,11355,7968,0.17771153405182297,0.449438202247191,0.9152642456451137,0.6904447380008807,0.3975700679993679,0.7861341600000742,2.3320436250005514,3387.0,534294.0,500000.0,0.16,8.0,False,False,True,0,0,0,0.0152319660410285,5359.0,4425.0,0.8257137525657772,
optimization,fc_floor020__conditioned_p10_f050,train,550,fc_floor020,current,fuzzy_connectedness,conditioned_p10_f050,vesselness_conditioned,3,,1.0,2.0,10.0,0.5,1.0,both_tolerable,True,0.0,1.6331862610496237,0.5460243679132333,0.29763333493351257,0.5460243679132333,0.2483910329797207,10954,3387,10954,7567,0.17771153405182297,0.4444508140334786,0.9152642456451137,0.7077779806463392,0.3975700679993679,0.7861341600000742,2.4660143669998433,3387.0,534294.0,500000.0,0.16,8.0,False,False,True,0,0,0,0.030463932082057,5359.0,4024.0,0.7508863593954096,
optimization,fc_floor020__conditioned_p10_f075,train,550,fc_floor020,current,fuzzy_connectedness,conditioned_p10_f075,vesselness_conditioned,3,,1.0,2.0,10.0,0.75,1.0,both_tolerable,True,0.0,1.6331862610496237,0.5467538500017866,0.29763333493351257,0.5467538500017866,0.24912051506827398,10543,3387,10543,7156,0.17771153405182297,0.4386035313001605,0.9152642456451137,0.7256947737835531,0.3975700679993679,0.7861341600000742,2.3420252139994773,3387.0,534294.0,500000.0,0.16,8.0,False,False,True,0,0,0,0.0456958981230855,5359.0,3613.0,0.6741929464452323,
optimization,fc_floor020__current_c3_d2,train,550,fc_floor020,current,fuzzy_connectedness,current_c3_d2,standard,3,2.0,,,,,,both_tolerable,True,0.0,1.6331862610496237,0.536440991490936,0.29763333493351257,0.536440991490936,0.23880765655742348,12289,3387,12289,8902,0.17771153405182297,0.45717725292364136,0.9152642456451137,0.6489543494181789,0.3975700679993679,0.7861341600000742,1.8743105849998756,3387.0,534294.0,500000.0,0.16,8.0,False,False,True,0,0,0,,,,,
optimization,fc_floor020_recovery__conditioned_p10_f025,train,550,fc_floor020_recovery,current,fuzzy_connectedness,conditioned_p10_f025,vesselness_conditioned,3,,1.0,2.0,10.0,0.25,1.0,both_tolerable,True,0.0,1.6331862610496237,0.5444633494218549,0.29763333493351257,0.5444633494218549,0.24683001448834235,11355,3387,11355,7968,0.17771153405182297,0.449438202247191,0.9152642456451137,0.6904447380008807,0.3975700679993679,0.9440421990002505,2.333469048000552,,,,,,,False,False,0,0,0,0.0152319660410285,5359.0,4425.0,0.8257137525657772,
optimization,fc_floor020_recovery__conditioned_p10_f050,train,550,fc_floor020_recovery,current,fuzzy_connectedness,conditioned_p10_f050,vesselness_conditioned,3,,1.0,2.0,10.0,0.5,1.0,both_tolerable,True,0.0,1.6331862610496237,0.5460243679132333,0.29763333493351257,0.5460243679132333,0.2483910329797207,10954,3387,10954,7567,0.17771153405182297,0.4444508140334786,0.9152642456451137,0.7077779806463392,0.3975700679993679,0.9440421990002505,2.2817741819999355,,,,,,,False,False,0,0,0,0.030463932082057,5359.0,4024.0,0.7508863593954096,
optimization,fc_floor020_recovery__conditioned_p10_f075,train,550,fc_floor020_recovery,current,fuzzy_connectedness,conditioned_p10_f075,vesselness_conditioned,3,,1.0,2.0,10.0,0.75,1.0,both_tolerable,True,0.0,1.6331862610496237,0.5467538500017866,0.29763333493351257,0.5467538500017866,0.24912051506827398,10543,3387,10543,7156,0.17771153405182297,0.4386035313001605,0.9152642456451137,0.7256947737835531,0.3975700679993679,0.9440421990002505,2.2835900869995385,,,,,,,False,False,0,0,0,0.0456958981230855,5359.0,3613.0,0.6741929464452323,
optimization,fc_floor020_recovery__current_c3_d2,train,550,fc_floor020_recovery,current,fuzzy_connectedness,current_c3_d2,standard,3,2.0,,,,,,both_tolerable,True,0.0,1.6331862610496237,0.536440991490936,0.29763333493351257,0.536440991490936,0.23880765655742348,12289,3387,12289,8902,0.17771153405182297,0.45717725292364136,0.9152642456451137,0.6489543494181789,0.3975700679993679,0.9440421990002505,1.8851098739996814,,,,,,,False,False,0,0,0,,,,,
optimization,fc_floor024__conditioned_p10_f025,train,550,fc_floor024,current,fuzzy_connectedness,conditioned_p10_f025,vesselness_conditioned,3,,1.0,2.0,10.0,0.25,1.0,both_tolerable,True,0.0,1.6331862610496237,0.5433158040409631,0.2992956059226604,0.5433158040409631,0.24402019811830272,11460,3425,11460,8035,0.17903003898188488,0.4501261178628755,0.9118248175182482,0.6851657940663176,0.3975700679993679,0.7688591749993066,2.3522529900001246,3425.0,472811.0,472811.0,0.16,8.0,False,False,False,0,0,0,0.014749620109796524,5396.0,4461.0,0.8267234988880652,
optimization,fc_floor024__conditioned_p10_f050,train,550,fc_floor024,current,fuzzy_connectedness,conditioned_p10_f050,vesselness_conditioned,3,,1.0,2.0,10.0,0.5,1.0,both_tolerable,True,0.0,1.6331862610496237,0.5445617480972257,0.2992956059226604,0.5445617480972257,0.24526614217456527,11067,3425,11067,7642,0.17903003898188488,0.44502407704654895,0.9118248175182482,0.7014547754585705,0.3975700679993679,0.7688591749993066,2.3977067929999976,3425.0,472811.0,472811.0,0.16,8.0,False,False,False,0,0,0,0.029499240219593048,5396.0,4068.0,0.7538917716827279,
optimization,fc_floor024__conditioned_p10_f075,train,550,fc_floor024,current,fuzzy_connectedness,conditioned_p10_f075,vesselness_conditioned,3,,1.0,2.0,10.0,0.75,1.0,both_tolerable,True,0.0,1.6331862610496237,0.5455645304771732,0.2992956059226604,0.5455645304771732,0.24626892455451282,10659,3425,10659,7234,0.17903003898188488,0.4394634258197661,0.9118248175182482,0.7192044281827563,0.3975700679993679,0.7688591749993066,2.4006254610003452,3425.0,472811.0,472811.0,0.16,8.0,False,False,False,0,0,0,0.04424886032938957,5396.0,3660.0,0.6782802075611564,
optimization,fc_floor024__current_c3_d2,train,550,fc_floor024,current,fuzzy_connectedness,current_c3_d2,standard,3,2.0,,,,,,both_tolerable,True,0.0,1.6331862610496237,0.5348704715305472,0.2992956059226604,0.5348704715305472,0.23557486560788682,12395,3425,12395,8970,0.17903003898188488,0.45746388443017655,0.9118248175182482,0.6438079870915692,0.3975700679993679,0.7688591749993066,1.8277946490006798,3425.0,472811.0,472811.0,0.16,8.0,False,False,False,0,0,0,,,,,
optimization,rg_gamma55_current__conditioned_p10_f025,train,550,rg_gamma55_current,current,region_growing,conditioned_p10_f025,vesselness_conditioned,3,,1.0,2.0,10.0,0.25,1.0,both_tolerable,True,0.0,1.6331862610496237,0.5468716481944941,0.25720053173157403,0.5468716481944941,0.28967111646292004,10526,2867,10526,7659,0.1497362990139876,0.4384315523962394,0.911056853854203,0.7265817974539236,0.3975700679993679,0.03364049699939642,2.2934951870001896,,,,,,,False,False,0,0,0,0.026124926283955574,5149.0,4346.0,0.8440473878422995,
optimization,rg_gamma55_current__conditioned_p10_f050,train,550,rg_gamma55_current,current,region_growing,conditioned_p10_f050,vesselness_conditioned,3,,1.0,2.0,10.0,0.5,1.0,both_tolerable,True,0.0,1.6331862610496237,0.545632475534614,0.25720053173157403,0.545632475534614,0.28843194380304,10146,2867,10146,7279,0.1497362990139876,0.4314950699380876,0.911056853854203,0.7418687167356594,0.3975700679993679,0.03364049699939642,2.2775563850000253,,,,,,,False,False,0,0,0,0.05224985256791115,5149.0,3966.0,0.7702466498349194,
optimization,rg_gamma55_current__conditioned_p10_f075,train,550,rg_gamma55_current,current,region_growing,conditioned_p10_f075,vesselness_conditioned,3,,1.0,2.0,10.0,0.75,1.0,both_tolerable,True,0.0,1.6331862610496237,0.5429181389870436,0.25720053173157403,0.5429181389870436,0.2857176072554695,9724,2867,9724,6857,0.1497362990139876,0.4227814721394176,0.911056853854203,0.7584327437268614,0.3975700679993679,0.03364049699939642,2.275983945999542,,,,,,,False,False,0,0,0,0.07837477885186672,5149.0,3544.0,0.6882889881530394,
optimization,rg_gamma55_current__current_c3_d2,train,550,rg_gamma55_current,current,region_growing,current_c3_d2,standard,3,2.0,,,,,,both_tolerable,True,0.0,1.6331862610496237,0.5425920133458451,0.25720053173157403,0.5425920133458451,0.285391481614271,11329,2867,11329,8462,0.1497362990139876,0.44748910800275166,0.911056853854203,0.6890281578250508,0.3975700679993679,0.03364049699939642,1.8140847790000407,,,,,,,False,False,0,0,0,,,,,
optimization,rg_gamma65_current__conditioned_p10_f025,train,550,rg_gamma65_current,gamma65,region_growing,conditioned_p10_f025,vesselness_conditioned,3,,1.0,2.0,10.0,0.25,1.0,both_tolerable,True,0.0,1.6331862610496237,0.54934558314193,0.24280163395436882,0.54934558314193,0.3065439491875612,9985,2630,9985,7355,0.13970419628525568,0.43189635404723686,0.9266159695817491,0.7545317976965448,0.39559573699989414,0.0319371420000607,2.3224391719995765,,,,,,,False,False,0,0,0,0.024590017274022102,4926.0,4200.0,0.8526187576126675,
optimization,rg_gamma65_current__conditioned_p10_f050,train,550,rg_gamma65_current,gamma65,region_growing,conditioned_p10_f050,vesselness_conditioned,3,,1.0,2.0,10.0,0.5,1.0,both_tolerable,True,0.0,1.6331862610496237,0.5469547842818027,0.24280163395436882,0.5469547842818027,0.30415315032743384,9582,2630,9582,6952,0.13970419628525568,0.4236986929603302,0.9266159695817491,0.7713420997704028,0.39559573699989414,0.0319371420000607,2.285144000999935,,,,,,,False,False,0,0,0,0.049180034548044205,4926.0,3797.0,0.770807957775071,
optimization,rg_gamma65_current__conditioned_p10_f075,train,550,rg_gamma65_current,gamma65,region_growing,conditioned_p10_f075,vesselness_conditioned,3,,1.0,2.0,10.0,0.75,1.0,both_tolerable,True,0.0,1.6331862610496237,0.5422025572762383,0.24280163395436882,0.5422025572762383,0.2994009233218695,9225,2630,9225,6595,0.13970419628525568,0.4144691584498968,0.9266159695817491,0.7837398373983739,0.39559573699989414,0.0319371420000607,2.2935852970003907,,,,,,,False,False,0,0,0,0.07377005182206631,4926.0,3440.0,0.6983353633779943,
optimization,rg_gamma65_current__current_c3_d2,train,550,rg_gamma65_current,gamma65,region_growing,current_c3_d2,standard,3,2.0,,,,,,both_tolerable,True,0.0,1.6331862610496237,0.5461196945480377,0.24280163395436882,0.5461196945480377,0.30331806059366884,10711,2630,10711,8081,0.13970419628525568,0.44072460444852096,0.9266159695817491,0.7177667818130894,0.39559573699989414,0.0319371420000607,1.8192719280004894,,,,,,,False,False,0,0,0,,,,,
optimization,rg_gamma65_divisor6__conditioned_p10_f025,train,550,rg_gamma65_divisor6,gamma65,region_growing,conditioned_p10_f025,vesselness_conditioned,3,,1.0,2.0,10.0,0.25,1.0,both_tolerable,True,0.0,1.6331862610496237,0.54934558314193,0.24280163395436882,0.54934558314193,0.3065439491875612,9985,2630,9985,7355,0.13970419628525568,0.43189635404723686,0.9266159695817491,0.7545317976965448,0.39559573699989414,0.03168649799954437,2.288786049999544,,,,,,,False,False,0,0,0,0.024590017274022102,4926.0,4200.0,0.8526187576126675,
optimization,rg_gamma65_divisor6__conditioned_p10_f050,train,550,rg_gamma65_divisor6,gamma65,region_growing,conditioned_p10_f050,vesselness_conditioned,3,,1.0,2.0,10.0,0.5,1.0,both_tolerable,True,0.0,1.6331862610496237,0.5469547842818027,0.24280163395436882,0.5469547842818027,0.30415315032743384,9582,2630,9582,6952,0.13970419628525568,0.4236986929603302,0.9266159695817491,0.7713420997704028,0.39559573699989414,0.03168649799954437,2.3541698579992953,,,,,,,False,False,0,0,0,0.049180034548044205,4926.0,3797.0,0.770807957775071,
optimization,rg_gamma65_divisor6__conditioned_p10_f075,train,550,rg_gamma65_divisor6,gamma65,region_growing,conditioned_p10_f075,vesselness_conditioned,3,,1.0,2.0,10.0,0.75,1.0,both_tolerable,True,0.0,1.6331862610496237,0.5422025572762383,0.24280163395436882,0.5422025572762383,0.2994009233218695,9225,2630,9225,6595,0.13970419628525568,0.4144691584498968,0.9266159695817491,0.7837398373983739,0.39559573699989414,0.03168649799954437,2.3561075799998434,,,,,,,False,False,0,0,0,0.07377005182206631,4926.0,3440.0,0.6983353633779943,
optimization,rg_gamma65_divisor6__current_c3_d2,train,550,rg_gamma65_divisor6,gamma65,region_growing,current_c3_d2,standard,3,2.0,,,,,,both_tolerable,True,0.0,1.6331862610496237,0.5461196945480377,0.24280163395436882,0.5461196945480377,0.30331806059366884,10711,2630,10711,8081,0.13970419628525568,0.44072460444852096,0.9266159695817491,0.7177667818130894,0.39559573699989414,0.03168649799954437,1.818450232000032,,,,,,,False,False,0,0,0,,,,,
optimization,rg_gamma65_divisor8__conditioned_p10_f025,train,550,rg_gamma65_divisor8,gamma65,region_growing,conditioned_p10_f025,vesselness_conditioned,3,,1.0,2.0,10.0,0.25,1.0,both_tolerable,True,0.0,1.6331862610496237,0.54934558314193,0.24280163395436882,0.54934558314193,0.3065439491875612,9985,2630,9985,7355,0.13970419628525568,0.43189635404723686,0.9266159695817491,0.7545317976965448,0.39559573699989414,0.03219862999958423,2.3124258989992086,,,,,,,False,False,0,0,0,0.024590017274022102,4926.0,4200.0,0.8526187576126675,
optimization,rg_gamma65_divisor8__conditioned_p10_f050,train,550,rg_gamma65_divisor8,gamma65,region_growing,conditioned_p10_f050,vesselness_conditioned,3,,1.0,2.0,10.0,0.5,1.0,both_tolerable,True,0.0,1.6331862610496237,0.5469547842818027,0.24280163395436882,0.5469547842818027,0.30415315032743384,9582,2630,9582,6952,0.13970419628525568,0.4236986929603302,0.9266159695817491,0.7713420997704028,0.39559573699989414,0.03219862999958423,2.3480678059995626,,,,,,,False,False,0,0,0,0.049180034548044205,4926.0,3797.0,0.770807957775071,
optimization,rg_gamma65_divisor8__conditioned_p10_f075,train,550,rg_gamma65_divisor8,gamma65,region_growing,conditioned_p10_f075,vesselness_conditioned,3,,1.0,2.0,10.0,0.75,1.0,both_tolerable,True,0.0,1.6331862610496237,0.5422025572762383,0.24280163395436882,0.5422025572762383,0.2994009233218695,9225,2630,9225,6595,0.13970419628525568,0.4144691584498968,0.9266159695817491,0.7837398373983739,0.39559573699989414,0.03219862999958423,2.3518482700001186,,,,,,,False,False,0,0,0,0.07377005182206631,4926.0,3440.0,0.6983353633779943,
optimization,rg_gamma65_divisor8__current_c3_d2,train,550,rg_gamma65_divisor8,gamma65,region_growing,current_c3_d2,standard,3,2.0,,,,,,both_tolerable,True,0.0,1.6331862610496237,0.5461196945480377,0.24280163395436882,0.5461196945480377,0.30331806059366884,10711,2630,10711,8081,0.13970419628525568,0.44072460444852096,0.9266159695817491,0.7177667818130894,0.39559573699989414,0.03219862999958423,1.8488275119998434,,,,,,,False,False,0,0,0,,,,,
optimization,rg_gamma65_floor065__conditioned_p10_f025,train,550,rg_gamma65_floor065,gamma65,region_growing,conditioned_p10_f025,vesselness_conditioned,3,,1.0,2.0,10.0,0.25,1.0,both_tolerable,True,0.0,1.6331862610496237,0.5473259915065141,0.25321082789962457,0.5473259915065141,0.2941151636068895,10342,2800,10342,7542,0.14692731024994268,0.43590919513872967,0.9153571428571429,0.735254302842777,0.39559573699989414,0.03359763499975088,2.267869189000521,,,,,,,False,False,0,0,0,0.02142811380326748,5086.0,4292.0,0.8438851749901691,
optimization,rg_gamma65_floor065__conditioned_p10_f050,train,550,rg_gamma65_floor065,gamma65,region_growing,conditioned_p10_f050,vesselness_conditioned,3,,1.0,2.0,10.0,0.5,1.0,both_tolerable,True,0.0,1.6331862610496237,0.5457664233576642,0.25321082789962457,0.5457664233576642,0.29255559545803966,9956,2800,9956,7156,0.14692731024994268,0.4286287548727356,0.9153571428571429,0.7510044194455605,0.39559573699989414,0.03359763499975088,2.283410680999623,,,,,,,False,False,0,0,0,0.04285622760653496,5086.0,3906.0,0.7679905623279591,
optimization,rg_gamma65_floor065__conditioned_p10_f075,train,550,rg_gamma65_floor065,gamma65,region_growing,conditioned_p10_f075,vesselness_conditioned,3,,1.0,2.0,10.0,0.75,1.0,both_tolerable,True,0.0,1.6331862610496237,0.5427102215974252,0.25321082789962457,0.5427102215974252,0.28949939369780064,9587,2800,9587,6787,0.14692731024994268,0.420488420087136,0.9153571428571429,0.7650985709815376,0.39559573699989414,0.03359763499975088,2.329449107999608,,,,,,,False,False,0,0,0,0.06428434140980244,5086.0,3537.0,0.6954384585135667,
optimization,rg_gamma65_floor065__current_c3_d2,train,550,rg_gamma65_floor065,gamma65,region_growing,current_c3_d2,standard,3,2.0,,,,,,both_tolerable,True,0.0,1.6331862610496237,0.5435269419174248,0.25321082789962457,0.5435269419174248,0.2903161140178002,11136,2800,11136,8336,0.14692731024994268,0.44525338225177713,0.9153571428571429,0.6974676724137931,0.39559573699989414,0.03359763499975088,1.8171563140003855,,,,,,,False,False,0,0,0,,,,,
optimization,rg_gamma65_floor090__conditioned_p10_f025,train,550,rg_gamma65_floor090,gamma65,region_growing,conditioned_p10_f025,vesselness_conditioned,3,,1.0,2.0,10.0,0.25,1.0,both_tolerable,True,0.0,1.6331862610496237,0.5490109404354072,0.2331510011542129,0.5490109404354072,0.3158599392811943,9703,2483,9703,7220,0.13316899793625314,0.42719559734005963,0.9355618203785743,0.7680098938472637,0.39559573699989414,0.031330441999671166,2.3462719910003216,,,,,,,False,False,0,0,0,0.027466854080557823,4838.0,4147.0,0.8571723852831749,
optimization,rg_gamma65_floor090__conditioned_p10_f050,train,550,rg_gamma65_floor090,gamma65,region_growing,conditioned_p10_f050,vesselness_conditioned,3,,1.0,2.0,10.0,0.5,1.0,both_tolerable,True,0.0,1.6331862610496237,0.5456311404983376,0.2331510011542129,0.5456311404983376,0.3124801393441247,9325,2483,9325,6842,0.13316899793625314,0.4186539784453107,0.9355618203785743,0.7831635388739946,0.39559573699989414,0.031330441999671166,2.3071603170001254,,,,,,,False,False,0,0,0,0.054933708161115646,4838.0,3769.0,0.7790409260024803,
optimization,rg_gamma65_floor090__conditioned_p10_f075,train,550,rg_gamma65_floor090,gamma65,region_growing,conditioned_p10_f075,vesselness_conditioned,3,,1.0,2.0,10.0,0.75,1.0,both_tolerable,True,0.0,1.6331862610496237,0.539662095613304,0.2331510011542129,0.539662095613304,0.30651109445909114,8954,2483,8954,6471,0.13316899793625314,0.4083352442100436,0.9355618203785743,0.7955103864194774,0.39559573699989414,0.031330441999671166,2.3147423969994634,,,,,,,False,False,0,0,0,0.08240056224167347,4838.0,3398.0,0.7023563455973543,
optimization,rg_gamma65_floor090__current_c3_d2,train,550,rg_gamma65_floor090,gamma65,region_growing,current_c3_d2,standard,3,2.0,,,,,,both_tolerable,True,0.0,1.6331862610496237,0.5468065234571449,0.2331510011542129,0.5468065234571449,0.313655522302932,10394,2483,10394,7911,0.13316899793625314,0.4363104792478789,0.9355618203785743,0.7322493746392149,0.39559573699989414,0.031330441999671166,1.8634676040001068,,,,,,,False,False,0,0,0,,,,,
optimization,rg_gamma65_recovery__conditioned_p10_f025,train,550,rg_gamma65_recovery,gamma65,region_growing,conditioned_p10_f025,vesselness_conditioned,3,,1.0,2.0,10.0,0.25,1.0,both_tolerable,True,0.0,1.6331862610496237,0.54934558314193,0.24280163395436882,0.54934558314193,0.3065439491875612,9985,2630,9985,7355,0.13970419628525568,0.43189635404723686,0.9266159695817491,0.7545317976965448,0.39559573699989414,0.061441732000275806,2.2701649509999697,,,,,,,False,False,0,0,0,0.024590017274022102,4926.0,4200.0,0.8526187576126675,
optimization,rg_gamma65_recovery__conditioned_p10_f050,train,550,rg_gamma65_recovery,gamma65,region_growing,conditioned_p10_f050,vesselness_conditioned,3,,1.0,2.0,10.0,0.5,1.0,both_tolerable,True,0.0,1.6331862610496237,0.5469547842818027,0.24280163395436882,0.5469547842818027,0.30415315032743384,9582,2630,9582,6952,0.13970419628525568,0.4236986929603302,0.9266159695817491,0.7713420997704028,0.39559573699989414,0.061441732000275806,2.281050898999638,,,,,,,False,False,0,0,0,0.049180034548044205,4926.0,3797.0,0.770807957775071,
optimization,rg_gamma65_recovery__conditioned_p10_f075,train,550,rg_gamma65_recovery,gamma65,region_growing,conditioned_p10_f075,vesselness_conditioned,3,,1.0,2.0,10.0,0.75,1.0,both_tolerable,True,0.0,1.6331862610496237,0.5422025572762383,0.24280163395436882,0.5422025572762383,0.2994009233218695,9225,2630,9225,6595,0.13970419628525568,0.4144691584498968,0.9266159695817491,0.7837398373983739,0.39559573699989414,0.061441732000275806,2.297097231999942,,,,,,,False,False,0,0,0,0.07377005182206631,4926.0,3440.0,0.6983353633779943,
optimization,rg_gamma65_recovery__current_c3_d2,train,550,rg_gamma65_recovery,gamma65,region_growing,current_c3_d2,standard,3,2.0,,,,,,both_tolerable,True,0.0,1.6331862610496237,0.5461196945480377,0.24280163395436882,0.5461196945480377,0.30331806059366884,10711,2630,10711,8081,0.13970419628525568,0.44072460444852096,0.9266159695817491,0.7177667818130894,0.39559573699989414,0.061441732000275806,1.7994090820002384,,,,,,,False,False,0,0,0,,,,,
optimization,rg_gamma65_relax090__conditioned_p10_f025,train,550,rg_gamma65_relax090,gamma65,region_growing,conditioned_p10_f025,vesselness_conditioned,3,,1.0,2.0,10.0,0.25,1.0,both_tolerable,True,0.0,1.6331862610496237,0.5491579674826319,0.24512534818941503,0.5491579674826319,0.3040326192932169,10049,2660,10049,7389,0.14125200642054575,0.43275624856684247,0.9263157894736842,0.7512190267688327,0.39559573699989414,0.032425008000245725,2.3050773739996657,,,,,,,False,False,0,0,0,0.024089226499199867,4961.0,4220.0,0.850634952630518,
optimization,rg_gamma65_relax090__conditioned_p10_f050,train,550,rg_gamma65_relax090,gamma65,region_growing,conditioned_p10_f050,vesselness_conditioned,3,,1.0,2.0,10.0,0.5,1.0,both_tolerable,True,0.0,1.6331862610496237,0.5466420664206642,0.24512534818941503,0.5466420664206642,0.30151671823124915,9656,2660,9656,6996,0.14125200642054575,0.42461591378124286,0.9263157894736842,0.7670878210439105,0.39559573699989414,0.032425008000245725,2.366935121000097,,,,,,,False,False,0,0,0,0.048178452998399734,4961.0,3827.0,0.7714170530135054,
optimization,rg_gamma65_relax090__conditioned_p10_f075,train,550,rg_gamma65_relax090,gamma65,region_growing,conditioned_p10_f075,vesselness_conditioned,3,,1.0,2.0,10.0,0.75,1.0,both_tolerable,True,0.0,1.6331862610496237,0.5426733487919815,0.24512534818941503,0.5426733487919815,0.2975480006025665,9294,2660,9294,6634,0.14125200642054575,0.4159023159825728,0.9263157894736842,0.780611146976544,0.39559573699989414,0.032425008000245725,2.2934817049999765,,,,,,,False,False,0,0,0,0.0722676794975996,4961.0,3465.0,0.6984478935698448,
optimization,rg_gamma65_relax090__current_c3_d2,train,550,rg_gamma65_relax090,gamma65,region_growing,current_c3_d2,standard,3,2.0,,,,,,both_tolerable,True,0.0,1.6331862610496237,0.5458666855564214,0.24512534818941503,0.5458666855564214,0.30074133736700637,10790,2660,10790,8130,0.14125200642054575,0.4417564778720477,0.9263157894736842,0.7141797961075069,0.39559573699989414,0.032425008000245725,1.8136160359999849,,,,,,,False,False,0,0,0,,,,,
optimization,rg_gamma65_window3__conditioned_p10_f025,train,550,rg_gamma65_window3,gamma65,region_growing,conditioned_p10_f025,vesselness_conditioned,3,,1.0,2.0,10.0,0.25,1.0,both_tolerable,True,0.0,1.6331862610496237,0.5492585523418,0.23451659740649877,0.5492585523418,0.3147419549353012,9800,2529,9800,7271,0.1342581976610869,0.4289153863792708,0.9260577303281929,0.7634693877551021,0.39559573699989414,0.04311398500067298,2.2867582910002966,,,,,,,False,False,0,0,0,0.024701785296201706,4835.0,4145.0,0.8572905894519132,
optimization,rg_gamma65_window3__conditioned_p10_f050,train,550,rg_gamma65_window3,gamma65,region_growing,conditioned_p10_f050,vesselness_conditioned,3,,1.0,2.0,10.0,0.5,1.0,both_tolerable,True,0.0,1.6331862610496237,0.5465510181290251,0.23451659740649877,0.5465510181290251,0.3120344207225263,9419,2529,9419,6890,0.1342581976610869,0.42083237789497824,0.9260577303281929,0.7793821000106168,0.39559573699989414,0.04311398500067298,2.2792164060001596,,,,,,,False,False,0,0,0,0.04940357059240341,4835.0,3764.0,0.7784901758014477,
optimization,rg_gamma65_window3__conditioned_p10_f075,train,550,rg_gamma65_window3,gamma65,region_growing,conditioned_p10_f075,vesselness_conditioned,3,,1.0,2.0,10.0,0.75,1.0,both_tolerable,True,0.0,1.6331862610496237,0.5419933655006032,0.23451659740649877,0.5419933655006032,0.3074767680941044,9084,2529,9084,6555,0.1342581976610869,0.4121187800963082,0.9260577303281929,0.7913914575077059,0.39559573699989414,0.04311398500067298,2.3060047369999666,,,,,,,False,False,0,0,0,0.07410535588860512,4835.0,3429.0,0.7092037228541882,
optimization,rg_gamma65_window3__current_c3_d2,train,550,rg_gamma65_window3,gamma65,region_growing,current_c3_d2,standard,3,2.0,,,,,,both_tolerable,True,0.0,1.6331862610496237,0.5465740674446911,0.23451659740649877,0.5465740674446911,0.3120574700381923,10490,2529,10490,7961,0.1342581976610869,0.4376289841779408,0.9260577303281929,0.7277407054337465,0.39559573699989414,0.04311398500067298,1.8702982650002014,,,,,,,False,False,0,0,0,,,,,
optimization,fc_affinity_floor024_only__conditioned_p10_f025,train,603,fc_affinity_floor024_only,current,fuzzy_connectedness,conditioned_p10_f025,vesselness_conditioned,3,,1.0,2.0,10.0,0.25,1.0,both_tolerable,True,0.63671875,0.0,0.684719315480004,0.44719602285926685,0.684719315480004,0.23752329262073713,39278,12085,39278,27193,0.3108749717386389,0.7766867995219793,0.7964418700868846,0.6122256734049595,0.3006467969998994,2.5518757410000035,1.715029477999451,12085.0,631461.0,500000.0,0.16,8.0,False,False,True,0,0,0,0.01657741703093052,17883.0,14576.0,0.8150757702846279,
optimization,fc_affinity_floor024_only__conditioned_p10_f050,train,603,fc_affinity_floor024_only,current,fuzzy_connectedness,conditioned_p10_f050,vesselness_conditioned,3,,1.0,2.0,10.0,0.5,1.0,both_tolerable,True,0.63671875,0.0,0.6863060789347722,0.44719602285926685,0.6863060789347722,0.2391100560755054,37982,12085,37982,25897,0.3108749717386389,0.7641226058589838,0.7964418700868846,0.6228739929440261,0.3006467969998994,2.5518757410000035,1.7921093100003418,12085.0,631461.0,500000.0,0.16,8.0,False,False,True,0,0,0,0.03315483406186104,17883.0,13280.0,0.7426047083822624,
optimization,fc_affinity_floor024_only__conditioned_p10_f075,train,603,fc_affinity_floor024_only,current,fuzzy_connectedness,conditioned_p10_f075,vesselness_conditioned,3,,1.0,2.0,10.0,0.75,1.0,both_tolerable,True,0.63671875,0.0,0.6857929564329174,0.44719602285926685,0.6857929564329174,0.23859693357365053,36590,12085,36590,24505,0.3108749717386389,0.7481347501695682,0.7964418700868846,0.6330418147034709,0.3006467969998994,2.5518757410000035,1.7554272970000966,12085.0,631461.0,500000.0,0.16,8.0,False,False,True,0,0,0,0.04973225109279156,17883.0,11888.0,0.6647654196723145,
optimization,fc_affinity_floor024_only__current_c3_d2,train,603,fc_affinity_floor024_only,current,fuzzy_connectedness,current_c3_d2,standard,3,2.0,,,,,,both_tolerable,True,0.63671875,0.0,0.6743534658581024,0.44719602285926685,0.6743534658581024,0.22715744299883556,42585,12085,42585,30500,0.3108749717386389,0.8009431219921838,0.7964418700868846,0.5823177175061641,0.3006467969998994,2.5518757410000035,1.3495395859999917,12085.0,631461.0,500000.0,0.16,8.0,False,False,True,0,0,0,,,,,
optimization,fc_alpha017__conditioned_p10_f025,train,603,fc_alpha017,current,fuzzy_connectedness,conditioned_p10_f025,vesselness_conditioned,3,,1.0,2.0,10.0,0.25,1.0,both_tolerable,True,0.63671875,0.0,0.7014837320433026,0.43879874750925135,0.7014837320433026,0.26268498453405126,36841,11195,36841,25646,0.2987306611543555,0.768095345757566,0.8261723983921393,0.6455036508238104,0.3006467969998994,2.5088751310004227,1.7627239250005005,11195.0,631461.0,500000.0,0.17,8.0,False,False,True,0,0,0,0.019121499732136726,16903.0,13839.0,0.8187304028870614,
optimization,fc_alpha017__conditioned_p10_f050,train,603,fc_alpha017,current,fuzzy_connectedness,conditioned_p10_f050,vesselness_conditioned,3,,1.0,2.0,10.0,0.5,1.0,both_tolerable,True,0.63671875,0.0,0.7017370025071688,0.43879874750925135,0.7017370025071688,0.2629382549979174,35648,11195,35648,24453,0.2987306611543555,0.7548528794289591,0.8261723983921393,0.655604802513465,0.3006467969998994,2.5088751310004227,1.743490171999838,11195.0,631461.0,500000.0,0.17,8.0,False,False,True,0,0,0,0.03824299946427345,16903.0,12646.0,0.7481512157605159,
optimization,fc_alpha017__conditioned_p10_f075,train,603,fc_alpha017,current,fuzzy_connectedness,conditioned_p10_f075,vesselness_conditioned,3,,1.0,2.0,10.0,0.75,1.0,both_tolerable,True,0.63671875,0.0,0.7004051678006269,0.43879874750925135,0.7004051678006269,0.26160642029137554,34444,11195,34444,23249,0.2987306611543555,0.7398016859920545,0.8261723983921393,0.6649924515155035,0.3006467969998994,2.5088751310004227,1.7774418159997367,11195.0,631461.0,500000.0,0.17,8.0,False,False,True,0,0,0,0.05736449919641018,16903.0,11442.0,0.6769212565816719,
optimization,fc_alpha017__current_c3_d2,train,603,fc_alpha017,current,fuzzy_connectedness,current_c3_d2,standard,3,2.0,,,,,,both_tolerable,True,0.63671875,0.0,0.6925464962041035,0.43879874750925135,0.6925464962041035,0.2537477486948521,39905,11195,39905,28710,0.2987306611543555,0.7925777591163076,0.8261723983921393,0.6149354717453953,0.3006467969998994,2.5088751310004227,1.3933548760005579,11195.0,631461.0,500000.0,0.17,8.0,False,False,True,0,0,0,,,,,
optimization,fc_candidate024_only__conditioned_p10_f025,train,603,fc_candidate024_only,current,fuzzy_connectedness,conditioned_p10_f025,vesselness_conditioned,3,,1.0,2.0,10.0,0.25,1.0,both_tolerable,True,0.63671875,0.0,0.6876309670752361,0.44314650842230685,0.6876309670752361,0.24448445865292923,38713,11842,38713,26871,0.3063208552695326,0.7737153192726333,0.8008782300287114,0.6187843876733914,0.3006467969998994,2.5657496439998795,1.737758909999684,11842.0,505739.0,500000.0,0.16,8.0,False,False,True,0,0,0,0.01747283898293972,17684.0,14443.0,0.8167269848450577,
optimization,fc_candidate024_only__conditioned_p10_f050,train,603,fc_candidate024_only,current,fuzzy_connectedness,conditioned_p10_f050,vesselness_conditioned,3,,1.0,2.0,10.0,0.5,1.0,both_tolerable,True,0.63671875,0.0,0.6888131826356498,0.44314650842230685,0.6888131826356498,0.24566667421334298,37432,11842,37432,25590,0.3063208552695326,0.7607958399276509,0.8008782300287114,0.6292744176106005,0.3006467969998994,2.5657496439998795,1.766167712999959,11842.0,505739.0,500000.0,0.16,8.0,False,False,True,0,0,0,0.03494567796587944,17684.0,13162.0,0.744288622483601,
optimization,fc_candidate024_only__conditioned_p10_f075,train,603,fc_candidate024_only,current,fuzzy_connectedness,conditioned_p10_f075,vesselness_conditioned,3,,1.0,2.0,10.0,0.75,1.0,both_tolerable,True,0.63671875,0.0,0.6882557290035932,0.44314650842230685,0.6882557290035932,0.24510922058128637,36110,11842,36110,24268,0.3063208552695326,0.7454862569038467,0.8008782300287114,0.6391858211021878,0.3006467969998994,2.5657496439998795,1.7763578180001787,11842.0,505739.0,500000.0,0.16,8.0,False,False,True,0,0,0,0.05241851694881916,17684.0,11840.0,0.6695317801402397,
optimization,fc_candidate024_only__current_c3_d2,train,603,fc_candidate024_only,current,fuzzy_connectedness,current_c3_d2,standard,3,2.0,,,,,,both_tolerable,True,0.63671875,0.0,0.6776657752177193,0.44314650842230685,0.6776657752177193,0.23451926679541246,41954,11842,41954,30112,0.3063208552695326,0.7979716417428377,0.8008782300287114,0.588883062401678,0.3006467969998994,2.5657496439998795,1.3772954459991524,11842.0,505739.0,500000.0,0.16,8.0,False,False,True,0,0,0,,,,,
optimization,fc_current__conditioned_p10_f025,train,603,fc_current,current,fuzzy_connectedness,conditioned_p10_f025,vesselness_conditioned,3,,1.0,2.0,10.0,0.25,1.0,both_tolerable,True,0.63671875,0.0,0.6876309670752361,0.44314650842230685,0.6876309670752361,0.24448445865292923,38713,11842,38713,26871,0.3063208552695326,0.7737153192726333,0.8008782300287114,0.6187843876733914,0.3006467969998994,2.5424991429999864,1.7925616540005649,11842.0,631461.0,500000.0,0.16,8.0,False,False,True,0,0,0,0.01747283898293972,17684.0,14443.0,0.8167269848450577,
optimization,fc_current__conditioned_p10_f050,train,603,fc_current,current,fuzzy_connectedness,conditioned_p10_f050,vesselness_conditioned,3,,1.0,2.0,10.0,0.5,1.0,both_tolerable,True,0.63671875,0.0,0.6888131826356498,0.44314650842230685,0.6888131826356498,0.24566667421334298,37432,11842,37432,25590,0.3063208552695326,0.7607958399276509,0.8008782300287114,0.6292744176106005,0.3006467969998994,2.5424991429999864,1.7396970359995976,11842.0,631461.0,500000.0,0.16,8.0,False,False,True,0,0,0,0.03494567796587944,17684.0,13162.0,0.744288622483601,
optimization,fc_current__conditioned_p10_f075,train,603,fc_current,current,fuzzy_connectedness,conditioned_p10_f075,vesselness_conditioned,3,,1.0,2.0,10.0,0.75,1.0,both_tolerable,True,0.63671875,0.0,0.6882557290035932,0.44314650842230685,0.6882557290035932,0.24510922058128637,36110,11842,36110,24268,0.3063208552695326,0.7454862569038467,0.8008782300287114,0.6391858211021878,0.3006467969998994,2.5424991429999864,1.7767522280000776,11842.0,631461.0,500000.0,0.16,8.0,False,False,True,0,0,0,0.05241851694881916,17684.0,11840.0,0.6695317801402397,
optimization,fc_current__current_c3_d2,train,603,fc_current,current,fuzzy_connectedness,current_c3_d2,standard,3,2.0,,,,,,both_tolerable,True,0.63671875,0.0,0.6776657752177193,0.44314650842230685,0.6776657752177193,0.23451926679541246,41954,11842,41954,30112,0.3063208552695326,0.7979716417428377,0.8008782300287114,0.588883062401678,0.3006467969998994,2.5424991429999864,1.3981742429996302,11842.0,631461.0,500000.0,0.16,8.0,False,False,True,0,0,0,,,,,
optimization,fc_floor020__conditioned_p10_f025,train,603,fc_floor020,current,fuzzy_connectedness,conditioned_p10_f025,vesselness_conditioned,3,,1.0,2.0,10.0,0.25,1.0,both_tolerable,True,0.63671875,0.0,0.6868536396711261,0.44425265907818623,0.6868536396711261,0.24260098059293989,38853,11911,38853,26942,0.30758050450566843,0.7743935919382449,0.7995130551590967,0.6170952050034746,0.3006467969998994,2.549055923999731,1.719971610000357,11911.0,582743.0,500000.0,0.16,8.0,False,False,True,0,0,0,0.01717977225780487,17736.0,14470.0,0.8158547586829048,
optimization,fc_floor020__conditioned_p10_f050,train,603,fc_floor020,current,fuzzy_connectedness,conditioned_p10_f050,vesselness_conditioned,3,,1.0,2.0,10.0,0.5,1.0,both_tolerable,True,0.63671875,0.0,0.6883198365798497,0.44425265907818623,0.6883198365798497,0.2440671775016635,37574,11911,37574,25663,0.30758050450566843,0.7618293982752495,0.7995130551590967,0.6277479107893756,0.3006467969998994,2.549055923999731,1.7138967569999295,11911.0,582743.0,500000.0,0.16,8.0,False,False,True,0,0,0,0.03435954451560974,17736.0,13191.0,0.7437415426251691,
optimization,fc_floor020__conditioned_p10_f075,train,603,fc_floor020,current,fuzzy_connectedness,conditioned_p10_f075,vesselness_conditioned,3,,1.0,2.0,10.0,0.75,1.0,both_tolerable,True,0.63671875,0.0,0.6875390799464046,0.44425265907818623,0.6875390799464046,0.2432864208682184,36209,11911,36209,24298,0.30758050450566843,0.7458092438874714,0.7995130551590967,0.6377143804026624,0.3006467969998994,2.549055923999731,1.7292424970000866,11911.0,582743.0,500000.0,0.16,8.0,False,False,True,0,0,0,0.05153931677341461,17736.0,11826.0,0.6667794316644113,
optimization,fc_floor020__current_c3_d2,train,603,fc_floor020,current,fuzzy_connectedness,current_c3_d2,standard,3,2.0,,,,,,both_tolerable,True,0.63671875,0.0,0.6767925561029009,0.44425265907818623,0.6767925561029009,0.23253989702471467,42119,11911,42119,30208,0.30758050450566843,0.7987468105035367,0.7995130551590967,0.5871459436358888,0.3006467969998994,2.549055923999731,1.3645866710003247,11911.0,582743.0,500000.0,0.16,8.0,False,False,True,0,0,0,,,,,
optimization,fc_floor020_recovery__conditioned_p10_f025,train,603,fc_floor020_recovery,current,fuzzy_connectedness,conditioned_p10_f025,vesselness_conditioned,3,,1.0,2.0,10.0,0.25,1.0,both_tolerable,True,0.63671875,0.0,0.6868536396711261,0.44425265907818623,0.6868536396711261,0.24260098059293989,38853,11911,38853,26942,0.30758050450566843,0.7743935919382449,0.7995130551590967,0.6170952050034746,0.3006467969998994,2.6640056790001836,1.763909589000832,,,,,,,False,False,0,0,0,0.01717977225780487,17736.0,14470.0,0.8158547586829048,
optimization,fc_floor020_recovery__conditioned_p10_f050,train,603,fc_floor020_recovery,current,fuzzy_connectedness,conditioned_p10_f050,vesselness_conditioned,3,,1.0,2.0,10.0,0.5,1.0,both_tolerable,True,0.63671875,0.0,0.6883198365798497,0.44425265907818623,0.6883198365798497,0.2440671775016635,37574,11911,37574,25663,0.30758050450566843,0.7618293982752495,0.7995130551590967,0.6277479107893756,0.3006467969998994,2.6640056790001836,1.7595069469998634,,,,,,,False,False,0,0,0,0.03435954451560974,17736.0,13191.0,0.7437415426251691,
optimization,fc_floor020_recovery__conditioned_p10_f075,train,603,fc_floor020_recovery,current,fuzzy_connectedness,conditioned_p10_f075,vesselness_conditioned,3,,1.0,2.0,10.0,0.75,1.0,both_tolerable,True,0.63671875,0.0,0.6875390799464046,0.44425265907818623,0.6875390799464046,0.2432864208682184,36209,11911,36209,24298,0.30758050450566843,0.7458092438874714,0.7995130551590967,0.6377143804026624,0.3006467969998994,2.6640056790001836,1.7340416619999814,,,,,,,False,False,0,0,0,0.05153931677341461,17736.0,11826.0,0.6667794316644113,
optimization,fc_floor020_recovery__current_c3_d2,train,603,fc_floor020_recovery,current,fuzzy_connectedness,current_c3_d2,standard,3,2.0,,,,,,both_tolerable,True,0.63671875,0.0,0.6767925561029009,0.44425265907818623,0.6767925561029009,0.23253989702471467,42119,11911,42119,30208,0.30758050450566843,0.7987468105035367,0.7995130551590967,0.5871459436358888,0.3006467969998994,2.6640056790001836,1.3703959069998746,,,,,,,False,False,0,0,0,,,,,
optimization,fc_floor024__conditioned_p10_f025,train,603,fc_floor024,current,fuzzy_connectedness,conditioned_p10_f025,vesselness_conditioned,3,,1.0,2.0,10.0,0.25,1.0,both_tolerable,True,0.63671875,0.0,0.684719315480004,0.44719602285926685,0.684719315480004,0.23752329262073713,39278,12085,39278,27193,0.3108749717386389,0.7766867995219793,0.7964418700868846,0.6122256734049595,0.3006467969998994,2.599467056999856,1.7118697549994977,12085.0,505739.0,500000.0,0.16,8.0,False,False,True,0,0,0,0.01657741703093052,17883.0,14576.0,0.8150757702846279,
optimization,fc_floor024__conditioned_p10_f050,train,603,fc_floor024,current,fuzzy_connectedness,conditioned_p10_f050,vesselness_conditioned,3,,1.0,2.0,10.0,0.5,1.0,both_tolerable,True,0.63671875,0.0,0.6863060789347722,0.44719602285926685,0.6863060789347722,0.2391100560755054,37982,12085,37982,25897,0.3108749717386389,0.7641226058589838,0.7964418700868846,0.6228739929440261,0.3006467969998994,2.599467056999856,1.7082448610008214,12085.0,505739.0,500000.0,0.16,8.0,False,False,True,0,0,0,0.03315483406186104,17883.0,13280.0,0.7426047083822624,
optimization,fc_floor024__conditioned_p10_f075,train,603,fc_floor024,current,fuzzy_connectedness,conditioned_p10_f075,vesselness_conditioned,3,,1.0,2.0,10.0,0.75,1.0,both_tolerable,True,0.63671875,0.0,0.6857929564329174,0.44719602285926685,0.6857929564329174,0.23859693357365053,36590,12085,36590,24505,0.3108749717386389,0.7481347501695682,0.7964418700868846,0.6330418147034709,0.3006467969998994,2.599467056999856,1.7482091259998924,12085.0,505739.0,500000.0,0.16,8.0,False,False,True,0,0,0,0.04973225109279156,17883.0,11888.0,0.6647654196723145,
optimization,fc_floor024__current_c3_d2,train,603,fc_floor024,current,fuzzy_connectedness,current_c3_d2,standard,3,2.0,,,,,,both_tolerable,True,0.63671875,0.0,0.6743534658581024,0.44719602285926685,0.6743534658581024,0.22715744299883556,42585,12085,42585,30500,0.3108749717386389,0.8009431219921838,0.7964418700868846,0.5823177175061641,0.3006467969998994,2.599467056999856,1.3610746730000756,12085.0,505739.0,500000.0,0.16,8.0,False,False,True,0,0,0,,,,,
optimization,rg_gamma55_current__conditioned_p10_f025,train,603,rg_gamma55_current,current,region_growing,conditioned_p10_f025,vesselness_conditioned,3,,1.0,2.0,10.0,0.25,1.0,both_tolerable,True,0.63671875,0.0,0.6702278488263852,0.39998088273950344,0.6702278488263852,0.27024696608688176,38866,10886,38866,27980,0.2703078065953942,0.7557895416814703,0.768785596178578,0.6020686461174292,0.3006467969998994,0.08902807999947981,1.7130846420004673,,,,,,,False,False,0,0,0,0.024631977081298828,18444.0,15285.0,0.8287247885491217,
optimization,rg_gamma55_current__conditioned_p10_f050,train,603,rg_gamma55_current,current,region_growing,conditioned_p10_f050,vesselness_conditioned,3,,1.0,2.0,10.0,0.5,1.0,both_tolerable,True,0.63671875,0.0,0.6707621368431804,0.39998088273950344,0.6707621368431804,0.270781254103677,37570,10886,37570,26684,0.2703078065953942,0.7423532831626886,0.768785596178578,0.611764705882353,0.3006467969998994,0.08902807999947981,1.7101619269997173,,,,,,,False,False,0,0,0,0.049263954162597656,18444.0,13989.0,0.7584580351333767,
optimization,rg_gamma55_current__conditioned_p10_f075,train,603,rg_gamma55_current,current,region_growing,conditioned_p10_f075,vesselness_conditioned,3,,1.0,2.0,10.0,0.75,1.0,both_tolerable,True,0.63671875,0.0,0.6721333392753688,0.39998088273950344,0.6721333392753688,0.27215245653586534,36356,10886,36356,25470,0.2703078065953942,0.7306934530538419,0.768785596178578,0.6222631752668061,0.3006467969998994,0.08902807999947981,1.7194830660000662,,,,,,,False,False,0,0,0,0.07389593124389648,18444.0,12775.0,0.6926371719800477,
optimization,rg_gamma55_current__current_c3_d2,train,603,rg_gamma55_current,current,region_growing,current_c3_d2,standard,3,2.0,,,,,,both_tolerable,True,0.63671875,0.0,0.6601540021373962,0.39998088273950344,0.6601540021373962,0.2601731193978927,42025,10886,42025,31139,0.2703078065953942,0.7781079422499273,0.768785596178578,0.573254015466984,0.3006467969998994,0.08902807999947981,1.345180953999261,,,,,,,False,False,0,0,0,,,,,
optimization,rg_gamma65_current__conditioned_p10_f025,train,603,rg_gamma65_current,gamma65,region_growing,conditioned_p10_f025,vesselness_conditioned,3,,1.0,2.0,10.0,0.25,1.0,both_tolerable,True,0.63671875,0.0,0.693264862729607,0.38151318719382454,0.693264862729607,0.3117516755357824,34858,9457,34858,25401,0.2490229643745357,0.7368948031394335,0.8152691128264777,0.6545125939526077,0.2996407119999276,0.07701837900003738,1.7387228329998834,,,,,,,False,False,0,0,0,0.024061614647507668,16637.0,14137.0,0.8497325238925287,
optimization,rg_gamma65_current__conditioned_p10_f050,train,603,rg_gamma65_current,gamma65,region_growing,conditioned_p10_f050,vesselness_conditioned,3,,1.0,2.0,10.0,0.5,1.0,both_tolerable,True,0.63671875,0.0,0.6918726823238566,0.38151318719382454,0.6918726823238566,0.310359495130032,33759,9457,33759,24302,0.2490229643745357,0.7231355576370272,0.8152691128264777,0.6632009241979916,0.2996407119999276,0.07701837900003738,1.7377125170005456,,,,,,,False,False,0,0,0,0.048123229295015335,16637.0,13038.0,0.7836749413956843,
optimization,rg_gamma65_current__conditioned_p10_f075,train,603,rg_gamma65_current,gamma65,region_growing,conditioned_p10_f075,vesselness_conditioned,3,,1.0,2.0,10.0,0.75,1.0,both_tolerable,True,0.63671875,0.0,0.6894837054871045,0.38151318719382454,0.6894837054871045,0.3079705182932799,32588,9457,32588,23131,0.2490229643745357,0.7075998837246859,0.8152691128264777,0.6722720019639131,0.2996407119999276,0.07701837900003738,1.7356347370005096,,,,,,,False,False,0,0,0,0.072184843942523,16637.0,11867.0,0.7132896555869448,
optimization,rg_gamma65_current__current_c3_d2,train,603,rg_gamma65_current,gamma65,region_growing,current_c3_d2,standard,3,2.0,,,,,,both_tolerable,True,0.63671875,0.0,0.6873344164873607,0.38151318719382454,0.6873344164873607,0.30582122929353617,37358,9457,37358,27901,0.2490229643745357,0.7583411388521043,0.8152691128264777,0.6284865356817817,0.2996407119999276,0.07701837900003738,1.3634905219996654,,,,,,,False,False,0,0,0,,,,,
optimization,rg_gamma65_divisor6__conditioned_p10_f025,train,603,rg_gamma65_divisor6,gamma65,region_growing,conditioned_p10_f025,vesselness_conditioned,3,,1.0,2.0,10.0,0.25,1.0,both_tolerable,True,0.63671875,0.0,0.6933641225085075,0.38163330941837165,0.6933641225085075,0.3117308130901359,34863,9460,34863,25403,0.24911986046962306,0.7370562966312457,0.8153276955602538,0.6545621432464217,0.2996407119999276,0.08261548400059837,1.8228930100003709,,,,,,,False,False,0,0,0,0.024037132039666176,16640.0,14138.0,0.8496394230769231,
optimization,rg_gamma65_divisor6__conditioned_p10_f050,train,603,rg_gamma65_divisor6,gamma65,region_growing,conditioned_p10_f050,vesselness_conditioned,3,,1.0,2.0,10.0,0.5,1.0,both_tolerable,True,0.63671875,0.0,0.6919428350714562,0.38163330941837165,0.6919428350714562,0.3103095256530845,33764,9460,33764,24304,0.24911986046962306,0.723264752430477,0.8153276955602538,0.6632211823243691,0.2996407119999276,0.08261548400059837,1.8285736480002015,,,,,,,False,False,0,0,0,0.04807426407933235,16640.0,13039.0,0.78359375,
optimization,rg_gamma65_divisor6__conditioned_p10_f075,train,603,rg_gamma65_divisor6,gamma65,region_growing,conditioned_p10_f075,vesselness_conditioned,3,,1.0,2.0,10.0,0.75,1.0,both_tolerable,True,0.63671875,0.0,0.6895759578317993,0.38163330941837165,0.6895759578317993,0.3079426484134276,32594,9460,32594,23134,0.24911986046962306,0.7077613772164981,0.8153276955602538,0.6723016506105418,0.2996407119999276,0.08261548400059837,1.8082391000007192,,,,,,,False,False,0,0,0,0.07211139611899853,16640.0,11869.0,0.71328125,
optimization,rg_gamma65_divisor6__current_c3_d2,train,603,rg_gamma65_divisor6,gamma65,region_growing,current_c3_d2,standard,3,2.0,,,,,,both_tolerable,True,0.63671875,0.0,0.687468899101367,0.38163330941837165,0.687468899101367,0.30583558968299535,37365,9460,37365,27905,0.24911986046962306,0.7585672297406415,0.8153276955602538,0.6285561354208484,0.2996407119999276,0.08261548400059837,1.4482270009993954,,,,,,,False,False,0,0,0,,,,,
optimization,rg_gamma65_divisor8__conditioned_p10_f025,train,603,rg_gamma65_divisor8,gamma65,region_growing,conditioned_p10_f025,vesselness_conditioned,3,,1.0,2.0,10.0,0.25,1.0,both_tolerable,True,0.63671875,0.0,0.6929705904704004,0.38103251992278375,0.6929705904704004,0.3119380705476167,34834,9445,34834,25389,0.24863537999418622,0.7363134265689093,0.8150344097406035,0.6544468048458403,0.2996407119999276,0.07777820199953567,1.7847134390003703,,,,,,,False,False,0,0,0,0.024069957435131073,16627.0,14132.0,0.8499428640163589,
optimization,rg_gamma65_divisor8__conditioned_p10_f050,train,603,rg_gamma65_divisor8,gamma65,region_growing,conditioned_p10_f050,vesselness_conditioned,3,,1.0,2.0,10.0,0.5,1.0,both_tolerable,True,0.63671875,0.0,0.6916430967063878,0.38103251992278375,0.6916430967063878,0.31061057678360404,33740,9445,33740,24295,0.24863537999418622,0.7226833758599528,0.8150344097406035,0.6631594546532306,0.2996407119999276,0.07777820199953567,1.7939063499998156,,,,,,,False,False,0,0,0,0.048139914870262146,16627.0,13038.0,0.7841462681181212,
optimization,rg_gamma65_divisor8__conditioned_p10_f075,train,603,rg_gamma65_divisor8,gamma65,region_growing,conditioned_p10_f075,vesselness_conditioned,3,,1.0,2.0,10.0,0.75,1.0,both_tolerable,True,0.63671875,0.0,0.6893414756988164,0.38103251992278375,0.6893414756988164,0.3083089557760327,32575,9445,32575,23130,0.24863537999418622,0.7073091954394238,0.8150344097406035,0.6722640061396776,0.2996407119999276,0.07777820199953567,1.7544150350004202,,,,,,,False,False,0,0,0,0.07220987230539322,16627.0,11873.0,0.714079509231972,
optimization,rg_gamma65_divisor8__current_c3_d2,train,603,rg_gamma65_divisor8,gamma65,region_growing,current_c3_d2,standard,3,2.0,,,,,,both_tolerable,True,0.63671875,0.0,0.6870112754429638,0.38103251992278375,0.6870112754429638,0.30597875552018006,37329,9445,37329,27884,0.24863537999418622,0.7576628661864927,0.8150344097406035,0.628412226419138,0.2996407119999276,0.07777820199953567,1.3922078169998713,,,,,,,False,False,0,0,0,,,,,
optimization,rg_gamma65_floor065__conditioned_p10_f025,train,603,rg_gamma65_floor065,gamma65,region_growing,conditioned_p10_f025,vesselness_conditioned,3,,1.0,2.0,10.0,0.25,1.0,both_tolerable,True,0.63671875,0.0,0.6743706628727388,0.394112679454699,0.6743706628727388,0.2802579834180398,37921,10484,37921,27437,0.2637834695261781,0.7501695681664029,0.7789965661961084,0.612483847999789,0.2996407119999276,0.08345151800040185,1.7153140059999714,,,,,,,False,False,0,0,0,0.020249905064702034,18112.0,15090.0,0.8331492932862191,
optimization,rg_gamma65_floor065__conditioned_p10_f050,train,603,rg_gamma65_floor065,gamma65,region_growing,conditioned_p10_f050,vesselness_conditioned,3,,1.0,2.0,10.0,0.5,1.0,both_tolerable,True,0.63671875,0.0,0.67432995478857,0.394112679454699,0.67432995478857,0.28021727533387103,36721,10484,36721,26237,0.2637834695261781,0.7370562966312457,0.7789965661961084,0.6214427711663626,0.2996407119999276,0.08345151800040185,1.770872096999483,,,,,,,False,False,0,0,0,0.04049981012940407,18112.0,13890.0,0.7668948763250883,
optimization,rg_gamma65_floor065__conditioned_p10_f075,train,603,rg_gamma65_floor065,gamma65,region_growing,conditioned_p10_f075,vesselness_conditioned,3,,1.0,2.0,10.0,0.75,1.0,both_tolerable,True,0.63671875,0.0,0.6751214815483444,0.394112679454699,0.6751214815483444,0.28100880209364537,35510,10484,35510,25026,0.2637834695261781,0.7247181938567876,0.7789965661961084,0.6318783441284145,0.2996407119999276,0.08345151800040185,1.7427127229993857,,,,,,,False,False,0,0,0,0.0607497151941061,18112.0,12679.0,0.7000331272084805,
optimization,rg_gamma65_floor065__current_c3_d2,train,603,rg_gamma65_floor065,gamma65,region_growing,current_c3_d2,standard,3,2.0,,,,,,both_tolerable,True,0.63671875,0.0,0.6650812194036493,0.394112679454699,0.6650812194036493,0.27096853994895026,40943,10484,40943,30459,0.2637834695261781,0.7722941765446852,0.7789965661961084,0.5840070341694551,0.2996407119999276,0.08345151800040185,1.3568825299998934,,,,,,,False,False,0,0,0,,,,,
optimization,rg_gamma65_floor090__conditioned_p10_f025,train,603,rg_gamma65_floor090,gamma65,region_growing,conditioned_p10_f025,vesselness_conditioned,3,,1.0,2.0,10.0,0.25,1.0,both_tolerable,True,0.63671875,0.0,0.700827699500853,0.3688090069167466,0.700827699500853,0.3320186925841064,32347,8653,32347,23694,0.23594199153774104,0.7165143244727238,0.8442158788859355,0.6858132129718366,0.2996407119999276,0.07160970799941424,1.7420998280003914,,,,,,,False,False,0,0,0,0.027626974508166313,15484.0,13288.0,0.8581761818651511,
optimization,rg_gamma65_floor090__conditioned_p10_f050,train,603,rg_gamma65_floor090,gamma65,region_growing,conditioned_p10_f050,vesselness_conditioned,3,,1.0,2.0,10.0,0.5,1.0,both_tolerable,True,0.63671875,0.0,0.6983485001685203,0.3688090069167466,0.6983485001685203,0.32953949325177373,31346,8653,31346,22693,0.23594199153774104,0.7026904815735926,0.8442158788859355,0.694059848146494,0.2996407119999276,0.07160970799941424,1.8452948499998456,,,,,,,False,False,0,0,0,0.055253949016332626,15484.0,12287.0,0.7935288039266339,
optimization,rg_gamma65_floor090__conditioned_p10_f075,train,603,rg_gamma65_floor090,gamma65,region_growing,conditioned_p10_f075,vesselness_conditioned,3,,1.0,2.0,10.0,0.75,1.0,both_tolerable,True,0.63671875,0.0,0.6951873406133525,0.3688090069167466,0.6951873406133525,0.3263783336966059,30211,8653,30211,21558,0.23594199153774104,0.6867672232809018,0.8442158788859355,0.7038164906822019,0.2996407119999276,0.07160970799941424,1.7976401369996893,,,,,,,False,False,0,0,0,0.08288092352449894,15484.0,11152.0,0.7202273314389047,
optimization,rg_gamma65_floor090__current_c3_d2,train,603,rg_gamma65_floor090,gamma65,region_growing,current_c3_d2,standard,3,2.0,,,,,,both_tolerable,True,0.63671875,0.0,0.6970872007816317,0.3688090069167466,0.6970872007816317,0.32827819386488505,34543,8653,34543,25890,0.23594199153774104,0.7374115823132328,0.8442158788859355,0.6609443302550444,0.2996407119999276,0.07160970799941424,1.3664810999998735,,,,,,,False,False,0,0,0,,,,,
optimization,rg_gamma65_recovery__conditioned_p10_f025,train,603,rg_gamma65_recovery,gamma65,region_growing,conditioned_p10_f025,vesselness_conditioned,3,,1.0,2.0,10.0,0.25,1.0,both_tolerable,True,0.63671875,0.0,0.693264862729607,0.38151318719382454,0.693264862729607,0.3117516755357824,34858,9457,34858,25401,0.2490229643745357,0.7368948031394335,0.8152691128264777,0.6545125939526077,0.2996407119999276,0.09868483500031289,1.7261555120003322,,,,,,,False,False,0,0,0,0.024061614647507668,16637.0,14137.0,0.8497325238925287,
optimization,rg_gamma65_recovery__conditioned_p10_f050,train,603,rg_gamma65_recovery,gamma65,region_growing,conditioned_p10_f050,vesselness_conditioned,3,,1.0,2.0,10.0,0.5,1.0,both_tolerable,True,0.63671875,0.0,0.6918726823238566,0.38151318719382454,0.6918726823238566,0.310359495130032,33759,9457,33759,24302,0.2490229643745357,0.7231355576370272,0.8152691128264777,0.6632009241979916,0.2996407119999276,0.09868483500031289,1.729898958999911,,,,,,,False,False,0,0,0,0.048123229295015335,16637.0,13038.0,0.7836749413956843,
optimization,rg_gamma65_recovery__conditioned_p10_f075,train,603,rg_gamma65_recovery,gamma65,region_growing,conditioned_p10_f075,vesselness_conditioned,3,,1.0,2.0,10.0,0.75,1.0,both_tolerable,True,0.63671875,0.0,0.6894837054871045,0.38151318719382454,0.6894837054871045,0.3079705182932799,32588,9457,32588,23131,0.2490229643745357,0.7075998837246859,0.8152691128264777,0.6722720019639131,0.2996407119999276,0.09868483500031289,1.7156419019993336,,,,,,,False,False,0,0,0,0.072184843942523,16637.0,11867.0,0.7132896555869448,
optimization,rg_gamma65_recovery__current_c3_d2,train,603,rg_gamma65_recovery,gamma65,region_growing,current_c3_d2,standard,3,2.0,,,,,,both_tolerable,True,0.63671875,0.0,0.6873344164873607,0.38151318719382454,0.6873344164873607,0.30582122929353617,37358,9457,37358,27901,0.2490229643745357,0.7583411388521043,0.8152691128264777,0.6284865356817817,0.2996407119999276,0.09868483500031289,1.3781230770000548,,,,,,,False,False,0,0,0,,,,,
optimization,rg_gamma65_relax090__conditioned_p10_f025,train,603,rg_gamma65_relax090,gamma65,region_growing,conditioned_p10_f025,vesselness_conditioned,3,,1.0,2.0,10.0,0.25,1.0,both_tolerable,True,0.63671875,0.0,0.6815406782430445,0.3852174338404344,0.6815406782430445,0.29632324440261015,36360,9925,36360,26435,0.25435224960434094,0.740964439133103,0.7934508816120907,0.630940594059406,0.2996407119999276,0.08019622699976026,1.7511030189998564,,,,,,,False,False,0,0,0,0.022459400817751884,17452.0,14609.0,0.8370960348384139,
optimization,rg_gamma65_relax090__conditioned_p10_f050,train,603,rg_gamma65_relax090,gamma65,region_growing,conditioned_p10_f050,vesselness_conditioned,3,,1.0,2.0,10.0,0.5,1.0,both_tolerable,True,0.63671875,0.0,0.680937849351905,0.3852174338404344,0.680937849351905,0.29572041551147066,35233,9925,35233,25308,0.25435224960434094,0.7279157649946707,0.7934508816120907,0.6396560043141373,0.2996407119999276,0.08019622699976026,1.7521492789992408,,,,,,,False,False,0,0,0,0.04491880163550377,17452.0,13482.0,0.7725189090075636,
optimization,rg_gamma65_relax090__conditioned_p10_f075,train,603,rg_gamma65_relax090,gamma65,region_growing,conditioned_p10_f075,vesselness_conditioned,3,,1.0,2.0,10.0,0.75,1.0,both_tolerable,True,0.63671875,0.0,0.6805388945280059,0.3852174338404344,0.6805388945280059,0.2953214606875715,34061,9925,34061,24136,0.25435224960434094,0.7146087012693388,0.7934508816120907,0.6495698893162267,0.2996407119999276,0.08019622699976026,1.7488038900000902,,,,,,,False,False,0,0,0,0.06737820245325565,17452.0,12310.0,0.7053632821453129,
optimization,rg_gamma65_relax090__current_c3_d2,train,603,rg_gamma65_relax090,gamma65,region_growing,current_c3_d2,standard,3,2.0,,,,,,both_tolerable,True,0.63671875,0.0,0.6732227353058549,0.3852174338404344,0.6732227353058549,0.28800530146542047,39203,9925,39203,29278,0.25435224960434094,0.7628306579244857,0.7934508816120907,0.6024538938346555,0.2996407119999276,0.08019622699976026,1.3485509550000643,,,,,,,False,False,0,0,0,,,,,
optimization,rg_gamma65_window3__conditioned_p10_f025,train,603,rg_gamma65_window3,gamma65,region_growing,conditioned_p10_f025,vesselness_conditioned,3,,1.0,2.0,10.0,0.25,1.0,both_tolerable,True,0.63671875,0.0,0.6811881188118812,0.32426412092283213,0.6811881188118812,0.3569239978890491,23579,6749,23579,16830,0.19747424178805595,0.5999806207809826,0.9059119869610313,0.7878196700453793,0.2996407119999276,0.08932497000023432,1.7400645970001278,,,,,,,False,False,0,0,0,0.025750288739800453,10799.0,9283.0,0.8596166311695528,
optimization,rg_gamma65_window3__conditioned_p10_f050,train,603,rg_gamma65_window3,gamma65,region_growing,conditioned_p10_f050,vesselness_conditioned,3,,1.0,2.0,10.0,0.5,1.0,both_tolerable,True,0.63671875,0.0,0.6759810743111606,0.32426412092283213,0.6759810743111606,0.3517169533883285,22934,6749,22934,16185,0.19747424178805595,0.5883530893704983,0.9059119869610313,0.794279236068719,0.2996407119999276,0.08932497000023432,1.7404671479998797,,,,,,,False,False,0,0,0,0.051500577479600906,10799.0,8638.0,0.7998888785998703,
optimization,rg_gamma65_window3__conditioned_p10_f075,train,603,rg_gamma65_window3,gamma65,region_growing,conditioned_p10_f075,vesselness_conditioned,3,,1.0,2.0,10.0,0.75,1.0,both_tolerable,True,0.63671875,0.0,0.6696393294575831,0.32426412092283213,0.6696393294575831,0.34537520853475095,22190,6749,22190,15441,0.19747424178805595,0.5747876360582669,0.9059119869610313,0.801982875168995,0.2996407119999276,0.08932497000023432,1.7165117660006217,,,,,,,False,False,0,0,0,0.07725086621940136,10799.0,7894.0,0.7309936105194925,
optimization,rg_gamma65_window3__current_c3_d2,train,603,rg_gamma65_window3,gamma65,region_growing,current_c3_d2,standard,3,2.0,,,,,,both_tolerable,True,0.63671875,0.0,0.6833880405308976,0.32426412092283213,0.6833880405308976,0.3591239196080655,25095,6749,25095,18346,0.19747424178805595,0.6186492684344821,0.9059119869610313,0.7632596134688185,0.2996407119999276,0.08932497000023432,1.4192668400000912,,,,,,,False,False,0,0,0,,,,,
optimization,fc_affinity_floor024_only__conditioned_p10_f025,train,608,fc_affinity_floor024_only,current,fuzzy_connectedness,conditioned_p10_f025,vesselness_conditioned,3,,1.0,2.0,10.0,0.25,1.0,found_but_wrong,False,16.718666946347447,32.327828584310495,0.0,0.0,0.0,0.0,151,8,151,143,0.0,0.0,0.0,0.0,0.2931848730004276,0.081396393000432,1.8222959810000248,8.0,323812.0,323812.0,0.16,8.0,False,False,False,0,0,0,0.017716234549880028,111.0,108.0,0.972972972972973,
optimization,fc_affinity_floor024_only__conditioned_p10_f050,train,608,fc_affinity_floor024_only,current,fuzzy_connectedness,conditioned_p10_f050,vesselness_conditioned,3,,1.0,2.0,10.0,0.5,1.0,found_but_wrong,False,16.718666946347447,32.327828584310495,0.0,0.0,0.0,0.0,151,8,151,143,0.0,0.0,0.0,0.0,0.2931848730004276,0.081396393000432,1.856746608999856,8.0,323812.0,323812.0,0.16,8.0,False,False,False,0,0,0,0.035432469099760056,111.0,108.0,0.972972972972973,
optimization,fc_affinity_floor024_only__conditioned_p10_f075,train,608,fc_affinity_floor024_only,current,fuzzy_connectedness,conditioned_p10_f075,vesselness_conditioned,3,,1.0,2.0,10.0,0.75,1.0,found_but_wrong,False,16.718666946347447,32.327828584310495,0.0,0.0,0.0,0.0,141,8,141,133,0.0,0.0,0.0,0.0,0.2931848730004276,0.081396393000432,1.8247328070001458,8.0,323812.0,323812.0,0.16,8.0,False,False,False,0,0,0,0.05314870364964008,111.0,98.0,0.8828828828828829,
optimization,fc_affinity_floor024_only__current_c3_d2,train,608,fc_affinity_floor024_only,current,fuzzy_connectedness,current_c3_d2,standard,3,2.0,,,,,,found_but_wrong,False,16.718666946347447,32.327828584310495,0.0,0.0,0.0,0.0,154,8,154,146,0.0,0.0,0.0,0.0,0.2931848730004276,0.081396393000432,1.3791414190000069,8.0,323812.0,323812.0,0.16,8.0,False,False,False,0,0,0,,,,,
optimization,fc_alpha017__conditioned_p10_f025,train,608,fc_alpha017,current,fuzzy_connectedness,conditioned_p10_f025,vesselness_conditioned,3,,1.0,2.0,10.0,0.25,1.0,found_but_wrong,False,16.718666946347447,32.327828584310495,0.0,0.0,0.0,0.0,151,8,151,143,0.0,0.0,0.0,0.0,0.2931848730004276,0.09077902199987875,1.8224149450006735,8.0,323812.0,323812.0,0.17,8.0,False,False,False,0,0,0,0.017716234549880028,111.0,108.0,0.972972972972973,
optimization,fc_alpha017__conditioned_p10_f050,train,608,fc_alpha017,current,fuzzy_connectedness,conditioned_p10_f050,vesselness_conditioned,3,,1.0,2.0,10.0,0.5,1.0,found_but_wrong,False,16.718666946347447,32.327828584310495,0.0,0.0,0.0,0.0,151,8,151,143,0.0,0.0,0.0,0.0,0.2931848730004276,0.09077902199987875,1.8366152010003134,8.0,323812.0,323812.0,0.17,8.0,False,False,False,0,0,0,0.035432469099760056,111.0,108.0,0.972972972972973,
optimization,fc_alpha017__conditioned_p10_f075,train,608,fc_alpha017,current,fuzzy_connectedness,conditioned_p10_f075,vesselness_conditioned,3,,1.0,2.0,10.0,0.75,1.0,found_but_wrong,False,16.718666946347447,32.327828584310495,0.0,0.0,0.0,0.0,141,8,141,133,0.0,0.0,0.0,0.0,0.2931848730004276,0.09077902199987875,1.8210230380000212,8.0,323812.0,323812.0,0.17,8.0,False,False,False,0,0,0,0.05314870364964008,111.0,98.0,0.8828828828828829,
optimization,fc_alpha017__current_c3_d2,train,608,fc_alpha017,current,fuzzy_connectedness,current_c3_d2,standard,3,2.0,,,,,,found_but_wrong,False,16.718666946347447,32.327828584310495,0.0,0.0,0.0,0.0,154,8,154,146,0.0,0.0,0.0,0.0,0.2931848730004276,0.09077902199987875,1.5450442539995493,8.0,323812.0,323812.0,0.17,8.0,False,False,False,0,0,0,,,,,
optimization,fc_candidate024_only__conditioned_p10_f025,train,608,fc_candidate024_only,current,fuzzy_connectedness,conditioned_p10_f025,vesselness_conditioned,3,,1.0,2.0,10.0,0.25,1.0,found_but_wrong,False,16.718666946347447,32.327828584310495,0.0,0.0,0.0,0.0,151,8,151,143,0.0,0.0,0.0,0.0,0.2931848730004276,0.0858820060002472,1.7471807649999391,8.0,255577.0,255577.0,0.16,8.0,False,False,False,0,0,0,0.017716234549880028,111.0,108.0,0.972972972972973,
optimization,fc_candidate024_only__conditioned_p10_f050,train,608,fc_candidate024_only,current,fuzzy_connectedness,conditioned_p10_f050,vesselness_conditioned,3,,1.0,2.0,10.0,0.5,1.0,found_but_wrong,False,16.718666946347447,32.327828584310495,0.0,0.0,0.0,0.0,151,8,151,143,0.0,0.0,0.0,0.0,0.2931848730004276,0.0858820060002472,1.720840725999551,8.0,255577.0,255577.0,0.16,8.0,False,False,False,0,0,0,0.035432469099760056,111.0,108.0,0.972972972972973,
optimization,fc_candidate024_only__conditioned_p10_f075,train,608,fc_candidate024_only,current,fuzzy_connectedness,conditioned_p10_f075,vesselness_conditioned,3,,1.0,2.0,10.0,0.75,1.0,found_but_wrong,False,16.718666946347447,32.327828584310495,0.0,0.0,0.0,0.0,141,8,141,133,0.0,0.0,0.0,0.0,0.2931848730004276,0.0858820060002472,1.7325376400003734,8.0,255577.0,255577.0,0.16,8.0,False,False,False,0,0,0,0.05314870364964008,111.0,98.0,0.8828828828828829,
optimization,fc_candidate024_only__current_c3_d2,train,608,fc_candidate024_only,current,fuzzy_connectedness,current_c3_d2,standard,3,2.0,,,,,,found_but_wrong,False,16.718666946347447,32.327828584310495,0.0,0.0,0.0,0.0,154,8,154,146,0.0,0.0,0.0,0.0,0.2931848730004276,0.0858820060002472,1.34843630999967,8.0,255577.0,255577.0,0.16,8.0,False,False,False,0,0,0,,,,,
optimization,fc_current__conditioned_p10_f025,train,608,fc_current,current,fuzzy_connectedness,conditioned_p10_f025,vesselness_conditioned,3,,1.0,2.0,10.0,0.25,1.0,found_but_wrong,False,16.718666946347447,32.327828584310495,0.0,0.0,0.0,0.0,151,8,151,143,0.0,0.0,0.0,0.0,0.2931848730004276,0.07692212099937024,1.7224943239998538,8.0,323812.0,323812.0,0.16,8.0,False,False,False,0,0,0,0.017716234549880028,111.0,108.0,0.972972972972973,
optimization,fc_current__conditioned_p10_f050,train,608,fc_current,current,fuzzy_connectedness,conditioned_p10_f050,vesselness_conditioned,3,,1.0,2.0,10.0,0.5,1.0,found_but_wrong,False,16.718666946347447,32.327828584310495,0.0,0.0,0.0,0.0,151,8,151,143,0.0,0.0,0.0,0.0,0.2931848730004276,0.07692212099937024,1.7116038909998679,8.0,323812.0,323812.0,0.16,8.0,False,False,False,0,0,0,0.035432469099760056,111.0,108.0,0.972972972972973,
optimization,fc_current__conditioned_p10_f075,train,608,fc_current,current,fuzzy_connectedness,conditioned_p10_f075,vesselness_conditioned,3,,1.0,2.0,10.0,0.75,1.0,found_but_wrong,False,16.718666946347447,32.327828584310495,0.0,0.0,0.0,0.0,141,8,141,133,0.0,0.0,0.0,0.0,0.2931848730004276,0.07692212099937024,1.7184664870001143,8.0,323812.0,323812.0,0.16,8.0,False,False,False,0,0,0,0.05314870364964008,111.0,98.0,0.8828828828828829,
optimization,fc_current__current_c3_d2,train,608,fc_current,current,fuzzy_connectedness,current_c3_d2,standard,3,2.0,,,,,,found_but_wrong,False,16.718666946347447,32.327828584310495,0.0,0.0,0.0,0.0,154,8,154,146,0.0,0.0,0.0,0.0,0.2931848730004276,0.07692212099937024,1.3706382399996073,8.0,323812.0,323812.0,0.16,8.0,False,False,False,0,0,0,,,,,
optimization,fc_floor020__conditioned_p10_f025,train,608,fc_floor020,current,fuzzy_connectedness,conditioned_p10_f025,vesselness_conditioned,3,,1.0,2.0,10.0,0.25,1.0,found_but_wrong,False,16.718666946347447,32.327828584310495,0.0,0.0,0.0,0.0,151,8,151,143,0.0,0.0,0.0,0.0,0.2931848730004276,0.0810458390005806,1.7148796749997928,8.0,297153.0,297153.0,0.16,8.0,False,False,False,0,0,0,0.017716234549880028,111.0,108.0,0.972972972972973,
optimization,fc_floor020__conditioned_p10_f050,train,608,fc_floor020,current,fuzzy_connectedness,conditioned_p10_f050,vesselness_conditioned,3,,1.0,2.0,10.0,0.5,1.0,found_but_wrong,False,16.718666946347447,32.327828584310495,0.0,0.0,0.0,0.0,151,8,151,143,0.0,0.0,0.0,0.0,0.2931848730004276,0.0810458390005806,1.7327161249995697,8.0,297153.0,297153.0,0.16,8.0,False,False,False,0,0,0,0.035432469099760056,111.0,108.0,0.972972972972973,
optimization,fc_floor020__conditioned_p10_f075,train,608,fc_floor020,current,fuzzy_connectedness,conditioned_p10_f075,vesselness_conditioned,3,,1.0,2.0,10.0,0.75,1.0,found_but_wrong,False,16.718666946347447,32.327828584310495,0.0,0.0,0.0,0.0,141,8,141,133,0.0,0.0,0.0,0.0,0.2931848730004276,0.0810458390005806,1.7206343500001822,8.0,297153.0,297153.0,0.16,8.0,False,False,False,0,0,0,0.05314870364964008,111.0,98.0,0.8828828828828829,
optimization,fc_floor020__current_c3_d2,train,608,fc_floor020,current,fuzzy_connectedness,current_c3_d2,standard,3,2.0,,,,,,found_but_wrong,False,16.718666946347447,32.327828584310495,0.0,0.0,0.0,0.0,154,8,154,146,0.0,0.0,0.0,0.0,0.2931848730004276,0.0810458390005806,1.374295009000889,8.0,297153.0,297153.0,0.16,8.0,False,False,False,0,0,0,,,,,
optimization,fc_floor020_recovery__conditioned_p10_f025,train,608,fc_floor020_recovery,current,fuzzy_connectedness,conditioned_p10_f025,vesselness_conditioned,3,,1.0,2.0,10.0,0.25,1.0,found_but_wrong,False,16.718666946347447,32.327828584310495,0.0,0.0,0.0,0.0,412,30,412,382,0.0,0.0,0.0,0.0,0.2931848730004276,0.3768306299998585,1.8207053959995392,,,,,,,False,False,2,2,22,0.0183616504073143,286.0,281.0,0.9825174825174825,
optimization,fc_floor020_recovery__conditioned_p10_f050,train,608,fc_floor020_recovery,current,fuzzy_connectedness,conditioned_p10_f050,vesselness_conditioned,3,,1.0,2.0,10.0,0.5,1.0,found_but_wrong,False,16.718666946347447,32.327828584310495,0.0,0.0,0.0,0.0,409,30,409,379,0.0,0.0,0.0,0.0,0.2931848730004276,0.3768306299998585,1.8281333549994088,,,,,,,False,False,2,2,22,0.0367233008146286,286.0,278.0,0.972027972027972,
optimization,fc_floor020_recovery__conditioned_p10_f075,train,608,fc_floor020_recovery,current,fuzzy_connectedness,conditioned_p10_f075,vesselness_conditioned,3,,1.0,2.0,10.0,0.75,1.0,found_but_wrong,False,16.718666946347447,32.327828584310495,0.0,0.0,0.0,0.0,391,30,391,361,0.0,0.0,0.0,0.0,0.2931848730004276,0.3768306299998585,1.8024646069998198,,,,,,,False,False,2,2,22,0.0550849512219429,286.0,260.0,0.9090909090909091,
optimization,fc_floor020_recovery__current_c3_d2,train,608,fc_floor020_recovery,current,fuzzy_connectedness,current_c3_d2,standard,3,2.0,,,,,,found_but_wrong,False,16.718666946347447,32.327828584310495,0.0,0.0,0.0,0.0,417,30,417,387,0.0,0.0,0.0,0.0,0.2931848730004276,0.3768306299998585,1.4535857179998857,,,,,,,False,False,2,2,22,,,,,
optimization,fc_floor024__conditioned_p10_f025,train,608,fc_floor024,current,fuzzy_connectedness,conditioned_p10_f025,vesselness_conditioned,3,,1.0,2.0,10.0,0.25,1.0,found_but_wrong,False,16.718666946347447,32.327828584310495,0.0,0.0,0.0,0.0,151,8,151,143,0.0,0.0,0.0,0.0,0.2931848730004276,0.07995548599956237,1.7574019740004587,8.0,255577.0,255577.0,0.16,8.0,False,False,False,0,0,0,0.017716234549880028,111.0,108.0,0.972972972972973,
optimization,fc_floor024__conditioned_p10_f050,train,608,fc_floor024,current,fuzzy_connectedness,conditioned_p10_f050,vesselness_conditioned,3,,1.0,2.0,10.0,0.5,1.0,found_but_wrong,False,16.718666946347447,32.327828584310495,0.0,0.0,0.0,0.0,151,8,151,143,0.0,0.0,0.0,0.0,0.2931848730004276,0.07995548599956237,1.7273857119998866,8.0,255577.0,255577.0,0.16,8.0,False,False,False,0,0,0,0.035432469099760056,111.0,108.0,0.972972972972973,
optimization,fc_floor024__conditioned_p10_f075,train,608,fc_floor024,current,fuzzy_connectedness,conditioned_p10_f075,vesselness_conditioned,3,,1.0,2.0,10.0,0.75,1.0,found_but_wrong,False,16.718666946347447,32.327828584310495,0.0,0.0,0.0,0.0,141,8,141,133,0.0,0.0,0.0,0.0,0.2931848730004276,0.07995548599956237,1.7214855729998817,8.0,255577.0,255577.0,0.16,8.0,False,False,False,0,0,0,0.05314870364964008,111.0,98.0,0.8828828828828829,
optimization,fc_floor024__current_c3_d2,train,608,fc_floor024,current,fuzzy_connectedness,current_c3_d2,standard,3,2.0,,,,,,found_but_wrong,False,16.718666946347447,32.327828584310495,0.0,0.0,0.0,0.0,154,8,154,146,0.0,0.0,0.0,0.0,0.2931848730004276,0.07995548599956237,1.346822350000366,8.0,255577.0,255577.0,0.16,8.0,False,False,False,0,0,0,,,,,
optimization,rg_gamma55_current__conditioned_p10_f025,train,608,rg_gamma55_current,current,region_growing,conditioned_p10_f025,vesselness_conditioned,3,,1.0,2.0,10.0,0.25,1.0,found_but_wrong,False,16.718666946347447,32.327828584310495,0.0,0.0,0.0,0.0,55,3,55,52,0.0,0.0,0.0,0.0,0.2931848730004276,0.011301667999759957,1.7278221570004462,,,,,,,False,False,0,0,0,0.021962914615869522,41.0,39.0,0.9512195121951219,
optimization,rg_gamma55_current__conditioned_p10_f050,train,608,rg_gamma55_current,current,region_growing,conditioned_p10_f050,vesselness_conditioned,3,,1.0,2.0,10.0,0.5,1.0,found_but_wrong,False,16.718666946347447,32.327828584310495,0.0,0.0,0.0,0.0,54,3,54,51,0.0,0.0,0.0,0.0,0.2931848730004276,0.011301667999759957,1.714716307999879,,,,,,,False,False,0,0,0,0.043925829231739044,41.0,38.0,0.926829268292683,
optimization,rg_gamma55_current__conditioned_p10_f075,train,608,rg_gamma55_current,current,region_growing,conditioned_p10_f075,vesselness_conditioned,3,,1.0,2.0,10.0,0.75,1.0,found_but_wrong,False,16.718666946347447,32.327828584310495,0.0,0.0,0.0,0.0,48,3,48,45,0.0,0.0,0.0,0.0,0.2931848730004276,0.011301667999759957,1.7090880039995682,,,,,,,False,False,0,0,0,0.06588874384760857,41.0,32.0,0.7804878048780488,
optimization,rg_gamma55_current__current_c3_d2,train,608,rg_gamma55_current,current,region_growing,current_c3_d2,standard,3,2.0,,,,,,found_but_wrong,False,16.718666946347447,32.327828584310495,0.0,0.0,0.0,0.0,57,3,57,54,0.0,0.0,0.0,0.0,0.2931848730004276,0.011301667999759957,1.3786540629998854,,,,,,,False,False,0,0,0,,,,,
optimization,rg_gamma65_current__conditioned_p10_f025,train,608,rg_gamma65_current,gamma65,region_growing,conditioned_p10_f025,vesselness_conditioned,3,,1.0,2.0,10.0,0.25,1.0,found_but_wrong,False,16.718666946347447,32.327828584310495,0.0,0.0,0.0,0.0,44,2,44,42,0.0,0.0,0.0,0.0,0.29741520599964133,0.010122927000338677,1.7434868339996683,,,,,,,False,False,0,0,0,0.019776832312345505,34.0,32.0,0.9411764705882353,
optimization,rg_gamma65_current__conditioned_p10_f050,train,608,rg_gamma65_current,gamma65,region_growing,conditioned_p10_f050,vesselness_conditioned,3,,1.0,2.0,10.0,0.5,1.0,found_but_wrong,False,16.718666946347447,32.327828584310495,0.0,0.0,0.0,0.0,41,2,41,39,0.0,0.0,0.0,0.0,0.29741520599964133,0.010122927000338677,1.7580837539999266,,,,,,,False,False,0,0,0,0.03955366462469101,34.0,29.0,0.8529411764705882,
optimization,rg_gamma65_current__conditioned_p10_f075,train,608,rg_gamma65_current,gamma65,region_growing,conditioned_p10_f075,vesselness_conditioned,3,,1.0,2.0,10.0,0.75,1.0,found_but_wrong,False,16.718666946347447,32.327828584310495,0.0,0.0,0.0,0.0,38,2,38,36,0.0,0.0,0.0,0.0,0.29741520599964133,0.010122927000338677,1.7589406420001978,,,,,,,False,False,0,0,0,0.059330496937036514,34.0,26.0,0.7647058823529411,
optimization,rg_gamma65_current__current_c3_d2,train,608,rg_gamma65_current,gamma65,region_growing,current_c3_d2,standard,3,2.0,,,,,,found_but_wrong,False,16.718666946347447,32.327828584310495,0.0,0.0,0.0,0.0,46,2,46,44,0.0,0.0,0.0,0.0,0.29741520599964133,0.010122927000338677,1.3900925060006557,,,,,,,False,False,0,0,0,,,,,
optimization,rg_gamma65_divisor6__conditioned_p10_f025,train,608,rg_gamma65_divisor6,gamma65,region_growing,conditioned_p10_f025,vesselness_conditioned,3,,1.0,2.0,10.0,0.25,1.0,found_but_wrong,False,16.718666946347447,32.327828584310495,0.0,0.0,0.0,0.0,44,2,44,42,0.0,0.0,0.0,0.0,0.29741520599964133,0.009419306999916444,1.738093511000443,,,,,,,False,False,0,0,0,0.019776832312345505,34.0,32.0,0.9411764705882353,
optimization,rg_gamma65_divisor6__conditioned_p10_f050,train,608,rg_gamma65_divisor6,gamma65,region_growing,conditioned_p10_f050,vesselness_conditioned,3,,1.0,2.0,10.0,0.5,1.0,found_but_wrong,False,16.718666946347447,32.327828584310495,0.0,0.0,0.0,0.0,41,2,41,39,0.0,0.0,0.0,0.0,0.29741520599964133,0.009419306999916444,1.7131001620000461,,,,,,,False,False,0,0,0,0.03955366462469101,34.0,29.0,0.8529411764705882,
optimization,rg_gamma65_divisor6__conditioned_p10_f075,train,608,rg_gamma65_divisor6,gamma65,region_growing,conditioned_p10_f075,vesselness_conditioned,3,,1.0,2.0,10.0,0.75,1.0,found_but_wrong,False,16.718666946347447,32.327828584310495,0.0,0.0,0.0,0.0,38,2,38,36,0.0,0.0,0.0,0.0,0.29741520599964133,0.009419306999916444,1.718354014000397,,,,,,,False,False,0,0,0,0.059330496937036514,34.0,26.0,0.7647058823529411,
optimization,rg_gamma65_divisor6__current_c3_d2,train,608,rg_gamma65_divisor6,gamma65,region_growing,current_c3_d2,standard,3,2.0,,,,,,found_but_wrong,False,16.718666946347447,32.327828584310495,0.0,0.0,0.0,0.0,46,2,46,44,0.0,0.0,0.0,0.0,0.29741520599964133,0.009419306999916444,1.3447993849995328,,,,,,,False,False,0,0,0,,,,,
optimization,rg_gamma65_divisor8__conditioned_p10_f025,train,608,rg_gamma65_divisor8,gamma65,region_growing,conditioned_p10_f025,vesselness_conditioned,3,,1.0,2.0,10.0,0.25,1.0,found_but_wrong,False,16.718666946347447,32.327828584310495,0.0,0.0,0.0,0.0,44,2,44,42,0.0,0.0,0.0,0.0,0.29741520599964133,0.009632064000470564,1.774297478000335,,,,,,,False,False,0,0,0,0.019776832312345505,34.0,32.0,0.9411764705882353,
optimization,rg_gamma65_divisor8__conditioned_p10_f050,train,608,rg_gamma65_divisor8,gamma65,region_growing,conditioned_p10_f050,vesselness_conditioned,3,,1.0,2.0,10.0,0.5,1.0,found_but_wrong,False,16.718666946347447,32.327828584310495,0.0,0.0,0.0,0.0,41,2,41,39,0.0,0.0,0.0,0.0,0.29741520599964133,0.009632064000470564,1.744738985999902,,,,,,,False,False,0,0,0,0.03955366462469101,34.0,29.0,0.8529411764705882,
optimization,rg_gamma65_divisor8__conditioned_p10_f075,train,608,rg_gamma65_divisor8,gamma65,region_growing,conditioned_p10_f075,vesselness_conditioned,3,,1.0,2.0,10.0,0.75,1.0,found_but_wrong,False,16.718666946347447,32.327828584310495,0.0,0.0,0.0,0.0,38,2,38,36,0.0,0.0,0.0,0.0,0.29741520599964133,0.009632064000470564,1.7554068760000519,,,,,,,False,False,0,0,0,0.059330496937036514,34.0,26.0,0.7647058823529411,
optimization,rg_gamma65_divisor8__current_c3_d2,train,608,rg_gamma65_divisor8,gamma65,region_growing,current_c3_d2,standard,3,2.0,,,,,,found_but_wrong,False,16.718666946347447,32.327828584310495,0.0,0.0,0.0,0.0,46,2,46,44,0.0,0.0,0.0,0.0,0.29741520599964133,0.009632064000470564,1.4093061809999199,,,,,,,False,False,0,0,0,,,,,
optimization,rg_gamma65_floor065__conditioned_p10_f025,train,608,rg_gamma65_floor065,gamma65,region_growing,conditioned_p10_f025,vesselness_conditioned,3,,1.0,2.0,10.0,0.25,1.0,found_but_wrong,False,16.718666946347447,32.327828584310495,0.0,0.0,0.0,0.0,55,3,55,52,0.0,0.0,0.0,0.0,0.29741520599964133,0.00997066900072241,1.7509848649997366,,,,,,,False,False,0,0,0,0.01695321500301361,41.0,39.0,0.9512195121951219,
optimization,rg_gamma65_floor065__conditioned_p10_f050,train,608,rg_gamma65_floor065,gamma65,region_growing,conditioned_p10_f050,vesselness_conditioned,3,,1.0,2.0,10.0,0.5,1.0,found_but_wrong,False,16.718666946347447,32.327828584310495,0.0,0.0,0.0,0.0,54,3,54,51,0.0,0.0,0.0,0.0,0.29741520599964133,0.00997066900072241,1.7363987879998604,,,,,,,False,False,0,0,0,0.03390643000602722,41.0,38.0,0.926829268292683,
optimization,rg_gamma65_floor065__conditioned_p10_f075,train,608,rg_gamma65_floor065,gamma65,region_growing,conditioned_p10_f075,vesselness_conditioned,3,,1.0,2.0,10.0,0.75,1.0,found_but_wrong,False,16.718666946347447,32.327828584310495,0.0,0.0,0.0,0.0,48,3,48,45,0.0,0.0,0.0,0.0,0.29741520599964133,0.00997066900072241,1.7207593370003451,,,,,,,False,False,0,0,0,0.05085964500904083,41.0,32.0,0.7804878048780488,
optimization,rg_gamma65_floor065__current_c3_d2,train,608,rg_gamma65_floor065,gamma65,region_growing,current_c3_d2,standard,3,2.0,,,,,,found_but_wrong,False,16.718666946347447,32.327828584310495,0.0,0.0,0.0,0.0,57,3,57,54,0.0,0.0,0.0,0.0,0.29741520599964133,0.00997066900072241,1.373671619000561,,,,,,,False,False,0,0,0,,,,,
optimization,rg_gamma65_floor090__conditioned_p10_f025,train,608,rg_gamma65_floor090,gamma65,region_growing,conditioned_p10_f025,vesselness_conditioned,3,,1.0,2.0,10.0,0.25,1.0,found_but_wrong,False,16.718666946347447,32.327828584310495,0.0,0.0,0.0,0.0,0,0,0,0,0.0,0.0,0.0,0.0,0.29741520599964133,0.00988969999980327,1.7350301830001627,,,,,,,False,False,0,0,0,0.0,0.0,0.0,0.0,
optimization,rg_gamma65_floor090__conditioned_p10_f050,train,608,rg_gamma65_floor090,gamma65,region_growing,conditioned_p10_f050,vesselness_conditioned,3,,1.0,2.0,10.0,0.5,1.0,found_but_wrong,False,16.718666946347447,32.327828584310495,0.0,0.0,0.0,0.0,0,0,0,0,0.0,0.0,0.0,0.0,0.29741520599964133,0.00988969999980327,1.7099391850006214,,,,,,,False,False,0,0,0,0.0,0.0,0.0,0.0,
optimization,rg_gamma65_floor090__conditioned_p10_f075,train,608,rg_gamma65_floor090,gamma65,region_growing,conditioned_p10_f075,vesselness_conditioned,3,,1.0,2.0,10.0,0.75,1.0,found_but_wrong,False,16.718666946347447,32.327828584310495,0.0,0.0,0.0,0.0,0,0,0,0,0.0,0.0,0.0,0.0,0.29741520599964133,0.00988969999980327,1.710201990999849,,,,,,,False,False,0,0,0,0.0,0.0,0.0,0.0,
optimization,rg_gamma65_floor090__current_c3_d2,train,608,rg_gamma65_floor090,gamma65,region_growing,current_c3_d2,standard,3,2.0,,,,,,found_but_wrong,False,16.718666946347447,32.327828584310495,0.0,0.0,0.0,0.0,0,0,0,0,0.0,0.0,0.0,0.0,0.29741520599964133,0.00988969999980327,1.3474712110000837,,,,,,,False,False,0,0,0,,,,,
optimization,rg_gamma65_recovery__conditioned_p10_f025,train,608,rg_gamma65_recovery,gamma65,region_growing,conditioned_p10_f025,vesselness_conditioned,3,,1.0,2.0,10.0,0.25,1.0,found_but_wrong,False,16.718666946347447,32.327828584310495,0.0,0.0,0.0,0.0,55,3,55,52,0.0,0.0,0.0,0.0,0.29741520599964133,0.053682585999922594,1.7292714549994344,,,,,,,False,False,2,1,1,0.01695321500301361,41.0,39.0,0.9512195121951219,
optimization,rg_gamma65_recovery__conditioned_p10_f050,train,608,rg_gamma65_recovery,gamma65,region_growing,conditioned_p10_f050,vesselness_conditioned,3,,1.0,2.0,10.0,0.5,1.0,found_but_wrong,False,16.718666946347447,32.327828584310495,0.0,0.0,0.0,0.0,54,3,54,51,0.0,0.0,0.0,0.0,0.29741520599964133,0.053682585999922594,1.73348998199981,,,,,,,False,False,2,1,1,0.03390643000602722,41.0,38.0,0.926829268292683,
optimization,rg_gamma65_recovery__conditioned_p10_f075,train,608,rg_gamma65_recovery,gamma65,region_growing,conditioned_p10_f075,vesselness_conditioned,3,,1.0,2.0,10.0,0.75,1.0,found_but_wrong,False,16.718666946347447,32.327828584310495,0.0,0.0,0.0,0.0,48,3,48,45,0.0,0.0,0.0,0.0,0.29741520599964133,0.053682585999922594,1.7415499310000087,,,,,,,False,False,2,1,1,0.05085964500904083,41.0,32.0,0.7804878048780488,
optimization,rg_gamma65_recovery__current_c3_d2,train,608,rg_gamma65_recovery,gamma65,region_growing,current_c3_d2,standard,3,2.0,,,,,,found_but_wrong,False,16.718666946347447,32.327828584310495,0.0,0.0,0.0,0.0,57,3,57,54,0.0,0.0,0.0,0.0,0.29741520599964133,0.053682585999922594,1.384914922000462,,,,,,,False,False,2,1,1,,,,,
optimization,rg_gamma65_relax090__conditioned_p10_f025,train,608,rg_gamma65_relax090,gamma65,region_growing,conditioned_p10_f025,vesselness_conditioned,3,,1.0,2.0,10.0,0.25,1.0,found_but_wrong,False,16.718666946347447,32.327828584310495,0.0,0.0,0.0,0.0,44,2,44,42,0.0,0.0,0.0,0.0,0.29741520599964133,0.010026439000284881,1.789895701000205,,,,,,,False,False,0,0,0,0.019776832312345505,34.0,32.0,0.9411764705882353,
optimization,rg_gamma65_relax090__conditioned_p10_f050,train,608,rg_gamma65_relax090,gamma65,region_growing,conditioned_p10_f050,vesselness_conditioned,3,,1.0,2.0,10.0,0.5,1.0,found_but_wrong,False,16.718666946347447,32.327828584310495,0.0,0.0,0.0,0.0,41,2,41,39,0.0,0.0,0.0,0.0,0.29741520599964133,0.010026439000284881,1.7437586710002506,,,,,,,False,False,0,0,0,0.03955366462469101,34.0,29.0,0.8529411764705882,
optimization,rg_gamma65_relax090__conditioned_p10_f075,train,608,rg_gamma65_relax090,gamma65,region_growing,conditioned_p10_f075,vesselness_conditioned,3,,1.0,2.0,10.0,0.75,1.0,found_but_wrong,False,16.718666946347447,32.327828584310495,0.0,0.0,0.0,0.0,38,2,38,36,0.0,0.0,0.0,0.0,0.29741520599964133,0.010026439000284881,1.7177823769998213,,,,,,,False,False,0,0,0,0.059330496937036514,34.0,26.0,0.7647058823529411,
optimization,rg_gamma65_relax090__current_c3_d2,train,608,rg_gamma65_relax090,gamma65,region_growing,current_c3_d2,standard,3,2.0,,,,,,found_but_wrong,False,16.718666946347447,32.327828584310495,0.0,0.0,0.0,0.0,46,2,46,44,0.0,0.0,0.0,0.0,0.29741520599964133,0.010026439000284881,1.4010864430001675,,,,,,,False,False,0,0,0,,,,,
optimization,rg_gamma65_window3__conditioned_p10_f025,train,608,rg_gamma65_window3,gamma65,region_growing,conditioned_p10_f025,vesselness_conditioned,3,,1.0,2.0,10.0,0.25,1.0,found_but_wrong,False,16.718666946347447,32.327828584310495,0.0,0.0,0.0,0.0,44,2,44,42,0.0,0.0,0.0,0.0,0.29741520599964133,0.010437471999466652,1.7990437079997719,,,,,,,False,False,0,0,0,0.019776832312345505,34.0,32.0,0.9411764705882353,
optimization,rg_gamma65_window3__conditioned_p10_f050,train,608,rg_gamma65_window3,gamma65,region_growing,conditioned_p10_f050,vesselness_conditioned,3,,1.0,2.0,10.0,0.5,1.0,found_but_wrong,False,16.718666946347447,32.327828584310495,0.0,0.0,0.0,0.0,41,2,41,39,0.0,0.0,0.0,0.0,0.29741520599964133,0.010437471999466652,1.747169254000255,,,,,,,False,False,0,0,0,0.03955366462469101,34.0,29.0,0.8529411764705882,
optimization,rg_gamma65_window3__conditioned_p10_f075,train,608,rg_gamma65_window3,gamma65,region_growing,conditioned_p10_f075,vesselness_conditioned,3,,1.0,2.0,10.0,0.75,1.0,found_but_wrong,False,16.718666946347447,32.327828584310495,0.0,0.0,0.0,0.0,38,2,38,36,0.0,0.0,0.0,0.0,0.29741520599964133,0.010437471999466652,1.751525940000647,,,,,,,False,False,0,0,0,0.059330496937036514,34.0,26.0,0.7647058823529411,
optimization,rg_gamma65_window3__current_c3_d2,train,608,rg_gamma65_window3,gamma65,region_growing,current_c3_d2,standard,3,2.0,,,,,,found_but_wrong,False,16.718666946347447,32.327828584310495,0.0,0.0,0.0,0.0,46,2,46,44,0.0,0.0,0.0,0.0,0.29741520599964133,0.010437471999466652,1.421527258000424,,,,,,,False,False,0,0,0,,,,,
optimization,fc_affinity_floor024_only__conditioned_p10_f025,train,631,fc_affinity_floor024_only,current,fuzzy_connectedness,conditioned_p10_f025,vesselness_conditioned,3,,1.0,2.0,10.0,0.25,1.0,both_tolerable,True,0.0,1.113000238656758,0.7246222694846914,0.4345958884821177,0.7246222694846914,0.2900263810025737,23150,6420,23150,16730,0.280744042204839,0.743769328724759,0.9615264797507788,0.7064362850971923,0.3948126040004354,1.4405266630001279,2.3321035070002836,6420.0,371872.0,371872.0,0.16,8.0,False,False,False,0,0,0,0.015740985050797462,11385.0,9255.0,0.8129117259552042,
optimization,fc_affinity_floor024_only__conditioned_p10_f050,train,631,fc_affinity_floor024_only,current,fuzzy_connectedness,conditioned_p10_f050,vesselness_conditioned,3,,1.0,2.0,10.0,0.5,1.0,both_tolerable,True,0.0,1.113000238656758,0.7250807125279389,0.4345958884821177,0.7250807125279389,0.2904848240458212,22305,6420,22305,15885,0.280744042204839,0.7303074404220484,0.9615264797507788,0.7199282672046626,0.3948126040004354,1.4405266630001279,2.3462460129994724,6420.0,371872.0,371872.0,0.16,8.0,False,False,False,0,0,0,0.031481970101594925,11385.0,8410.0,0.7386912604303909,
optimization,fc_affinity_floor024_only__conditioned_p10_f075,train,631,fc_affinity_floor024_only,current,fuzzy_connectedness,conditioned_p10_f075,vesselness_conditioned,3,,1.0,2.0,10.0,0.75,1.0,both_tolerable,True,0.0,1.113000238656758,0.7256669733210671,0.4345958884821177,0.7256669733210671,0.2910710848389494,21492,6420,21492,15072,0.280744042204839,0.7174822630525741,0.9615264797507788,0.7340405732365531,0.3948126040004354,1.4405266630001279,2.301532780999878,6420.0,371872.0,371872.0,0.16,8.0,False,False,False,0,0,0,0.04722295515239239,11385.0,7597.0,0.6672815107597716,
optimization,fc_affinity_floor024_only__current_c3_d2,train,631,fc_affinity_floor024_only,current,fuzzy_connectedness,current_c3_d2,standard,3,2.0,,,,,,both_tolerable,True,0.0,1.113000238656758,0.7074976728442075,0.4345958884821177,0.7074976728442075,0.2729017843620898,25280,6420,25280,18860,0.280744042204839,0.7604602510460251,0.9615264797507788,0.6614319620253165,0.3948126040004354,1.4405266630001279,1.8532231380004305,6420.0,371872.0,371872.0,0.16,8.0,False,False,False,0,0,0,,,,,
optimization,fc_alpha017__conditioned_p10_f025,train,631,fc_alpha017,current,fuzzy_connectedness,conditioned_p10_f025,vesselness_conditioned,3,,1.0,2.0,10.0,0.25,1.0,both_tolerable,True,0.0,1.113000238656758,0.726657034495214,0.41595543334642715,0.726657034495214,0.31070160114878687,22308,6015,22308,16293,0.26487174822630527,0.7319446971075132,0.9682460515378221,0.7214452214452215,0.3948126040004354,1.4282689450001271,2.3379439580003236,6015.0,371872.0,371872.0,0.17,8.0,False,False,False,0,0,0,0.01852475292980671,11083.0,9086.0,0.8198141297482631,
optimization,fc_alpha017__conditioned_p10_f050,train,631,fc_alpha017,current,fuzzy_connectedness,conditioned_p10_f050,vesselness_conditioned,3,,1.0,2.0,10.0,0.5,1.0,both_tolerable,True,0.0,1.113000238656758,0.7262107344892609,0.41595543334642715,0.7262107344892609,0.31025530114283373,21498,6015,21498,15483,0.26487174822630527,0.7181189739858105,0.9682460515378221,0.7344869290166527,0.3948126040004354,1.4282689450001271,2.3125134709998747,6015.0,371872.0,371872.0,0.17,8.0,False,False,False,0,0,0,0.03704950585961342,11083.0,8276.0,0.7467292249390959,
optimization,fc_alpha017__conditioned_p10_f075,train,631,fc_alpha017,current,fuzzy_connectedness,conditioned_p10_f075,vesselness_conditioned,3,,1.0,2.0,10.0,0.75,1.0,both_tolerable,True,0.0,1.113000238656758,0.7263905491878209,0.41595543334642715,0.7263905491878209,0.3104351158413937,20675,6015,20675,14660,0.26487174822630527,0.7047025650354739,0.9682460515378221,0.7494558645707377,0.3948126040004354,1.4282689450001271,2.3073530120000214,6015.0,371872.0,371872.0,0.17,8.0,False,False,False,0,0,0,0.05557425878942013,11083.0,7453.0,0.6724713525218804,
optimization,fc_alpha017__current_c3_d2,train,631,fc_alpha017,current,fuzzy_connectedness,current_c3_d2,standard,3,2.0,,,,,,both_tolerable,True,0.0,1.113000238656758,0.7119866934525738,0.41595543334642715,0.7119866934525738,0.29603126010614667,24305,6015,24305,18290,0.26487174822630527,0.7494997271238858,0.9682460515378221,0.6780497839950628,0.3948126040004354,1.4282689450001271,1.8685859090001031,6015.0,371872.0,371872.0,0.17,8.0,False,False,False,0,0,0,,,,,
optimization,fc_candidate024_only__conditioned_p10_f025,train,631,fc_candidate024_only,current,fuzzy_connectedness,conditioned_p10_f025,vesselness_conditioned,3,,1.0,2.0,10.0,0.25,1.0,both_tolerable,True,0.0,1.113000238656758,0.7251193290806085,0.4283338640625553,0.7251193290806085,0.2967854650180532,22846,6275,22846,16571,0.27528651991995634,0.7392668728397308,0.9646215139442231,0.7115031077650354,0.3948126040004354,1.3551287619993673,2.374515038000027,6275.0,282249.0,282249.0,0.16,8.0,False,False,False,0,0,0,0.01668618619441986,11277.0,9176.0,0.8136915846413053,
optimization,fc_candidate024_only__conditioned_p10_f050,train,631,fc_candidate024_only,current,fuzzy_connectedness,conditioned_p10_f050,vesselness_conditioned,3,,1.0,2.0,10.0,0.5,1.0,both_tolerable,True,0.0,1.113000238656758,0.7250709985232308,0.4283338640625553,0.7250709985232308,0.29673713446067546,22027,6275,22027,15752,0.27528651991995634,0.7257140258322722,0.9646215139442231,0.724429109728969,0.3948126040004354,1.3551287619993673,2.3703495050003767,6275.0,282249.0,282249.0,0.16,8.0,False,False,False,0,0,0,0.03337237238883972,11277.0,8357.0,0.741065886317283,
optimization,fc_candidate024_only__conditioned_p10_f075,train,631,fc_candidate024_only,current,fuzzy_connectedness,conditioned_p10_f075,vesselness_conditioned,3,,1.0,2.0,10.0,0.75,1.0,both_tolerable,True,0.0,1.113000238656758,0.7255878605351558,0.4283338640625553,0.7255878605351558,0.2972539964726005,21177,6275,21177,14902,0.27528651991995634,0.7122066581771875,0.9646215139442231,0.7394815129621759,0.3948126040004354,1.3551287619993673,2.3135908860003838,6275.0,282249.0,282249.0,0.16,8.0,False,False,False,0,0,0,0.05005855858325958,11277.0,7507.0,0.66569122993704,
optimization,fc_candidate024_only__current_c3_d2,train,631,fc_candidate024_only,current,fuzzy_connectedness,current_c3_d2,standard,3,2.0,,,,,,both_tolerable,True,0.0,1.113000238656758,0.7088526685842123,0.4283338640625553,0.7088526685842123,0.28051880452165695,24947,6275,24947,18672,0.27528651991995634,0.7565490267418592,0.9646215139442231,0.6668136449272457,0.3948126040004354,1.3551287619993673,1.8800052360002155,6275.0,282249.0,282249.0,0.16,8.0,False,False,False,0,0,0,,,,,
optimization,fc_current__conditioned_p10_f025,train,631,fc_current,current,fuzzy_connectedness,conditioned_p10_f025,vesselness_conditioned,3,,1.0,2.0,10.0,0.25,1.0,both_tolerable,True,0.0,1.113000238656758,0.7251193290806085,0.42838947070478345,0.7251193290806085,0.29672985837582505,22846,6276,22846,16570,0.2753319992723304,0.7392668728397308,0.9646271510516252,0.7115031077650354,0.3948126040004354,1.4229557099997692,2.3063927630000762,6276.0,371872.0,371872.0,0.16,8.0,False,False,False,0,0,0,0.016675841063261032,11277.0,9175.0,0.8136029085749756,
optimization,fc_current__conditioned_p10_f050,train,631,fc_current,current,fuzzy_connectedness,conditioned_p10_f050,vesselness_conditioned,3,,1.0,2.0,10.0,0.5,1.0,both_tolerable,True,0.0,1.113000238656758,0.7250709985232308,0.42838947070478345,0.7250709985232308,0.2966815278184473,22027,6276,22027,15751,0.2753319992723304,0.7257140258322722,0.9646271510516252,0.724429109728969,0.3948126040004354,1.4229557099997692,2.296780757000306,6276.0,371872.0,371872.0,0.16,8.0,False,False,False,0,0,0,0.033351682126522064,11277.0,8356.0,0.7409772102509533,
optimization,fc_current__conditioned_p10_f075,train,631,fc_current,current,fuzzy_connectedness,conditioned_p10_f075,vesselness_conditioned,3,,1.0,2.0,10.0,0.75,1.0,both_tolerable,True,0.0,1.113000238656758,0.7256469062014965,0.42838947070478345,0.7256469062014965,0.2972574354967131,21179,6276,21179,14903,0.2753319992723304,0.7122976168819356,0.9646271510516252,0.7395061145474291,0.3948126040004354,1.4229557099997692,2.2913774029993874,6276.0,371872.0,371872.0,0.16,8.0,False,False,False,0,0,0,0.050027523189783096,11277.0,7508.0,0.6657799060033697,
optimization,fc_current__current_c3_d2,train,631,fc_current,current,fuzzy_connectedness,current_c3_d2,standard,3,2.0,,,,,,both_tolerable,True,0.0,1.113000238656758,0.7088375660473837,0.42838947070478345,0.7088375660473837,0.28044809534260023,24948,6276,24948,18672,0.2753319992723304,0.7565490267418592,0.9646271510516252,0.6667869167869168,0.3948126040004354,1.4229557099997692,1.8257962489997226,6276.0,371872.0,371872.0,0.16,8.0,False,False,False,0,0,0,,,,,
optimization,fc_floor020__conditioned_p10_f025,train,631,fc_floor020,current,fuzzy_connectedness,conditioned_p10_f025,vesselness_conditioned,3,,1.0,2.0,10.0,0.25,1.0,both_tolerable,True,0.0,1.113000238656758,0.7250261593605984,0.4300703006323524,0.7250261593605984,0.29495585872824603,22929,6319,22929,16610,0.2768328179006731,0.7405402947062034,0.9632853299572717,0.7101487199616207,0.3948126040004354,1.38487863499995,2.3022726740000508,6319.0,335839.0,335839.0,0.16,8.0,False,False,False,0,0,0,0.016388794407248497,11305.0,9199.0,0.8137107474568774,
optimization,fc_floor020__conditioned_p10_f050,train,631,fc_floor020,current,fuzzy_connectedness,conditioned_p10_f050,vesselness_conditioned,3,,1.0,2.0,10.0,0.5,1.0,both_tolerable,True,0.0,1.113000238656758,0.7251904934687954,0.4300703006323524,0.7251904934687954,0.295120192836443,22108,6319,22108,15789,0.2768328179006731,0.7271693651082408,0.9632853299572717,0.7232223629455401,0.3948126040004354,1.38487863499995,2.292830755000068,6319.0,335839.0,335839.0,0.16,8.0,False,False,False,0,0,0,0.032777588814496994,11305.0,8378.0,0.7410880141530296,
optimization,fc_floor020__conditioned_p10_f075,train,631,fc_floor020,current,fuzzy_connectedness,conditioned_p10_f075,vesselness_conditioned,3,,1.0,2.0,10.0,0.75,1.0,both_tolerable,True,0.0,1.113000238656758,0.7257136253322547,0.4300703006323524,0.7257136253322547,0.2956433246999023,21277,6319,21277,14958,0.2768328179006731,0.7139803529197745,0.9632853299572717,0.7378389810593599,0.3948126040004354,1.38487863499995,2.3033430280001994,6319.0,335839.0,335839.0,0.16,8.0,False,False,False,0,0,0,0.04916638322174549,11305.0,7547.0,0.6675807164971251,
optimization,fc_floor020__current_c3_d2,train,631,fc_floor020,current,fuzzy_connectedness,current_c3_d2,standard,3,2.0,,,,,,both_tolerable,True,0.0,1.113000238656758,0.708419284180082,0.4300703006323524,0.708419284180082,0.27834898354772963,25035,6319,25035,18716,0.2768328179006731,0.7575040931417136,0.9632853299572717,0.6653085680047933,0.3948126040004354,1.38487863499995,1.8306696879999436,6319.0,335839.0,335839.0,0.16,8.0,False,False,False,0,0,0,,,,,
optimization,fc_floor020_recovery__conditioned_p10_f025,train,631,fc_floor020_recovery,current,fuzzy_connectedness,conditioned_p10_f025,vesselness_conditioned,3,,1.0,2.0,10.0,0.25,1.0,both_tolerable,True,0.0,1.113000238656758,0.7250261593605984,0.4300703006323524,0.7250261593605984,0.29495585872824603,22929,6319,22929,16610,0.2768328179006731,0.7405402947062034,0.9632853299572717,0.7101487199616207,0.3948126040004354,1.5267773109999325,2.2895469559998674,,,,,,,False,False,0,0,0,0.016388794407248497,11305.0,9199.0,0.8137107474568774,
optimization,fc_floor020_recovery__conditioned_p10_f050,train,631,fc_floor020_recovery,current,fuzzy_connectedness,conditioned_p10_f050,vesselness_conditioned,3,,1.0,2.0,10.0,0.5,1.0,both_tolerable,True,0.0,1.113000238656758,0.7251904934687954,0.4300703006323524,0.7251904934687954,0.295120192836443,22108,6319,22108,15789,0.2768328179006731,0.7271693651082408,0.9632853299572717,0.7232223629455401,0.3948126040004354,1.5267773109999325,2.28321880600015,,,,,,,False,False,0,0,0,0.032777588814496994,11305.0,8378.0,0.7410880141530296,
optimization,fc_floor020_recovery__conditioned_p10_f075,train,631,fc_floor020_recovery,current,fuzzy_connectedness,conditioned_p10_f075,vesselness_conditioned,3,,1.0,2.0,10.0,0.75,1.0,both_tolerable,True,0.0,1.113000238656758,0.7257136253322547,0.4300703006323524,0.7257136253322547,0.2956433246999023,21277,6319,21277,14958,0.2768328179006731,0.7139803529197745,0.9632853299572717,0.7378389810593599,0.3948126040004354,1.5267773109999325,2.3082622490001086,,,,,,,False,False,0,0,0,0.04916638322174549,11305.0,7547.0,0.6675807164971251,
optimization,fc_floor020_recovery__current_c3_d2,train,631,fc_floor020_recovery,current,fuzzy_connectedness,current_c3_d2,standard,3,2.0,,,,,,both_tolerable,True,0.0,1.113000238656758,0.708419284180082,0.4300703006323524,0.708419284180082,0.27834898354772963,25035,6319,25035,18716,0.2768328179006731,0.7575040931417136,0.9632853299572717,0.6653085680047933,0.3948126040004354,1.5267773109999325,1.8139998180004113,,,,,,,False,False,0,0,0,,,,,
optimization,fc_floor024__conditioned_p10_f025,train,631,fc_floor024,current,fuzzy_connectedness,conditioned_p10_f025,vesselness_conditioned,3,,1.0,2.0,10.0,0.25,1.0,both_tolerable,True,0.0,1.113000238656758,0.72458181012518,0.4344856720411181,0.72458181012518,0.29009613808406187,23147,6418,23147,16729,0.28065308350009094,0.7436783700200109,0.9615144904954814,0.706441439495399,0.3948126040004354,1.3916461749995506,2.3717716849996577,6418.0,282249.0,282249.0,0.16,8.0,False,False,False,0,0,0,0.015762673690915108,11384.0,9254.0,0.8128952916373858,
optimization,fc_floor024__conditioned_p10_f050,train,631,fc_floor024,current,fuzzy_connectedness,conditioned_p10_f050,vesselness_conditioned,3,,1.0,2.0,10.0,0.5,1.0,both_tolerable,True,0.0,1.113000238656758,0.7250807125279389,0.4344856720411181,0.7250807125279389,0.29059504048682083,22305,6418,22305,15887,0.28065308350009094,0.7303074404220484,0.9615144904954814,0.7199282672046626,0.3948126040004354,1.3916461749995506,2.325648488999832,6418.0,282249.0,282249.0,0.16,8.0,False,False,False,0,0,0,0.031525347381830215,11384.0,8412.0,0.7389318341531975,
optimization,fc_floor024__conditioned_p10_f075,train,631,fc_floor024,current,fuzzy_connectedness,conditioned_p10_f075,vesselness_conditioned,3,,1.0,2.0,10.0,0.75,1.0,both_tolerable,True,0.0,1.113000238656758,0.7257838198422009,0.4344856720411181,0.7257838198422009,0.29129814780108276,21485,6418,21485,15067,0.28065308350009094,0.7174822630525741,0.9615144904954814,0.7342797300442169,0.3948126040004354,1.3916461749995506,2.329496898000798,6418.0,282249.0,282249.0,0.16,8.0,False,False,False,0,0,0,0.04728802107274532,11384.0,7592.0,0.6669009135628953,
optimization,fc_floor024__current_c3_d2,train,631,fc_floor024,current,fuzzy_connectedness,current_c3_d2,standard,3,2.0,,,,,,both_tolerable,True,0.0,1.113000238656758,0.7075425790754258,0.4344856720411181,0.7075425790754258,0.27305690703430774,25277,6418,25277,18859,0.28065308350009094,0.7604602510460251,0.9615144904954814,0.6615104640582348,0.3948126040004354,1.3916461749995506,1.8785546220005926,6418.0,282249.0,282249.0,0.16,8.0,False,False,False,0,0,0,,,,,
optimization,rg_gamma55_current__conditioned_p10_f025,train,631,rg_gamma55_current,current,region_growing,conditioned_p10_f025,vesselness_conditioned,3,,1.0,2.0,10.0,0.25,1.0,both_tolerable,True,0.0,1.113000238656758,0.7397143561803547,0.3878343556055602,0.7397143561803547,0.35188000057479457,22613,5565,22613,17048,0.24299617973440057,0.7502273967618701,0.9601078167115903,0.7294918851987795,0.3948126040004354,0.054300022999996145,2.297683994000181,,,,,,,False,False,0,0,0,0.023918019607663155,11533.0,9684.0,0.8396774473250672,
optimization,rg_gamma55_current__conditioned_p10_f050,train,631,rg_gamma55_current,current,region_growing,conditioned_p10_f050,vesselness_conditioned,3,,1.0,2.0,10.0,0.5,1.0,both_tolerable,True,0.0,1.113000238656758,0.7391751869896384,0.3878343556055602,0.7391751869896384,0.3513408313840782,21731,5565,21731,16166,0.24299617973440057,0.7348553756594506,0.9601078167115903,0.7435460862362524,0.3948126040004354,0.054300022999996145,2.3081256179993943,,,,,,,False,False,0,0,0,0.04783603921532631,11533.0,8802.0,0.7632012485909997,
optimization,rg_gamma55_current__conditioned_p10_f075,train,631,rg_gamma55_current,current,region_growing,conditioned_p10_f075,vesselness_conditioned,3,,1.0,2.0,10.0,0.75,1.0,both_tolerable,True,0.0,1.113000238656758,0.7386464204201406,0.3878343556055602,0.7386464204201406,0.35081206481458044,20950,5565,20950,15385,0.24299617973440057,0.721211569947244,0.9601078167115903,0.756945107398568,0.3948126040004354,0.054300022999996145,2.3018360690002737,,,,,,,False,False,0,0,0,0.07175405882298946,11533.0,8021.0,0.6954825283967745,
optimization,rg_gamma55_current__current_c3_d2,train,631,rg_gamma55_current,current,region_growing,current_c3_d2,standard,3,2.0,,,,,,both_tolerable,True,0.0,1.113000238656758,0.7281377825618945,0.3878343556055602,0.7281377825618945,0.34030342695633437,24462,5565,24462,18897,0.24299617973440057,0.7691013279970893,0.9601078167115903,0.6913171449595291,0.3948126040004354,0.054300022999996145,1.8236653759995534,,,,,,,False,False,0,0,0,,,,,
optimization,rg_gamma65_current__conditioned_p10_f025,train,631,rg_gamma65_current,gamma65,region_growing,conditioned_p10_f025,vesselness_conditioned,3,,1.0,2.0,10.0,0.25,1.0,both_tolerable,True,0.0,1.113000238656758,0.7298379498775203,0.3536721482253144,0.7298379498775203,0.37616580165220587,20468,4890,20468,15578,0.21616336183372747,0.7046116063307258,0.9719836400817996,0.756937658784444,0.40622507400075847,0.05037072399954923,2.3067550720006693,,,,,,,False,False,0,0,0,0.02372434176504612,10498.0,8929.0,0.850542960563917,
optimization,rg_gamma65_current__conditioned_p10_f050,train,631,rg_gamma65_current,gamma65,region_growing,conditioned_p10_f050,vesselness_conditioned,3,,1.0,2.0,10.0,0.5,1.0,both_tolerable,True,0.0,1.113000238656758,0.7287163864034352,0.3536721482253144,0.7287163864034352,0.37504423817812077,19699,4890,19699,14809,0.21616336183372747,0.6907858832090231,0.9719836400817996,0.7710543682420428,0.40622507400075847,0.05037072399954923,2.3214321190007468,,,,,,,False,False,0,0,0,0.04744868353009224,10498.0,8160.0,0.7772909125547723,
optimization,rg_gamma65_current__conditioned_p10_f075,train,631,rg_gamma65_current,gamma65,region_growing,conditioned_p10_f075,vesselness_conditioned,3,,1.0,2.0,10.0,0.75,1.0,both_tolerable,True,0.0,1.113000238656758,0.7254557005326687,0.3536721482253144,0.7254557005326687,0.3717835523073543,18938,4890,18938,14048,0.21616336183372747,0.6751409859923595,0.9719836400817996,0.7838736931038124,0.40622507400075847,0.05037072399954923,2.293585059000179,,,,,,,False,False,0,0,0,0.07117302529513836,10498.0,7399.0,0.7048009144598971,
optimization,rg_gamma65_current__current_c3_d2,train,631,rg_gamma65_current,gamma65,region_growing,current_c3_d2,standard,3,2.0,,,,,,both_tolerable,True,0.0,1.113000238656758,0.7227257240204429,0.3536721482253144,0.7227257240204429,0.3690535757951285,22037,4890,22037,17147,0.21616336183372747,0.7235310169183191,0.9719836400817996,0.7219222217180197,0.40622507400075847,0.05037072399954923,1.8586525110004004,,,,,,,False,False,0,0,0,,,,,
optimization,rg_gamma65_divisor6__conditioned_p10_f025,train,631,rg_gamma65_divisor6,gamma65,region_growing,conditioned_p10_f025,vesselness_conditioned,3,,1.0,2.0,10.0,0.25,1.0,both_tolerable,True,0.0,1.113000238656758,0.7298379498775203,0.3536721482253144,0.7298379498775203,0.37616580165220587,20468,4890,20468,15578,0.21616336183372747,0.7046116063307258,0.9719836400817996,0.756937658784444,0.40622507400075847,0.04965403699952731,2.3289061680006853,,,,,,,False,False,0,0,0,0.02372434176504612,10498.0,8929.0,0.850542960563917,
optimization,rg_gamma65_divisor6__conditioned_p10_f050,train,631,rg_gamma65_divisor6,gamma65,region_growing,conditioned_p10_f050,vesselness_conditioned,3,,1.0,2.0,10.0,0.5,1.0,both_tolerable,True,0.0,1.113000238656758,0.7287163864034352,0.3536721482253144,0.7287163864034352,0.37504423817812077,19699,4890,19699,14809,0.21616336183372747,0.6907858832090231,0.9719836400817996,0.7710543682420428,0.40622507400075847,0.04965403699952731,2.3320525250001083,,,,,,,False,False,0,0,0,0.04744868353009224,10498.0,8160.0,0.7772909125547723,
optimization,rg_gamma65_divisor6__conditioned_p10_f075,train,631,rg_gamma65_divisor6,gamma65,region_growing,conditioned_p10_f075,vesselness_conditioned,3,,1.0,2.0,10.0,0.75,1.0,both_tolerable,True,0.0,1.113000238656758,0.7254557005326687,0.3536721482253144,0.7254557005326687,0.3717835523073543,18938,4890,18938,14048,0.21616336183372747,0.6751409859923595,0.9719836400817996,0.7838736931038124,0.40622507400075847,0.04965403699952731,2.3528588170001967,,,,,,,False,False,0,0,0,0.07117302529513836,10498.0,7399.0,0.7048009144598971,
optimization,rg_gamma65_divisor6__current_c3_d2,train,631,rg_gamma65_divisor6,gamma65,region_growing,current_c3_d2,standard,3,2.0,,,,,,both_tolerable,True,0.0,1.113000238656758,0.7227257240204429,0.3536721482253144,0.7227257240204429,0.3690535757951285,22037,4890,22037,17147,0.21616336183372747,0.7235310169183191,0.9719836400817996,0.7219222217180197,0.40622507400075847,0.04965403699952731,1.8549240929996813,,,,,,,False,False,0,0,0,,,,,
optimization,rg_gamma65_divisor8__conditioned_p10_f025,train,631,rg_gamma65_divisor8,gamma65,region_growing,conditioned_p10_f025,vesselness_conditioned,3,,1.0,2.0,10.0,0.25,1.0,both_tolerable,True,0.0,1.113000238656758,0.7296762335642585,0.35318198734648304,0.7296762335642585,0.37649424621777544,20450,4882,20450,15568,0.21579952701473532,0.7041568128069856,0.971937730438345,0.7571149144254279,0.40622507400075847,0.0495436189994507,2.305873242999951,,,,,,,False,False,0,0,0,0.02381298504769802,10493.0,8924.0,0.8504717430668064,
optimization,rg_gamma65_divisor8__conditioned_p10_f050,train,631,rg_gamma65_divisor8,gamma65,region_growing,conditioned_p10_f050,vesselness_conditioned,3,,1.0,2.0,10.0,0.5,1.0,both_tolerable,True,0.0,1.113000238656758,0.7285512011327365,0.35318198734648304,0.7285512011327365,0.3753692137862535,19681,4882,19681,14799,0.21579952701473532,0.6903310896852829,0.971937730438345,0.7712514607997561,0.40622507400075847,0.0495436189994507,2.297852638000222,,,,,,,False,False,0,0,0,0.04762597009539604,10493.0,8155.0,0.7771847898599066,
optimization,rg_gamma65_divisor8__conditioned_p10_f075,train,631,rg_gamma65_divisor8,gamma65,region_growing,conditioned_p10_f075,vesselness_conditioned,3,,1.0,2.0,10.0,0.75,1.0,both_tolerable,True,0.0,1.113000238656758,0.7252145424317253,0.35318198734648304,0.7252145424317253,0.3720325550852423,18913,4882,18913,14031,0.21579952701473532,0.6745042750591231,0.971937730438345,0.7841696187807329,0.40622507400075847,0.0495436189994507,2.3025709820003613,,,,,,,False,False,0,0,0,0.07143895514309406,10493.0,7387.0,0.7039931382826646,
optimization,rg_gamma65_divisor8__current_c3_d2,train,631,rg_gamma65_divisor8,gamma65,region_growing,current_c3_d2,standard,3,2.0,,,,,,both_tolerable,True,0.0,1.113000238656758,0.7225668643624877,0.35318198734648304,0.7225668643624877,0.3693848770160047,22019,4882,22019,17137,0.21579952701473532,0.7230762233945789,0.971937730438345,0.7220582224442527,0.40622507400075847,0.0495436189994507,1.8646290679998856,,,,,,,False,False,0,0,0,,,,,
optimization,rg_gamma65_floor065__conditioned_p10_f025,train,631,rg_gamma65_floor065,gamma65,region_growing,conditioned_p10_f025,vesselness_conditioned,3,,1.0,2.0,10.0,0.25,1.0,both_tolerable,True,0.0,1.113000238656758,0.7372097242380261,0.3795407250556752,0.7372097242380261,0.3576689991823509,22108,5403,22108,16705,0.23640167364016737,0.7392213934873567,0.9620581158615584,0.7352089741270128,0.40622507400075847,0.05285859499963408,2.313358053000229,,,,,,,False,False,0,0,0,0.020071420818567276,11279.0,9500.0,0.8422732511747495,
optimization,rg_gamma65_floor065__conditioned_p10_f050,train,631,rg_gamma65_floor065,gamma65,region_growing,conditioned_p10_f050,vesselness_conditioned,3,,1.0,2.0,10.0,0.5,1.0,both_tolerable,True,0.0,1.113000238656758,0.736520289049472,0.3795407250556752,0.736520289049472,0.35697956399379677,21188,5403,21188,15785,0.23640167364016737,0.7231217027469529,0.9620581158615584,0.7504247687370209,0.40622507400075847,0.05285859499963408,2.3171715920007045,,,,,,,False,False,0,0,0,0.04014284163713455,11279.0,8580.0,0.7607057363241422,
optimization,rg_gamma65_floor065__conditioned_p10_f075,train,631,rg_gamma65_floor065,gamma65,region_growing,conditioned_p10_f075,vesselness_conditioned,3,,1.0,2.0,10.0,0.75,1.0,both_tolerable,True,0.0,1.113000238656758,0.7356961070788953,0.3795407250556752,0.7356961070788953,0.3561553820232201,20448,5403,20448,15045,0.23640167364016737,0.7099326905584864,0.9620581158615584,0.7633998435054773,0.40622507400075847,0.05285859499963408,2.3052892180003255,,,,,,,False,False,0,0,0,0.06021426245570183,11279.0,7840.0,0.6950970830747407,
optimization,rg_gamma65_floor065__current_c3_d2,train,631,rg_gamma65_floor065,gamma65,region_growing,current_c3_d2,standard,3,2.0,,,,,,both_tolerable,True,0.0,1.113000238656758,0.7266702997275204,0.3795407250556752,0.7266702997275204,0.3471295746718452,23887,5403,23887,18484,0.23640167364016737,0.7580498453702019,0.9620581158615584,0.6977854062879391,0.40622507400075847,0.05285859499963408,1.848459219999313,,,,,,,False,False,0,0,0,,,,,
optimization,rg_gamma65_floor090__conditioned_p10_f025,train,631,rg_gamma65_floor090,gamma65,region_growing,conditioned_p10_f025,vesselness_conditioned,3,,1.0,2.0,10.0,0.25,1.0,both_tolerable,True,0.0,1.113000238656758,0.7287435786643622,0.336109122423603,0.7287435786643622,0.3926344562407592,19670,4551,19670,15119,0.202837911588139,0.6903310896852829,0.9800043946385409,0.7716827656329436,0.40622507400075847,0.046336327999597415,2.280294729999696,,,,,,,False,False,0,0,0,0.02693958766758442,10187.0,8736.0,0.8575635614017866,
optimization,rg_gamma65_floor090__conditioned_p10_f050,train,631,rg_gamma65_floor090,gamma65,region_growing,conditioned_p10_f050,vesselness_conditioned,3,,1.0,2.0,10.0,0.5,1.0,both_tolerable,True,0.0,1.113000238656758,0.7279124315871774,0.336109122423603,0.7279124315871774,0.3918033091635744,18940,4551,18940,14389,0.202837911588139,0.6774604329634346,0.9800043946385409,0.7864836325237592,0.40622507400075847,0.046336327999597415,2.2717849319997185,,,,,,,False,False,0,0,0,0.05387917533516884,10187.0,8006.0,0.7859036026308039,
optimization,rg_gamma65_floor090__conditioned_p10_f075,train,631,rg_gamma65_floor090,gamma65,region_growing,conditioned_p10_f075,vesselness_conditioned,3,,1.0,2.0,10.0,0.75,1.0,both_tolerable,True,0.0,1.113000238656758,0.7209939249078777,0.336109122423603,0.7209939249078777,0.3848848024842747,18176,4551,18176,13625,0.202837911588139,0.6584955430234674,0.9800043946385409,0.796599911971831,0.40622507400075847,0.046336327999597415,2.2814567389996228,,,,,,,False,False,0,0,0,0.08081876300275326,10187.0,7242.0,0.7109060567389811,
optimization,rg_gamma65_floor090__current_c3_d2,train,631,rg_gamma65_floor090,gamma65,region_growing,current_c3_d2,standard,3,2.0,,,,,,both_tolerable,True,0.0,1.113000238656758,0.7231436590967083,0.336109122423603,0.7231436590967083,0.3870345366731053,21121,4551,21121,16570,0.202837911588139,0.7088866654538839,0.9800043946385409,0.7379858908195635,0.40622507400075847,0.046336327999597415,1.8506083249994845,,,,,,,False,False,0,0,0,,,,,
optimization,rg_gamma65_recovery__conditioned_p10_f025,train,631,rg_gamma65_recovery,gamma65,region_growing,conditioned_p10_f025,vesselness_conditioned,3,,1.0,2.0,10.0,0.25,1.0,both_tolerable,True,0.0,1.113000238656758,0.7298379498775203,0.3536721482253144,0.7298379498775203,0.37616580165220587,20468,4890,20468,15578,0.21616336183372747,0.7046116063307258,0.9719836400817996,0.756937658784444,0.40622507400075847,0.082383595000465,2.319179272000838,,,,,,,False,False,0,0,0,0.02372434176504612,10498.0,8929.0,0.850542960563917,
optimization,rg_gamma65_recovery__conditioned_p10_f050,train,631,rg_gamma65_recovery,gamma65,region_growing,conditioned_p10_f050,vesselness_conditioned,3,,1.0,2.0,10.0,0.5,1.0,both_tolerable,True,0.0,1.113000238656758,0.7287163864034352,0.3536721482253144,0.7287163864034352,0.37504423817812077,19699,4890,19699,14809,0.21616336183372747,0.6907858832090231,0.9719836400817996,0.7710543682420428,0.40622507400075847,0.082383595000465,2.2945153969994863,,,,,,,False,False,0,0,0,0.04744868353009224,10498.0,8160.0,0.7772909125547723,
optimization,rg_gamma65_recovery__conditioned_p10_f075,train,631,rg_gamma65_recovery,gamma65,region_growing,conditioned_p10_f075,vesselness_conditioned,3,,1.0,2.0,10.0,0.75,1.0,both_tolerable,True,0.0,1.113000238656758,0.7254557005326687,0.3536721482253144,0.7254557005326687,0.3717835523073543,18938,4890,18938,14048,0.21616336183372747,0.6751409859923595,0.9719836400817996,0.7838736931038124,0.40622507400075847,0.082383595000465,2.27675339399957,,,,,,,False,False,0,0,0,0.07117302529513836,10498.0,7399.0,0.7048009144598971,
optimization,rg_gamma65_recovery__current_c3_d2,train,631,rg_gamma65_recovery,gamma65,region_growing,current_c3_d2,standard,3,2.0,,,,,,both_tolerable,True,0.0,1.113000238656758,0.7227257240204429,0.3536721482253144,0.7227257240204429,0.3690535757951285,22037,4890,22037,17147,0.21616336183372747,0.7235310169183191,0.9719836400817996,0.7219222217180197,0.40622507400075847,0.082383595000465,1.8751420019998477,,,,,,,False,False,0,0,0,,,,,
optimization,rg_gamma65_relax090__conditioned_p10_f025,train,631,rg_gamma65_relax090,gamma65,region_growing,conditioned_p10_f025,vesselness_conditioned,3,,1.0,2.0,10.0,0.25,1.0,both_tolerable,True,0.0,1.113000238656758,0.7334046611155045,0.3621837549933422,0.7334046611155045,0.3712209061221623,21006,5048,21006,15958,0.22266690922321267,0.7170274695288339,0.9698890649762282,0.7505474626297248,0.40622507400075847,0.049369502999979886,2.30193410999982,,,,,,,False,False,0,0,0,0.02245812676846981,10773.0,9129.0,0.8473962684489,
optimization,rg_gamma65_relax090__conditioned_p10_f050,train,631,rg_gamma65_relax090,gamma65,region_growing,conditioned_p10_f050,vesselness_conditioned,3,,1.0,2.0,10.0,0.5,1.0,both_tolerable,True,0.0,1.113000238656758,0.7322901849217639,0.3621837549933422,0.7322901849217639,0.3701064299284217,20192,5048,20192,15144,0.22266690922321267,0.7023831180643988,0.9698890649762282,0.7648573692551506,0.40622507400075847,0.049369502999979886,2.327460386999519,,,,,,,False,False,0,0,0,0.04491625353693962,10773.0,8315.0,0.7718369999071754,
optimization,rg_gamma65_relax090__conditioned_p10_f075,train,631,rg_gamma65_relax090,gamma65,region_growing,conditioned_p10_f075,vesselness_conditioned,3,,1.0,2.0,10.0,0.75,1.0,both_tolerable,True,0.0,1.113000238656758,0.7294066507281026,0.3621837549933422,0.7294066507281026,0.3672228957347604,19421,5048,19421,14373,0.22266690922321267,0.6868291795524831,0.9698890649762282,0.7776118634467845,0.40622507400075847,0.049369502999979886,2.367017274999853,,,,,,,False,False,0,0,0,0.06737438030540943,10773.0,7544.0,0.7002691914972616,
optimization,rg_gamma65_relax090__current_c3_d2,train,631,rg_gamma65_relax090,gamma65,region_growing,current_c3_d2,standard,3,2.0,,,,,,both_tolerable,True,0.0,1.113000238656758,0.7245844347865048,0.3621837549933422,0.7245844347865048,0.3624006797931626,22650,5048,22650,17602,0.22266690922321267,0.7354920865926869,0.9698890649762282,0.7139955849889624,0.40622507400075847,0.049369502999979886,1.8380246400001852,,,,,,,False,False,0,0,0,,,,,
optimization,rg_gamma65_window3__conditioned_p10_f025,train,631,rg_gamma65_window3,gamma65,region_growing,conditioned_p10_f025,vesselness_conditioned,3,,1.0,2.0,10.0,0.25,1.0,both_tolerable,True,0.0,1.113000238656758,0.6684006554477593,0.2931520605615851,0.6684006554477593,0.3752485948861742,16459,3903,16459,12556,0.17259414225941422,0.5843641986538112,0.9723289777094543,0.7806671122182393,0.40622507400075847,0.06093375999989803,2.320116142000188,,,,,,,False,False,0,0,0,0.024293718859553337,8333.0,7100.0,0.8520340813632545,
optimization,rg_gamma65_window3__conditioned_p10_f050,train,631,rg_gamma65_window3,gamma65,region_growing,conditioned_p10_f050,vesselness_conditioned,3,,1.0,2.0,10.0,0.5,1.0,both_tolerable,True,0.0,1.113000238656758,0.6653803457207802,0.2931520605615851,0.6653803457207802,0.3722282851591951,15846,3903,15846,11943,0.17259414225941422,0.5724486083318173,0.9723289777094543,0.7943329546888804,0.40622507400075847,0.06093375999989803,2.3330399469996337,,,,,,,False,False,0,0,0,0.048587437719106674,8333.0,6487.0,0.7784711388455539,
optimization,rg_gamma65_window3__conditioned_p10_f075,train,631,rg_gamma65_window3,gamma65,region_growing,conditioned_p10_f075,vesselness_conditioned,3,,1.0,2.0,10.0,0.75,1.0,both_tolerable,True,0.0,1.113000238656758,0.6598264886787892,0.2931520605615851,0.6598264886787892,0.36667442811720413,15243,3903,15243,11340,0.17259414225941422,0.5586228852101146,0.9723289777094543,0.8058125041002427,0.40622507400075847,0.06093375999989803,2.3294176920007885,,,,,,,False,False,0,0,0,0.07288115657866001,8333.0,5884.0,0.7061082443297731,
optimization,rg_gamma65_window3__current_c3_d2,train,631,rg_gamma65_window3,gamma65,region_growing,current_c3_d2,standard,3,2.0,,,,,,both_tolerable,True,0.0,1.113000238656758,0.665625,0.2931520605615851,0.665625,0.3724729394384149,17692,3903,17692,13789,0.17259414225941422,0.6006003274513371,0.9723289777094543,0.7464390685055392,0.40622507400075847,0.06093375999989803,1.877248676999443,,,,,,,False,False,0,0,0,,,,,
optimization,fc_affinity_floor024_only__conditioned_p10_f025,train,676,fc_affinity_floor024_only,current,fuzzy_connectedness,conditioned_p10_f025,vesselness_conditioned,3,,1.0,2.0,10.0,0.25,1.0,both_tolerable,True,1.1576348337032387,0.8916609243998318,0.5015775298191613,0.2406767782950393,0.5015775298191613,0.26090075152412195,8711,2698,8711,6013,0.13912842178366805,0.3772209039874993,0.8910303928836175,0.7482493399150499,0.3974438289997124,0.6821410069997,2.3796733690005567,2698.0,602572.0,500000.0,0.16,8.0,False,False,True,0,0,0,0.016193728893995285,3964.0,3351.0,0.8453582240161454,
optimization,fc_affinity_floor024_only__conditioned_p10_f050,train,676,fc_affinity_floor024_only,current,fuzzy_connectedness,conditioned_p10_f050,vesselness_conditioned,3,,1.0,2.0,10.0,0.5,1.0,both_tolerable,True,1.1576348337032387,0.8916609243998318,0.49908457013750923,0.2406767782950393,0.49908457013750923,0.2584077918424699,8392,2698,8392,5694,0.13912842178366805,0.3707390473985763,0.8910303928836175,0.7633460438512869,0.3974438289997124,0.6821410069997,2.4149216679998062,2698.0,602572.0,500000.0,0.16,8.0,False,False,True,0,0,0,0.03238745778799057,3964.0,3032.0,0.7648839556004037,
optimization,fc_affinity_floor024_only__conditioned_p10_f075,train,676,fc_affinity_floor024_only,current,fuzzy_connectedness,conditioned_p10_f075,vesselness_conditioned,3,,1.0,2.0,10.0,0.75,1.0,both_tolerable,True,1.1576348337032387,0.8916609243998318,0.4936304476434628,0.2406767782950393,0.4936304476434628,0.2529536693484235,8076,2698,8076,5378,0.13912842178366805,0.36217373690607096,0.8910303928836175,0.774888558692422,0.3974438289997124,0.6821410069997,2.4240338570007225,2698.0,602572.0,500000.0,0.16,8.0,False,False,True,0,0,0,0.048581186681985855,3964.0,2716.0,0.6851664984863775,
optimization,fc_affinity_floor024_only__current_c3_d2,train,676,fc_affinity_floor024_only,current,fuzzy_connectedness,current_c3_d2,standard,3,2.0,,,,,,both_tolerable,True,1.1576348337032387,0.8916609243998318,0.5025748975679435,0.2406767782950393,0.5025748975679435,0.2618981192729042,9324,2698,9324,6626,0.13912842178366805,0.3868858151513398,0.8910303928836175,0.7169669669669669,0.3974438289997124,0.6821410069997,1.8669709670002703,2698.0,602572.0,500000.0,0.16,8.0,False,False,True,0,0,0,,,,,
optimization,fc_alpha017__conditioned_p10_f025,train,676,fc_alpha017,current,fuzzy_connectedness,conditioned_p10_f025,vesselness_conditioned,3,,1.0,2.0,10.0,0.25,1.0,both_tolerable,True,1.1576348337032387,0.8916609243998318,0.4346816013275254,0.1949436177333814,0.4346816013275254,0.23973798359414403,6826,2142,6826,4684,0.10955495109670699,0.30320041669078074,0.8837535014005602,0.767506592440668,0.3974438289997124,0.6081898269994781,2.3783149530008814,2142.0,602572.0,500000.0,0.17,8.0,False,False,True,0,0,0,0.01896432414650917,3110.0,2581.0,0.829903536977492,
optimization,fc_alpha017__conditioned_p10_f050,train,676,fc_alpha017,current,fuzzy_connectedness,conditioned_p10_f050,vesselness_conditioned,3,,1.0,2.0,10.0,0.5,1.0,both_tolerable,True,1.1576348337032387,0.8916609243998318,0.43053345615945066,0.1949436177333814,0.43053345615945066,0.23558983842606926,6603,2142,6603,4461,0.10955495109670699,0.2975287921754731,0.8837535014005602,0.7785854914432834,0.3974438289997124,0.6081898269994781,2.378590688999793,2142.0,602572.0,500000.0,0.17,8.0,False,False,True,0,0,0,0.03792864829301834,3110.0,2358.0,0.7581993569131833,
optimization,fc_alpha017__conditioned_p10_f075,train,676,fc_alpha017,current,fuzzy_connectedness,conditioned_p10_f075,vesselness_conditioned,3,,1.0,2.0,10.0,0.75,1.0,both_tolerable,True,1.1576348337032387,0.8916609243998318,0.4232920834039668,0.1949436177333814,0.4232920834039668,0.2283484656705854,6317,2142,6317,4175,0.10955495109670699,0.2890213554025117,0.8837535014005602,0.7905651416811778,0.3974438289997124,0.6081898269994781,2.3872805040000458,2142.0,602572.0,500000.0,0.17,8.0,False,False,True,0,0,0,0.05689297243952751,3110.0,2072.0,0.6662379421221865,
optimization,fc_alpha017__current_c3_d2,train,676,fc_alpha017,current,fuzzy_connectedness,current_c3_d2,standard,3,2.0,,,,,,both_tolerable,True,1.1576348337032387,0.8916609243998318,0.4370382398311277,0.1949436177333814,0.4370382398311277,0.24209462209774632,7355,2142,7355,5213,0.10955495109670699,0.31153423230511024,0.8837535014005602,0.7318830727396329,0.3974438289997124,0.6081898269994781,1.8593066009998438,2142.0,602572.0,500000.0,0.17,8.0,False,False,True,0,0,0,,,,,
optimization,fc_candidate024_only__conditioned_p10_f025,train,676,fc_candidate024_only,current,fuzzy_connectedness,conditioned_p10_f025,vesselness_conditioned,3,,1.0,2.0,10.0,0.25,1.0,both_tolerable,True,1.1576348337032387,0.8916609243998318,0.5017774343122102,0.23717240686815946,0.5017774343122102,0.2646050274440508,8601,2639,8601,5962,0.13669772556282192,0.37577406099890037,0.8950359984842744,0.7549122195093594,0.3974438289997124,0.6939898889995675,2.3494466300007844,2639.0,505530.0,500000.0,0.16,8.0,False,False,True,0,0,0,0.01743444986641407,3936.0,3321.0,0.84375,
optimization,fc_candidate024_only__conditioned_p10_f050,train,676,fc_candidate024_only,current,fuzzy_connectedness,conditioned_p10_f050,vesselness_conditioned,3,,1.0,2.0,10.0,0.5,1.0,both_tolerable,True,1.1576348337032387,0.8916609243998318,0.49867042077272017,0.23717240686815946,0.49867042077272017,0.26149801390456073,8293,2639,8293,5654,0.13669772556282192,0.3690028358122577,0.8950359984842744,0.7688411913662124,0.3974438289997124,0.6939898889995675,2.3290537900002164,2639.0,505530.0,500000.0,0.16,8.0,False,False,True,0,0,0,0.03486889973282814,3936.0,3013.0,0.7654979674796748,
optimization,fc_candidate024_only__conditioned_p10_f075,train,676,fc_candidate024_only,current,fuzzy_connectedness,conditioned_p10_f075,vesselness_conditioned,3,,1.0,2.0,10.0,0.75,1.0,both_tolerable,True,1.1576348337032387,0.8916609243998318,0.4930247305009512,0.23717240686815946,0.4930247305009512,0.25585232363279176,7953,2639,7953,5314,0.13669772556282192,0.35997453556340064,0.8950359984842744,0.7820948069910726,0.3974438289997124,0.6939898889995675,2.3209902560001865,2639.0,505530.0,500000.0,0.16,8.0,False,False,True,0,0,0,0.05230334959924221,3936.0,2673.0,0.6791158536585366,
optimization,fc_candidate024_only__current_c3_d2,train,676,fc_candidate024_only,current,fuzzy_connectedness,current_c3_d2,standard,3,2.0,,,,,,both_tolerable,True,1.1576348337032387,0.8916609243998318,0.5024344215889791,0.23717240686815946,0.5024344215889791,0.26526201472081967,9216,2639,9216,6577,0.13669772556282192,0.38520747728456506,0.8950359984842744,0.7222222222222222,0.3974438289997124,0.6939898889995675,1.829278463999799,2639.0,505530.0,500000.0,0.16,8.0,False,False,True,0,0,0,,,,,
optimization,fc_current__conditioned_p10_f025,train,676,fc_current,current,fuzzy_connectedness,conditioned_p10_f025,vesselness_conditioned,3,,1.0,2.0,10.0,0.25,1.0,both_tolerable,True,1.1576348337032387,0.8916609243998318,0.5017774343122102,0.23717240686815946,0.5017774343122102,0.2646050274440508,8601,2639,8601,5962,0.13669772556282192,0.37577406099890037,0.8950359984842744,0.7549122195093594,0.3974438289997124,0.6822281750000911,2.287353943999733,2639.0,602572.0,500000.0,0.16,8.0,False,False,True,0,0,0,0.01743444986641407,3936.0,3321.0,0.84375,
optimization,fc_current__conditioned_p10_f050,train,676,fc_current,current,fuzzy_connectedness,conditioned_p10_f050,vesselness_conditioned,3,,1.0,2.0,10.0,0.5,1.0,both_tolerable,True,1.1576348337032387,0.8916609243998318,0.49867042077272017,0.23717240686815946,0.49867042077272017,0.26149801390456073,8293,2639,8293,5654,0.13669772556282192,0.3690028358122577,0.8950359984842744,0.7688411913662124,0.3974438289997124,0.6822281750000911,2.311826959999962,2639.0,602572.0,500000.0,0.16,8.0,False,False,True,0,0,0,0.03486889973282814,3936.0,3013.0,0.7654979674796748,
optimization,fc_current__conditioned_p10_f075,train,676,fc_current,current,fuzzy_connectedness,conditioned_p10_f075,vesselness_conditioned,3,,1.0,2.0,10.0,0.75,1.0,both_tolerable,True,1.1576348337032387,0.8916609243998318,0.4930247305009512,0.23717240686815946,0.4930247305009512,0.25585232363279176,7953,2639,7953,5314,0.13669772556282192,0.35997453556340064,0.8950359984842744,0.7820948069910726,0.3974438289997124,0.6822281750000911,2.3526013999999122,2639.0,602572.0,500000.0,0.16,8.0,False,False,True,0,0,0,0.05230334959924221,3936.0,2673.0,0.6791158536585366,
optimization,fc_current__current_c3_d2,train,676,fc_current,current,fuzzy_connectedness,current_c3_d2,standard,3,2.0,,,,,,both_tolerable,True,1.1576348337032387,0.8916609243998318,0.5024344215889791,0.23717240686815946,0.5024344215889791,0.26526201472081967,9216,2639,9216,6577,0.13669772556282192,0.38520747728456506,0.8950359984842744,0.7222222222222222,0.3974438289997124,0.6822281750000911,1.8240917630000695,2639.0,602572.0,500000.0,0.16,8.0,False,False,True,0,0,0,,,,,
optimization,fc_floor020__conditioned_p10_f025,train,676,fc_floor020,current,fuzzy_connectedness,conditioned_p10_f025,vesselness_conditioned,3,,1.0,2.0,10.0,0.25,1.0,both_tolerable,True,1.1576348337032387,0.8916609243998318,0.5016409899996139,0.2381740657135691,0.5016409899996139,0.2634669242860448,8620,2656,8620,5964,0.13739221019734937,0.37594768215753227,0.8938253012048193,0.7535962877030162,0.3974438289997124,0.6905795269994996,2.3311674010001298,2656.0,565082.0,500000.0,0.16,8.0,False,False,True,0,0,0,0.017047561705112457,3940.0,3319.0,0.8423857868020305,
optimization,fc_floor020__conditioned_p10_f050,train,676,fc_floor020,current,fuzzy_connectedness,conditioned_p10_f050,vesselness_conditioned,3,,1.0,2.0,10.0,0.5,1.0,both_tolerable,True,1.1576348337032387,0.8916609243998318,0.49880826788575,0.2381740657135691,0.49880826788575,0.2606342021721809,8314,2656,8314,5658,0.13739221019734937,0.36940795184906533,0.8938253012048193,0.7677411594900169,0.3974438289997124,0.6905795269994996,2.2796810689997073,2656.0,565082.0,500000.0,0.16,8.0,False,False,True,0,0,0,0.034095123410224915,3940.0,3013.0,0.7647208121827411,
optimization,fc_floor020__conditioned_p10_f075,train,676,fc_floor020,current,fuzzy_connectedness,conditioned_p10_f075,vesselness_conditioned,3,,1.0,2.0,10.0,0.75,1.0,both_tolerable,True,1.1576348337032387,0.8916609243998318,0.49321141590468276,0.2381740657135691,0.49321141590468276,0.2550373501911136,7984,2656,7984,5328,0.13739221019734937,0.3605532727588402,0.8938253012048193,0.780310621242485,0.3974438289997124,0.6905795269994996,2.293138739000824,2656.0,565082.0,500000.0,0.16,8.0,False,False,True,0,0,0,0.05114268511533737,3940.0,2683.0,0.6809644670050762,
optimization,fc_floor020__current_c3_d2,train,676,fc_floor020,current,fuzzy_connectedness,current_c3_d2,standard,3,2.0,,,,,,both_tolerable,True,1.1576348337032387,0.8916609243998318,0.5023378582202112,0.2381740657135691,0.5023378582202112,0.264163792506642,9241,2656,9241,6585,0.13739221019734937,0.38549684588228483,0.8938253012048193,0.7208094362082026,0.3974438289997124,0.6905795269994996,1.852635850000297,2656.0,565082.0,500000.0,0.16,8.0,False,False,True,0,0,0,,,,,
optimization,fc_floor020_recovery__conditioned_p10_f025,train,676,fc_floor020_recovery,current,fuzzy_connectedness,conditioned_p10_f025,vesselness_conditioned,3,,1.0,2.0,10.0,0.25,1.0,both_tolerable,True,1.1576348337032387,0.8916609243998318,0.5016409899996139,0.2381740657135691,0.5016409899996139,0.2634669242860448,8620,2656,8620,5964,0.13739221019734937,0.37594768215753227,0.8938253012048193,0.7535962877030162,0.3974438289997124,0.8480943900003695,2.3389408909997655,,,,,,,False,False,0,0,0,0.017047561705112457,3940.0,3319.0,0.8423857868020305,
optimization,fc_floor020_recovery__conditioned_p10_f050,train,676,fc_floor020_recovery,current,fuzzy_connectedness,conditioned_p10_f050,vesselness_conditioned,3,,1.0,2.0,10.0,0.5,1.0,both_tolerable,True,1.1576348337032387,0.8916609243998318,0.49880826788575,0.2381740657135691,0.49880826788575,0.2606342021721809,8314,2656,8314,5658,0.13739221019734937,0.36940795184906533,0.8938253012048193,0.7677411594900169,0.3974438289997124,0.8480943900003695,2.3702514919996247,,,,,,,False,False,0,0,0,0.034095123410224915,3940.0,3013.0,0.7647208121827411,
optimization,fc_floor020_recovery__conditioned_p10_f075,train,676,fc_floor020_recovery,current,fuzzy_connectedness,conditioned_p10_f075,vesselness_conditioned,3,,1.0,2.0,10.0,0.75,1.0,both_tolerable,True,1.1576348337032387,0.8916609243998318,0.49321141590468276,0.2381740657135691,0.49321141590468276,0.2550373501911136,7984,2656,7984,5328,0.13739221019734937,0.3605532727588402,0.8938253012048193,0.780310621242485,0.3974438289997124,0.8480943900003695,2.359857164999994,,,,,,,False,False,0,0,0,0.05114268511533737,3940.0,2683.0,0.6809644670050762,
optimization,fc_floor020_recovery__current_c3_d2,train,676,fc_floor020_recovery,current,fuzzy_connectedness,current_c3_d2,standard,3,2.0,,,,,,both_tolerable,True,1.1576348337032387,0.8916609243998318,0.5023378582202112,0.2381740657135691,0.5023378582202112,0.264163792506642,9241,2656,9241,6585,0.13739221019734937,0.38549684588228483,0.8938253012048193,0.7208094362082026,0.3974438289997124,0.8480943900003695,1.8493165199997748,,,,,,,False,False,0,0,0,,,,,
optimization,fc_floor024__conditioned_p10_f025,train,676,fc_floor024,current,fuzzy_connectedness,conditioned_p10_f025,vesselness_conditioned,3,,1.0,2.0,10.0,0.25,1.0,both_tolerable,True,1.1576348337032387,0.8916609243998318,0.5015775298191613,0.2406767782950393,0.5015775298191613,0.26090075152412195,8711,2698,8711,6013,0.13912842178366805,0.3772209039874993,0.8910303928836175,0.7482493399150499,0.3974438289997124,0.6798534090003159,2.2891626430000542,2698.0,505530.0,500000.0,0.16,8.0,False,False,True,0,0,0,0.016193728893995285,3964.0,3351.0,0.8453582240161454,
optimization,fc_floor024__conditioned_p10_f050,train,676,fc_floor024,current,fuzzy_connectedness,conditioned_p10_f050,vesselness_conditioned,3,,1.0,2.0,10.0,0.5,1.0,both_tolerable,True,1.1576348337032387,0.8916609243998318,0.49908457013750923,0.2406767782950393,0.49908457013750923,0.2584077918424699,8392,2698,8392,5694,0.13912842178366805,0.3707390473985763,0.8910303928836175,0.7633460438512869,0.3974438289997124,0.6798534090003159,2.274386243999288,2698.0,505530.0,500000.0,0.16,8.0,False,False,True,0,0,0,0.03238745778799057,3964.0,3032.0,0.7648839556004037,
optimization,fc_floor024__conditioned_p10_f075,train,676,fc_floor024,current,fuzzy_connectedness,conditioned_p10_f075,vesselness_conditioned,3,,1.0,2.0,10.0,0.75,1.0,both_tolerable,True,1.1576348337032387,0.8916609243998318,0.4936304476434628,0.2406767782950393,0.4936304476434628,0.2529536693484235,8076,2698,8076,5378,0.13912842178366805,0.36217373690607096,0.8910303928836175,0.774888558692422,0.3974438289997124,0.6798534090003159,2.279686531999687,2698.0,505530.0,500000.0,0.16,8.0,False,False,True,0,0,0,0.048581186681985855,3964.0,2716.0,0.6851664984863775,
optimization,fc_floor024__current_c3_d2,train,676,fc_floor024,current,fuzzy_connectedness,current_c3_d2,standard,3,2.0,,,,,,both_tolerable,True,1.1576348337032387,0.8916609243998318,0.5025748975679435,0.2406767782950393,0.5025748975679435,0.2618981192729042,9324,2698,9324,6626,0.13912842178366805,0.3868858151513398,0.8910303928836175,0.7169669669669669,0.3974438289997124,0.6798534090003159,1.8018583509992823,2698.0,505530.0,500000.0,0.16,8.0,False,False,True,0,0,0,,,,,
optimization,rg_gamma55_current__conditioned_p10_f025,train,676,rg_gamma55_current,current,region_growing,conditioned_p10_f025,vesselness_conditioned,3,,1.0,2.0,10.0,0.25,1.0,both_tolerable,True,1.1576348337032387,0.8916609243998318,0.49642983944139807,0.20946153060181874,0.49642983944139807,0.28696830883957936,8070,2295,8070,5775,0.11864112506510793,0.3641414433705654,0.8932461873638344,0.7796778190830236,0.3974438289997124,0.03078299499975401,2.3638698149998163,,,,,,,False,False,0,0,0,0.02473551221191883,3782.0,3267.0,0.8638286620835537,
optimization,rg_gamma55_current__conditioned_p10_f050,train,676,rg_gamma55_current,current,region_growing,conditioned_p10_f050,vesselness_conditioned,3,,1.0,2.0,10.0,0.5,1.0,both_tolerable,True,1.1576348337032387,0.8916609243998318,0.4902994011976048,0.20946153060181874,0.4902994011976048,0.280837870595786,7771,2295,7771,5476,0.11864112506510793,0.3554025117194282,0.8932461873638344,0.7902457856131772,0.3974438289997124,0.03078299499975401,2.2956413700003395,,,,,,,False,False,0,0,0,0.04947102442383766,3782.0,2968.0,0.7847699629825489,
optimization,rg_gamma55_current__conditioned_p10_f075,train,676,rg_gamma55_current,current,region_growing,conditioned_p10_f075,vesselness_conditioned,3,,1.0,2.0,10.0,0.75,1.0,both_tolerable,True,1.1576348337032387,0.8916609243998318,0.48403374914214203,0.20946153060181874,0.48403374914214203,0.2745722185403233,7492,2295,7492,5197,0.11864112506510793,0.3469529486660108,0.8932461873638344,0.8001868659903898,0.3974438289997124,0.03078299499975401,2.2952346990005026,,,,,,,False,False,0,0,0,0.07420653663575649,3782.0,2689.0,0.7109994711792702,
optimization,rg_gamma55_current__current_c3_d2,train,676,rg_gamma55_current,current,region_growing,current_c3_d2,standard,3,2.0,,,,,,both_tolerable,True,1.1576348337032387,0.8916609243998318,0.49860810392824,0.20946153060181874,0.49860810392824,0.28914657332642124,8585,2295,8585,6290,0.11864112506510793,0.3731697436194224,0.8932461873638344,0.7510774606872452,0.3974438289997124,0.03078299499975401,1.8399457980003717,,,,,,,False,False,0,0,0,,,,,
optimization,rg_gamma65_current__conditioned_p10_f025,train,676,rg_gamma65_current,gamma65,region_growing,conditioned_p10_f025,vesselness_conditioned,3,,1.0,2.0,10.0,0.25,1.0,both_tolerable,True,1.1576348337032387,0.8916609243998318,0.42348633228306226,0.16373285691766065,0.42348633228306226,0.2597534753654016,6207,1752,6207,4455,0.09016725504948203,0.28780600729208866,0.889269406392694,0.801192202352183,0.4048504110005524,0.025977475000217964,2.3963163649996204,,,,,,,False,False,0,0,0,0.024119149893522263,2916.0,2525.0,0.8659122085048011,
optimization,rg_gamma65_current__conditioned_p10_f050,train,676,rg_gamma65_current,gamma65,region_growing,conditioned_p10_f050,vesselness_conditioned,3,,1.0,2.0,10.0,0.5,1.0,both_tolerable,True,1.1576348337032387,0.8916609243998318,0.41604678161413766,0.16373285691766065,0.41604678161413766,0.252313924696477,5978,1752,5978,4226,0.09016725504948203,0.27999305515365475,0.889269406392694,0.8093007694881231,0.4048504110005524,0.025977475000217964,2.381548405999638,,,,,,,False,False,0,0,0,0.048238299787044525,2916.0,2296.0,0.7873799725651578,
optimization,rg_gamma65_current__conditioned_p10_f075,train,676,rg_gamma65_current,gamma65,region_growing,conditioned_p10_f075,vesselness_conditioned,3,,1.0,2.0,10.0,0.75,1.0,both_tolerable,True,1.1576348337032387,0.8916609243998318,0.4092133854845719,0.16373285691766065,0.4092133854845719,0.24548052856691127,5731,1752,5731,3979,0.09016725504948203,0.27246947161294055,0.889269406392694,0.8214971209213052,0.4048504110005524,0.025977475000217964,2.356057714000599,,,,,,,False,False,0,0,0,0.07235744968056679,2916.0,2049.0,0.7026748971193416,
optimization,rg_gamma65_current__current_c3_d2,train,676,rg_gamma65_current,gamma65,region_growing,current_c3_d2,standard,3,2.0,,,,,,both_tolerable,True,1.1576348337032387,0.8916609243998318,0.4276081584788709,0.16373285691766065,0.4276081584788709,0.26387530156121025,6598,1752,6598,4846,0.09016725504948203,0.29544533827189073,0.889269406392694,0.7737193088814792,0.4048504110005524,0.025977475000217964,1.8210506230007013,,,,,,,False,False,0,0,0,,,,,
optimization,rg_gamma65_divisor6__conditioned_p10_f025,train,676,rg_gamma65_divisor6,gamma65,region_growing,conditioned_p10_f025,vesselness_conditioned,3,,1.0,2.0,10.0,0.25,1.0,both_tolerable,True,1.1576348337032387,0.8916609243998318,0.42348633228306226,0.16373285691766065,0.42348633228306226,0.2597534753654016,6207,1752,6207,4455,0.09016725504948203,0.28780600729208866,0.889269406392694,0.801192202352183,0.4048504110005524,0.024799803999485448,2.290659069999492,,,,,,,False,False,0,0,0,0.024119149893522263,2916.0,2525.0,0.8659122085048011,
optimization,rg_gamma65_divisor6__conditioned_p10_f050,train,676,rg_gamma65_divisor6,gamma65,region_growing,conditioned_p10_f050,vesselness_conditioned,3,,1.0,2.0,10.0,0.5,1.0,both_tolerable,True,1.1576348337032387,0.8916609243998318,0.41604678161413766,0.16373285691766065,0.41604678161413766,0.252313924696477,5978,1752,5978,4226,0.09016725504948203,0.27999305515365475,0.889269406392694,0.8093007694881231,0.4048504110005524,0.024799803999485448,2.296548568000617,,,,,,,False,False,0,0,0,0.048238299787044525,2916.0,2296.0,0.7873799725651578,
optimization,rg_gamma65_divisor6__conditioned_p10_f075,train,676,rg_gamma65_divisor6,gamma65,region_growing,conditioned_p10_f075,vesselness_conditioned,3,,1.0,2.0,10.0,0.75,1.0,both_tolerable,True,1.1576348337032387,0.8916609243998318,0.4092133854845719,0.16373285691766065,0.4092133854845719,0.24548052856691127,5731,1752,5731,3979,0.09016725504948203,0.27246947161294055,0.889269406392694,0.8214971209213052,0.4048504110005524,0.024799803999485448,2.3544872160000523,,,,,,,False,False,0,0,0,0.07235744968056679,2916.0,2049.0,0.7026748971193416,
optimization,rg_gamma65_divisor6__current_c3_d2,train,676,rg_gamma65_divisor6,gamma65,region_growing,current_c3_d2,standard,3,2.0,,,,,,both_tolerable,True,1.1576348337032387,0.8916609243998318,0.4276081584788709,0.16373285691766065,0.4276081584788709,0.26387530156121025,6598,1752,6598,4846,0.09016725504948203,0.29544533827189073,0.889269406392694,0.7737193088814792,0.4048504110005524,0.024799803999485448,1.817389675999948,,,,,,,False,False,0,0,0,,,,,
optimization,rg_gamma65_divisor8__conditioned_p10_f025,train,676,rg_gamma65_divisor8,gamma65,region_growing,conditioned_p10_f025,vesselness_conditioned,3,,1.0,2.0,10.0,0.25,1.0,both_tolerable,True,1.1576348337032387,0.8916609243998318,0.42348633228306226,0.16373285691766065,0.42348633228306226,0.2597534753654016,6207,1752,6207,4455,0.09016725504948203,0.28780600729208866,0.889269406392694,0.801192202352183,0.4048504110005524,0.027667560000736557,2.397031712000171,,,,,,,False,False,0,0,0,0.024119149893522263,2916.0,2525.0,0.8659122085048011,
optimization,rg_gamma65_divisor8__conditioned_p10_f050,train,676,rg_gamma65_divisor8,gamma65,region_growing,conditioned_p10_f050,vesselness_conditioned,3,,1.0,2.0,10.0,0.5,1.0,both_tolerable,True,1.1576348337032387,0.8916609243998318,0.41604678161413766,0.16373285691766065,0.41604678161413766,0.252313924696477,5978,1752,5978,4226,0.09016725504948203,0.27999305515365475,0.889269406392694,0.8093007694881231,0.4048504110005524,0.027667560000736557,2.3749903329999142,,,,,,,False,False,0,0,0,0.048238299787044525,2916.0,2296.0,0.7873799725651578,
optimization,rg_gamma65_divisor8__conditioned_p10_f075,train,676,rg_gamma65_divisor8,gamma65,region_growing,conditioned_p10_f075,vesselness_conditioned,3,,1.0,2.0,10.0,0.75,1.0,both_tolerable,True,1.1576348337032387,0.8916609243998318,0.4092133854845719,0.16373285691766065,0.4092133854845719,0.24548052856691127,5731,1752,5731,3979,0.09016725504948203,0.27246947161294055,0.889269406392694,0.8214971209213052,0.4048504110005524,0.027667560000736557,2.3772615980005867,,,,,,,False,False,0,0,0,0.07235744968056679,2916.0,2049.0,0.7026748971193416,
optimization,rg_gamma65_divisor8__current_c3_d2,train,676,rg_gamma65_divisor8,gamma65,region_growing,current_c3_d2,standard,3,2.0,,,,,,both_tolerable,True,1.1576348337032387,0.8916609243998318,0.4276081584788709,0.16373285691766065,0.4276081584788709,0.26387530156121025,6598,1752,6598,4846,0.09016725504948203,0.29544533827189073,0.889269406392694,0.7737193088814792,0.4048504110005524,0.027667560000736557,1.9143637750003109,,,,,,,False,False,0,0,0,,,,,
optimization,rg_gamma65_floor065__conditioned_p10_f025,train,676,rg_gamma65_floor065,gamma65,region_growing,conditioned_p10_f025,vesselness_conditioned,3,,1.0,2.0,10.0,0.25,1.0,both_tolerable,True,1.1576348337032387,0.8916609243998318,0.4960748552850686,0.2062183066127132,0.4960748552850686,0.28985654867235544,7943,2244,7943,5699,0.11649979744198159,0.36205798946698303,0.8970588235294118,0.7876117336019136,0.4048504110005524,0.02967017799983296,2.3887312819997533,,,,,,,False,False,0,0,0,0.020614709705114365,3735.0,3224.0,0.863186077643909,
optimization,rg_gamma65_floor065__conditioned_p10_f050,train,676,rg_gamma65_floor065,gamma65,region_growing,conditioned_p10_f050,vesselness_conditioned,3,,1.0,2.0,10.0,0.5,1.0,both_tolerable,True,1.1576348337032387,0.8916609243998318,0.4903313808874268,0.2062183066127132,0.4903313808874268,0.28411307427471355,7647,2244,7647,5403,0.11649979744198159,0.35366630013310957,0.8970588235294118,0.7991369164378187,0.4048504110005524,0.02967017799983296,2.363424576000398,,,,,,,False,False,0,0,0,0.04122941941022873,3735.0,2928.0,0.7839357429718875,
optimization,rg_gamma65_floor065__conditioned_p10_f075,train,676,rg_gamma65_floor065,gamma65,region_growing,conditioned_p10_f075,vesselness_conditioned,3,,1.0,2.0,10.0,0.75,1.0,both_tolerable,True,1.1576348337032387,0.8916609243998318,0.4831752209519176,0.2062183066127132,0.4831752209519176,0.27695691433920444,7387,2244,7387,5143,0.11649979744198159,0.3448694947624284,0.8970588235294118,0.8066874238527142,0.4048504110005524,0.02967017799983296,2.4413351829998646,,,,,,,False,False,0,0,0,0.061844129115343094,3735.0,2668.0,0.7143239625167336,
optimization,rg_gamma65_floor065__current_c3_d2,train,676,rg_gamma65_floor065,gamma65,region_growing,current_c3_d2,standard,3,2.0,,,,,,both_tolerable,True,1.1576348337032387,0.8916609243998318,0.4986593090584075,0.2062183066127132,0.4986593090584075,0.29244100244569426,8454,2244,8454,6210,0.11649979744198159,0.3713177845940159,0.8970588235294118,0.7589306837000237,0.4048504110005524,0.02967017799983296,1.8742191430001185,,,,,,,False,False,0,0,0,,,,,
optimization,rg_gamma65_floor090__conditioned_p10_f025,train,676,rg_gamma65_floor090,gamma65,region_growing,conditioned_p10_f025,vesselness_conditioned,3,,1.0,2.0,10.0,0.25,1.0,both_tolerable,True,1.1576348337032387,0.8916609243998318,0.42034276878140975,0.15618725562717953,0.42034276878140975,0.26415551315423025,6002,1647,6002,4355,0.08553735748596562,0.28317610972857227,0.8973891924711597,0.8152282572475842,0.4048504110005524,0.0250134199995955,2.3147346309997374,,,,,,,False,False,0,0,0,0.026866797357797623,2862.0,2500.0,0.8735150244584207,
optimization,rg_gamma65_floor090__conditioned_p10_f050,train,676,rg_gamma65_floor090,gamma65,region_growing,conditioned_p10_f050,vesselness_conditioned,3,,1.0,2.0,10.0,0.5,1.0,both_tolerable,True,1.1576348337032387,0.8916609243998318,0.4121501410284227,0.15618725562717953,0.4121501410284227,0.2559628854012431,5766,1647,5766,4119,0.08553735748596562,0.2748422941142427,0.8973891924711597,0.823621227887617,0.4048504110005524,0.0250134199995955,2.3046119589998852,,,,,,,False,False,0,0,0,0.053733594715595245,2862.0,2264.0,0.7910552061495457,
optimization,rg_gamma65_floor090__conditioned_p10_f075,train,676,rg_gamma65_floor090,gamma65,region_growing,conditioned_p10_f075,vesselness_conditioned,3,,1.0,2.0,10.0,0.75,1.0,both_tolerable,True,1.1576348337032387,0.8916609243998318,0.4057666184654485,0.15618725562717953,0.4057666184654485,0.24957936283826895,5542,1647,5542,3895,0.08553735748596562,0.2679553214885121,0.8973891924711597,0.8354384698664742,0.4048504110005524,0.0250134199995955,2.297079063999263,,,,,,,False,False,0,0,0,0.08060039207339287,2862.0,2040.0,0.7127882599580713,
optimization,rg_gamma65_floor090__current_c3_d2,train,676,rg_gamma65_floor090,gamma65,region_growing,current_c3_d2,standard,3,2.0,,,,,,both_tolerable,True,1.1576348337032387,0.8916609243998318,0.42507296028422786,0.15618725562717953,0.42507296028422786,0.2688857046570483,6364,1647,6364,4717,0.08553735748596562,0.29081544070837434,0.8973891924711597,0.7895977372721559,0.4048504110005524,0.0250134199995955,1.8649958169999081,,,,,,,False,False,0,0,0,,,,,
optimization,rg_gamma65_recovery__conditioned_p10_f025,train,676,rg_gamma65_recovery,gamma65,region_growing,conditioned_p10_f025,vesselness_conditioned,3,,1.0,2.0,10.0,0.25,1.0,both_tolerable,True,1.1576348337032387,0.8916609243998318,0.42348633228306226,0.16373285691766065,0.42348633228306226,0.2597534753654016,6207,1752,6207,4455,0.09016725504948203,0.28780600729208866,0.889269406392694,0.801192202352183,0.4048504110005524,0.054890138999326155,2.37865992100069,,,,,,,False,False,0,0,0,0.024119149893522263,2916.0,2525.0,0.8659122085048011,
optimization,rg_gamma65_recovery__conditioned_p10_f050,train,676,rg_gamma65_recovery,gamma65,region_growing,conditioned_p10_f050,vesselness_conditioned,3,,1.0,2.0,10.0,0.5,1.0,both_tolerable,True,1.1576348337032387,0.8916609243998318,0.41604678161413766,0.16373285691766065,0.41604678161413766,0.252313924696477,5978,1752,5978,4226,0.09016725504948203,0.27999305515365475,0.889269406392694,0.8093007694881231,0.4048504110005524,0.054890138999326155,2.3522624389997873,,,,,,,False,False,0,0,0,0.048238299787044525,2916.0,2296.0,0.7873799725651578,
optimization,rg_gamma65_recovery__conditioned_p10_f075,train,676,rg_gamma65_recovery,gamma65,region_growing,conditioned_p10_f075,vesselness_conditioned,3,,1.0,2.0,10.0,0.75,1.0,both_tolerable,True,1.1576348337032387,0.8916609243998318,0.4092133854845719,0.16373285691766065,0.4092133854845719,0.24548052856691127,5731,1752,5731,3979,0.09016725504948203,0.27246947161294055,0.889269406392694,0.8214971209213052,0.4048504110005524,0.054890138999326155,2.2894787389996054,,,,,,,False,False,0,0,0,0.07235744968056679,2916.0,2049.0,0.7026748971193416,
optimization,rg_gamma65_recovery__current_c3_d2,train,676,rg_gamma65_recovery,gamma65,region_growing,current_c3_d2,standard,3,2.0,,,,,,both_tolerable,True,1.1576348337032387,0.8916609243998318,0.4276081584788709,0.16373285691766065,0.4276081584788709,0.26387530156121025,6598,1752,6598,4846,0.09016725504948203,0.29544533827189073,0.889269406392694,0.7737193088814792,0.4048504110005524,0.054890138999326155,1.8495902730001035,,,,,,,False,False,0,0,0,,,,,
optimization,rg_gamma65_relax090__conditioned_p10_f025,train,676,rg_gamma65_relax090,gamma65,region_growing,conditioned_p10_f025,vesselness_conditioned,3,,1.0,2.0,10.0,0.25,1.0,both_tolerable,True,1.1576348337032387,0.8916609243998318,0.4246726747151845,0.16525801879363747,0.4246726747151845,0.259414655921547,6245,1770,6245,4475,0.09109323456218531,0.2890792291220557,0.8892655367231639,0.799839871897518,0.4048504110005524,0.02584945900071034,2.342890541000088,,,,,,,False,False,0,0,0,0.023598434403538704,2928.0,2533.0,0.8650956284153005,
optimization,rg_gamma65_relax090__conditioned_p10_f050,train,676,rg_gamma65_relax090,gamma65,region_growing,conditioned_p10_f050,vesselness_conditioned,3,,1.0,2.0,10.0,0.5,1.0,both_tolerable,True,1.1576348337032387,0.8916609243998318,0.41761448989227007,0.16525801879363747,0.41761448989227007,0.2523564710986326,6020,1770,6020,4250,0.09109323456218531,0.2815556455813415,0.8892655367231639,0.8081395348837209,0.4048504110005524,0.02584945900071034,2.388450954000291,,,,,,,False,False,0,0,0,0.04719686880707741,2928.0,2308.0,0.7882513661202186,
optimization,rg_gamma65_relax090__conditioned_p10_f075,train,676,rg_gamma65_relax090,gamma65,region_growing,conditioned_p10_f075,vesselness_conditioned,3,,1.0,2.0,10.0,0.75,1.0,both_tolerable,True,1.1576348337032387,0.8916609243998318,0.4106167056986729,0.16525801879363747,0.4106167056986729,0.24535868690503546,5779,1770,5779,4009,0.09109323456218531,0.2739741883210834,0.8892655367231639,0.8191728672780758,0.4048504110005524,0.02584945900071034,2.3337668699996357,,,,,,,False,False,0,0,0,0.07079530321061611,2928.0,2067.0,0.7059426229508197,
optimization,rg_gamma65_relax090__current_c3_d2,train,676,rg_gamma65_relax090,gamma65,region_growing,current_c3_d2,standard,3,2.0,,,,,,both_tolerable,True,1.1576348337032387,0.8916609243998318,0.428947698482378,0.16525801879363747,0.428947698482378,0.2636896796887406,6640,1770,6640,4870,0.09109323456218531,0.2968921812604896,0.8892655367231639,0.7725903614457831,0.4048504110005524,0.02584945900071034,1.839726588999838,,,,,,,False,False,0,0,0,,,,,
optimization,rg_gamma65_window3__conditioned_p10_f025,train,676,rg_gamma65_window3,gamma65,region_growing,conditioned_p10_f025,vesselness_conditioned,3,,1.0,2.0,10.0,0.25,1.0,both_tolerable,True,1.1576348337032387,0.8916609243998318,0.37388960091925577,0.13703012529992,0.37388960091925577,0.23685947561933576,5348,1476,5348,3872,0.07436772961398229,0.24480583367093003,0.8705962059620597,0.7909498878085266,0.4048504110005524,0.031673108999711985,2.355572110999674,,,,,,,False,False,0,0,0,0.024276558309793472,2523.0,2164.0,0.8577090764962346,
optimization,rg_gamma65_window3__conditioned_p10_f050,train,676,rg_gamma65_window3,gamma65,region_growing,conditioned_p10_f050,vesselness_conditioned,3,,1.0,2.0,10.0,0.5,1.0,both_tolerable,True,1.1576348337032387,0.8916609243998318,0.3664081305161808,0.13703012529992,0.3664081305161808,0.2293780052162608,5155,1476,5155,3679,0.07436772961398229,0.23786098732565542,0.8705962059620597,0.7972841901066925,0.4048504110005524,0.031673108999711985,2.3187470920001942,,,,,,,False,False,0,0,0,0.048553116619586945,2523.0,1971.0,0.7812128418549346,
optimization,rg_gamma65_window3__conditioned_p10_f075,train,676,rg_gamma65_window3,gamma65,region_growing,conditioned_p10_f075,vesselness_conditioned,3,,1.0,2.0,10.0,0.75,1.0,both_tolerable,True,1.1576348337032387,0.8916609243998318,0.3602825392540604,0.13703012529992,0.3602825392540604,0.2232524139541404,4948,1476,4948,3472,0.07436772961398229,0.23172637305399618,0.8705962059620597,0.809215844785772,0.4048504110005524,0.031673108999711985,2.3377591649996248,,,,,,,False,False,0,0,0,0.07282967492938042,2523.0,1764.0,0.6991676575505351,
optimization,rg_gamma65_window3__current_c3_d2,train,676,rg_gamma65_window3,gamma65,region_growing,current_c3_d2,standard,3,2.0,,,,,,both_tolerable,True,1.1576348337032387,0.8916609243998318,0.3791873314191247,0.13703012529992,0.3791873314191247,0.2421572061192047,5707,1476,5707,4231,0.07436772961398229,0.25221366977255627,0.8705962059620597,0.7636236201156474,0.4048504110005524,0.031673108999711985,1.8665059470004053,,,,,,,False,False,0,0,0,,,,,
optimization,fc_affinity_floor024_only__conditioned_p10_f025,train,696,fc_affinity_floor024_only,current,fuzzy_connectedness,conditioned_p10_f025,vesselness_conditioned,3,,1.0,2.0,10.0,0.25,1.0,both_tolerable,True,0.0,1.739843048383334,0.6424447334200261,0.35264583997449794,0.6424447334200261,0.2897988934455281,18367,5013,18367,13354,0.2203356072299955,0.6149977592989095,0.8827049670855776,0.6724560352806664,0.35081224300029135,1.1381489689993032,1.9605227879992526,5013.0,583239.0,500000.0,0.16,8.0,False,False,True,0,0,0,0.017771003767848015,8836.0,7624.0,0.8628338614757809,
optimization,fc_affinity_floor024_only__conditioned_p10_f050,train,696,fc_affinity_floor024_only,current,fuzzy_connectedness,conditioned_p10_f050,vesselness_conditioned,3,,1.0,2.0,10.0,0.5,1.0,both_tolerable,True,0.0,1.739843048383334,0.6429646847513141,0.35264583997449794,0.6429646847513141,0.29031884477681613,17776,5013,17776,12763,0.2203356072299955,0.6060349549370114,0.8827049670855776,0.6846872187218722,0.35081224300029135,1.1381489689993032,1.9571170099998199,5013.0,583239.0,500000.0,0.16,8.0,False,False,True,0,0,0,0.03554200753569603,8836.0,7033.0,0.795948392937981,
optimization,fc_affinity_floor024_only__conditioned_p10_f075,train,696,fc_affinity_floor024_only,current,fuzzy_connectedness,conditioned_p10_f075,vesselness_conditioned,3,,1.0,2.0,10.0,0.75,1.0,both_tolerable,True,0.0,1.739843048383334,0.6431912262781571,0.35264583997449794,0.6431912262781571,0.2905453863036591,17119,5013,17119,12106,0.2203356072299955,0.5957277299208286,0.8827049670855776,0.6988725976984637,0.35081224300029135,1.1381489689993032,1.9539221280001584,5013.0,583239.0,500000.0,0.16,8.0,False,False,True,0,0,0,0.053313011303544044,8836.0,6376.0,0.7215934812132186,
optimization,fc_affinity_floor024_only__current_c3_d2,train,696,fc_affinity_floor024_only,current,fuzzy_connectedness,current_c3_d2,standard,3,2.0,,,,,,both_tolerable,True,0.0,1.739843048383334,0.6364782411376129,0.35264583997449794,0.6364782411376129,0.2838324011631149,19579,5013,19579,14566,0.2203356072299955,0.6284917591993228,0.8827049670855776,0.6446703100260484,0.35081224300029135,1.1381489689993032,1.5553336490002039,5013.0,583239.0,500000.0,0.16,8.0,False,False,True,0,0,0,,,,,
optimization,fc_alpha017__conditioned_p10_f025,train,696,fc_alpha017,current,fuzzy_connectedness,conditioned_p10_f025,vesselness_conditioned,3,,1.0,2.0,10.0,0.25,1.0,both_tolerable,True,0.0,1.739843048383334,0.6475558759913482,0.32419281679106016,0.6475558759913482,0.32336305920028807,14592,4168,14592,10424,0.19573768859234178,0.5590300253946123,0.9431381957773513,0.7693941885964912,0.35081224300029135,1.012073722000423,1.979879720000099,4168.0,583239.0,500000.0,0.17,8.0,False,False,True,0,0,0,0.019471678882837296,6960.0,5919.0,0.8504310344827586,
optimization,fc_alpha017__conditioned_p10_f050,train,696,fc_alpha017,current,fuzzy_connectedness,conditioned_p10_f050,vesselness_conditioned,3,,1.0,2.0,10.0,0.5,1.0,both_tolerable,True,0.0,1.739843048383334,0.6463849435969373,0.32419281679106016,0.6463849435969373,0.32219212680587717,14135,4168,14135,9967,0.19573768859234178,0.5506647413235074,0.9431381957773513,0.7823841528121683,0.35081224300029135,1.012073722000423,1.9565843989994391,4168.0,583239.0,500000.0,0.17,8.0,False,False,True,0,0,0,0.03894335776567459,6960.0,5462.0,0.7847701149425287,
optimization,fc_alpha017__conditioned_p10_f075,train,696,fc_alpha017,current,fuzzy_connectedness,conditioned_p10_f075,vesselness_conditioned,3,,1.0,2.0,10.0,0.75,1.0,both_tolerable,True,0.0,1.739843048383334,0.6437129300118624,0.32419281679106016,0.6437129300118624,0.3195201132208022,13637,4168,13637,9469,0.19573768859234178,0.5404073096648907,0.9431381957773513,0.7958495270220723,0.35081224300029135,1.012073722000423,1.966283994999685,4168.0,583239.0,500000.0,0.17,8.0,False,False,True,0,0,0,0.05841503664851189,6960.0,4964.0,0.7132183908045977,
optimization,fc_alpha017__current_c3_d2,train,696,fc_alpha017,current,fuzzy_connectedness,current_c3_d2,standard,3,2.0,,,,,,both_tolerable,True,0.0,1.739843048383334,0.6429611378653824,0.32419281679106016,0.6429611378653824,0.3187683210743223,15633,4168,15633,11465,0.19573768859234178,0.571727331573968,0.9431381957773513,0.734471950361415,0.35081224300029135,1.012073722000423,1.5769806949992926,4168.0,583239.0,500000.0,0.17,8.0,False,False,True,0,0,0,,,,,
optimization,fc_candidate024_only__conditioned_p10_f025,train,696,fc_candidate024_only,current,fuzzy_connectedness,conditioned_p10_f025,vesselness_conditioned,3,,1.0,2.0,10.0,0.25,1.0,both_tolerable,True,0.0,1.739843048383334,0.6468118604040934,0.3489750160153748,0.6468118604040934,0.29783684438871866,18027,4893,18027,13134,0.21699945227306677,0.613703132002191,0.8906601267116289,0.6836966772064126,0.35081224300029135,1.1015123380002478,1.9185528060006618,4893.0,490612.0,490612.0,0.16,8.0,False,False,False,0,0,0,0.018390558660030365,8686.0,7509.0,0.8644945889937831,
optimization,fc_candidate024_only__conditioned_p10_f050,train,696,fc_candidate024_only,current,fuzzy_connectedness,conditioned_p10_f050,vesselness_conditioned,3,,1.0,2.0,10.0,0.5,1.0,both_tolerable,True,0.0,1.739843048383334,0.6465776783097541,0.3489750160153748,0.6465776783097541,0.2976026622943793,17450,4893,17450,12557,0.21699945227306677,0.6041926007070657,0.8906601267116289,0.6953581661891117,0.35081224300029135,1.1015123380002478,1.9118995169992559,4893.0,490612.0,490612.0,0.16,8.0,False,False,False,0,0,0,0.03678111732006073,8686.0,6932.0,0.7980658530969376,
optimization,fc_candidate024_only__conditioned_p10_f075,train,696,fc_candidate024_only,current,fuzzy_connectedness,conditioned_p10_f075,vesselness_conditioned,3,,1.0,2.0,10.0,0.75,1.0,both_tolerable,True,0.0,1.739843048383334,0.6463797962280512,0.3489750160153748,0.6463797962280512,0.2974047802126764,16821,4893,16821,11928,0.21699945227306677,0.5938853756908828,0.8906601267116289,0.7090541584923608,0.35081224300029135,1.1015123380002478,1.9138558369995735,4893.0,490612.0,490612.0,0.16,8.0,False,False,False,0,0,0,0.055171675980091095,8686.0,6303.0,0.7256504720239466,
optimization,fc_candidate024_only__current_c3_d2,train,696,fc_candidate024_only,current,fuzzy_connectedness,current_c3_d2,standard,3,2.0,,,,,,both_tolerable,True,0.0,1.739843048383334,0.6411281085346298,0.3489750160153748,0.6411281085346298,0.292153092519255,19204,4893,19204,14311,0.21699945227306677,0.627097545187472,0.8906601267116289,0.6558008748177463,0.35081224300029135,1.1015123380002478,1.5029566129996965,4893.0,490612.0,490612.0,0.16,8.0,False,False,False,0,0,0,,,,,
optimization,fc_current__conditioned_p10_f025,train,696,fc_current,current,fuzzy_connectedness,conditioned_p10_f025,vesselness_conditioned,3,,1.0,2.0,10.0,0.25,1.0,both_tolerable,True,0.0,1.739843048383334,0.6468118604040934,0.3489750160153748,0.6468118604040934,0.29783684438871866,18027,4893,18027,13134,0.21699945227306677,0.613703132002191,0.8906601267116289,0.6836966772064126,0.35081224300029135,1.1394560849994377,1.9108241570002065,4893.0,583239.0,500000.0,0.16,8.0,False,False,True,0,0,0,0.018390558660030365,8686.0,7509.0,0.8644945889937831,
optimization,fc_current__conditioned_p10_f050,train,696,fc_current,current,fuzzy_connectedness,conditioned_p10_f050,vesselness_conditioned,3,,1.0,2.0,10.0,0.5,1.0,both_tolerable,True,0.0,1.739843048383334,0.6465776783097541,0.3489750160153748,0.6465776783097541,0.2976026622943793,17450,4893,17450,12557,0.21699945227306677,0.6041926007070657,0.8906601267116289,0.6953581661891117,0.35081224300029135,1.1394560849994377,1.906863166000221,4893.0,583239.0,500000.0,0.16,8.0,False,False,True,0,0,0,0.03678111732006073,8686.0,6932.0,0.7980658530969376,
optimization,fc_current__conditioned_p10_f075,train,696,fc_current,current,fuzzy_connectedness,conditioned_p10_f075,vesselness_conditioned,3,,1.0,2.0,10.0,0.75,1.0,both_tolerable,True,0.0,1.739843048383334,0.6463797962280512,0.3489750160153748,0.6463797962280512,0.2974047802126764,16821,4893,16821,11928,0.21699945227306677,0.5938853756908828,0.8906601267116289,0.7090541584923608,0.35081224300029135,1.1394560849994377,1.9388529269999708,4893.0,583239.0,500000.0,0.16,8.0,False,False,True,0,0,0,0.055171675980091095,8686.0,6303.0,0.7256504720239466,
optimization,fc_current__current_c3_d2,train,696,fc_current,current,fuzzy_connectedness,current_c3_d2,standard,3,2.0,,,,,,both_tolerable,True,0.0,1.739843048383334,0.6411281085346298,0.3489750160153748,0.6411281085346298,0.292153092519255,19204,4893,19204,14311,0.21699945227306677,0.627097545187472,0.8906601267116289,0.6558008748177463,0.35081224300029135,1.1394560849994377,1.5380512620004083,4893.0,583239.0,500000.0,0.16,8.0,False,False,True,0,0,0,,,,,
optimization,fc_floor020__conditioned_p10_f025,train,696,fc_floor020,current,fuzzy_connectedness,conditioned_p10_f025,vesselness_conditioned,3,,1.0,2.0,10.0,0.25,1.0,both_tolerable,True,0.0,1.739843048383334,0.6458677144728225,0.34996801023672425,0.6458677144728225,0.2958997042360983,18092,4925,18092,13167,0.21789573270925658,0.6138525120748892,0.8885279187817259,0.6814061463630334,0.35081224300029135,1.1502735739995842,1.9726550100003806,4925.0,547749.0,500000.0,0.16,8.0,False,False,True,0,0,0,0.018250754103064537,8707.0,7517.0,0.8633283564947744,
optimization,fc_floor020__conditioned_p10_f050,train,696,fc_floor020,current,fuzzy_connectedness,conditioned_p10_f050,vesselness_conditioned,3,,1.0,2.0,10.0,0.5,1.0,both_tolerable,True,0.0,1.739843048383334,0.645756850226124,0.34996801023672425,0.645756850226124,0.2957888399893997,17507,4925,17507,12582,0.21789573270925658,0.604341980779764,0.8885279187817259,0.6932655509224881,0.35081224300029135,1.1502735739995842,1.9343987749998632,4925.0,547749.0,500000.0,0.16,8.0,False,False,True,0,0,0,0.036501508206129074,8707.0,6932.0,0.7961410359480877,
optimization,fc_floor020__conditioned_p10_f075,train,696,fc_floor020,current,fuzzy_connectedness,conditioned_p10_f075,vesselness_conditioned,3,,1.0,2.0,10.0,0.75,1.0,both_tolerable,True,0.0,1.739843048383334,0.645761748870431,0.34996801023672425,0.645761748870431,0.2957937386337068,16878,4925,16878,11953,0.21789573270925658,0.5942339291938455,0.8885279187817259,0.7070742979025951,0.35081224300029135,1.1502735739995842,1.9520967099997506,4925.0,547749.0,500000.0,0.16,8.0,False,False,True,0,0,0,0.05475226230919361,8707.0,6303.0,0.7239003100953256,
optimization,fc_floor020__current_c3_d2,train,696,fc_floor020,current,fuzzy_connectedness,current_c3_d2,standard,3,2.0,,,,,,both_tolerable,True,0.0,1.739843048383334,0.6400101613108091,0.34996801023672425,0.6400101613108091,0.2900421510740849,19282,4925,19282,14357,0.21789573270925658,0.6272469252601703,0.8885279187817259,0.6533035992117,0.35081224300029135,1.1502735739995842,1.5531969560006473,4925.0,547749.0,500000.0,0.16,8.0,False,False,True,0,0,0,,,,,
optimization,fc_floor020_recovery__conditioned_p10_f025,train,696,fc_floor020_recovery,current,fuzzy_connectedness,conditioned_p10_f025,vesselness_conditioned,3,,1.0,2.0,10.0,0.25,1.0,both_tolerable,True,0.0,1.739843048383334,0.6458677144728225,0.34996801023672425,0.6458677144728225,0.2958997042360983,18092,4925,18092,13167,0.21789573270925658,0.6138525120748892,0.8885279187817259,0.6814061463630334,0.35081224300029135,1.281070457000169,1.932472501999655,,,,,,,False,False,0,0,0,0.018250754103064537,8707.0,7517.0,0.8633283564947744,
optimization,fc_floor020_recovery__conditioned_p10_f050,train,696,fc_floor020_recovery,current,fuzzy_connectedness,conditioned_p10_f050,vesselness_conditioned,3,,1.0,2.0,10.0,0.5,1.0,both_tolerable,True,0.0,1.739843048383334,0.645756850226124,0.34996801023672425,0.645756850226124,0.2957888399893997,17507,4925,17507,12582,0.21789573270925658,0.604341980779764,0.8885279187817259,0.6932655509224881,0.35081224300029135,1.281070457000169,1.8955299770004785,,,,,,,False,False,0,0,0,0.036501508206129074,8707.0,6932.0,0.7961410359480877,
optimization,fc_floor020_recovery__conditioned_p10_f075,train,696,fc_floor020_recovery,current,fuzzy_connectedness,conditioned_p10_f075,vesselness_conditioned,3,,1.0,2.0,10.0,0.75,1.0,both_tolerable,True,0.0,1.739843048383334,0.645761748870431,0.34996801023672425,0.645761748870431,0.2957937386337068,16878,4925,16878,11953,0.21789573270925658,0.5942339291938455,0.8885279187817259,0.7070742979025951,0.35081224300029135,1.281070457000169,1.9002410370003417,,,,,,,False,False,0,0,0,0.05475226230919361,8707.0,6303.0,0.7239003100953256,
optimization,fc_floor020_recovery__current_c3_d2,train,696,fc_floor020_recovery,current,fuzzy_connectedness,current_c3_d2,standard,3,2.0,,,,,,both_tolerable,True,0.0,1.739843048383334,0.6400101613108091,0.34996801023672425,0.6400101613108091,0.2900421510740849,19282,4925,19282,14357,0.21789573270925658,0.6272469252601703,0.8885279187817259,0.6533035992117,0.35081224300029135,1.281070457000169,1.5397913150000022,,,,,,,False,False,0,0,0,,,,,
optimization,fc_floor024__conditioned_p10_f025,train,696,fc_floor024,current,fuzzy_connectedness,conditioned_p10_f025,vesselness_conditioned,3,,1.0,2.0,10.0,0.25,1.0,both_tolerable,True,0.0,1.739843048383334,0.6424447334200261,0.35264583997449794,0.6424447334200261,0.2897988934455281,18367,5013,18367,13354,0.2203356072299955,0.6149977592989095,0.8827049670855776,0.6724560352806664,0.35081224300029135,1.2175753559995428,1.9621936390003611,5013.0,490612.0,490612.0,0.16,8.0,False,False,False,0,0,0,0.017771003767848015,8836.0,7624.0,0.8628338614757809,
optimization,fc_floor024__conditioned_p10_f050,train,696,fc_floor024,current,fuzzy_connectedness,conditioned_p10_f050,vesselness_conditioned,3,,1.0,2.0,10.0,0.5,1.0,both_tolerable,True,0.0,1.739843048383334,0.6429646847513141,0.35264583997449794,0.6429646847513141,0.29031884477681613,17776,5013,17776,12763,0.2203356072299955,0.6060349549370114,0.8827049670855776,0.6846872187218722,0.35081224300029135,1.2175753559995428,1.9131880150007419,5013.0,490612.0,490612.0,0.16,8.0,False,False,False,0,0,0,0.03554200753569603,8836.0,7033.0,0.795948392937981,
optimization,fc_floor024__conditioned_p10_f075,train,696,fc_floor024,current,fuzzy_connectedness,conditioned_p10_f075,vesselness_conditioned,3,,1.0,2.0,10.0,0.75,1.0,both_tolerable,True,0.0,1.739843048383334,0.6431912262781571,0.35264583997449794,0.6431912262781571,0.2905453863036591,17119,5013,17119,12106,0.2203356072299955,0.5957277299208286,0.8827049670855776,0.6988725976984637,0.35081224300029135,1.2175753559995428,1.906236429999808,5013.0,490612.0,490612.0,0.16,8.0,False,False,False,0,0,0,0.053313011303544044,8836.0,6376.0,0.7215934812132186,
optimization,fc_floor024__current_c3_d2,train,696,fc_floor024,current,fuzzy_connectedness,current_c3_d2,standard,3,2.0,,,,,,both_tolerable,True,0.0,1.739843048383334,0.6364782411376129,0.35264583997449794,0.6364782411376129,0.2838324011631149,19579,5013,19579,14566,0.2203356072299955,0.6284917591993228,0.8827049670855776,0.6446703100260484,0.35081224300029135,1.2175753559995428,1.5659977059995072,5013.0,490612.0,490612.0,0.16,8.0,False,False,False,0,0,0,,,,,
optimization,rg_gamma55_current__conditioned_p10_f025,train,696,rg_gamma55_current,current,region_growing,conditioned_p10_f025,vesselness_conditioned,3,,1.0,2.0,10.0,0.25,1.0,both_tolerable,True,0.0,1.739843048383334,0.6319800902162078,0.3153705583756345,0.6319800902162078,0.31660953184057333,18491,4542,18491,13949,0.19334760742916896,0.6069312353732013,0.8549097313958609,0.6591855497268941,0.35081224300029135,0.04582585200023459,1.9434028249997937,,,,,,,False,False,0,0,0,0.02430598996579647,9142.0,8098.0,0.8858017939181798,
optimization,rg_gamma55_current__conditioned_p10_f050,train,696,rg_gamma55_current,current,region_growing,conditioned_p10_f050,vesselness_conditioned,3,,1.0,2.0,10.0,0.5,1.0,both_tolerable,True,0.0,1.739843048383334,0.6318202176146692,0.3153705583756345,0.6318202176146692,0.31644965923903473,17874,4542,17874,13332,0.19334760742916896,0.5970721505751133,0.8549097313958609,0.670862705605908,0.35081224300029135,0.04582585200023459,1.9255024939993746,,,,,,,False,False,0,0,0,0.04861197993159294,9142.0,7481.0,0.8183110916648436,
optimization,rg_gamma55_current__conditioned_p10_f075,train,696,rg_gamma55_current,current,region_growing,conditioned_p10_f075,vesselness_conditioned,3,,1.0,2.0,10.0,0.75,1.0,both_tolerable,True,0.0,1.739843048383334,0.6314970766507536,0.3153705583756345,0.6314970766507536,0.3161265182751191,17203,4542,17203,12661,0.19334760742916896,0.5862171986257033,0.8549097313958609,0.6843573795268267,0.35081224300029135,0.04582585200023459,1.9302820029997747,,,,,,,False,False,0,0,0,0.07291796989738941,9142.0,6810.0,0.7449135856486545,
optimization,rg_gamma55_current__current_c3_d2,train,696,rg_gamma55_current,current,region_growing,current_c3_d2,standard,3,2.0,,,,,,both_tolerable,True,0.0,1.739843048383334,0.6271896612650816,0.3153705583756345,0.6271896612650816,0.3118191028894471,19535,4542,19535,14993,0.19334760742916896,0.6186326744012349,0.8549097313958609,0.6359866905554133,0.35081224300029135,0.04582585200023459,1.551677626000128,,,,,,,False,False,0,0,0,,,,,
optimization,rg_gamma65_current__conditioned_p10_f025,train,696,rg_gamma65_current,gamma65,region_growing,conditioned_p10_f025,vesselness_conditioned,3,,1.0,2.0,10.0,0.25,1.0,both_tolerable,True,0.0,1.739843048383334,0.648348933600505,0.297217485338768,0.648348933600505,0.35113144826173703,16348,3960,16348,12388,0.17791166658367774,0.588059552855649,0.9022727272727272,0.7224125275263029,0.3503650229995401,0.04041581299952668,1.8901707690001786,,,,,,,False,False,0,0,0,0.02373640239238739,8209.0,7269.0,0.8854915336825435,
optimization,rg_gamma65_current__conditioned_p10_f050,train,696,rg_gamma65_current,gamma65,region_growing,conditioned_p10_f050,vesselness_conditioned,3,,1.0,2.0,10.0,0.5,1.0,both_tolerable,True,0.0,1.739843048383334,0.645880974956774,0.297217485338768,0.645880974956774,0.348663489618006,15775,3960,15775,11815,0.17791166658367774,0.5766070806154459,0.9022727272727272,0.7340729001584786,0.3503650229995401,0.04041581299952668,1.9133402219995332,,,,,,,False,False,0,0,0,0.04747280478477478,8209.0,6696.0,0.8156900962358388,
optimization,rg_gamma65_current__conditioned_p10_f075,train,696,rg_gamma65_current,gamma65,region_growing,conditioned_p10_f075,vesselness_conditioned,3,,1.0,2.0,10.0,0.75,1.0,both_tolerable,True,0.0,1.739843048383334,0.642830856334041,0.297217485338768,0.642830856334041,0.345613370995273,15242,3960,15242,11282,0.17791166658367774,0.5653537818055071,0.9022727272727272,0.7449153654376066,0.3503650229995401,0.04041581299952668,1.8888919090004492,,,,,,,False,False,0,0,0,0.07120920717716217,8209.0,6163.0,0.7507613594834938,
optimization,rg_gamma65_current__current_c3_d2,train,696,rg_gamma65_current,gamma65,region_growing,current_c3_d2,standard,3,2.0,,,,,,both_tolerable,True,0.0,1.739843048383334,0.6453667282117149,0.297217485338768,0.6453667282117149,0.3481492428729469,17288,3960,17288,13328,0.17791166658367774,0.6004580988896081,0.9022727272727272,0.6975358630263767,0.3503650229995401,0.04041581299952668,1.523948224000378,,,,,,,False,False,0,0,0,,,,,
optimization,rg_gamma65_divisor6__conditioned_p10_f025,train,696,rg_gamma65_divisor6,gamma65,region_growing,conditioned_p10_f025,vesselness_conditioned,3,,1.0,2.0,10.0,0.25,1.0,both_tolerable,True,0.0,1.739843048383334,0.648405335675468,0.2975715236194278,0.648405335675468,0.3508338120560402,16351,3965,16351,12386,0.17816063337150825,0.5881591395707813,0.9023959646910467,0.7224022995535442,0.3503650229995401,0.04110796299937647,2.004056484999637,,,,,,,False,False,0,0,0,0.02374701388180256,8210.0,7270.0,0.8855054811205847,
optimization,rg_gamma65_divisor6__conditioned_p10_f050,train,696,rg_gamma65_divisor6,gamma65,region_growing,conditioned_p10_f050,vesselness_conditioned,3,,1.0,2.0,10.0,0.5,1.0,both_tolerable,True,0.0,1.739843048383334,0.6459007250418294,0.2975715236194278,0.6459007250418294,0.3483292014224016,15777,3965,15777,11812,0.17816063337150825,0.576656873973012,0.9023959646910467,0.734043227483045,0.3503650229995401,0.04110796299937647,1.9096918110008119,,,,,,,False,False,0,0,0,0.04749402776360512,8210.0,6696.0,0.8155907429963459,
optimization,rg_gamma65_divisor6__conditioned_p10_f075,train,696,rg_gamma65_divisor6,gamma65,region_growing,conditioned_p10_f075,vesselness_conditioned,3,,1.0,2.0,10.0,0.75,1.0,both_tolerable,True,0.0,1.739843048383334,0.6428510770798539,0.2975715236194278,0.6428510770798539,0.3452795534604261,15244,3965,15244,11279,0.17816063337150825,0.5654035751630733,0.9023959646910467,0.7448832327473104,0.3503650229995401,0.04110796299937647,1.8975196239998695,,,,,,,False,False,0,0,0,0.07124104164540768,8210.0,6163.0,0.7506699147381243,
optimization,rg_gamma65_divisor6__current_c3_d2,train,696,rg_gamma65_divisor6,gamma65,region_growing,current_c3_d2,standard,3,2.0,,,,,,both_tolerable,True,0.0,1.739843048383334,0.6454219510889924,0.2975715236194278,0.6454219510889924,0.34785042746956457,17291,3965,17291,13326,0.17816063337150825,0.6005576856047403,0.9023959646910467,0.6975305072002776,0.3503650229995401,0.04110796299937647,1.5084047600003032,,,,,,,False,False,0,0,0,,,,,
optimization,rg_gamma65_divisor8__conditioned_p10_f025,train,696,rg_gamma65_divisor8,gamma65,region_growing,conditioned_p10_f025,vesselness_conditioned,3,,1.0,2.0,10.0,0.25,1.0,both_tolerable,True,0.0,1.739843048383334,0.6483739837398373,0.29544508285452575,0.6483739837398373,0.3529289008853116,16325,3935,16325,12390,0.1766668326445252,0.5877109993526863,0.9016518424396442,0.7230015313935682,0.3503650229995401,0.041838561999611557,1.9495919739993042,,,,,,,False,False,0,0,0,0.023768072947859764,8200.0,7269.0,0.8864634146341464,
optimization,rg_gamma65_divisor8__conditioned_p10_f050,train,696,rg_gamma65_divisor8,gamma65,region_growing,conditioned_p10_f050,vesselness_conditioned,3,,1.0,2.0,10.0,0.5,1.0,both_tolerable,True,0.0,1.739843048383334,0.6459246030638726,0.29544508285452575,0.6459246030638726,0.3504795202093468,15754,3935,15754,11819,0.1766668326445252,0.5763083204700493,0.9016518424396442,0.7346705598578139,0.3503650229995401,0.041838561999611557,1.9679662789994836,,,,,,,False,False,0,0,0,0.04753614589571953,8200.0,6698.0,0.8168292682926829,
optimization,rg_gamma65_divisor8__conditioned_p10_f075,train,696,rg_gamma65_divisor8,gamma65,region_growing,conditioned_p10_f075,vesselness_conditioned,3,,1.0,2.0,10.0,0.75,1.0,both_tolerable,True,0.0,1.739843048383334,0.6428935591684133,0.29544508285452575,0.6428935591684133,0.34744847631388753,15223,3935,15223,11288,0.1766668326445252,0.5651048150176766,0.9016518424396442,0.7455166524338173,0.3503650229995401,0.041838561999611557,1.9427802959999099,,,,,,,False,False,0,0,0,0.07130421884357929,8200.0,6167.0,0.7520731707317073,
optimization,rg_gamma65_divisor8__current_c3_d2,train,696,rg_gamma65_divisor8,gamma65,region_growing,current_c3_d2,standard,3,2.0,,,,,,both_tolerable,True,0.0,1.739843048383334,0.6454377460564021,0.29544508285452575,0.6454377460564021,0.3499926632018764,17256,3935,17256,13321,0.1766668326445252,0.6000099586715132,0.9016518424396442,0.6983078349559574,0.3503650229995401,0.041838561999611557,1.5557694509998328,,,,,,,False,False,0,0,0,,,,,
optimization,rg_gamma65_floor065__conditioned_p10_f025,train,696,rg_gamma65_floor065,gamma65,region_growing,conditioned_p10_f025,vesselness_conditioned,3,,1.0,2.0,10.0,0.25,1.0,both_tolerable,True,0.0,1.739843048383334,0.6436140247337501,0.3109212634000082,0.6436140247337501,0.33269276133374187,17194,4264,17194,12930,0.1884678583876911,0.5973211173629438,0.8876641651031895,0.6976852390368733,0.3503650229995401,0.04381608300082007,1.9000683419999405,,,,,,,False,False,0,0,0,0.02072070725262165,8555.0,7525.0,0.8796025715955581,
optimization,rg_gamma65_floor065__conditioned_p10_f050,train,696,rg_gamma65_floor065,gamma65,region_growing,conditioned_p10_f050,vesselness_conditioned,3,,1.0,2.0,10.0,0.5,1.0,both_tolerable,True,0.0,1.739843048383334,0.6428376683570532,0.3109212634000082,0.6428376683570532,0.33191640495704505,16595,4264,16595,12331,0.1884678583876911,0.5870138923467609,0.8876641651031895,0.7103946971979512,0.3503650229995401,0.04381608300082007,1.93157310999959,,,,,,,False,False,0,0,0,0.0414414145052433,8555.0,6926.0,0.8095850379894798,
optimization,rg_gamma65_floor065__conditioned_p10_f075,train,696,rg_gamma65_floor065,gamma65,region_growing,conditioned_p10_f075,vesselness_conditioned,3,,1.0,2.0,10.0,0.75,1.0,both_tolerable,True,0.0,1.739843048383334,0.6404033687943262,0.3109212634000082,0.6404033687943262,0.32948210539431805,16013,4264,16013,11749,0.1884678583876911,0.5755116267489917,0.8876641651031895,0.7217885468057204,0.3503650229995401,0.04381608300082007,1.9082223699997485,,,,,,,False,False,0,0,0,0.06216212175786495,8555.0,6344.0,0.7415546464056108,
optimization,rg_gamma65_floor065__current_c3_d2,train,696,rg_gamma65_floor065,gamma65,region_growing,current_c3_d2,standard,3,2.0,,,,,,both_tolerable,True,0.0,1.739843048383334,0.6391521131908007,0.3109212634000082,0.6391521131908007,0.3282308497907925,18224,4264,18224,13960,0.1884678583876911,0.6095702833242046,0.8876641651031895,0.6717515364354697,0.3503650229995401,0.04381608300082007,1.5067707930002143,,,,,,,False,False,0,0,0,,,,,
optimization,rg_gamma65_floor090__conditioned_p10_f025,train,696,rg_gamma65_floor090,gamma65,region_growing,conditioned_p10_f025,vesselness_conditioned,3,,1.0,2.0,10.0,0.25,1.0,both_tolerable,True,0.0,1.739843048383334,0.6614014354480731,0.28384261020244284,0.6614014354480731,0.3775588252456302,14610,3578,14610,11032,0.1672060947069661,0.5712791913558731,0.9385131358300727,0.785284052019165,0.3503650229995401,0.03895454600024095,1.8888280119999763,,,,,,,False,False,0,0,0,0.027476176619529724,7315.0,6471.0,0.8846206425153793,
optimization,rg_gamma65_floor090__conditioned_p10_f050,train,696,rg_gamma65_floor090,gamma65,region_growing,conditioned_p10_f050,vesselness_conditioned,3,,1.0,2.0,10.0,0.5,1.0,both_tolerable,True,0.0,1.739843048383334,0.6575767328905404,0.28384261020244284,0.6575767328905404,0.3737341226880976,14094,3578,14094,10516,0.1672060947069661,0.5595279589702734,0.9385131358300727,0.7972896267915425,0.3503650229995401,0.03895454600024095,1.908809074000601,,,,,,,False,False,0,0,0,0.05495235323905945,7315.0,5955.0,0.8140806561859193,
optimization,rg_gamma65_floor090__conditioned_p10_f075,train,696,rg_gamma65_floor090,gamma65,region_growing,conditioned_p10_f075,vesselness_conditioned,3,,1.0,2.0,10.0,0.75,1.0,both_tolerable,True,0.0,1.739843048383334,0.6540059347181009,0.28384261020244284,0.6540059347181009,0.37016332451565803,13617,3578,13617,10039,0.1672060947069661,0.5487228003784295,0.9385131358300727,0.809282514503929,0.3503650229995401,0.03895454600024095,1.9116530400006013,,,,,,,False,False,0,0,0,0.08242852985858917,7315.0,5478.0,0.7488721804511278,
optimization,rg_gamma65_floor090__current_c3_d2,train,696,rg_gamma65_floor090,gamma65,region_growing,current_c3_d2,standard,3,2.0,,,,,,both_tolerable,True,0.0,1.739843048383334,0.6594253876241664,0.28384261020244284,0.6594253876241664,0.3755827774217235,15454,3578,15454,11876,0.1672060947069661,0.5834287706020017,0.9385131358300727,0.7581855830205771,0.3503650229995401,0.03895454600024095,1.5381949120001082,,,,,,,False,False,0,0,0,,,,,
optimization,rg_gamma65_recovery__conditioned_p10_f025,train,696,rg_gamma65_recovery,gamma65,region_growing,conditioned_p10_f025,vesselness_conditioned,3,,1.0,2.0,10.0,0.25,1.0,both_tolerable,True,0.0,1.739843048383334,0.648348933600505,0.297217485338768,0.648348933600505,0.35113144826173703,16348,3960,16348,12388,0.17791166658367774,0.588059552855649,0.9022727272727272,0.7224125275263029,0.3503650229995401,0.06300015499982692,1.9451504540002134,,,,,,,False,False,0,0,0,0.02373640239238739,8209.0,7269.0,0.8854915336825435,
optimization,rg_gamma65_recovery__conditioned_p10_f050,train,696,rg_gamma65_recovery,gamma65,region_growing,conditioned_p10_f050,vesselness_conditioned,3,,1.0,2.0,10.0,0.5,1.0,both_tolerable,True,0.0,1.739843048383334,0.645880974956774,0.297217485338768,0.645880974956774,0.348663489618006,15775,3960,15775,11815,0.17791166658367774,0.5766070806154459,0.9022727272727272,0.7340729001584786,0.3503650229995401,0.06300015499982692,1.9631769350007744,,,,,,,False,False,0,0,0,0.04747280478477478,8209.0,6696.0,0.8156900962358388,
optimization,rg_gamma65_recovery__conditioned_p10_f075,train,696,rg_gamma65_recovery,gamma65,region_growing,conditioned_p10_f075,vesselness_conditioned,3,,1.0,2.0,10.0,0.75,1.0,both_tolerable,True,0.0,1.739843048383334,0.642830856334041,0.297217485338768,0.642830856334041,0.345613370995273,15242,3960,15242,11282,0.17791166658367774,0.5653537818055071,0.9022727272727272,0.7449153654376066,0.3503650229995401,0.06300015499982692,1.9564490359998672,,,,,,,False,False,0,0,0,0.07120920717716217,8209.0,6163.0,0.7507613594834938,
optimization,rg_gamma65_recovery__current_c3_d2,train,696,rg_gamma65_recovery,gamma65,region_growing,current_c3_d2,standard,3,2.0,,,,,,both_tolerable,True,0.0,1.739843048383334,0.6453667282117149,0.297217485338768,0.6453667282117149,0.3481492428729469,17288,3960,17288,13328,0.17791166658367774,0.6004580988896081,0.9022727272727272,0.6975358630263767,0.3503650229995401,0.06300015499982692,1.5596878960004688,,,,,,,False,False,0,0,0,,,,,
optimization,rg_gamma65_relax090__conditioned_p10_f025,train,696,rg_gamma65_relax090,gamma65,region_growing,conditioned_p10_f025,vesselness_conditioned,3,,1.0,2.0,10.0,0.25,1.0,both_tolerable,True,0.0,1.739843048383334,0.6469304229195089,0.30116886346679933,0.6469304229195089,0.34576155945270953,16567,4043,16567,12524,0.18089926803764378,0.5903002539461236,0.8985901558248826,0.7155791633971147,0.3503650229995401,0.04292828599955101,1.9523107159993742,,,,,,,False,False,0,0,0,0.022994842380285263,8292.0,7330.0,0.8839845634346358,
optimization,rg_gamma65_relax090__conditioned_p10_f050,train,696,rg_gamma65_relax090,gamma65,region_growing,conditioned_p10_f050,vesselness_conditioned,3,,1.0,2.0,10.0,0.5,1.0,both_tolerable,True,0.0,1.739843048383334,0.6447193254936765,0.30116886346679933,0.6447193254936765,0.34355046202687717,15973,4043,15973,11930,0.18089926803764378,0.5787481949907882,0.8985901558248826,0.7276654354222751,0.3503650229995401,0.04292828599955101,1.960337676000563,,,,,,,False,False,0,0,0,0.045989684760570526,8292.0,6736.0,0.8123492522913651,
optimization,rg_gamma65_relax090__conditioned_p10_f075,train,696,rg_gamma65_relax090,gamma65,region_growing,conditioned_p10_f075,vesselness_conditioned,3,,1.0,2.0,10.0,0.75,1.0,both_tolerable,True,0.0,1.739843048383334,0.6422855854840528,0.30116886346679933,0.6422855854840528,0.34111672201725346,15409,4043,15409,11366,0.18089926803764378,0.5675446895384155,0.8985901558248826,0.7396975793367513,0.3503650229995401,0.04292828599955101,1.920121318999918,,,,,,,False,False,0,0,0,0.06898452714085579,8292.0,6172.0,0.7443318861553304,
optimization,rg_gamma65_relax090__current_c3_d2,train,696,rg_gamma65_relax090,gamma65,region_growing,current_c3_d2,standard,3,2.0,,,,,,both_tolerable,True,0.0,1.739843048383334,0.6436243751994044,0.30116886346679933,0.6436243751994044,0.3424555117326051,17529,4043,17529,13486,0.18089926803764378,0.6026987999800827,0.8985901558248826,0.6905128643961436,0.3503650229995401,0.04292828599955101,1.5638631219999297,,,,,,,False,False,0,0,0,,,,,
optimization,rg_gamma65_window3__conditioned_p10_f025,train,696,rg_gamma65_window3,gamma65,region_growing,conditioned_p10_f025,vesselness_conditioned,3,,1.0,2.0,10.0,0.25,1.0,both_tolerable,True,0.0,1.739843048383334,0.13133928571428571,0.04161021869556803,0.13133928571428571,0.08972906701871769,2317,585,2317,1732,0.021411143753423293,0.0732460289797341,0.7350427350427351,0.6348726801899007,0.3503650229995401,0.01900129499972536,1.9629403549997733,,,,,,,False,False,0,0,0,0.02417875826358795,1104.0,1000.0,0.9057971014492754,
optimization,rg_gamma65_window3__conditioned_p10_f050,train,696,rg_gamma65_window3,gamma65,region_growing,conditioned_p10_f050,vesselness_conditioned,3,,1.0,2.0,10.0,0.5,1.0,both_tolerable,True,0.0,1.739843048383334,0.12859317632309483,0.04161021869556803,0.12859317632309483,0.08698295762752681,2251,585,2251,1666,0.021411143753423293,0.07150326146492057,0.7350427350427351,0.6379386939138161,0.3503650229995401,0.01900129499972536,1.9867924879999919,,,,,,,False,False,0,0,0,0.0483575165271759,1104.0,934.0,0.8460144927536232,
optimization,rg_gamma65_window3__conditioned_p10_f075,train,696,rg_gamma65_window3,gamma65,region_growing,conditioned_p10_f075,vesselness_conditioned,3,,1.0,2.0,10.0,0.75,1.0,both_tolerable,True,0.0,1.739843048383334,0.12685426593544907,0.04161021869556803,0.12685426593544907,0.08524404723988105,2163,585,2163,1578,0.021411143753423293,0.07025842752576807,0.7350427350427351,0.6523347202958854,0.3503650229995401,0.01900129499972536,1.9613918289996946,,,,,,,False,False,0,0,0,0.07253627479076385,1104.0,846.0,0.7663043478260869,
optimization,rg_gamma65_window3__current_c3_d2,train,696,rg_gamma65_window3,gamma65,region_growing,current_c3_d2,standard,3,2.0,,,,,,both_tolerable,True,0.0,1.739843048383334,0.13437611091361537,0.04161021869556803,0.13437611091361537,0.09276589221804735,2421,585,2421,1836,0.021411143753423293,0.07528755663994423,0.7350427350427351,0.6245353159851301,0.3503650229995401,0.01900129499972536,1.5647733380001227,,,,,,,False,False,0,0,0,,,,,
optimization,fc_affinity_floor024_only__conditioned_p10_f025,train,752,fc_affinity_floor024_only,current,fuzzy_connectedness,conditioned_p10_f025,vesselness_conditioned,3,,1.0,2.0,10.0,0.25,1.0,both_tolerable,True,0.63671875,0.8095744354916121,0.6943862589023879,0.42675076120052197,0.6943862589023879,0.26763549770186595,42165,11761,42165,30404,0.2867120605511558,0.7750080364709664,0.834197772298274,0.6289576663109214,0.3967458710003484,2.5829299800006993,2.255066132000138,11761.0,549113.0,500000.0,0.16,8.0,False,False,True,0,0,0,0.016696760430932045,19943.0,16316.0,0.8181316752745325,
optimization,fc_affinity_floor024_only__conditioned_p10_f050,train,752,fc_affinity_floor024_only,current,fuzzy_connectedness,conditioned_p10_f050,vesselness_conditioned,3,,1.0,2.0,10.0,0.5,1.0,both_tolerable,True,0.63671875,0.8095744354916121,0.6963123354317869,0.42675076120052197,0.6963123354317869,0.269561574231265,40598,11761,40598,28837,0.2867120605511558,0.7612145299395073,0.834197772298274,0.6416079609832996,0.3967458710003484,2.5829299800006993,2.28904037600023,11761.0,549113.0,500000.0,0.16,8.0,False,False,True,0,0,0,0.03339352086186409,19943.0,14749.0,0.7395577395577395,
optimization,fc_affinity_floor024_only__conditioned_p10_f075,train,752,fc_affinity_floor024_only,current,fuzzy_connectedness,conditioned_p10_f075,vesselness_conditioned,3,,1.0,2.0,10.0,0.75,1.0,both_tolerable,True,0.63671875,0.8095744354916121,0.6983542629634175,0.42675076120052197,0.6983542629634175,0.27160350176289555,39122,11761,39122,27361,0.2867120605511558,0.7483853999240189,0.834197772298274,0.6545933234497214,0.3967458710003484,2.5829299800006993,2.2575906149995717,11761.0,549113.0,500000.0,0.16,8.0,False,False,True,0,0,0,0.050090281292796135,19943.0,13273.0,0.6655468084039513,
optimization,fc_affinity_floor024_only__current_c3_d2,train,752,fc_affinity_floor024_only,current,fuzzy_connectedness,current_c3_d2,standard,3,2.0,,,,,,both_tolerable,True,0.63671875,0.8095744354916121,0.680306457862044,0.42675076120052197,0.680306457862044,0.25355569666152206,45792,11761,45792,34031,0.2867120605511558,0.7953476138987112,0.834197772298274,0.5943396226415094,0.3967458710003484,2.5829299800006993,1.8352309570000216,11761.0,549113.0,500000.0,0.16,8.0,False,False,True,0,0,0,,,,,
optimization,fc_alpha017__conditioned_p10_f025,train,752,fc_alpha017,current,fuzzy_connectedness,conditioned_p10_f025,vesselness_conditioned,3,,1.0,2.0,10.0,0.25,1.0,both_tolerable,True,0.63671875,0.8095744354916121,0.7256223392741179,0.4082420827843155,0.7256223392741179,0.3173802564898024,35076,9799,35076,25277,0.2625734241211023,0.7347087875157077,0.916930299010103,0.7167578971376439,0.3967458710003484,2.269202944000426,2.2761304849991575,9799.0,549113.0,500000.0,0.17,8.0,False,False,True,0,0,0,0.01980145461857319,16784.0,13715.0,0.8171472831267874,
optimization,fc_alpha017__conditioned_p10_f050,train,752,fc_alpha017,current,fuzzy_connectedness,conditioned_p10_f050,vesselness_conditioned,3,,1.0,2.0,10.0,0.5,1.0,both_tolerable,True,0.63671875,0.8095744354916121,0.726189074640923,0.4082420827843155,0.726189074640923,0.31794699185660746,33733,9799,33733,23934,0.2625734241211023,0.7210321751073965,0.916930299010103,0.731420270951294,0.3967458710003484,2.269202944000426,2.2432822820001093,9799.0,549113.0,500000.0,0.17,8.0,False,False,True,0,0,0,0.03960290923714638,16784.0,12372.0,0.7371306005719733,
optimization,fc_alpha017__conditioned_p10_f075,train,752,fc_alpha017,current,fuzzy_connectedness,conditioned_p10_f075,vesselness_conditioned,3,,1.0,2.0,10.0,0.75,1.0,both_tolerable,True,0.63671875,0.8095744354916121,0.7256974683924442,0.4082420827843155,0.7256974683924442,0.3174553856081287,32379,9799,32379,22580,0.2625734241211023,0.7061866214676057,0.916930299010103,0.7463170573519874,0.3967458710003484,2.269202944000426,2.2550057930002367,9799.0,549113.0,500000.0,0.17,8.0,False,False,True,0,0,0,0.059404363855719566,16784.0,11018.0,0.6564585319351763,
optimization,fc_alpha017__current_c3_d2,train,752,fc_alpha017,current,fuzzy_connectedness,current_c3_d2,standard,3,2.0,,,,,,both_tolerable,True,0.63671875,0.8095744354916121,0.7141672654911282,0.4082420827843155,0.7141672654911282,0.3059251827068127,38145,9799,38145,28346,0.2625734241211023,0.7551360355358134,0.916930299010103,0.6774151264910211,0.3967458710003484,2.269202944000426,1.8150375469995197,9799.0,549113.0,500000.0,0.17,8.0,False,False,True,0,0,0,,,,,
optimization,fc_candidate024_only__conditioned_p10_f025,train,752,fc_candidate024_only,current,fuzzy_connectedness,conditioned_p10_f025,vesselness_conditioned,3,,1.0,2.0,10.0,0.25,1.0,both_tolerable,True,0.63671875,0.8095744354916121,0.7226447881947412,0.41879418253861045,0.7226447881947412,0.30385060565613076,35987,10199,35987,25788,0.27180805984979106,0.7413133054735673,0.9119521521717815,0.7048934337399616,0.3967458710003484,2.235133966999456,2.2641412229995694,10199.0,448231.0,448231.0,0.16,8.0,False,False,False,0,0,0,0.017760546877980232,17148.0,13953.0,0.8136808957312807,
optimization,fc_candidate024_only__conditioned_p10_f050,train,752,fc_candidate024_only,current,fuzzy_connectedness,conditioned_p10_f050,vesselness_conditioned,3,,1.0,2.0,10.0,0.5,1.0,both_tolerable,True,0.63671875,0.8095744354916121,0.7242030627960364,0.41879418253861045,0.7242030627960364,0.30540888025742596,34607,10199,34607,24408,0.27180805984979106,0.7283088342733569,0.9119521521717815,0.720143323605051,0.3967458710003484,2.235133966999456,2.2576108220000606,10199.0,448231.0,448231.0,0.16,8.0,False,False,False,0,0,0,0.035521093755960464,17148.0,12573.0,0.7332050384884534,
optimization,fc_candidate024_only__conditioned_p10_f075,train,752,fc_candidate024_only,current,fuzzy_connectedness,conditioned_p10_f075,vesselness_conditioned,3,,1.0,2.0,10.0,0.75,1.0,both_tolerable,True,0.63671875,0.8095744354916121,0.7246870602177616,0.41879418253861045,0.7246870602177616,0.3058928776791512,33286,10199,33286,23087,0.27180805984979106,0.7148075630497677,0.9119521521717815,0.7348434777383885,0.3967458710003484,2.235133966999456,2.2749144769995837,10199.0,448231.0,448231.0,0.16,8.0,False,False,False,0,0,0,0.0532816406339407,17148.0,11252.0,0.6561698157219501,
optimization,fc_candidate024_only__current_c3_d2,train,752,fc_candidate024_only,current,fuzzy_connectedness,current_c3_d2,standard,3,2.0,,,,,,both_tolerable,True,0.63671875,0.8095744354916121,0.7099903271072601,0.41879418253861045,0.7099903271072601,0.2911961445686496,39182,10199,39182,28983,0.27180805984979106,0.7614775417165902,0.9119521521717815,0.6650247562656322,0.3967458710003484,2.235133966999456,1.8159115320004275,10199.0,448231.0,448231.0,0.16,8.0,False,False,False,0,0,0,,,,,
optimization,fc_current__conditioned_p10_f025,train,752,fc_current,current,fuzzy_connectedness,conditioned_p10_f025,vesselness_conditioned,3,,1.0,2.0,10.0,0.25,1.0,both_tolerable,True,0.63671875,0.8095744354916121,0.7225933258321345,0.41886537595677625,0.7225933258321345,0.3037279498753583,35992,10201,35992,25791,0.27186650691136505,0.7413133054735673,0.9119694147632585,0.7047955101133585,0.3967458710003484,2.327107649000027,2.2665210589998424,10201.0,549113.0,500000.0,0.16,8.0,False,False,True,0,0,0,0.01774921640753746,17149.0,13957.0,0.8138666977666337,
optimization,fc_current__conditioned_p10_f050,train,752,fc_current,current,fuzzy_connectedness,conditioned_p10_f050,vesselness_conditioned,3,,1.0,2.0,10.0,0.5,1.0,both_tolerable,True,0.63671875,0.8095744354916121,0.7242030627960364,0.41886537595677625,0.7242030627960364,0.30533768683926016,34607,10201,34607,24406,0.27186650691136505,0.7283088342733569,0.9119694147632585,0.720143323605051,0.3967458710003484,2.327107649000027,2.289008065999951,10201.0,549113.0,500000.0,0.16,8.0,False,False,True,0,0,0,0.03549843281507492,17149.0,12572.0,0.7331039710770307,
optimization,fc_current__conditioned_p10_f075,train,752,fc_current,current,fuzzy_connectedness,conditioned_p10_f075,vesselness_conditioned,3,,1.0,2.0,10.0,0.75,1.0,both_tolerable,True,0.63671875,0.8095744354916121,0.7247141079575754,0.41886537595677625,0.7247141079575754,0.30584873200079915,33289,10201,33289,23088,0.27186650691136505,0.7148660101113417,0.9119694147632585,0.7348373336537595,0.3967458710003484,2.327107649000027,2.327739758000007,10201.0,549113.0,500000.0,0.16,8.0,False,False,True,0,0,0,0.05324764922261238,17149.0,11254.0,0.6562481777363112,
optimization,fc_current__current_c3_d2,train,752,fc_current,current,fuzzy_connectedness,current_c3_d2,standard,3,2.0,,,,,,both_tolerable,True,0.63671875,0.8095744354916121,0.7099709821124477,0.41886537595677625,0.7099709821124477,0.29110560615567144,39184,10201,39184,28983,0.27186650691136505,0.7614775417165902,0.9119694147632585,0.6649908125765619,0.3967458710003484,2.327107649000027,1.821490145000098,10201.0,549113.0,500000.0,0.16,8.0,False,False,True,0,0,0,,,,,
optimization,fc_floor020__conditioned_p10_f025,train,752,fc_floor020,current,fuzzy_connectedness,conditioned_p10_f025,vesselness_conditioned,3,,1.0,2.0,10.0,0.25,1.0,both_tolerable,True,0.63671875,0.8095744354916121,0.7335270644179029,0.4318141277202997,0.7335270644179029,0.30171293669760324,37702,10629,37702,27073,0.2829714486104211,0.7708582950992139,0.9109982124376705,0.6996445811893268,0.3967458710003484,2.437910487999943,2.289236910999989,10629.0,510122.0,500000.0,0.16,8.0,False,False,True,0,0,0,0.01745074987411499,18035.0,14651.0,0.8123648461325201,
optimization,fc_floor020__conditioned_p10_f050,train,752,fc_floor020,current,fuzzy_connectedness,conditioned_p10_f050,vesselness_conditioned,3,,1.0,2.0,10.0,0.5,1.0,both_tolerable,True,0.63671875,0.8095744354916121,0.7350708681526041,0.4318141277202997,0.7350708681526041,0.30325674043230444,36264,10629,36264,25635,0.2829714486104211,0.7570355650369678,0.9109982124376705,0.7143448047650562,0.3967458710003484,2.437910487999943,2.3010054339997623,10629.0,510122.0,500000.0,0.16,8.0,False,False,True,0,0,0,0.03490149974822998,18035.0,13213.0,0.7326309952869421,
optimization,fc_floor020__conditioned_p10_f075,train,752,fc_floor020,current,fuzzy_connectedness,conditioned_p10_f075,vesselness_conditioned,3,,1.0,2.0,10.0,0.75,1.0,both_tolerable,True,0.63671875,0.8095744354916121,0.7360578661844485,0.4318141277202997,0.7360578661844485,0.30424373846414876,34906,10629,34906,24277,0.2829714486104211,0.7434466232210175,0.9109982124376705,0.7288145304532172,0.3967458710003484,2.437910487999943,2.352770040999985,10629.0,510122.0,500000.0,0.16,8.0,False,False,True,0,0,0,0.05235224962234497,18035.0,11855.0,0.65733296368173,
optimization,fc_floor020__current_c3_d2,train,752,fc_floor020,current,fuzzy_connectedness,current_c3_d2,standard,3,2.0,,,,,,both_tolerable,True,0.63671875,0.8095744354916121,0.7193413451962021,0.4318141277202997,0.7193413451962021,0.2875272174759024,41086,10629,41086,30457,0.2829714486104211,0.7915193313656156,0.9109982124376705,0.6592269872949423,0.3967458710003484,2.437910487999943,1.8469200409999758,10629.0,510122.0,500000.0,0.16,8.0,False,False,True,0,0,0,,,,,
optimization,fc_floor020_recovery__conditioned_p10_f025,train,752,fc_floor020_recovery,current,fuzzy_connectedness,conditioned_p10_f025,vesselness_conditioned,3,,1.0,2.0,10.0,0.25,1.0,both_tolerable,True,0.63671875,0.8095744354916121,0.7335270644179029,0.4318141277202997,0.7335270644179029,0.30171293669760324,37702,10629,37702,27073,0.2829714486104211,0.7708582950992139,0.9109982124376705,0.6996445811893268,0.3967458710003484,2.551002282999434,2.321687949999614,,,,,,,False,False,0,0,0,0.01745074987411499,18035.0,14651.0,0.8123648461325201,
optimization,fc_floor020_recovery__conditioned_p10_f050,train,752,fc_floor020_recovery,current,fuzzy_connectedness,conditioned_p10_f050,vesselness_conditioned,3,,1.0,2.0,10.0,0.5,1.0,both_tolerable,True,0.63671875,0.8095744354916121,0.7350708681526041,0.4318141277202997,0.7350708681526041,0.30325674043230444,36264,10629,36264,25635,0.2829714486104211,0.7570355650369678,0.9109982124376705,0.7143448047650562,0.3967458710003484,2.551002282999434,2.3128143760004605,,,,,,,False,False,0,0,0,0.03490149974822998,18035.0,13213.0,0.7326309952869421,
optimization,fc_floor020_recovery__conditioned_p10_f075,train,752,fc_floor020_recovery,current,fuzzy_connectedness,conditioned_p10_f075,vesselness_conditioned,3,,1.0,2.0,10.0,0.75,1.0,both_tolerable,True,0.63671875,0.8095744354916121,0.7360578661844485,0.4318141277202997,0.7360578661844485,0.30424373846414876,34906,10629,34906,24277,0.2829714486104211,0.7434466232210175,0.9109982124376705,0.7288145304532172,0.3967458710003484,2.551002282999434,2.3341795520000233,,,,,,,False,False,0,0,0,0.05235224962234497,18035.0,11855.0,0.65733296368173,
optimization,fc_floor020_recovery__current_c3_d2,train,752,fc_floor020_recovery,current,fuzzy_connectedness,current_c3_d2,standard,3,2.0,,,,,,both_tolerable,True,0.63671875,0.8095744354916121,0.7193413451962021,0.4318141277202997,0.7193413451962021,0.2875272174759024,41086,10629,41086,30457,0.2829714486104211,0.7915193313656156,0.9109982124376705,0.6592269872949423,0.3967458710003484,2.551002282999434,1.8171812979999231,,,,,,,False,False,0,0,0,,,,,
optimization,fc_floor024__conditioned_p10_f025,train,752,fc_floor024,current,fuzzy_connectedness,conditioned_p10_f025,vesselness_conditioned,3,,1.0,2.0,10.0,0.25,1.0,both_tolerable,True,0.63671875,0.8095744354916121,0.6943451562643204,0.4266138855054811,0.6943451562643204,0.26773127075883923,42158,11757,42158,30401,0.2865951664280078,0.7748911423478184,0.834141362592498,0.6289672185587551,0.3967458710003484,2.6073010860000068,2.319657006000398,11757.0,448231.0,448231.0,0.16,8.0,False,False,False,0,0,0,0.01671971008181572,19942.0,16312.0,0.817972119145522,
optimization,fc_floor024__conditioned_p10_f050,train,752,fc_floor024,current,fuzzy_connectedness,conditioned_p10_f050,vesselness_conditioned,3,,1.0,2.0,10.0,0.5,1.0,both_tolerable,True,0.63671875,0.8095744354916121,0.6962786718708228,0.4266138855054811,0.6962786718708228,0.2696647863653417,40593,11757,40593,28836,0.2865951664280078,0.7611268593471463,0.834141362592498,0.6416130860000493,0.3967458710003484,2.6073010860000068,2.2906633650000003,11757.0,448231.0,448231.0,0.16,8.0,False,False,False,0,0,0,0.03343942016363144,19942.0,14747.0,0.7394945341490322,
optimization,fc_floor024__conditioned_p10_f075,train,752,fc_floor024,current,fuzzy_connectedness,conditioned_p10_f075,vesselness_conditioned,3,,1.0,2.0,10.0,0.75,1.0,both_tolerable,True,0.63671875,0.8095744354916121,0.6984235217106699,0.4266138855054811,0.6984235217106699,0.2718096362051888,39109,11757,39109,27352,0.2865951664280078,0.7483269528624449,0.834141362592498,0.654759773965072,0.3967458710003484,2.6073010860000068,2.32226984800036,11757.0,448231.0,448231.0,0.16,8.0,False,False,False,0,0,0,0.05015913024544716,19942.0,13263.0,0.6650787283121051,
optimization,fc_floor024__current_c3_d2,train,752,fc_floor024,current,fuzzy_connectedness,current_c3_d2,standard,3,2.0,,,,,,both_tolerable,True,0.63671875,0.8095744354916121,0.6803154723961653,0.4266138855054811,0.6803154723961653,0.25370158689068417,45788,11757,45788,34031,0.2865951664280078,0.7953183903679243,0.834141362592498,0.5943697038525377,0.3967458710003484,2.6073010860000068,1.8830519130001449,11757.0,448231.0,448231.0,0.16,8.0,False,False,False,0,0,0,,,,,
optimization,rg_gamma55_current__conditioned_p10_f025,train,752,rg_gamma55_current,current,region_growing,conditioned_p10_f025,vesselness_conditioned,3,,1.0,2.0,10.0,0.25,1.0,both_tolerable,True,0.63671875,0.8095744354916121,0.5937342554848165,0.35900676059897646,0.5937342554848165,0.23472749488584005,53113,13262,53113,39851,0.24907215289751308,0.7576492591834946,0.6426632483788267,0.488129083275281,0.3967458710003484,0.11113928399981887,2.2602990279997357,,,,,,,False,False,0,0,0,0.022968200966715813,25610.0,21875.0,0.8541585318235064,
optimization,rg_gamma55_current__conditioned_p10_f050,train,752,rg_gamma55_current,current,region_growing,conditioned_p10_f050,vesselness_conditioned,3,,1.0,2.0,10.0,0.5,1.0,both_tolerable,True,0.63671875,0.8095744354916121,0.5961909890084164,0.35900676059897646,0.5961909890084164,0.23718422840943992,51210,13262,51210,37948,0.24907215289751308,0.7442064350214793,0.6426632483788267,0.4972856863893771,0.3967458710003484,0.11113928399981887,2.29008904300008,,,,,,,False,False,0,0,0,0.045936401933431625,25610.0,19972.0,0.7798516204607575,
optimization,rg_gamma55_current__conditioned_p10_f075,train,752,rg_gamma55_current,current,region_growing,conditioned_p10_f075,vesselness_conditioned,3,,1.0,2.0,10.0,0.75,1.0,both_tolerable,True,0.63671875,0.8095744354916121,0.6005548016764137,0.35900676059897646,0.6005548016764137,0.24154804107743727,49054,13262,49054,35792,0.24907215289751308,0.730734387328677,0.6426632483788267,0.5097443633546703,0.3967458710003484,0.11113928399981887,2.2938991070000156,,,,,,,False,False,0,0,0,0.06890460290014744,25610.0,17816.0,0.6956657555642327,
optimization,rg_gamma55_current__current_c3_d2,train,752,rg_gamma55_current,current,region_growing,current_c3_d2,standard,3,2.0,,,,,,both_tolerable,True,0.63671875,0.8095744354916121,0.5847562783445156,0.35900676059897646,0.5847562783445156,0.22574951774553914,56848,13262,56848,43586,0.24907215289751308,0.7781057307343874,0.6426632483788267,0.4683717984801576,0.3967458710003484,0.11113928399981887,1.8281497929997386,,,,,,,False,False,0,0,0,,,,,
optimization,rg_gamma65_current__conditioned_p10_f025,train,752,rg_gamma65_current,gamma65,region_growing,conditioned_p10_f025,vesselness_conditioned,3,,1.0,2.0,10.0,0.25,1.0,both_tolerable,True,0.63671875,0.8095744354916121,0.7395963486160314,0.36466808919736443,0.7395963486160314,0.374928259418667,33810,8428,33810,25382,0.2272421753996318,0.7351763640082994,0.9226388229710489,0.744069801833777,0.42068327400011185,0.07653685399964161,2.349194857999464,,,,,,,False,False,0,0,0,0.0243352260440588,16936.0,14116.0,0.8334907888521492,
optimization,rg_gamma65_current__conditioned_p10_f050,train,752,rg_gamma65_current,gamma65,region_growing,conditioned_p10_f050,vesselness_conditioned,3,,1.0,2.0,10.0,0.5,1.0,both_tolerable,True,0.63671875,0.8095744354916121,0.7381748901123629,0.36466808919736443,0.7381748901123629,0.3735068009149985,32440,8428,32440,24012,0.2272421753996318,0.7189865279523072,0.9226388229710489,0.7584155363748458,0.42068327400011185,0.07653685399964161,2.346250448000319,,,,,,,False,False,0,0,0,0.0486704520881176,16936.0,12746.0,0.752598016060463,
optimization,rg_gamma65_current__conditioned_p10_f075,train,752,rg_gamma65_current,gamma65,region_growing,conditioned_p10_f075,vesselness_conditioned,3,,1.0,2.0,10.0,0.75,1.0,both_tolerable,True,0.63671875,0.8095744354916121,0.7347748462606626,0.36466808919736443,0.7347748462606626,0.37010675706329815,31314,8428,31314,22886,0.2272421753996318,0.7035857272275636,0.9226388229710489,0.7688573800855847,0.42068327400011185,0.07653685399964161,2.3101862839994283,,,,,,,False,False,0,0,0,0.0730056781321764,16936.0,11620.0,0.6861124232404345,
optimization,rg_gamma65_current__current_c3_d2,train,752,rg_gamma65_current,gamma65,region_growing,current_c3_d2,standard,3,2.0,,,,,,both_tolerable,True,0.63671875,0.8095744354916121,0.7314429279171195,0.36466808919736443,0.7314429279171195,0.3667748387197551,36630,8428,36630,28202,0.2272421753996318,0.7572109062216897,0.9226388229710489,0.7073710073710073,0.42068327400011185,0.07653685399964161,1.9951989280007183,,,,,,,False,False,0,0,0,,,,,
optimization,rg_gamma65_divisor6__conditioned_p10_f025,train,752,rg_gamma65_divisor6,gamma65,region_growing,conditioned_p10_f025,vesselness_conditioned,3,,1.0,2.0,10.0,0.25,1.0,both_tolerable,True,0.63671875,0.8095744354916121,0.7397046940424594,0.3655495664401219,0.7397046940424594,0.37415512760233754,33846,8451,33846,25395,0.22791431660773254,0.7356731640316783,0.9228493669388238,0.7437806535484253,0.42068327400011185,0.076273915999991,2.35982107000018,,,,,,,False,False,0,0,0,0.024284331128001213,16951.0,14112.0,0.8325172556191375,
optimization,rg_gamma65_divisor6__conditioned_p10_f050,train,752,rg_gamma65_divisor6,gamma65,region_growing,conditioned_p10_f050,vesselness_conditioned,3,,1.0,2.0,10.0,0.5,1.0,both_tolerable,True,0.63671875,0.8095744354916121,0.7382027020947982,0.3655495664401219,0.7382027020947982,0.37265313565467634,32470,8451,32470,24019,0.22791431660773254,0.719337210321751,0.9228493669388238,0.7580843855866954,0.42068327400011185,0.076273915999991,2.331900009000492,,,,,,,False,False,0,0,0,0.048568662256002426,16951.0,12736.0,0.7513421037106955,
optimization,rg_gamma65_divisor6__conditioned_p10_f075,train,752,rg_gamma65_divisor6,gamma65,region_growing,conditioned_p10_f075,vesselness_conditioned,3,,1.0,2.0,10.0,0.75,1.0,both_tolerable,True,0.63671875,0.8095744354916121,0.7347760442878711,0.3655495664401219,0.7347760442878711,0.36922647784774926,31352,8451,31352,22901,0.22791431660773254,0.7039948566585815,0.9228493669388238,0.7683720336820618,0.42068327400011185,0.076273915999991,2.3573782060002486,,,,,,,False,False,0,0,0,0.07285299338400364,16951.0,11618.0,0.6853872927850865,
optimization,rg_gamma65_divisor6__current_c3_d2,train,752,rg_gamma65_divisor6,gamma65,region_growing,current_c3_d2,standard,3,2.0,,,,,,both_tolerable,True,0.63671875,0.8095744354916121,0.7314396931061717,0.3655495664401219,0.7314396931061717,0.36589012666604986,36685,8451,36685,28234,0.22791431660773254,0.7577953768374295,0.9228493669388238,0.7068556630775521,0.42068327400011185,0.076273915999991,1.9077415210003892,,,,,,,False,False,0,0,0,,,,,
optimization,rg_gamma65_divisor8__conditioned_p10_f025,train,752,rg_gamma65_divisor8,gamma65,region_growing,conditioned_p10_f025,vesselness_conditioned,3,,1.0,2.0,10.0,0.25,1.0,both_tolerable,True,0.63671875,0.8095744354916121,0.7391233981196758,0.3627485503673968,0.7391233981196758,0.376374847752279,33748,8378,33748,25370,0.2257809988602823,0.7340366463076069,0.9221771305800908,0.7442811425862274,0.42068327400011185,0.07530454399966402,2.3261248740000156,,,,,,,False,False,0,0,0,0.02434423752129078,16910.0,14117.0,0.8348314606741573,
optimization,rg_gamma65_divisor8__conditioned_p10_f050,train,752,rg_gamma65_divisor8,gamma65,region_growing,conditioned_p10_f050,vesselness_conditioned,3,,1.0,2.0,10.0,0.5,1.0,both_tolerable,True,0.63671875,0.8095744354916121,0.7378550411337297,0.3627485503673968,0.7378550411337297,0.3751064907663329,32393,8378,32393,24015,0.2257809988602823,0.7181682690902715,0.9221771305800908,0.7586515605223351,0.42068327400011185,0.07530454399966402,2.3705725029994937,,,,,,,False,False,0,0,0,0.04868847504258156,16910.0,12762.0,0.7547013601419279,
optimization,rg_gamma65_divisor8__conditioned_p10_f075,train,752,rg_gamma65_divisor8,gamma65,region_growing,conditioned_p10_f075,vesselness_conditioned,3,,1.0,2.0,10.0,0.75,1.0,both_tolerable,True,0.63671875,0.8095744354916121,0.7344021988089785,0.3627485503673968,0.7344021988089785,0.3716536484415817,31271,8378,31271,22893,0.2257809988602823,0.702767468365528,0.9221771305800908,0.769019219084775,0.42068327400011185,0.07530454399966402,2.318583757999477,,,,,,,False,False,0,0,0,0.07303271256387234,16910.0,11640.0,0.6883500887049083,
optimization,rg_gamma65_divisor8__current_c3_d2,train,752,rg_gamma65_divisor8,gamma65,region_growing,current_c3_d2,standard,3,2.0,,,,,,both_tolerable,True,0.63671875,0.8095744354916121,0.7310062182023742,0.3627485503673968,0.7310062182023742,0.36825766783497743,36541,8378,36541,28163,0.2257809988602823,0.7558081767439142,0.9221771305800908,0.7077803015790481,0.42068327400011185,0.07530454399966402,1.834498917000019,,,,,,,False,False,0,0,0,,,,,
optimization,rg_gamma65_floor065__conditioned_p10_f025,train,752,rg_gamma65_floor065,gamma65,region_growing,conditioned_p10_f025,vesselness_conditioned,3,,1.0,2.0,10.0,0.25,1.0,both_tolerable,True,0.63671875,0.8095744354916121,0.6175452050854973,0.3585242551360654,0.6175452050854973,0.25902094994943187,49234,12266,49234,36968,0.24351968204798505,0.7530319413191502,0.6793575737811838,0.5233781533086891,0.42068327400011185,0.10353793699960079,2.303195159999632,,,,,,,False,False,0,0,0,0.019122067838907242,23826.0,20301.0,0.8520523797532108,
optimization,rg_gamma65_floor065__conditioned_p10_f050,train,752,rg_gamma65_floor065,gamma65,region_growing,conditioned_p10_f050,vesselness_conditioned,3,,1.0,2.0,10.0,0.5,1.0,both_tolerable,True,0.63671875,0.8095744354916121,0.6190237030685368,0.3585242551360654,0.6190237030685368,0.26049944793247143,47416,12266,47416,35150,0.24351968204798505,0.7383909523948683,0.6793575737811838,0.5328791968955627,0.42068327400011185,0.10353793699960079,2.30683372600015,,,,,,,False,False,0,0,0,0.038244135677814484,23826.0,18483.0,0.7757491815663561,
optimization,rg_gamma65_floor065__conditioned_p10_f075,train,752,rg_gamma65_floor065,gamma65,region_growing,conditioned_p10_f075,vesselness_conditioned,3,,1.0,2.0,10.0,0.75,1.0,both_tolerable,True,0.63671875,0.8095744354916121,0.6219478531456247,0.3585242551360654,0.6219478531456247,0.26342359800955933,45479,12266,45479,33213,0.24351968204798505,0.7242759870247524,0.6793575737811838,0.5449548143099012,0.42068327400011185,0.10353793699960079,2.3084627289999844,,,,,,,False,False,0,0,0,0.057366203516721725,23826.0,16546.0,0.6944514396037942,
optimization,rg_gamma65_floor065__current_c3_d2,train,752,rg_gamma65_floor065,gamma65,region_growing,current_c3_d2,standard,3,2.0,,,,,,both_tolerable,True,0.63671875,0.8095744354916121,0.6089815815493573,0.3585242551360654,0.6089815815493573,0.25045732641329194,52759,12266,52759,40493,0.24351968204798505,0.7739559893626348,0.6793575737811838,0.5019807047138877,0.42068327400011185,0.10353793699960079,1.8664526470001874,,,,,,,False,False,0,0,0,,,,,
optimization,rg_gamma65_floor090__conditioned_p10_f025,train,752,rg_gamma65_floor090,gamma65,region_growing,conditioned_p10_f025,vesselness_conditioned,3,,1.0,2.0,10.0,0.25,1.0,both_tolerable,True,0.63671875,0.8095744354916121,0.7374983060035235,0.34822277133624785,0.7374983060035235,0.38927553466727566,32192,7869,32192,24323,0.2141500336070604,0.7156550454425904,0.931249205744059,0.7607169483101391,0.42068327400011185,0.0714985409995279,2.3827714729995932,,,,,,,False,False,0,0,0,0.02807024121284485,16226.0,13595.0,0.8378528287932947,
optimization,rg_gamma65_floor090__conditioned_p10_f050,train,752,rg_gamma65_floor090,gamma65,region_growing,conditioned_p10_f050,vesselness_conditioned,3,,1.0,2.0,10.0,0.5,1.0,both_tolerable,True,0.63671875,0.8095744354916121,0.734890004452018,0.34822277133624785,0.734890004452018,0.38666723311577017,30920,7869,30920,23051,0.2141500336070604,0.6994652093865981,0.931249205744059,0.7740944372574385,0.42068327400011185,0.0714985409995279,2.3545367360002274,,,,,,,False,False,0,0,0,0.0561404824256897,16226.0,12323.0,0.7594601257241465,
optimization,rg_gamma65_floor090__conditioned_p10_f075,train,752,rg_gamma65_floor090,gamma65,region_growing,conditioned_p10_f075,vesselness_conditioned,3,,1.0,2.0,10.0,0.75,1.0,both_tolerable,True,0.63671875,0.8095744354916121,0.7297449362340586,0.34822277133624785,0.7297449362340586,0.3815221648978107,29765,7869,29765,21896,0.2141500336070604,0.6822525497530612,0.931249205744059,0.784344028221065,0.42068327400011185,0.0714985409995279,2.3573156370002835,,,,,,,False,False,0,0,0,0.08421072363853455,16226.0,11168.0,0.6882780722297547,
optimization,rg_gamma65_floor090__current_c3_d2,train,752,rg_gamma65_floor090,gamma65,region_growing,current_c3_d2,standard,3,2.0,,,,,,both_tolerable,True,0.63671875,0.8095744354916121,0.7310043162133194,0.34822277133624785,0.7310043162133194,0.38278154487707156,34823,7869,34823,26954,0.2141500336070604,0.7374557994096846,0.931249205744059,0.7246647330787124,0.42068327400011185,0.0714985409995279,1.8958745019999697,,,,,,,False,False,0,0,0,,,,,
optimization,rg_gamma65_recovery__conditioned_p10_f025,train,752,rg_gamma65_recovery,gamma65,region_growing,conditioned_p10_f025,vesselness_conditioned,3,,1.0,2.0,10.0,0.25,1.0,both_tolerable,True,0.63671875,0.8095744354916121,0.7395963486160314,0.36466808919736443,0.7395963486160314,0.374928259418667,33810,8428,33810,25382,0.2272421753996318,0.7351763640082994,0.9226388229710489,0.744069801833777,0.42068327400011185,0.10092404799979704,2.2692767269991236,,,,,,,False,False,0,0,0,0.0243352260440588,16936.0,14116.0,0.8334907888521492,
optimization,rg_gamma65_recovery__conditioned_p10_f050,train,752,rg_gamma65_recovery,gamma65,region_growing,conditioned_p10_f050,vesselness_conditioned,3,,1.0,2.0,10.0,0.5,1.0,both_tolerable,True,0.63671875,0.8095744354916121,0.7381748901123629,0.36466808919736443,0.7381748901123629,0.3735068009149985,32440,8428,32440,24012,0.2272421753996318,0.7189865279523072,0.9226388229710489,0.7584155363748458,0.42068327400011185,0.10092404799979704,2.2983140790001926,,,,,,,False,False,0,0,0,0.0486704520881176,16936.0,12746.0,0.752598016060463,
optimization,rg_gamma65_recovery__conditioned_p10_f075,train,752,rg_gamma65_recovery,gamma65,region_growing,conditioned_p10_f075,vesselness_conditioned,3,,1.0,2.0,10.0,0.75,1.0,both_tolerable,True,0.63671875,0.8095744354916121,0.7347748462606626,0.36466808919736443,0.7347748462606626,0.37010675706329815,31314,8428,31314,22886,0.2272421753996318,0.7035857272275636,0.9226388229710489,0.7688573800855847,0.42068327400011185,0.10092404799979704,2.255598820999694,,,,,,,False,False,0,0,0,0.0730056781321764,16936.0,11620.0,0.6861124232404345,
optimization,rg_gamma65_recovery__current_c3_d2,train,752,rg_gamma65_recovery,gamma65,region_growing,current_c3_d2,standard,3,2.0,,,,,,both_tolerable,True,0.63671875,0.8095744354916121,0.7314429279171195,0.36466808919736443,0.7314429279171195,0.3667748387197551,36630,8428,36630,28202,0.2272421753996318,0.7572109062216897,0.9226388229710489,0.7073710073710073,0.42068327400011185,0.10092404799979704,1.8002819579996867,,,,,,,False,False,0,0,0,,,,,
optimization,rg_gamma65_relax090__conditioned_p10_f025,train,752,rg_gamma65_relax090,gamma65,region_growing,conditioned_p10_f025,vesselness_conditioned,3,,1.0,2.0,10.0,0.25,1.0,both_tolerable,True,0.63671875,0.8095744354916121,0.7025029071377152,0.36631212176783423,0.7025029071377152,0.336190785369881,38017,9405,38017,28612,0.23349601098804756,0.7414886466582893,0.8495481127060075,0.6674119472867401,0.42068327400011185,0.07993867799996224,2.25735566000003,,,,,,,False,False,0,0,0,0.022274093702435493,18828.0,15779.0,0.8380603356702783,
optimization,rg_gamma65_relax090__conditioned_p10_f050,train,752,rg_gamma65_relax090,gamma65,region_growing,conditioned_p10_f050,vesselness_conditioned,3,,1.0,2.0,10.0,0.5,1.0,both_tolerable,True,0.63671875,0.8095744354916121,0.7023794375874793,0.36631212176783423,0.7023794375874793,0.3360673158196451,36512,9405,36512,27107,0.23349601098804756,0.7259125047488237,0.8495481127060075,0.6803242769500438,0.42068327400011185,0.07993867799996224,2.2464978269999847,,,,,,,False,False,0,0,0,0.04454818740487099,18828.0,14274.0,0.7581261950286807,
optimization,rg_gamma65_relax090__conditioned_p10_f075,train,752,rg_gamma65_relax090,gamma65,region_growing,conditioned_p10_f075,vesselness_conditioned,3,,1.0,2.0,10.0,0.75,1.0,both_tolerable,True,0.63671875,0.8095744354916121,0.7010579345088161,0.36631212176783423,0.7010579345088161,0.3347458127409819,35256,9405,35256,25851,0.23349601098804756,0.7116806452555597,0.8495481127060075,0.6907476741547538,0.42068327400011185,0.07993867799996224,2.2509855259995675,,,,,,,False,False,0,0,0,0.06682228110730648,18828.0,13018.0,0.6914170384533673,
optimization,rg_gamma65_relax090__current_c3_d2,train,752,rg_gamma65_relax090,gamma65,region_growing,current_c3_d2,standard,3,2.0,,,,,,both_tolerable,True,0.63671875,0.8095744354916121,0.6932323836089527,0.36631212176783423,0.6932323836089527,0.32692026184111844,41066,9405,41066,31661,0.23349601098804756,0.7625880358864958,0.8495481127060075,0.6354405103978961,0.42068327400011185,0.07993867799996224,1.8111021889999392,,,,,,,False,False,0,0,0,,,,,
optimization,rg_gamma65_window3__conditioned_p10_f025,train,752,rg_gamma65_window3,gamma65,region_growing,conditioned_p10_f025,vesselness_conditioned,3,,1.0,2.0,10.0,0.25,1.0,both_tolerable,True,0.63671875,0.8095744354916121,0.43305841630699543,0.16545842217484008,0.43305841630699543,0.26759999413215535,12583,3301,12583,9282,0.09070983956281597,0.29615126099535344,0.9403211148136928,0.8053723277437813,0.42068327400011185,0.054298320000270905,2.259268933000385,,,,,,,False,False,0,0,0,0.025211762636899948,5959.0,5132.0,0.8612183252223528,
optimization,rg_gamma65_window3__conditioned_p10_f050,train,752,rg_gamma65_window3,gamma65,region_growing,conditioned_p10_f050,vesselness_conditioned,3,,1.0,2.0,10.0,0.5,1.0,both_tolerable,True,0.63671875,0.8095744354916121,0.4285067385444744,0.16545842217484008,0.4285067385444744,0.2630483163696343,12156,3301,12156,8855,0.09070983956281597,0.2903650018995295,0.9403211148136928,0.8173741362290227,0.42068327400011185,0.054298320000270905,2.2853600210000877,,,,,,,False,False,0,0,0,0.050423525273799896,5959.0,4705.0,0.7895620070481625,
optimization,rg_gamma65_window3__conditioned_p10_f075,train,752,rg_gamma65_window3,gamma65,region_growing,conditioned_p10_f075,vesselness_conditioned,3,,1.0,2.0,10.0,0.75,1.0,both_tolerable,True,0.63671875,0.8095744354916121,0.4232558139534884,0.16545842217484008,0.4232558139534884,0.2577973917786483,11791,3301,11791,8490,0.09070983956281597,0.28454951927291855,0.9403211148136928,0.8257993384785005,0.42068327400011185,0.054298320000270905,2.2887652999997954,,,,,,,False,False,0,0,0,0.07563528791069984,5959.0,4340.0,0.728310119147508,
optimization,rg_gamma65_window3__current_c3_d2,train,752,rg_gamma65_window3,gamma65,region_growing,current_c3_d2,standard,3,2.0,,,,,,both_tolerable,True,0.63671875,0.8095744354916121,0.43918621008209285,0.16545842217484008,0.43918621008209285,0.2737277879072528,13410,3301,13410,10109,0.09070983956281597,0.3056489085011251,0.9403211148136928,0.7799403430275913,0.42068327400011185,0.054298320000270905,1.879757122999763,,,,,,,False,False,0,0,0,,,,,
optimization,fc_affinity_floor024_only__conditioned_p10_f025,train,760,fc_affinity_floor024_only,current,fuzzy_connectedness,conditioned_p10_f025,vesselness_conditioned,3,,1.0,2.0,10.0,0.25,1.0,both_tolerable,True,0.65625,0.8250236739027553,0.70593411750902,0.4172371773568184,0.70593411750902,0.2886969401522016,32929,9882,32929,23047,0.2670978356451933,0.6826653050804187,0.9528435539364501,0.7308451516899998,0.4004371969995191,2.230570724000245,2.295278481999958,9882.0,491816.0,491816.0,0.16,8.0,False,False,False,0,0,0,0.017140841111540794,15287.0,12608.0,0.824753058153987,
optimization,fc_affinity_floor024_only__conditioned_p10_f050,train,760,fc_affinity_floor024_only,current,fuzzy_connectedness,conditioned_p10_f050,vesselness_conditioned,3,,1.0,2.0,10.0,0.5,1.0,both_tolerable,True,0.65625,0.8250236739027553,0.7080115686216047,0.4172371773568184,0.7080115686216047,0.2907743912647863,31825,9882,31825,21943,0.2670978356451933,0.6735880634272261,0.9528435539364501,0.7461429693637078,0.4004371969995191,2.230570724000245,2.2840386220004802,9882.0,491816.0,491816.0,0.16,8.0,False,False,False,0,0,0,0.03428168222308159,15287.0,11504.0,0.752534833518676,
optimization,fc_affinity_floor024_only__conditioned_p10_f075,train,760,fc_affinity_floor024_only,current,fuzzy_connectedness,conditioned_p10_f075,vesselness_conditioned,3,,1.0,2.0,10.0,0.75,1.0,both_tolerable,True,0.65625,0.8250236739027553,0.707171254286668,0.4172371773568184,0.707171254286668,0.2899340769298496,30649,9882,30649,20767,0.2670978356451933,0.6609933906334212,0.9528435539364501,0.7602858168292603,0.4004371969995191,2.230570724000245,2.297583209999175,9882.0,491816.0,491816.0,0.16,8.0,False,False,False,0,0,0,0.05142252333462238,15287.0,10328.0,0.6756067246680186,
optimization,fc_affinity_floor024_only__current_c3_d2,train,760,fc_affinity_floor024_only,current,fuzzy_connectedness,current_c3_d2,standard,3,2.0,,,,,,both_tolerable,True,0.65625,0.8250236739027553,0.6941476976051707,0.4172371773568184,0.6941476976051707,0.2769105202483523,35608,9882,35608,25726,0.2670978356451933,0.6976427538081865,0.9528435539364501,0.6906874859582116,0.4004371969995191,2.230570724000245,1.8819906329999867,9882.0,491816.0,491816.0,0.16,8.0,False,False,False,0,0,0,,,,,
optimization,fc_alpha017__conditioned_p10_f025,train,760,fc_alpha017,current,fuzzy_connectedness,conditioned_p10_f025,vesselness_conditioned,3,,1.0,2.0,10.0,0.25,1.0,both_tolerable,True,0.65625,0.8250236739027553,0.6955658099807475,0.39077499943529626,0.6955658099807475,0.3047908105454512,30193,9018,30193,21175,0.24536918843786346,0.6456471789634924,0.9591927256597915,0.7538502301858047,0.4004371969995191,2.116218285999821,2.2865417769999112,9018.0,491816.0,491816.0,0.17,8.0,False,False,False,0,0,0,0.019727278500795364,14052.0,11646.0,0.8287788215200683,
optimization,fc_alpha017__conditioned_p10_f050,train,760,fc_alpha017,current,fuzzy_connectedness,conditioned_p10_f050,vesselness_conditioned,3,,1.0,2.0,10.0,0.5,1.0,both_tolerable,True,0.65625,0.8250236739027553,0.6960489152363513,0.39077499943529626,0.6960489152363513,0.305273915801055,29185,9018,29185,20167,0.24536918843786346,0.6361444416078065,0.9591927256597915,0.7684084289874936,0.4004371969995191,2.116218285999821,2.263214178999988,9018.0,491816.0,491816.0,0.17,8.0,False,False,False,0,0,0,0.03945455700159073,14052.0,10638.0,0.7570452604611443,
optimization,fc_alpha017__conditioned_p10_f075,train,760,fc_alpha017,current,fuzzy_connectedness,conditioned_p10_f075,vesselness_conditioned,3,,1.0,2.0,10.0,0.75,1.0,both_tolerable,True,0.65625,0.8250236739027553,0.6940225457071584,0.39077499943529626,0.6940225457071584,0.3032475462718621,28085,9018,28085,19067,0.24536918843786346,0.623464669673503,0.9591927256597915,0.7825885704112515,0.4004371969995191,2.116218285999821,2.2815927740002735,9018.0,491816.0,491816.0,0.17,8.0,False,False,False,0,0,0,0.05918183550238609,14052.0,9538.0,0.6787645886706518,
optimization,fc_alpha017__current_c3_d2,train,760,fc_alpha017,current,fuzzy_connectedness,current_c3_d2,standard,3,2.0,,,,,,both_tolerable,True,0.65625,0.8250236739027553,0.6858751400106113,0.39077499943529626,0.6858751400106113,0.2951001405753151,32599,9018,32599,23581,0.24536918843786346,0.6600573000879357,0.9591927256597915,0.7137949016841008,0.4004371969995191,2.116218285999821,1.8065941099994234,9018.0,491816.0,491816.0,0.17,8.0,False,False,False,0,0,0,,,,,
optimization,fc_candidate024_only__conditioned_p10_f025,train,760,fc_candidate024_only,current,fuzzy_connectedness,conditioned_p10_f025,vesselness_conditioned,3,,1.0,2.0,10.0,0.25,1.0,both_tolerable,True,0.65625,0.8250236739027553,0.6938151662353778,0.3992822698216889,0.6938151662353778,0.29453289641368885,30828,9332,30828,21496,0.2524891498595864,0.6502708989305874,0.9538148306900985,0.7436097054625666,0.4004371969995191,2.056965069000398,2.2682022359995244,9332.0,396710.0,396710.0,0.16,8.0,False,False,False,0,0,0,0.01782676950097084,14273.0,11758.0,0.8237931759265746,
optimization,fc_candidate024_only__conditioned_p10_f050,train,760,fc_candidate024_only,current,fuzzy_connectedness,conditioned_p10_f050,vesselness_conditioned,3,,1.0,2.0,10.0,0.5,1.0,both_tolerable,True,0.65625,0.8250236739027553,0.6946685723946087,0.3992822698216889,0.6946685723946087,0.29538630257291976,29814,9332,29814,20482,0.2524891498595864,0.6410801917567299,0.9538148306900985,0.7580331387938553,0.4004371969995191,2.056965069000398,2.254721919000076,9332.0,396710.0,396710.0,0.16,8.0,False,False,False,0,0,0,0.03565353900194168,14273.0,10744.0,0.7527499474532334,
optimization,fc_candidate024_only__conditioned_p10_f075,train,760,fc_candidate024_only,current,fuzzy_connectedness,conditioned_p10_f075,vesselness_conditioned,3,,1.0,2.0,10.0,0.75,1.0,both_tolerable,True,0.65625,0.8250236739027553,0.6931407942238267,0.3992822698216889,0.6931407942238267,0.2938585244021378,28734,9332,28734,19402,0.2524891498595864,0.6290528465662497,0.9538148306900985,0.7717686364585509,0.4004371969995191,2.056965069000398,2.2625924220001252,9332.0,396710.0,396710.0,0.16,8.0,False,False,False,0,0,0,0.05348030850291252,14273.0,9664.0,0.6770826035171302,
optimization,fc_candidate024_only__current_c3_d2,train,760,fc_candidate024_only,current,fuzzy_connectedness,current_c3_d2,standard,3,2.0,,,,,,both_tolerable,True,0.65625,0.8250236739027553,0.6834800863024083,0.3992822698216889,0.6834800863024083,0.2841978164807194,33343,9332,33343,24011,0.2524891498595864,0.664964683856693,0.9538148306900985,0.7030561137270191,0.4004371969995191,2.056965069000398,1.7938167459997203,9332.0,396710.0,396710.0,0.16,8.0,False,False,False,0,0,0,,,,,
optimization,fc_current__conditioned_p10_f025,train,760,fc_current,current,fuzzy_connectedness,conditioned_p10_f025,vesselness_conditioned,3,,1.0,2.0,10.0,0.25,1.0,both_tolerable,True,0.65625,0.8250236739027553,0.6938151662353778,0.3992822698216889,0.6938151662353778,0.29453289641368885,30828,9332,30828,21496,0.2524891498595864,0.6502708989305874,0.9538148306900985,0.7436097054625666,0.4004371969995191,2.1596215340005074,2.2909371810001176,9332.0,491816.0,491816.0,0.16,8.0,False,False,False,0,0,0,0.01782676950097084,14273.0,11758.0,0.8237931759265746,
optimization,fc_current__conditioned_p10_f050,train,760,fc_current,current,fuzzy_connectedness,conditioned_p10_f050,vesselness_conditioned,3,,1.0,2.0,10.0,0.5,1.0,both_tolerable,True,0.65625,0.8250236739027553,0.6946685723946087,0.3992822698216889,0.6946685723946087,0.29538630257291976,29814,9332,29814,20482,0.2524891498595864,0.6410801917567299,0.9538148306900985,0.7580331387938553,0.4004371969995191,2.1596215340005074,2.299209238000003,9332.0,491816.0,491816.0,0.16,8.0,False,False,False,0,0,0,0.03565353900194168,14273.0,10744.0,0.7527499474532334,
optimization,fc_current__conditioned_p10_f075,train,760,fc_current,current,fuzzy_connectedness,conditioned_p10_f075,vesselness_conditioned,3,,1.0,2.0,10.0,0.75,1.0,both_tolerable,True,0.65625,0.8250236739027553,0.6931407942238267,0.3992822698216889,0.6931407942238267,0.2938585244021378,28734,9332,28734,19402,0.2524891498595864,0.6290528465662497,0.9538148306900985,0.7717686364585509,0.4004371969995191,2.1596215340005074,2.2752912879996074,9332.0,491816.0,491816.0,0.16,8.0,False,False,False,0,0,0,0.05348030850291252,14273.0,9664.0,0.6770826035171302,
optimization,fc_current__current_c3_d2,train,760,fc_current,current,fuzzy_connectedness,current_c3_d2,standard,3,2.0,,,,,,both_tolerable,True,0.65625,0.8250236739027553,0.6834800863024083,0.3992822698216889,0.6834800863024083,0.2841978164807194,33343,9332,33343,24011,0.2524891498595864,0.664964683856693,0.9538148306900985,0.7030561137270191,0.4004371969995191,2.1596215340005074,1.810583943999518,9332.0,491816.0,491816.0,0.16,8.0,False,False,False,0,0,0,,,,,
optimization,fc_floor020__conditioned_p10_f025,train,760,fc_floor020,current,fuzzy_connectedness,conditioned_p10_f025,vesselness_conditioned,3,,1.0,2.0,10.0,0.25,1.0,both_tolerable,True,0.65625,0.8250236739027553,0.6936858006042296,0.400564617314931,0.6936858006042296,0.2931211832892986,30947,9379,30947,21568,0.25356707230590303,0.6513204549967379,0.9530866830152468,0.7419459075193072,0.4004371969995191,2.1146765739995317,2.321380837999641,9379.0,454660.0,454660.0,0.16,8.0,False,False,False,0,0,0,0.01772795431315899,14325.0,11786.0,0.8227574171029668,
optimization,fc_floor020__conditioned_p10_f050,train,760,fc_floor020,current,fuzzy_connectedness,conditioned_p10_f050,vesselness_conditioned,3,,1.0,2.0,10.0,0.5,1.0,both_tolerable,True,0.65625,0.8250236739027553,0.6947022814096565,0.400564617314931,0.6947022814096565,0.2941376640947255,29926,9379,29926,20547,0.25356707230590303,0.642214846963379,0.9530866830152468,0.7565327808594533,0.4004371969995191,2.1146765739995317,2.27880426899992,9379.0,454660.0,454660.0,0.16,8.0,False,False,False,0,0,0,0.03545590862631798,14325.0,10765.0,0.7514834205933683,
optimization,fc_floor020__conditioned_p10_f075,train,760,fc_floor020,current,fuzzy_connectedness,conditioned_p10_f075,vesselness_conditioned,3,,1.0,2.0,10.0,0.75,1.0,both_tolerable,True,0.65625,0.8250236739027553,0.6930207878144703,0.400564617314931,0.6930207878144703,0.2924561704995393,28823,9379,28823,19444,0.25356707230590303,0.6298187388307378,0.9530866830152468,0.770322312042466,0.4004371969995191,2.1146765739995317,2.286008032000609,9379.0,454660.0,454660.0,0.16,8.0,False,False,False,0,0,0,0.05318386293947697,14325.0,9662.0,0.6744851657940664,
optimization,fc_floor020__current_c3_d2,train,760,fc_floor020,current,fuzzy_connectedness,current_c3_d2,standard,3,2.0,,,,,,both_tolerable,True,0.65625,0.8250236739027553,0.6832511383639565,0.400564617314931,0.6832511383639565,0.2826865210490255,33486,9379,33486,24107,0.25356707230590303,0.6661277054435083,0.9530866830152468,0.7012781460909037,0.4004371969995191,2.1146765739995317,1.8659652950000236,9379.0,454660.0,454660.0,0.16,8.0,False,False,False,0,0,0,,,,,
optimization,fc_floor020_recovery__conditioned_p10_f025,train,760,fc_floor020_recovery,current,fuzzy_connectedness,conditioned_p10_f025,vesselness_conditioned,3,,1.0,2.0,10.0,0.25,1.0,both_tolerable,True,0.65625,0.8250236739027553,0.6936858006042296,0.400564617314931,0.6936858006042296,0.2931211832892986,30947,9379,30947,21568,0.25356707230590303,0.6513204549967379,0.9530866830152468,0.7419459075193072,0.4004371969995191,2.2595368860002054,2.2997704029994566,,,,,,,False,False,0,0,0,0.01772795431315899,14325.0,11786.0,0.8227574171029668,
optimization,fc_floor020_recovery__conditioned_p10_f050,train,760,fc_floor020_recovery,current,fuzzy_connectedness,conditioned_p10_f050,vesselness_conditioned,3,,1.0,2.0,10.0,0.5,1.0,both_tolerable,True,0.65625,0.8250236739027553,0.6947022814096565,0.400564617314931,0.6947022814096565,0.2941376640947255,29926,9379,29926,20547,0.25356707230590303,0.642214846963379,0.9530866830152468,0.7565327808594533,0.4004371969995191,2.2595368860002054,2.3400337390003187,,,,,,,False,False,0,0,0,0.03545590862631798,14325.0,10765.0,0.7514834205933683,
optimization,fc_floor020_recovery__conditioned_p10_f075,train,760,fc_floor020_recovery,current,fuzzy_connectedness,conditioned_p10_f075,vesselness_conditioned,3,,1.0,2.0,10.0,0.75,1.0,both_tolerable,True,0.65625,0.8250236739027553,0.6930207878144703,0.400564617314931,0.6930207878144703,0.2924561704995393,28823,9379,28823,19444,0.25356707230590303,0.6298187388307378,0.9530866830152468,0.770322312042466,0.4004371969995191,2.2595368860002054,2.363675714999772,,,,,,,False,False,0,0,0,0.05318386293947697,14325.0,9662.0,0.6744851657940664,
optimization,fc_floor020_recovery__current_c3_d2,train,760,fc_floor020_recovery,current,fuzzy_connectedness,current_c3_d2,standard,3,2.0,,,,,,both_tolerable,True,0.65625,0.8250236739027553,0.6832511383639565,0.400564617314931,0.6832511383639565,0.2826865210490255,33486,9379,33486,24107,0.25356707230590303,0.6661277054435083,0.9530866830152468,0.7012781460909037,0.4004371969995191,2.2595368860002054,1.8035358189999897,,,,,,,False,False,0,0,0,,,,,
optimization,fc_floor024__conditioned_p10_f025,train,760,fc_floor024,current,fuzzy_connectedness,conditioned_p10_f025,vesselness_conditioned,3,,1.0,2.0,10.0,0.25,1.0,both_tolerable,True,0.65625,0.8250236739027553,0.70593411750902,0.4172371773568184,0.70593411750902,0.2886969401522016,32929,9882,32929,23047,0.2670978356451933,0.6826653050804187,0.9528435539364501,0.7308451516899998,0.4004371969995191,2.0858182319998377,2.2752495659997294,9882.0,396710.0,396710.0,0.16,8.0,False,False,False,0,0,0,0.017140841111540794,15287.0,12608.0,0.824753058153987,
optimization,fc_floor024__conditioned_p10_f050,train,760,fc_floor024,current,fuzzy_connectedness,conditioned_p10_f050,vesselness_conditioned,3,,1.0,2.0,10.0,0.5,1.0,both_tolerable,True,0.65625,0.8250236739027553,0.7080115686216047,0.4172371773568184,0.7080115686216047,0.2907743912647863,31825,9882,31825,21943,0.2670978356451933,0.6735880634272261,0.9528435539364501,0.7461429693637078,0.4004371969995191,2.0858182319998377,2.2642055729993444,9882.0,396710.0,396710.0,0.16,8.0,False,False,False,0,0,0,0.03428168222308159,15287.0,11504.0,0.752534833518676,
optimization,fc_floor024__conditioned_p10_f075,train,760,fc_floor024,current,fuzzy_connectedness,conditioned_p10_f075,vesselness_conditioned,3,,1.0,2.0,10.0,0.75,1.0,both_tolerable,True,0.65625,0.8250236739027553,0.707171254286668,0.4172371773568184,0.707171254286668,0.2899340769298496,30649,9882,30649,20767,0.2670978356451933,0.6609933906334212,0.9528435539364501,0.7602858168292603,0.4004371969995191,2.0858182319998377,2.2685691880005834,9882.0,396710.0,396710.0,0.16,8.0,False,False,False,0,0,0,0.05142252333462238,15287.0,10328.0,0.6756067246680186,
optimization,fc_floor024__current_c3_d2,train,760,fc_floor024,current,fuzzy_connectedness,current_c3_d2,standard,3,2.0,,,,,,both_tolerable,True,0.65625,0.8250236739027553,0.6941476976051707,0.4172371773568184,0.6941476976051707,0.2769105202483523,35608,9882,35608,25726,0.2670978356451933,0.6976427538081865,0.9528435539364501,0.6906874859582116,0.4004371969995191,2.0858182319998377,1.799300140000014,9882.0,396710.0,396710.0,0.16,8.0,False,False,False,0,0,0,,,,,
optimization,rg_gamma55_current__conditioned_p10_f025,train,760,rg_gamma55_current,current,region_growing,conditioned_p10_f025,vesselness_conditioned,3,,1.0,2.0,10.0,0.25,1.0,both_tolerable,True,0.65625,0.8250236739027553,0.729856587859794,0.3893925043972399,0.729856587859794,0.34046408346255413,33988,9093,33988,24895,0.2449153263552038,0.7167616940402235,0.9495216100296932,0.7434388607743909,0.4004371969995191,0.07894423299967457,2.2784234150003613,,,,,,,False,False,0,0,0,0.02465185709297657,16419.0,13918.0,0.8476764723795602,
optimization,rg_gamma55_current__conditioned_p10_f050,train,760,rg_gamma55_current,current,region_growing,conditioned_p10_f050,vesselness_conditioned,3,,1.0,2.0,10.0,0.5,1.0,both_tolerable,True,0.65625,0.8250236739027553,0.7301372482678474,0.3893925043972399,0.7301372482678474,0.34074474387060755,32726,9093,32726,23633,0.2449153263552038,0.7039684565852552,0.9495216100296932,0.7583267127054941,0.4004371969995191,0.07894423299967457,2.269867985000019,,,,,,,False,False,0,0,0,0.04930371418595314,16419.0,12656.0,0.7708143005055119,
optimization,rg_gamma55_current__conditioned_p10_f075,train,760,rg_gamma55_current,current,region_growing,conditioned_p10_f075,vesselness_conditioned,3,,1.0,2.0,10.0,0.75,1.0,both_tolerable,True,0.65625,0.8250236739027553,0.7287375564258168,0.3893925043972399,0.7287375564258168,0.33934505202857695,31649,9093,31649,22556,0.2449153263552038,0.6914872493121152,0.9495216100296932,0.7702297070997504,0.4004371969995191,0.07894423299967457,2.280560255999262,,,,,,,False,False,0,0,0,0.07395557127892971,16419.0,11579.0,0.705219562701748,
optimization,rg_gamma55_current__current_c3_d2,train,760,rg_gamma55_current,current,region_growing,current_c3_d2,standard,3,2.0,,,,,,both_tolerable,True,0.65625,0.8250236739027553,0.7192718351871986,0.3893925043972399,0.7192718351871986,0.32987933078995874,36489,9093,36489,27396,0.2449153263552038,0.7318809746688225,0.9495216100296932,0.7070898078873085,0.4004371969995191,0.07894423299967457,1.8030977529997472,,,,,,,False,False,0,0,0,,,,,
optimization,rg_gamma65_current__conditioned_p10_f025,train,760,rg_gamma65_current,gamma65,region_growing,conditioned_p10_f025,vesselness_conditioned,3,,1.0,2.0,10.0,0.25,1.0,both_tolerable,True,0.65625,0.8250236739027553,0.712076685181481,0.3550865500323984,0.712076685181481,0.3569901351490826,29740,7959,29740,21781,0.21762686863529346,0.6563980370464925,0.9639401934916447,0.7780766644250168,0.3970028949997868,0.07235438299994712,2.3282365690001825,,,,,,,False,False,0,0,0,0.024935102090239525,14485.0,12230.0,0.8443217121159821,
optimization,rg_gamma65_current__conditioned_p10_f050,train,760,rg_gamma65_current,gamma65,region_growing,conditioned_p10_f050,vesselness_conditioned,3,,1.0,2.0,10.0,0.5,1.0,both_tolerable,True,0.65625,0.8250236739027553,0.7101152408800213,0.3550865500323984,0.7101152408800213,0.3550286908476229,28700,7959,28700,20741,0.21762686863529346,0.6441153944345163,0.9639401934916447,0.7911846689895471,0.3970028949997868,0.07235438299994712,2.325751716999548,,,,,,,False,False,0,0,0,0.04987020418047905,14485.0,11190.0,0.7725232999654815,
optimization,rg_gamma65_current__conditioned_p10_f075,train,760,rg_gamma65_current,gamma65,region_growing,conditioned_p10_f075,vesselness_conditioned,3,,1.0,2.0,10.0,0.75,1.0,both_tolerable,True,0.65625,0.8250236739027553,0.7064651340022863,0.3550865500323984,0.7064651340022863,0.35137858396988786,27731,7959,27731,19772,0.21762686863529346,0.631095225938218,0.9639401934916447,0.8022790378998234,0.3970028949997868,0.07235438299994712,2.2898955159998877,,,,,,,False,False,0,0,0,0.07480530627071857,14485.0,10221.0,0.7056265101829479,
optimization,rg_gamma65_current__current_c3_d2,train,760,rg_gamma65_current,gamma65,region_growing,current_c3_d2,standard,3,2.0,,,,,,both_tolerable,True,0.65625,0.8250236739027553,0.7042588627171068,0.3550865500323984,0.7042588627171068,0.3491723126847084,31995,7959,31995,24036,0.21762686863529346,0.6717158823362551,0.9639401934916447,0.7401156430692296,0.3970028949997868,0.07235438299994712,1.8216955280004186,,,,,,,False,False,0,0,0,,,,,
optimization,rg_gamma65_divisor6__conditioned_p10_f025,train,760,rg_gamma65_divisor6,gamma65,region_growing,conditioned_p10_f025,vesselness_conditioned,3,,1.0,2.0,10.0,0.25,1.0,both_tolerable,True,0.65625,0.8250236739027553,0.7120375355741866,0.355352969758671,0.7120375355741866,0.3566845658155156,29752,7966,29752,21786,0.21782543329645704,0.6564831361869912,0.9639718804920914,0.7778636730303845,0.3970028949997868,0.06965562400000636,2.3543418260005637,,,,,,,False,False,0,0,0,0.02491830289363861,14488.0,12233.0,0.8443539480949751,
optimization,rg_gamma65_divisor6__conditioned_p10_f050,train,760,rg_gamma65_divisor6,gamma65,region_growing,conditioned_p10_f050,vesselness_conditioned,3,,1.0,2.0,10.0,0.5,1.0,both_tolerable,True,0.65625,0.8250236739027553,0.710100062539087,0.355352969758671,0.710100062539087,0.354747092780416,28707,7966,28707,20741,0.21782543329645704,0.6441721271948486,0.9639718804920914,0.7910614135925036,0.3970028949997868,0.06965562400000636,2.3099651330003326,,,,,,,False,False,0,0,0,0.04983660578727722,14488.0,11188.0,0.7722252898950855,
optimization,rg_gamma65_divisor6__conditioned_p10_f075,train,760,rg_gamma65_divisor6,gamma65,region_growing,conditioned_p10_f075,vesselness_conditioned,3,,1.0,2.0,10.0,0.75,1.0,both_tolerable,True,0.65625,0.8250236739027553,0.7064520226074807,0.355352969758671,0.7064520226074807,0.35109905284880977,27735,7966,27735,19769,0.21782543329645704,0.6311235923183842,0.9639718804920914,0.8021993870560663,0.3970028949997868,0.06965562400000636,2.347880864000217,,,,,,,False,False,0,0,0,0.07475490868091583,14488.0,10216.0,0.7051352843732744,
optimization,rg_gamma65_divisor6__current_c3_d2,train,760,rg_gamma65_divisor6,gamma65,region_growing,current_c3_d2,standard,3,2.0,,,,,,both_tolerable,True,0.65625,0.8250236739027553,0.7042224204579245,0.355352969758671,0.7042224204579245,0.3488694506992535,32007,7966,32007,24041,0.21782543329645704,0.6718009814767537,0.9639718804920914,0.7399318898990845,0.3970028949997868,0.06965562400000636,1.8138997730002302,,,,,,,False,False,0,0,0,,,,,
optimization,rg_gamma65_divisor8__conditioned_p10_f025,train,760,rg_gamma65_divisor8,gamma65,region_growing,conditioned_p10_f025,vesselness_conditioned,3,,1.0,2.0,10.0,0.25,1.0,both_tolerable,True,0.65625,0.8250236739027553,0.7118372626618827,0.3538675312644743,0.7118372626618827,0.35796973139740845,29686,7927,29686,21759,0.21671914446997417,0.6556321447820044,0.9637946259619024,0.7785824967998383,0.3970028949997868,0.07314559099995677,2.325631128999703,,,,,,,False,False,0,0,0,0.02498536743223667,14467.0,12222.0,0.8448192437962259,
optimization,rg_gamma65_divisor8__conditioned_p10_f050,train,760,rg_gamma65_divisor8,gamma65,region_growing,conditioned_p10_f050,vesselness_conditioned,3,,1.0,2.0,10.0,0.5,1.0,both_tolerable,True,0.65625,0.8250236739027553,0.7098328847718596,0.3538675312644743,0.7098328847718596,0.3559653535073853,28655,7927,28655,20728,0.21671914446997417,0.6434062349303605,0.9637946259619024,0.7915547024952015,0.3970028949997868,0.07314559099995677,2.2972979460000715,,,,,,,False,False,0,0,0,0.04997073486447334,14467.0,11191.0,0.7735536047556508,
optimization,rg_gamma65_divisor8__conditioned_p10_f075,train,760,rg_gamma65_divisor8,gamma65,region_growing,conditioned_p10_f075,vesselness_conditioned,3,,1.0,2.0,10.0,0.75,1.0,both_tolerable,True,0.65625,0.8250236739027553,0.706286041080875,0.3538675312644743,0.706286041080875,0.3524185098164007,27696,7927,27696,19769,0.21671914446997417,0.6305846310952259,0.9637946259619024,0.8026429809358753,0.3970028949997868,0.07314559099995677,2.268678156000533,,,,,,,False,False,0,0,0,0.07495610229671001,14467.0,10232.0,0.7072648095665999,
optimization,rg_gamma65_divisor8__current_c3_d2,train,760,rg_gamma65_divisor8,gamma65,region_growing,current_c3_d2,standard,3,2.0,,,,,,both_tolerable,True,0.65625,0.8250236739027553,0.7040069064062872,0.3538675312644743,0.7040069064062872,0.35013937514181287,31931,7927,31931,24004,0.21671914446997417,0.670836524551102,0.9637946259619024,0.7406282296201184,0.3970028949997868,0.07314559099995677,1.8849067689998265,,,,,,,False,False,0,0,0,,,,,
optimization,rg_gamma65_floor065__conditioned_p10_f025,train,760,rg_gamma65_floor065,gamma65,region_growing,conditioned_p10_f025,vesselness_conditioned,3,,1.0,2.0,10.0,0.25,1.0,both_tolerable,True,0.65625,0.8250236739027553,0.7272834119323608,0.38163955256052456,0.7272834119323608,0.3456438593718362,32814,8820,32814,23994,0.23856125719796897,0.7021246418744505,0.953514739229025,0.7543121838239776,0.3970028949997868,0.07577215199944476,2.2791815190003035,,,,,,,False,False,0,0,0,0.02053988352417946,15860.0,13378.0,0.8435056746532157,
optimization,rg_gamma65_floor065__conditioned_p10_f050,train,760,rg_gamma65_floor065,gamma65,region_growing,conditioned_p10_f050,vesselness_conditioned,3,,1.0,2.0,10.0,0.5,1.0,both_tolerable,True,0.65625,0.8250236739027553,0.7267670499573845,0.38163955256052456,0.7267670499573845,0.34512749739685994,31624,8820,31624,22804,0.23856125719796897,0.6893597707996483,0.953514739229025,0.7684669870984063,0.3970028949997868,0.07577215199944476,2.258821094999803,,,,,,,False,False,0,0,0,0.04107976704835892,15860.0,12188.0,0.7684741488020177,
optimization,rg_gamma65_floor065__conditioned_p10_f075,train,760,rg_gamma65_floor065,gamma65,region_growing,conditioned_p10_f075,vesselness_conditioned,3,,1.0,2.0,10.0,0.75,1.0,both_tolerable,True,0.65625,0.8250236739027553,0.7241599125762681,0.38163955256052456,0.7241599125762681,0.34252036001574354,30633,8820,30633,21813,0.23856125719796897,0.676708365245511,0.953514739229025,0.7787679952991872,0.3970028949997868,0.07577215199944476,2.2662878529999944,,,,,,,False,False,0,0,0,0.061619650572538376,15860.0,11197.0,0.7059899117276166,
optimization,rg_gamma65_floor065__current_c3_d2,train,760,rg_gamma65_floor065,gamma65,region_growing,current_c3_d2,standard,3,2.0,,,,,,both_tolerable,True,0.65625,0.8250236739027553,0.717345391146579,0.38163955256052456,0.717345391146579,0.33570583858605446,35296,8820,35296,26476,0.23856125719796897,0.7177828837262077,0.953514739229025,0.7169084315503174,0.3970028949997868,0.07577215199944476,1.8011097899998276,,,,,,,False,False,0,0,0,,,,,
optimization,rg_gamma65_floor090__conditioned_p10_f025,train,760,rg_gamma65_floor090,gamma65,region_growing,conditioned_p10_f025,vesselness_conditioned,3,,1.0,2.0,10.0,0.25,1.0,both_tolerable,True,0.65625,0.8250236739027553,0.6939084008748231,0.3293153780958659,0.6939084008748231,0.36459302277895717,26931,7223,26931,19708,0.19839446288259155,0.6120046520863472,0.9682957219991694,0.8011213842783409,0.3970028949997868,0.06419701499999064,2.2610417040004904,,,,,,,False,False,0,0,0,0.028412243351340294,13064.0,11079.0,0.8480557256582976,
optimization,rg_gamma65_floor090__conditioned_p10_f050,train,760,rg_gamma65_floor090,gamma65,region_growing,conditioned_p10_f050,vesselness_conditioned,3,,1.0,2.0,10.0,0.5,1.0,both_tolerable,True,0.65625,0.8250236739027553,0.6906991159103514,0.3293153780958659,0.6906991159103514,0.36138373781448546,26053,7223,26053,18830,0.19839446288259155,0.6005730008793578,0.9682957219991694,0.8126511342263847,0.3970028949997868,0.06419701499999064,2.2625282230001176,,,,,,,False,False,0,0,0,0.05682448670268059,13064.0,10201.0,0.7808481322718922,
optimization,rg_gamma65_floor090__conditioned_p10_f075,train,760,rg_gamma65_floor090,gamma65,region_growing,conditioned_p10_f075,vesselness_conditioned,3,,1.0,2.0,10.0,0.75,1.0,both_tolerable,True,0.65625,0.8250236739027553,0.6855184516812636,0.3293153780958659,0.6855184516812636,0.35620307358539766,25148,7223,25148,17925,0.19839446288259155,0.5872691685813973,0.9682957219991694,0.8232463814219819,0.3970028949997868,0.06419701499999064,2.2527423700003055,,,,,,,False,False,0,0,0,0.08523673005402088,13064.0,9296.0,0.711573790569504,
optimization,rg_gamma65_floor090__current_c3_d2,train,760,rg_gamma65_floor090,gamma65,region_growing,current_c3_d2,standard,3,2.0,,,,,,both_tolerable,True,0.65625,0.8250236739027553,0.6888684567314435,0.3293153780958659,0.6888684567314435,0.35955307863557756,28916,7223,28916,21693,0.19839446288259155,0.6269537344339489,0.9682957219991694,0.7643519158943146,0.3970028949997868,0.06419701499999064,1.7983477240004504,,,,,,,False,False,0,0,0,,,,,
optimization,rg_gamma65_recovery__conditioned_p10_f025,train,760,rg_gamma65_recovery,gamma65,region_growing,conditioned_p10_f025,vesselness_conditioned,3,,1.0,2.0,10.0,0.25,1.0,both_tolerable,True,0.65625,0.8250236739027553,0.712076685181481,0.3550865500323984,0.712076685181481,0.3569901351490826,29740,7959,29740,21781,0.21762686863529346,0.6563980370464925,0.9639401934916447,0.7780766644250168,0.3970028949997868,0.0963657130005231,2.2557787270006884,,,,,,,False,False,0,0,0,0.024935102090239525,14485.0,12230.0,0.8443217121159821,
optimization,rg_gamma65_recovery__conditioned_p10_f050,train,760,rg_gamma65_recovery,gamma65,region_growing,conditioned_p10_f050,vesselness_conditioned,3,,1.0,2.0,10.0,0.5,1.0,both_tolerable,True,0.65625,0.8250236739027553,0.7101152408800213,0.3550865500323984,0.7101152408800213,0.3550286908476229,28700,7959,28700,20741,0.21762686863529346,0.6441153944345163,0.9639401934916447,0.7911846689895471,0.3970028949997868,0.0963657130005231,2.2746682030001466,,,,,,,False,False,0,0,0,0.04987020418047905,14485.0,11190.0,0.7725232999654815,
optimization,rg_gamma65_recovery__conditioned_p10_f075,train,760,rg_gamma65_recovery,gamma65,region_growing,conditioned_p10_f075,vesselness_conditioned,3,,1.0,2.0,10.0,0.75,1.0,both_tolerable,True,0.65625,0.8250236739027553,0.7064651340022863,0.3550865500323984,0.7064651340022863,0.35137858396988786,27731,7959,27731,19772,0.21762686863529346,0.631095225938218,0.9639401934916447,0.8022790378998234,0.3970028949997868,0.0963657130005231,2.309720307999669,,,,,,,False,False,0,0,0,0.07480530627071857,14485.0,10221.0,0.7056265101829479,
optimization,rg_gamma65_recovery__current_c3_d2,train,760,rg_gamma65_recovery,gamma65,region_growing,current_c3_d2,standard,3,2.0,,,,,,both_tolerable,True,0.65625,0.8250236739027553,0.7042588627171068,0.3550865500323984,0.7042588627171068,0.3491723126847084,31995,7959,31995,24036,0.21762686863529346,0.6717158823362551,0.9639401934916447,0.7401156430692296,0.3970028949997868,0.0963657130005231,1.8114849069997945,,,,,,,False,False,0,0,0,,,,,
optimization,rg_gamma65_relax090__conditioned_p10_f025,train,760,rg_gamma65_relax090,gamma65,region_growing,conditioned_p10_f025,vesselness_conditioned,3,,1.0,2.0,10.0,0.25,1.0,both_tolerable,True,0.65625,0.8250236739027553,0.7127711430660493,0.3633058763977728,0.7127711430660493,0.3494652666682765,30395,8209,30395,22186,0.22395257141236208,0.6636598303690466,0.9617492995492752,0.7697318637933871,0.3970028949997868,0.07145948699962901,2.2735796369997843,,,,,,,False,False,0,0,0,0.023271989077329636,14752.0,12409.0,0.8411740780911063,
optimization,rg_gamma65_relax090__conditioned_p10_f050,train,760,rg_gamma65_relax090,gamma65,region_growing,conditioned_p10_f050,vesselness_conditioned,3,,1.0,2.0,10.0,0.5,1.0,both_tolerable,True,0.65625,0.8250236739027553,0.7110161355260305,0.3633058763977728,0.7110161355260305,0.3477102591282577,29325,8209,29325,21116,0.22395257141236208,0.6512353558562392,0.9617492995492752,0.7828815004262575,0.3970028949997868,0.07145948699962901,2.2646488210002644,,,,,,,False,False,0,0,0,0.04654397815465927,14752.0,11339.0,0.7686415401301518,
optimization,rg_gamma65_relax090__conditioned_p10_f075,train,760,rg_gamma65_relax090,gamma65,region_growing,conditioned_p10_f075,vesselness_conditioned,3,,1.0,2.0,10.0,0.75,1.0,both_tolerable,True,0.65625,0.8250236739027553,0.7083110761979576,0.3633058763977728,0.7083110761979576,0.34500519980018485,28397,8209,28397,20188,0.22395257141236208,0.6394349417070888,0.9617492995492752,0.7938162481952319,0.3970028949997868,0.07145948699962901,2.3085774719993424,,,,,,,False,False,0,0,0,0.0698159672319889,14752.0,10411.0,0.7057348156182213,
optimization,rg_gamma65_relax090__current_c3_d2,train,760,rg_gamma65_relax090,gamma65,region_growing,current_c3_d2,standard,3,2.0,,,,,,both_tolerable,True,0.65625,0.8250236739027553,0.7042402670941742,0.3633058763977728,0.7042402670941742,0.3409343906964014,32738,8209,32738,24529,0.22395257141236208,0.6791195075596403,0.9617492995492752,0.7312908546643044,0.3970028949997868,0.07145948699962901,1.8289459530005843,,,,,,,False,False,0,0,0,,,,,
optimization,rg_gamma65_window3__conditioned_p10_f025,train,760,rg_gamma65_window3,gamma65,region_growing,conditioned_p10_f025,vesselness_conditioned,3,,1.0,2.0,10.0,0.25,1.0,both_tolerable,True,0.65625,0.8250236739027553,0.6139255229676288,0.2723105432556325,0.6139255229676288,0.34161497971199634,20630,5759,20630,14871,0.1583978668482115,0.48659688537145773,0.9696127799965272,0.8315075133301018,0.3970028949997868,0.0816943830004675,2.349864759000411,,,,,,,False,False,0,0,0,0.027211422100663185,9639.0,8277.0,0.8586990351696234,
optimization,rg_gamma65_window3__conditioned_p10_f050,train,760,rg_gamma65_window3,gamma65,region_growing,conditioned_p10_f050,vesselness_conditioned,3,,1.0,2.0,10.0,0.5,1.0,both_tolerable,True,0.65625,0.8250236739027553,0.6100063331222293,0.2723105432556325,0.6100063331222293,0.3376957898665968,20012,5759,20012,14253,0.1583978668482115,0.4781437040819221,0.9696127799965272,0.8422946232260644,0.3970028949997868,0.0816943830004675,2.3410926709993873,,,,,,,False,False,0,0,0,0.05442284420132637,9639.0,7659.0,0.7945845004668534,
optimization,rg_gamma65_window3__conditioned_p10_f075,train,760,rg_gamma65_window3,gamma65,region_growing,conditioned_p10_f075,vesselness_conditioned,3,,1.0,2.0,10.0,0.75,1.0,both_tolerable,True,0.65625,0.8250236739027553,0.6044917040975342,0.2723105432556325,0.6044917040975342,0.3321811608419017,19292,5759,19292,13533,0.1583978668482115,0.4676481434204181,0.9696127799965272,0.8545511092680904,0.3970028949997868,0.0816943830004675,2.2868634259993996,,,,,,,False,False,0,0,0,0.08163426630198956,9639.0,6939.0,0.7198879551820728,
optimization,rg_gamma65_window3__current_c3_d2,train,760,rg_gamma65_window3,gamma65,region_growing,current_c3_d2,standard,3,2.0,,,,,,both_tolerable,True,0.65625,0.8250236739027553,0.6115119224386409,0.2723105432556325,0.6115119224386409,0.33920137918300847,21992,5759,21992,16233,0.1583978668482115,0.49649675204947097,0.9696127799965272,0.795880320116406,0.3970028949997868,0.0816943830004675,1.8660201150005378,,,,,,,False,False,0,0,0,,,,,
optimization,fc_affinity_floor024_only__conditioned_p10_f025,train,793,fc_affinity_floor024_only,current,fuzzy_connectedness,conditioned_p10_f025,vesselness_conditioned,3,,1.0,2.0,10.0,0.25,1.0,both_tolerable,True,0.5,2.7741306352170945,0.7285373864880531,0.4260495936221981,0.7285373864880531,0.30248779286585503,16132,4395,16132,11737,0.2757673234150918,0.7580753250234553,0.9362912400455062,0.7012149764443343,0.2976331069994558,1.0142379949993483,1.8426186280003094,4395.0,351007.0,351007.0,0.16,8.0,False,False,False,0,0,0,0.01570870727300644,7746.0,6622.0,0.8548928479215079,
optimization,fc_affinity_floor024_only__conditioned_p10_f050,train,793,fc_affinity_floor024_only,current,fuzzy_connectedness,conditioned_p10_f050,vesselness_conditioned,3,,1.0,2.0,10.0,0.5,1.0,both_tolerable,True,0.5,2.7741306352170945,0.7283464566929134,0.4260495936221981,0.7283464566929134,0.30229686307071535,15558,4395,15558,11163,0.2757673234150918,0.7438681141938078,0.9362912400455062,0.7134593135364443,0.2976331069994558,1.0142379949993483,1.8127677639995454,4395.0,351007.0,351007.0,0.16,8.0,False,False,False,0,0,0,0.03141741454601288,7746.0,6048.0,0.7807900852052673,
optimization,fc_affinity_floor024_only__conditioned_p10_f075,train,793,fc_affinity_floor024_only,current,fuzzy_connectedness,conditioned_p10_f075,vesselness_conditioned,3,,1.0,2.0,10.0,0.75,1.0,both_tolerable,True,0.5,2.7741306352170945,0.7290076335877863,0.4260495936221981,0.7290076335877863,0.30295803996558823,14946,4395,14946,10551,0.2757673234150918,0.7295938882187374,0.9362912400455062,0.7284223203532718,0.2976331069994558,1.0142379949993483,1.7866795239997373,4395.0,351007.0,351007.0,0.16,8.0,False,False,False,0,0,0,0.04712612181901932,7746.0,5436.0,0.7017815646785438,
optimization,fc_affinity_floor024_only__current_c3_d2,train,793,fc_affinity_floor024_only,current,fuzzy_connectedness,current_c3_d2,standard,3,2.0,,,,,,both_tolerable,True,0.5,2.7741306352170945,0.7179439368512648,0.4260495936221981,0.7179439368512648,0.2918943432290667,17256,4395,17256,12861,0.2757673234150918,0.7740919447795201,0.9362912400455062,0.6693903569772832,0.2976331069994558,1.0142379949993483,1.4101732790004462,4395.0,351007.0,351007.0,0.16,8.0,False,False,False,0,0,0,,,,,
optimization,fc_alpha017__conditioned_p10_f025,train,793,fc_alpha017,current,fuzzy_connectedness,conditioned_p10_f025,vesselness_conditioned,3,,1.0,2.0,10.0,0.25,1.0,both_tolerable,True,0.5,2.7741306352170945,0.7312061641805789,0.4061234152243674,0.7312061641805789,0.32508274895621153,15447,4087,15447,11360,0.2586784613322611,0.7440691596300764,0.9444580376804502,0.7187803456981938,0.2976331069994558,0.9699301600003309,1.737097643999732,4087.0,351007.0,351007.0,0.17,8.0,False,False,False,0,0,0,0.0186050683259964,7510.0,6440.0,0.8575233022636485,
optimization,fc_alpha017__conditioned_p10_f050,train,793,fc_alpha017,current,fuzzy_connectedness,conditioned_p10_f050,vesselness_conditioned,3,,1.0,2.0,10.0,0.5,1.0,both_tolerable,True,0.5,2.7741306352170945,0.73149949681315,0.4061234152243674,0.73149949681315,0.32537608158878256,14888,4087,14888,10801,0.2586784613322611,0.7306661305455033,0.9444580376804502,0.7323347662547017,0.2976331069994558,0.9699301600003309,1.7409270399994057,4087.0,351007.0,351007.0,0.17,8.0,False,False,False,0,0,0,0.0372101366519928,7510.0,5881.0,0.7830892143808256,
optimization,fc_alpha017__conditioned_p10_f075,train,793,fc_alpha017,current,fuzzy_connectedness,conditioned_p10_f075,vesselness_conditioned,3,,1.0,2.0,10.0,0.75,1.0,both_tolerable,True,0.5,2.7741306352170945,0.7288977159880834,0.4061234152243674,0.7288977159880834,0.322774300763716,14281,4087,14281,10194,0.2586784613322611,0.7132421927355582,0.9444580376804502,0.7452559344583712,0.2976331069994558,0.9699301600003309,1.7667194579998977,4087.0,351007.0,351007.0,0.17,8.0,False,False,False,0,0,0,0.0558152049779892,7510.0,5274.0,0.7022636484687084,
optimization,fc_alpha017__current_c3_d2,train,793,fc_alpha017,current,fuzzy_connectedness,current_c3_d2,standard,3,2.0,,,,,,both_tolerable,True,0.5,2.7741306352170945,0.723050987626833,0.4061234152243674,0.723050987626833,0.31692757240246555,16517,4087,16517,12430,0.2586784613322611,0.76169414287629,0.9444580376804502,0.6881394926439426,0.2976331069994558,0.9699301600003309,1.370141304999379,4087.0,351007.0,351007.0,0.17,8.0,False,False,False,0,0,0,,,,,
optimization,fc_candidate024_only__conditioned_p10_f025,train,793,fc_candidate024_only,current,fuzzy_connectedness,conditioned_p10_f025,vesselness_conditioned,3,,1.0,2.0,10.0,0.25,1.0,both_tolerable,True,0.5,2.7741306352170945,0.7297455206439886,0.4196168263223657,0.7297455206439886,0.3101286943216229,15886,4286,15886,11600,0.27007103605414823,0.7533172496984318,0.9402706486234251,0.7076041797809391,0.2976331069994558,0.9880739019999965,1.7716648739997254,4286.0,287827.0,287827.0,0.16,8.0,False,False,False,0,0,0,0.016760218888521194,7655.0,6554.0,0.8561724363161333,
optimization,fc_candidate024_only__conditioned_p10_f050,train,793,fc_candidate024_only,current,fuzzy_connectedness,conditioned_p10_f050,vesselness_conditioned,3,,1.0,2.0,10.0,0.5,1.0,both_tolerable,True,0.5,2.7741306352170945,0.7295688971171648,0.4196168263223657,0.7295688971171648,0.3099520707947991,15326,4286,15326,11040,0.27007103605414823,0.7394451145958987,0.9402706486234251,0.7199530210100483,0.2976331069994558,0.9880739019999965,1.7741173889999118,4286.0,287827.0,287827.0,0.16,8.0,False,False,False,0,0,0,0.03352043777704239,7655.0,5994.0,0.7830176355323318,
optimization,fc_candidate024_only__conditioned_p10_f075,train,793,fc_candidate024_only,current,fuzzy_connectedness,conditioned_p10_f075,vesselness_conditioned,3,,1.0,2.0,10.0,0.75,1.0,both_tolerable,True,0.5,2.7741306352170945,0.7291342839764817,0.4196168263223657,0.7291342839764817,0.30951745765411603,14672,4286,14672,10386,0.27007103605414823,0.7230264039672966,0.9402706486234251,0.7353462377317339,0.2976331069994558,0.9880739019999965,1.79096374799974,4286.0,287827.0,287827.0,0.16,8.0,False,False,False,0,0,0,0.05028065666556358,7655.0,5340.0,0.697583278902678,
optimization,fc_candidate024_only__current_c3_d2,train,793,fc_candidate024_only,current,fuzzy_connectedness,current_c3_d2,standard,3,2.0,,,,,,both_tolerable,True,0.5,2.7741306352170945,0.7200476354633489,0.4196168263223657,0.7200476354633489,0.30043080914098325,16987,4286,16987,12701,0.27007103605414823,0.7698699906178796,0.9402706486234251,0.6762818626008124,0.2976331069994558,0.9880739019999965,1.4971192359998895,4286.0,287827.0,287827.0,0.16,8.0,False,False,False,0,0,0,,,,,
optimization,fc_current__conditioned_p10_f025,train,793,fc_current,current,fuzzy_connectedness,conditioned_p10_f025,vesselness_conditioned,3,,1.0,2.0,10.0,0.25,1.0,both_tolerable,True,0.5,2.7741306352170945,0.7297455206439886,0.4196168263223657,0.7297455206439886,0.3101286943216229,15886,4286,15886,11600,0.27007103605414823,0.7533172496984318,0.9402706486234251,0.7076041797809391,0.2976331069994558,0.9821716799997375,1.7583880229994975,4286.0,351007.0,351007.0,0.16,8.0,False,False,False,0,0,0,0.016760218888521194,7655.0,6554.0,0.8561724363161333,
optimization,fc_current__conditioned_p10_f050,train,793,fc_current,current,fuzzy_connectedness,conditioned_p10_f050,vesselness_conditioned,3,,1.0,2.0,10.0,0.5,1.0,both_tolerable,True,0.5,2.7741306352170945,0.7295688971171648,0.4196168263223657,0.7295688971171648,0.3099520707947991,15326,4286,15326,11040,0.27007103605414823,0.7394451145958987,0.9402706486234251,0.7199530210100483,0.2976331069994558,0.9821716799997375,1.7678230139999869,4286.0,351007.0,351007.0,0.16,8.0,False,False,False,0,0,0,0.03352043777704239,7655.0,5994.0,0.7830176355323318,
optimization,fc_current__conditioned_p10_f075,train,793,fc_current,current,fuzzy_connectedness,conditioned_p10_f075,vesselness_conditioned,3,,1.0,2.0,10.0,0.75,1.0,both_tolerable,True,0.5,2.7741306352170945,0.7291342839764817,0.4196168263223657,0.7291342839764817,0.30951745765411603,14672,4286,14672,10386,0.27007103605414823,0.7230264039672966,0.9402706486234251,0.7353462377317339,0.2976331069994558,0.9821716799997375,1.7636872869998115,4286.0,351007.0,351007.0,0.16,8.0,False,False,False,0,0,0,0.05028065666556358,7655.0,5340.0,0.697583278902678,
optimization,fc_current__current_c3_d2,train,793,fc_current,current,fuzzy_connectedness,current_c3_d2,standard,3,2.0,,,,,,both_tolerable,True,0.5,2.7741306352170945,0.7200476354633489,0.4196168263223657,0.7200476354633489,0.30043080914098325,16987,4286,16987,12701,0.27007103605414823,0.7698699906178796,0.9402706486234251,0.6762818626008124,0.2976331069994558,0.9821716799997375,1.3660046309996687,4286.0,351007.0,351007.0,0.16,8.0,False,False,False,0,0,0,,,,,
optimization,fc_floor020__conditioned_p10_f025,train,793,fc_floor020,current,fuzzy_connectedness,conditioned_p10_f025,vesselness_conditioned,3,,1.0,2.0,10.0,0.25,1.0,both_tolerable,True,0.5,2.7741306352170945,0.7289858826576868,0.42176375824975315,0.7289858826576868,0.30722212440793367,15962,4321,15962,11641,0.27194746012598847,0.7543894920251977,0.9391344596158296,0.7052374389174288,0.2976331069994558,0.9935362639998857,1.7794957539999814,4321.0,326666.0,326666.0,0.16,8.0,False,False,False,0,0,0,0.016362618654966354,7688.0,6577.0,0.8554890738813735,
optimization,fc_floor020__conditioned_p10_f050,train,793,fc_floor020,current,fuzzy_connectedness,conditioned_p10_f050,vesselness_conditioned,3,,1.0,2.0,10.0,0.5,1.0,both_tolerable,True,0.5,2.7741306352170945,0.7289152654137817,0.42176375824975315,0.7289152654137817,0.30715150716402856,15408,4321,15408,11087,0.27194746012598847,0.740785417504356,0.9391344596158296,0.7174195223260644,0.2976331069994558,0.9935362639998857,1.795865340999626,4321.0,326666.0,326666.0,0.16,8.0,False,False,False,0,0,0,0.03272523730993271,7688.0,6023.0,0.7834287200832466,
optimization,fc_floor020__conditioned_p10_f075,train,793,fc_floor020,current,fuzzy_connectedness,conditioned_p10_f075,vesselness_conditioned,3,,1.0,2.0,10.0,0.75,1.0,both_tolerable,True,0.5,2.7741306352170945,0.7294838970489153,0.42176375824975315,0.7294838970489153,0.3077201387991621,14762,4321,14762,10441,0.27194746012598847,0.7255729794933655,0.9391344596158296,0.7334372036309443,0.2976331069994558,0.9935362639998857,1.8077754440000717,4321.0,326666.0,326666.0,0.16,8.0,False,False,False,0,0,0,0.04908785596489906,7688.0,5377.0,0.6994016649323621,
optimization,fc_floor020__current_c3_d2,train,793,fc_floor020,current,fuzzy_connectedness,current_c3_d2,standard,3,2.0,,,,,,both_tolerable,True,0.5,2.7741306352170945,0.7191748710736052,0.42176375824975315,0.7191748710736052,0.2974111128238521,17073,4321,17073,12752,0.27194746012598847,0.7710092480900683,0.9391344596158296,0.67387102442453,0.2976331069994558,0.9935362639998857,1.379697770000348,4321.0,326666.0,326666.0,0.16,8.0,False,False,False,0,0,0,,,,,
optimization,fc_floor020_recovery__conditioned_p10_f025,train,793,fc_floor020_recovery,current,fuzzy_connectedness,conditioned_p10_f025,vesselness_conditioned,3,,1.0,2.0,10.0,0.25,1.0,both_tolerable,True,0.5,2.7741306352170945,0.7289858826576868,0.42176375824975315,0.7289858826576868,0.30722212440793367,15962,4321,15962,11641,0.27194746012598847,0.7543894920251977,0.9391344596158296,0.7052374389174288,0.2976331069994558,1.0634140100000877,1.802072784000302,,,,,,,False,False,0,0,0,0.016362618654966354,7688.0,6577.0,0.8554890738813735,
optimization,fc_floor020_recovery__conditioned_p10_f050,train,793,fc_floor020_recovery,current,fuzzy_connectedness,conditioned_p10_f050,vesselness_conditioned,3,,1.0,2.0,10.0,0.5,1.0,both_tolerable,True,0.5,2.7741306352170945,0.7289152654137817,0.42176375824975315,0.7289152654137817,0.30715150716402856,15408,4321,15408,11087,0.27194746012598847,0.740785417504356,0.9391344596158296,0.7174195223260644,0.2976331069994558,1.0634140100000877,1.7780837979998978,,,,,,,False,False,0,0,0,0.03272523730993271,7688.0,6023.0,0.7834287200832466,
optimization,fc_floor020_recovery__conditioned_p10_f075,train,793,fc_floor020_recovery,current,fuzzy_connectedness,conditioned_p10_f075,vesselness_conditioned,3,,1.0,2.0,10.0,0.75,1.0,both_tolerable,True,0.5,2.7741306352170945,0.7294838970489153,0.42176375824975315,0.7294838970489153,0.3077201387991621,14762,4321,14762,10441,0.27194746012598847,0.7255729794933655,0.9391344596158296,0.7334372036309443,0.2976331069994558,1.0634140100000877,1.7576928500002396,,,,,,,False,False,0,0,0,0.04908785596489906,7688.0,5377.0,0.6994016649323621,
optimization,fc_floor020_recovery__current_c3_d2,train,793,fc_floor020_recovery,current,fuzzy_connectedness,current_c3_d2,standard,3,2.0,,,,,,both_tolerable,True,0.5,2.7741306352170945,0.7191748710736052,0.42176375824975315,0.7191748710736052,0.2974111128238521,17073,4321,17073,12752,0.27194746012598847,0.7710092480900683,0.9391344596158296,0.67387102442453,0.2976331069994558,1.0634140100000877,1.4006294930004515,,,,,,,False,False,0,0,0,,,,,
optimization,fc_floor024__conditioned_p10_f025,train,793,fc_floor024,current,fuzzy_connectedness,conditioned_p10_f025,vesselness_conditioned,3,,1.0,2.0,10.0,0.25,1.0,both_tolerable,True,0.5,2.7741306352170945,0.7285373864880531,0.4260495936221981,0.7285373864880531,0.30248779286585503,16132,4395,16132,11737,0.2757673234150918,0.7580753250234553,0.9362912400455062,0.7012149764443343,0.2976331069994558,0.9580326879995482,1.7759519040000669,4395.0,287827.0,287827.0,0.16,8.0,False,False,False,0,0,0,0.01570870727300644,7746.0,6622.0,0.8548928479215079,
optimization,fc_floor024__conditioned_p10_f050,train,793,fc_floor024,current,fuzzy_connectedness,conditioned_p10_f050,vesselness_conditioned,3,,1.0,2.0,10.0,0.5,1.0,both_tolerable,True,0.5,2.7741306352170945,0.7283464566929134,0.4260495936221981,0.7283464566929134,0.30229686307071535,15558,4395,15558,11163,0.2757673234150918,0.7438681141938078,0.9362912400455062,0.7134593135364443,0.2976331069994558,0.9580326879995482,1.8378168899998855,4395.0,287827.0,287827.0,0.16,8.0,False,False,False,0,0,0,0.03141741454601288,7746.0,6048.0,0.7807900852052673,
optimization,fc_floor024__conditioned_p10_f075,train,793,fc_floor024,current,fuzzy_connectedness,conditioned_p10_f075,vesselness_conditioned,3,,1.0,2.0,10.0,0.75,1.0,both_tolerable,True,0.5,2.7741306352170945,0.7290076335877863,0.4260495936221981,0.7290076335877863,0.30295803996558823,14946,4395,14946,10551,0.2757673234150918,0.7295938882187374,0.9362912400455062,0.7284223203532718,0.2976331069994558,0.9580326879995482,1.8305819500001235,4395.0,287827.0,287827.0,0.16,8.0,False,False,False,0,0,0,0.04712612181901932,7746.0,5436.0,0.7017815646785438,
optimization,fc_floor024__current_c3_d2,train,793,fc_floor024,current,fuzzy_connectedness,current_c3_d2,standard,3,2.0,,,,,,both_tolerable,True,0.5,2.7741306352170945,0.7179439368512648,0.4260495936221981,0.7179439368512648,0.2918943432290667,17256,4395,17256,12861,0.2757673234150918,0.7740919447795201,0.9362912400455062,0.6693903569772832,0.2976331069994558,0.9580326879995482,1.3856897160003427,4395.0,287827.0,287827.0,0.16,8.0,False,False,False,0,0,0,,,,,
optimization,rg_gamma55_current__conditioned_p10_f025,train,793,rg_gamma55_current,current,region_growing,conditioned_p10_f025,vesselness_conditioned,3,,1.0,2.0,10.0,0.25,1.0,both_tolerable,True,0.5,2.7741306352170945,0.7258127575110523,0.3952851160626583,0.7258127575110523,0.330527641448394,18329,4421,18329,13908,0.25619890095161507,0.8086717598177188,0.8647364849581543,0.6583556113263135,0.2976331069994558,0.042579092999403656,1.7499998230005076,,,,,,,False,False,0,0,0,0.02349306270480156,9003.0,7918.0,0.8794846162390314,
optimization,rg_gamma55_current__conditioned_p10_f050,train,793,rg_gamma55_current,current,region_growing,conditioned_p10_f050,vesselness_conditioned,3,,1.0,2.0,10.0,0.5,1.0,both_tolerable,True,0.5,2.7741306352170945,0.7243000706844095,0.3952851160626583,0.7243000706844095,0.3290149546217512,17617,4421,17617,13196,0.25619890095161507,0.7897064736630478,0.8647364849581543,0.6688993585741045,0.2976331069994558,0.042579092999403656,1.739946904000135,,,,,,,False,False,0,0,0,0.04698612540960312,9003.0,7206.0,0.8003998667110963,
optimization,rg_gamma55_current__conditioned_p10_f075,train,793,rg_gamma55_current,current,region_growing,conditioned_p10_f075,vesselness_conditioned,3,,1.0,2.0,10.0,0.75,1.0,both_tolerable,True,0.5,2.7741306352170945,0.7240492029622192,0.3952851160626583,0.7240492029622192,0.3287640868995609,16946,4421,16946,12525,0.25619890095161507,0.7731537327436001,0.8647364849581543,0.68080963059129,0.2976331069994558,0.042579092999403656,1.7336712789992816,,,,,,,False,False,0,0,0,0.07047918811440468,9003.0,6535.0,0.7258691547262024,
optimization,rg_gamma55_current__current_c3_d2,train,793,rg_gamma55_current,current,region_growing,current_c3_d2,standard,3,2.0,,,,,,both_tolerable,True,0.5,2.7741306352170945,0.7189538676607642,0.3952851160626583,0.7189538676607642,0.3236687515981059,19414,4421,19414,14993,0.25619890095161507,0.8271679399544297,0.8647364849581543,0.6357783043164726,0.2976331069994558,0.042579092999403656,1.3965059390002352,,,,,,,False,False,0,0,0,,,,,
optimization,rg_gamma65_current__conditioned_p10_f025,train,793,rg_gamma65_current,gamma65,region_growing,conditioned_p10_f025,vesselness_conditioned,3,,1.0,2.0,10.0,0.25,1.0,both_tolerable,True,0.5,2.7741306352170945,0.7345416882444329,0.34304846588726057,0.7345416882444329,0.3914932223571723,14043,3297,14043,10746,0.2094223294464549,0.7129071170084439,0.9478313618441007,0.7575304422132023,0.29540571500001533,0.03381913399971381,1.7318459050002275,,,,,,,False,False,0,0,0,0.022828860208392143,7076.0,6251.0,0.883408705483324,
optimization,rg_gamma65_current__conditioned_p10_f050,train,793,rg_gamma65_current,gamma65,region_growing,conditioned_p10_f050,vesselness_conditioned,3,,1.0,2.0,10.0,0.5,1.0,both_tolerable,True,0.5,2.7741306352170945,0.7309101155255001,0.34304846588726057,0.7309101155255001,0.38786164963823955,13470,3297,13470,10173,0.2094223294464549,0.6953491489076531,0.9478313618441007,0.7703043801039346,0.29540571500001533,0.03381913399971381,1.7403313140002865,,,,,,,False,False,0,0,0,0.045657720416784286,7076.0,5678.0,0.8024307518371961,
optimization,rg_gamma65_current__conditioned_p10_f075,train,793,rg_gamma65_current,gamma65,region_growing,conditioned_p10_f075,vesselness_conditioned,3,,1.0,2.0,10.0,0.75,1.0,both_tolerable,True,0.5,2.7741306352170945,0.7275662875390191,0.34304846588726057,0.7275662875390191,0.3845178216517585,12949,3297,12949,9652,0.2094223294464549,0.679466559442434,0.9478313618441007,0.7829948258552784,0.29540571500001533,0.03381913399971381,1.7543342810004106,,,,,,,False,False,0,0,0,0.06848658062517643,7076.0,5157.0,0.7288015828151498,
optimization,rg_gamma65_current__current_c3_d2,train,793,rg_gamma65_current,gamma65,region_growing,current_c3_d2,standard,3,2.0,,,,,,both_tolerable,True,0.5,2.7741306352170945,0.7312520980194697,0.34304846588726057,0.7312520980194697,0.3882036321322091,14868,3297,14868,11571,0.2094223294464549,0.7299289639458517,0.9478313618441007,0.7325800376647834,0.29540571500001533,0.03381913399971381,1.4078481670003384,,,,,,,False,False,0,0,0,,,,,
optimization,rg_gamma65_divisor6__conditioned_p10_f025,train,793,rg_gamma65_divisor6,gamma65,region_growing,conditioned_p10_f025,vesselness_conditioned,3,,1.0,2.0,10.0,0.25,1.0,both_tolerable,True,0.5,2.7741306352170945,0.734647381683869,0.343139407244786,0.734647381683869,0.39150797443908303,14047,3298,14047,10749,0.20948934459187776,0.7131081624447125,0.947847180109157,0.7575282978571937,0.29540571500001533,0.0339798429995426,1.7825718929998402,,,,,,,False,False,0,0,0,0.022819604724645615,7079.0,6253.0,0.8833168526628055,
optimization,rg_gamma65_divisor6__conditioned_p10_f050,train,793,rg_gamma65_divisor6,gamma65,region_growing,conditioned_p10_f050,vesselness_conditioned,3,,1.0,2.0,10.0,0.5,1.0,both_tolerable,True,0.5,2.7741306352170945,0.7311078244946827,0.343139407244786,0.7311078244946827,0.3879684172498967,13476,3298,13476,10178,0.20948934459187776,0.6956842246347674,0.947847180109157,0.7703324428613832,0.29540571500001533,0.0339798429995426,1.7851189509992764,,,,,,,False,False,0,0,0,0.04563920944929123,7079.0,5682.0,0.8026557423364882,
optimization,rg_gamma65_divisor6__conditioned_p10_f075,train,793,rg_gamma65_divisor6,gamma65,region_growing,conditioned_p10_f075,vesselness_conditioned,3,,1.0,2.0,10.0,0.75,1.0,both_tolerable,True,0.5,2.7741306352170945,0.7277032359905288,0.343139407244786,0.7277032359905288,0.3845638287457428,12952,3298,12952,9654,0.20948934459187776,0.6796676048787026,0.947847180109157,0.7830450895614577,0.29540571500001533,0.0339798429995426,1.7861564849999922,,,,,,,False,False,0,0,0,0.06845881417393684,7079.0,5158.0,0.7286339878513914,
optimization,rg_gamma65_divisor6__current_c3_d2,train,793,rg_gamma65_divisor6,gamma65,region_growing,current_c3_d2,standard,3,2.0,,,,,,both_tolerable,True,0.5,2.7741306352170945,0.7313307601946636,0.343139407244786,0.7313307601946636,0.3881913529498776,14873,3298,14873,11575,0.20948934459187776,0.7301300093821204,0.947847180109157,0.73253546695354,0.29540571500001533,0.0339798429995426,1.4117234730001655,,,,,,,False,False,0,0,0,,,,,
optimization,rg_gamma65_divisor8__conditioned_p10_f025,train,793,rg_gamma65_divisor8,gamma65,region_growing,conditioned_p10_f025,vesselness_conditioned,3,,1.0,2.0,10.0,0.25,1.0,both_tolerable,True,0.5,2.7741306352170945,0.7345416882444329,0.34304846588726057,0.7345416882444329,0.3914932223571723,14043,3297,14043,10746,0.2094223294464549,0.7129071170084439,0.9478313618441007,0.7575304422132023,0.29540571500001533,0.034601044999362784,1.7714008200000535,,,,,,,False,False,0,0,0,0.022828860208392143,7076.0,6251.0,0.883408705483324,
optimization,rg_gamma65_divisor8__conditioned_p10_f050,train,793,rg_gamma65_divisor8,gamma65,region_growing,conditioned_p10_f050,vesselness_conditioned,3,,1.0,2.0,10.0,0.5,1.0,both_tolerable,True,0.5,2.7741306352170945,0.7309101155255001,0.34304846588726057,0.7309101155255001,0.38786164963823955,13470,3297,13470,10173,0.2094223294464549,0.6953491489076531,0.9478313618441007,0.7703043801039346,0.29540571500001533,0.034601044999362784,1.7607654280000133,,,,,,,False,False,0,0,0,0.045657720416784286,7076.0,5678.0,0.8024307518371961,
optimization,rg_gamma65_divisor8__conditioned_p10_f075,train,793,rg_gamma65_divisor8,gamma65,region_growing,conditioned_p10_f075,vesselness_conditioned,3,,1.0,2.0,10.0,0.75,1.0,both_tolerable,True,0.5,2.7741306352170945,0.7275662875390191,0.34304846588726057,0.7275662875390191,0.3845178216517585,12949,3297,12949,9652,0.2094223294464549,0.679466559442434,0.9478313618441007,0.7829948258552784,0.29540571500001533,0.034601044999362784,1.7294670979999864,,,,,,,False,False,0,0,0,0.06848658062517643,7076.0,5157.0,0.7288015828151498,
optimization,rg_gamma65_divisor8__current_c3_d2,train,793,rg_gamma65_divisor8,gamma65,region_growing,current_c3_d2,standard,3,2.0,,,,,,both_tolerable,True,0.5,2.7741306352170945,0.7312520980194697,0.34304846588726057,0.7312520980194697,0.3882036321322091,14868,3297,14868,11571,0.2094223294464549,0.7299289639458517,0.9478313618441007,0.7325800376647834,0.29540571500001533,0.034601044999362784,1.3755701669997507,,,,,,,False,False,0,0,0,,,,,
optimization,rg_gamma65_floor065__conditioned_p10_f025,train,793,rg_gamma65_floor065,gamma65,region_growing,conditioned_p10_f025,vesselness_conditioned,3,,1.0,2.0,10.0,0.25,1.0,both_tolerable,True,0.5,2.7741306352170945,0.7318654148150623,0.3652445930640203,0.7318654148150623,0.366620821751042,15007,3619,15007,11388,0.22691328240182282,0.7339498726712237,0.9356175739154463,0.7297927633770906,0.29540571500001533,0.03697792200000549,1.7919358520002788,,,,,,,False,False,0,0,0,0.019737670198082924,7489.0,6579.0,0.8784884497262652,
optimization,rg_gamma65_floor065__conditioned_p10_f050,train,793,rg_gamma65_floor065,gamma65,region_growing,conditioned_p10_f050,vesselness_conditioned,3,,1.0,2.0,10.0,0.5,1.0,both_tolerable,True,0.5,2.7741306352170945,0.729891137426202,0.3652445930640203,0.729891137426202,0.36464654436218175,14381,3619,14381,10762,0.22691328240182282,0.7166599651521244,0.9356175739154463,0.743620054238231,0.29540571500001533,0.03697792200000549,1.7477923809992717,,,,,,,False,False,0,0,0,0.03947534039616585,7489.0,5953.0,0.7948991854720256,
optimization,rg_gamma65_floor065__conditioned_p10_f075,train,793,rg_gamma65_floor065,gamma65,region_growing,conditioned_p10_f075,vesselness_conditioned,3,,1.0,2.0,10.0,0.75,1.0,both_tolerable,True,0.5,2.7741306352170945,0.7278544847494175,0.3652445930640203,0.7278544847494175,0.3626098916853972,13831,3619,13831,10212,0.22691328240182282,0.7012464817048653,0.9356175739154463,0.756561347697202,0.29540571500001533,0.03697792200000549,1.7455118689995288,,,,,,,False,False,0,0,0,0.05921301059424877,7489.0,5403.0,0.7214581386032848,
optimization,rg_gamma65_floor065__current_c3_d2,train,793,rg_gamma65_floor065,gamma65,region_growing,current_c3_d2,standard,3,2.0,,,,,,both_tolerable,True,0.5,2.7741306352170945,0.7276500535036804,0.3652445930640203,0.7276500535036804,0.3624054604396601,15917,3619,15917,12298,0.22691328240182282,0.7519099316445517,0.9356175739154463,0.7049067035245336,0.29540571500001533,0.03697792200000549,1.3715215080001144,,,,,,,False,False,0,0,0,,,,,
optimization,rg_gamma65_floor090__conditioned_p10_f025,train,793,rg_gamma65_floor090,gamma65,region_growing,conditioned_p10_f025,vesselness_conditioned,3,,1.0,2.0,10.0,0.25,1.0,both_tolerable,True,0.5,2.7741306352170945,0.6404330133143692,0.26866359447004606,0.6404330133143692,0.37176941884432313,10389,2438,10389,7951,0.1562793191261225,0.5431577536523254,0.9565217391304348,0.7801520839349312,0.29540571500001533,0.02712628799963568,1.7309852409998712,,,,,,,False,False,0,0,0,0.02655635215342045,5247.0,4605.0,0.8776443682104059,
optimization,rg_gamma65_floor090__conditioned_p10_f050,train,793,rg_gamma65_floor090,gamma65,region_growing,conditioned_p10_f050,vesselness_conditioned,3,,1.0,2.0,10.0,0.5,1.0,both_tolerable,True,0.5,2.7741306352170945,0.6356589147286822,0.26866359447004606,0.6356589147286822,0.3669953202586361,9975,2438,9975,7537,0.1562793191261225,0.5302908457311353,0.9565217391304348,0.7932832080200501,0.29540571500001533,0.02712628799963568,1.7395898180002405,,,,,,,False,False,0,0,0,0.0531127043068409,5247.0,4191.0,0.7987421383647799,
optimization,rg_gamma65_floor090__conditioned_p10_f075,train,793,rg_gamma65_floor090,gamma65,region_growing,conditioned_p10_f075,vesselness_conditioned,3,,1.0,2.0,10.0,0.75,1.0,both_tolerable,True,0.5,2.7741306352170945,0.6281322814045701,0.26866359447004606,0.6281322814045701,0.35946868693452405,9541,2438,9541,7103,0.1562793191261225,0.5148773622838761,0.9565217391304348,0.8052615029871083,0.29540571500001533,0.02712628799963568,1.766980882000098,,,,,,,False,False,0,0,0,0.07966905646026134,5247.0,3757.0,0.7160282065942444,
optimization,rg_gamma65_floor090__current_c3_d2,train,793,rg_gamma65_floor090,gamma65,region_growing,current_c3_d2,standard,3,2.0,,,,,,both_tolerable,True,0.5,2.7741306352170945,0.6400801448772782,0.26866359447004606,0.6400801448772782,0.3714165504072321,11031,2438,11031,8593,0.1562793191261225,0.5566277978823214,0.9565217391304348,0.7529689058108966,0.29540571500001533,0.02712628799963568,1.3695446940000693,,,,,,,False,False,0,0,0,,,,,
optimization,rg_gamma65_recovery__conditioned_p10_f025,train,793,rg_gamma65_recovery,gamma65,region_growing,conditioned_p10_f025,vesselness_conditioned,3,,1.0,2.0,10.0,0.25,1.0,both_tolerable,True,0.5,2.7741306352170945,0.7345416882444329,0.34304846588726057,0.7345416882444329,0.3914932223571723,14043,3297,14043,10746,0.2094223294464549,0.7129071170084439,0.9478313618441007,0.7575304422132023,0.29540571500001533,0.05426785999952699,1.7562052909997874,,,,,,,False,False,0,0,0,0.022828860208392143,7076.0,6251.0,0.883408705483324,
optimization,rg_gamma65_recovery__conditioned_p10_f050,train,793,rg_gamma65_recovery,gamma65,region_growing,conditioned_p10_f050,vesselness_conditioned,3,,1.0,2.0,10.0,0.5,1.0,both_tolerable,True,0.5,2.7741306352170945,0.7309101155255001,0.34304846588726057,0.7309101155255001,0.38786164963823955,13470,3297,13470,10173,0.2094223294464549,0.6953491489076531,0.9478313618441007,0.7703043801039346,0.29540571500001533,0.05426785999952699,1.723746237999876,,,,,,,False,False,0,0,0,0.045657720416784286,7076.0,5678.0,0.8024307518371961,
optimization,rg_gamma65_recovery__conditioned_p10_f075,train,793,rg_gamma65_recovery,gamma65,region_growing,conditioned_p10_f075,vesselness_conditioned,3,,1.0,2.0,10.0,0.75,1.0,both_tolerable,True,0.5,2.7741306352170945,0.7275662875390191,0.34304846588726057,0.7275662875390191,0.3845178216517585,12949,3297,12949,9652,0.2094223294464549,0.679466559442434,0.9478313618441007,0.7829948258552784,0.29540571500001533,0.05426785999952699,1.726777077999941,,,,,,,False,False,0,0,0,0.06848658062517643,7076.0,5157.0,0.7288015828151498,
optimization,rg_gamma65_recovery__current_c3_d2,train,793,rg_gamma65_recovery,gamma65,region_growing,current_c3_d2,standard,3,2.0,,,,,,both_tolerable,True,0.5,2.7741306352170945,0.7312520980194697,0.34304846588726057,0.7312520980194697,0.3882036321322091,14868,3297,14868,11571,0.2094223294464549,0.7299289639458517,0.9478313618441007,0.7325800376647834,0.29540571500001533,0.05426785999952699,1.3637660970007346,,,,,,,False,False,0,0,0,,,,,
optimization,rg_gamma65_relax090__conditioned_p10_f025,train,793,rg_gamma65_relax090,gamma65,region_growing,conditioned_p10_f025,vesselness_conditioned,3,,1.0,2.0,10.0,0.25,1.0,both_tolerable,True,0.5,2.7741306352170945,0.7363146514740707,0.34783084413808196,0.7363146514740707,0.38848380733598875,14215,3357,14215,10858,0.21304114729928963,0.7188714649510789,0.9469764670837056,0.7546253957087583,0.29540571500001533,0.03415719300028286,1.7951128869999593,,,,,,,False,False,0,0,0,0.02221561037003994,7153.0,6304.0,0.8813085418705439,
optimization,rg_gamma65_relax090__conditioned_p10_f050,train,793,rg_gamma65_relax090,gamma65,region_growing,conditioned_p10_f050,vesselness_conditioned,3,,1.0,2.0,10.0,0.5,1.0,both_tolerable,True,0.5,2.7741306352170945,0.7327848765972343,0.34783084413808196,0.7327848765972343,0.3849540324591524,13643,3357,13643,10286,0.21304114729928963,0.701380511995711,0.9469764670837056,0.7671333284468226,0.29540571500001533,0.03415719300028286,1.7812085169998682,,,,,,,False,False,0,0,0,0.04443122074007988,7153.0,5732.0,0.8013420942261988,
optimization,rg_gamma65_relax090__conditioned_p10_f075,train,793,rg_gamma65_relax090,gamma65,region_growing,conditioned_p10_f075,vesselness_conditioned,3,,1.0,2.0,10.0,0.75,1.0,both_tolerable,True,0.5,2.7741306352170945,0.7297094991980039,0.34783084413808196,0.7297094991980039,0.3818786550599219,13133,3357,13133,9776,0.21304114729928963,0.6859670285484519,0.9469764670837056,0.7794106449402269,0.29540571500001533,0.03415719300028286,1.7584566450004786,,,,,,,False,False,0,0,0,0.06664683111011982,7153.0,5222.0,0.7300433384593876,
optimization,rg_gamma65_relax090__current_c3_d2,train,793,rg_gamma65_relax090,gamma65,region_growing,current_c3_d2,standard,3,2.0,,,,,,both_tolerable,True,0.5,2.7741306352170945,0.7330087374107918,0.34783084413808196,0.7330087374107918,0.3851778932727098,15064,3357,15064,11707,0.21304114729928963,0.7364964481972925,0.9469764670837056,0.7295539033457249,0.29540571500001533,0.03415719300028286,1.4053489560001253,,,,,,,False,False,0,0,0,,,,,
optimization,rg_gamma65_window3__conditioned_p10_f025,train,793,rg_gamma65_window3,gamma65,region_growing,conditioned_p10_f025,vesselness_conditioned,3,,1.0,2.0,10.0,0.25,1.0,both_tolerable,True,0.5,2.7741306352170945,0.7201526113090739,0.3288903698767078,0.7201526113090739,0.39126224143236615,12861,3084,12861,9777,0.19843184559710494,0.6704195148103471,0.9601167315175098,0.7778555322292201,0.29540571500001533,0.044962661999306874,1.763372182999774,,,,,,,False,False,0,0,0,0.023197822272777557,6430.0,5654.0,0.8793157076205288,
optimization,rg_gamma65_window3__conditioned_p10_f050,train,793,rg_gamma65_window3,gamma65,region_growing,conditioned_p10_f050,vesselness_conditioned,3,,1.0,2.0,10.0,0.5,1.0,both_tolerable,True,0.5,2.7741306352170945,0.7165328346716533,0.3288903698767078,0.7165328346716533,0.3876424647949455,12351,3084,12351,9267,0.19843184559710494,0.6548049859268195,0.9601167315175098,0.7911100315763906,0.29540571500001533,0.044962661999306874,1.7653249610002604,,,,,,,False,False,0,0,0,0.046395644545555115,6430.0,5144.0,0.8,
optimization,rg_gamma65_window3__conditioned_p10_f075,train,793,rg_gamma65_window3,gamma65,region_growing,conditioned_p10_f075,vesselness_conditioned,3,,1.0,2.0,10.0,0.75,1.0,both_tolerable,True,0.5,2.7741306352170945,0.7135985681792759,0.3288903698767078,0.7135985681792759,0.38470819830256814,11897,3084,11897,8813,0.19843184559710494,0.6412679265514006,0.9601167315175098,0.8043204169118265,0.29540571500001533,0.044962661999306874,1.786791555000491,,,,,,,False,False,0,0,0,0.06959346681833267,6430.0,4690.0,0.7293934681181959,
optimization,rg_gamma65_window3__current_c3_d2,train,793,rg_gamma65_window3,gamma65,region_growing,current_c3_d2,standard,3,2.0,,,,,,both_tolerable,True,0.5,2.7741306352170945,0.7171119436955076,0.3288903698767078,0.7171119436955076,0.3882215738187998,13637,3084,13637,10553,0.19843184559710494,0.6862350891301434,0.9601167315175098,0.7508982914130674,0.29540571500001533,0.044962661999306874,1.3557731979999517,,,,,,,False,False,0,0,0,,,,,
optimization,fc_affinity_floor024_only__conditioned_p10_f025,train,836,fc_affinity_floor024_only,current,fuzzy_connectedness,conditioned_p10_f025,vesselness_conditioned,3,,1.0,2.0,10.0,0.25,1.0,both_tolerable,True,1.029961908617559,0.5,0.7198357610714635,0.4087739097722603,0.7198357610714635,0.3110618512992032,23957,7369,23957,16588,0.259783728115345,0.6770634103280859,0.958474691274257,0.7683766748758192,0.397453661000327,1.6749311079993277,2.3103169799996977,7369.0,545218.0,500000.0,0.16,8.0,False,False,True,0,0,0,0.016484078019857407,10734.0,9330.0,0.869200670765791,
optimization,fc_affinity_floor024_only__conditioned_p10_f050,train,836,fc_affinity_floor024_only,current,fuzzy_connectedness,conditioned_p10_f050,vesselness_conditioned,3,,1.0,2.0,10.0,0.5,1.0,both_tolerable,True,1.029961908617559,0.5,0.7189836169874344,0.4087739097722603,0.7189836169874344,0.3102097072151741,23108,7369,23108,15739,0.259783728115345,0.6650360453141092,0.958474691274257,0.7824562921931798,0.397453661000327,1.6749311079993277,2.3397079429996666,7369.0,545218.0,500000.0,0.16,8.0,False,False,True,0,0,0,0.03296815603971481,10734.0,8481.0,0.7901062045835663,
optimization,fc_affinity_floor024_only__conditioned_p10_f075,train,836,fc_affinity_floor024_only,current,fuzzy_connectedness,conditioned_p10_f075,vesselness_conditioned,3,,1.0,2.0,10.0,0.75,1.0,both_tolerable,True,1.029961908617559,0.5,0.7178740444120859,0.4087739097722603,0.7178740444120859,0.3091001346398256,22258,7369,22258,14889,0.259783728115345,0.6527879947035456,0.958474691274257,0.797376224278911,0.397453661000327,1.6749311079993277,2.2962489149995235,7369.0,545218.0,500000.0,0.16,8.0,False,False,True,0,0,0,0.04945223405957222,10734.0,7631.0,0.7109185764859326,
optimization,fc_affinity_floor024_only__current_c3_d2,train,836,fc_affinity_floor024_only,current,fuzzy_connectedness,current_c3_d2,standard,3,2.0,,,,,,both_tolerable,True,1.029961908617559,0.5,0.7167405659479724,0.4087739097722603,0.7167405659479724,0.3079666561757121,25361,7369,25361,17992,0.259783728115345,0.6926585258202148,0.958474691274257,0.742557470131304,0.397453661000327,1.6749311079993277,1.8386734480000086,7369.0,545218.0,500000.0,0.16,8.0,False,False,True,0,0,0,,,,,
optimization,fc_alpha017__conditioned_p10_f025,train,836,fc_alpha017,current,fuzzy_connectedness,conditioned_p10_f025,vesselness_conditioned,3,,1.0,2.0,10.0,0.25,1.0,both_tolerable,True,1.029961908617559,0.5,0.7161889543593328,0.3943587792960178,0.7161889543593328,0.321830175063315,22877,6989,22877,15888,0.24786670589966162,0.6594085626011476,0.9642295035055086,0.7836691873934519,0.397453661000327,1.619934846000433,2.3123540360002153,6989.0,545218.0,500000.0,0.17,8.0,False,False,True,0,0,0,0.018749544396996498,10270.0,8958.0,0.8722492697176242,
optimization,fc_alpha017__conditioned_p10_f050,train,836,fc_alpha017,current,fuzzy_connectedness,conditioned_p10_f050,vesselness_conditioned,3,,1.0,2.0,10.0,0.5,1.0,both_tolerable,True,1.029961908617559,0.5,0.714651493598862,0.3943587792960178,0.714651493598862,0.32029271430284423,22022,6989,22022,15033,0.24786670589966162,0.646755921730175,0.9642295035055086,0.7984742530197075,0.397453661000327,1.619934846000433,2.3017515520004963,6989.0,545218.0,500000.0,0.17,8.0,False,False,True,0,0,0,0.037499088793992996,10270.0,8103.0,0.7889970788704966,
optimization,fc_alpha017__conditioned_p10_f075,train,836,fc_alpha017,current,fuzzy_connectedness,conditioned_p10_f075,vesselness_conditioned,3,,1.0,2.0,10.0,0.75,1.0,both_tolerable,True,1.029961908617559,0.5,0.7125562946742139,0.3943587792960178,0.7125562946742139,0.31819751537819607,21218,6989,21218,14229,0.24786670589966162,0.6343239664557894,0.9642295035055086,0.8128004524460364,0.397453661000327,1.619934846000433,2.2784472969997296,6989.0,545218.0,500000.0,0.17,8.0,False,False,True,0,0,0,0.056248633190989494,10270.0,7299.0,0.7107108081791627,
optimization,fc_alpha017__current_c3_d2,train,836,fc_alpha017,current,fuzzy_connectedness,current_c3_d2,standard,3,2.0,,,,,,both_tolerable,True,1.029961908617559,0.5,0.7142884948517819,0.3943587792960178,0.7142884948517819,0.3199297155557641,24189,6989,24189,17200,0.24786670589966162,0.6748933352949831,0.9642295035055086,0.7585679441068254,0.397453661000327,1.619934846000433,1.833929509999507,6989.0,545218.0,500000.0,0.17,8.0,False,False,True,0,0,0,,,,,
optimization,fc_candidate024_only__conditioned_p10_f025,train,836,fc_candidate024_only,current,fuzzy_connectedness,conditioned_p10_f025,vesselness_conditioned,3,,1.0,2.0,10.0,0.25,1.0,both_tolerable,True,1.029961908617559,0.5,0.7205325060378174,0.40523520705766275,0.7205325060378174,0.3152972989801546,23741,7271,23741,16470,0.25680447256142414,0.6748565543622186,0.9602530601017741,0.7728402341940104,0.397453661000327,1.6107425000000148,2.2908128010003566,7271.0,455181.0,455181.0,0.16,8.0,False,False,False,0,0,0,0.017058344557881355,10648.0,9286.0,0.8720886551465064,
optimization,fc_candidate024_only__conditioned_p10_f050,train,836,fc_candidate024_only,current,fuzzy_connectedness,conditioned_p10_f050,vesselness_conditioned,3,,1.0,2.0,10.0,0.5,1.0,both_tolerable,True,1.029961908617559,0.5,0.7188879346501827,0.40523520705766275,0.7188879346501827,0.31365272759252,22881,7271,22881,15610,0.25680447256142414,0.661946446961895,0.9602530601017741,0.7865477907434115,0.397453661000327,1.6107425000000148,2.3357722429991554,7271.0,455181.0,455181.0,0.16,8.0,False,False,False,0,0,0,0.03411668911576271,10648.0,8426.0,0.7913223140495868,
optimization,fc_candidate024_only__conditioned_p10_f075,train,836,fc_candidate024_only,current,fuzzy_connectedness,conditioned_p10_f075,vesselness_conditioned,3,,1.0,2.0,10.0,0.75,1.0,both_tolerable,True,1.029961908617559,0.5,0.7178039916350273,0.40523520705766275,0.7178039916350273,0.31256878457736453,22065,7271,22065,14794,0.25680447256142414,0.6501765484772694,0.9602530601017741,0.8011330160888285,0.397453661000327,1.6107425000000148,2.3484329849998176,7271.0,455181.0,455181.0,0.16,8.0,False,False,False,0,0,0,0.051175033673644066,10648.0,7610.0,0.7146882043576258,
optimization,fc_candidate024_only__current_c3_d2,train,836,fc_candidate024_only,current,fuzzy_connectedness,current_c3_d2,standard,3,2.0,,,,,,both_tolerable,True,1.029961908617559,0.5,0.7174465969287258,0.40523520705766275,0.7174465969287258,0.31221138987106306,25103,7271,25103,17832,0.25680447256142414,0.6899367367956452,0.9602530601017741,0.7472413655738358,0.397453661000327,1.6107425000000148,1.8203630889993292,7271.0,455181.0,455181.0,0.16,8.0,False,False,False,0,0,0,,,,,
optimization,fc_current__conditioned_p10_f025,train,836,fc_current,current,fuzzy_connectedness,conditioned_p10_f025,vesselness_conditioned,3,,1.0,2.0,10.0,0.25,1.0,both_tolerable,True,1.029961908617559,0.5,0.7205325060378174,0.40523520705766275,0.7205325060378174,0.3152972989801546,23741,7271,23741,16470,0.25680447256142414,0.6748565543622186,0.9602530601017741,0.7728402341940104,0.397453661000327,1.6387964370005648,2.2682580739992773,7271.0,545218.0,500000.0,0.16,8.0,False,False,True,0,0,0,0.017058344557881355,10648.0,9286.0,0.8720886551465064,
optimization,fc_current__conditioned_p10_f050,train,836,fc_current,current,fuzzy_connectedness,conditioned_p10_f050,vesselness_conditioned,3,,1.0,2.0,10.0,0.5,1.0,both_tolerable,True,1.029961908617559,0.5,0.7188879346501827,0.40523520705766275,0.7188879346501827,0.31365272759252,22881,7271,22881,15610,0.25680447256142414,0.661946446961895,0.9602530601017741,0.7865477907434115,0.397453661000327,1.6387964370005648,2.3025165109993395,7271.0,545218.0,500000.0,0.16,8.0,False,False,True,0,0,0,0.03411668911576271,10648.0,8426.0,0.7913223140495868,
optimization,fc_current__conditioned_p10_f075,train,836,fc_current,current,fuzzy_connectedness,conditioned_p10_f075,vesselness_conditioned,3,,1.0,2.0,10.0,0.75,1.0,both_tolerable,True,1.029961908617559,0.5,0.7178039916350273,0.40523520705766275,0.7178039916350273,0.31256878457736453,22065,7271,22065,14794,0.25680447256142414,0.6501765484772694,0.9602530601017741,0.8011330160888285,0.397453661000327,1.6387964370005648,2.3546888689998013,7271.0,545218.0,500000.0,0.16,8.0,False,False,True,0,0,0,0.051175033673644066,10648.0,7610.0,0.7146882043576258,
optimization,fc_current__current_c3_d2,train,836,fc_current,current,fuzzy_connectedness,current_c3_d2,standard,3,2.0,,,,,,both_tolerable,True,1.029961908617559,0.5,0.7174465969287258,0.40523520705766275,0.7174465969287258,0.31221138987106306,25103,7271,25103,17832,0.25680447256142414,0.6899367367956452,0.9602530601017741,0.7472413655738358,0.397453661000327,1.6387964370005648,1.8166768920000322,7271.0,545218.0,500000.0,0.16,8.0,False,False,True,0,0,0,,,,,
optimization,fc_floor020__conditioned_p10_f025,train,836,fc_floor020,current,fuzzy_connectedness,conditioned_p10_f025,vesselness_conditioned,3,,1.0,2.0,10.0,0.25,1.0,both_tolerable,True,1.029961908617559,0.5,0.7202321432072624,0.4062635928664637,0.7202321432072624,0.3139685503407987,23815,7297,23815,16518,0.25765043401500665,0.6755553920847432,0.9599835548855694,0.7712366155784169,0.397453661000327,1.7169221489994015,2.340687978999995,7297.0,510486.0,500000.0,0.16,8.0,False,False,True,0,0,0,0.01689808815717697,10685.0,9316.0,0.8718764623303696,
optimization,fc_floor020__conditioned_p10_f050,train,836,fc_floor020,current,fuzzy_connectedness,conditioned_p10_f050,vesselness_conditioned,3,,1.0,2.0,10.0,0.5,1.0,both_tolerable,True,1.029961908617559,0.5,0.7187986119420845,0.4062635928664637,0.7187986119420845,0.3125350190756208,22954,7297,22954,15657,0.25765043401500665,0.6628291893482419,0.9599835548855694,0.7850919229763875,0.397453661000327,1.7169221489994015,2.285277848000078,7297.0,510486.0,500000.0,0.16,8.0,False,False,True,0,0,0,0.03379617631435394,10685.0,8455.0,0.7912962096396818,
optimization,fc_floor020__conditioned_p10_f075,train,836,fc_floor020,current,fuzzy_connectedness,conditioned_p10_f075,vesselness_conditioned,3,,1.0,2.0,10.0,0.75,1.0,both_tolerable,True,1.029961908617559,0.5,0.7176690052313557,0.4062635928664637,0.7176690052313557,0.311405412364892,22130,7297,22130,14833,0.25765043401500665,0.6509121671325585,0.9599835548855694,0.7996836873023045,0.397453661000327,1.7169221489994015,2.289520649000224,7297.0,510486.0,500000.0,0.16,8.0,False,False,True,0,0,0,0.050694264471530914,10685.0,7631.0,0.7141787552643893,
optimization,fc_floor020__current_c3_d2,train,836,fc_floor020,current,fuzzy_connectedness,current_c3_d2,standard,3,2.0,,,,,,both_tolerable,True,1.029961908617559,0.5,0.7171771175437257,0.4062635928664637,0.7171771175437257,0.310913524677262,25184,7297,25184,17887,0.25765043401500665,0.6907459173164632,0.9599835548855694,0.7457115628970775,0.397453661000327,1.7169221489994015,1.83322567399955,7297.0,510486.0,500000.0,0.16,8.0,False,False,True,0,0,0,,,,,
optimization,fc_floor020_recovery__conditioned_p10_f025,train,836,fc_floor020_recovery,current,fuzzy_connectedness,conditioned_p10_f025,vesselness_conditioned,3,,1.0,2.0,10.0,0.25,1.0,both_tolerable,True,1.029961908617559,0.5,0.7202321432072624,0.4062635928664637,0.7202321432072624,0.3139685503407987,23815,7297,23815,16518,0.25765043401500665,0.6755553920847432,0.9599835548855694,0.7712366155784169,0.397453661000327,1.8310572059999686,2.2815377560000343,,,,,,,False,False,0,0,0,0.01689808815717697,10685.0,9316.0,0.8718764623303696,
optimization,fc_floor020_recovery__conditioned_p10_f050,train,836,fc_floor020_recovery,current,fuzzy_connectedness,conditioned_p10_f050,vesselness_conditioned,3,,1.0,2.0,10.0,0.5,1.0,both_tolerable,True,1.029961908617559,0.5,0.7187986119420845,0.4062635928664637,0.7187986119420845,0.3125350190756208,22954,7297,22954,15657,0.25765043401500665,0.6628291893482419,0.9599835548855694,0.7850919229763875,0.397453661000327,1.8310572059999686,2.2859735820002243,,,,,,,False,False,0,0,0,0.03379617631435394,10685.0,8455.0,0.7912962096396818,
optimization,fc_floor020_recovery__conditioned_p10_f075,train,836,fc_floor020_recovery,current,fuzzy_connectedness,conditioned_p10_f075,vesselness_conditioned,3,,1.0,2.0,10.0,0.75,1.0,both_tolerable,True,1.029961908617559,0.5,0.7176690052313557,0.4062635928664637,0.7176690052313557,0.311405412364892,22130,7297,22130,14833,0.25765043401500665,0.6509121671325585,0.9599835548855694,0.7996836873023045,0.397453661000327,1.8310572059999686,2.2738396009999633,,,,,,,False,False,0,0,0,0.050694264471530914,10685.0,7631.0,0.7141787552643893,
optimization,fc_floor020_recovery__current_c3_d2,train,836,fc_floor020_recovery,current,fuzzy_connectedness,current_c3_d2,standard,3,2.0,,,,,,both_tolerable,True,1.029961908617559,0.5,0.7171771175437257,0.4062635928664637,0.7171771175437257,0.310913524677262,25184,7297,25184,17887,0.25765043401500665,0.6907459173164632,0.9599835548855694,0.7457115628970775,0.397453661000327,1.8310572059999686,1.8532092630002808,,,,,,,False,False,0,0,0,,,,,
optimization,fc_floor024__conditioned_p10_f025,train,836,fc_floor024,current,fuzzy_connectedness,conditioned_p10_f025,vesselness_conditioned,3,,1.0,2.0,10.0,0.25,1.0,both_tolerable,True,1.029961908617559,0.5,0.7198248049586453,0.4086818116046882,0.7198248049586453,0.3111429933539571,23955,7367,23955,16588,0.2597101662498161,0.6770266293953214,0.9584634179448893,0.7683990816113546,0.397453661000327,1.5971380510000017,2.3140813009995327,7367.0,455181.0,455181.0,0.16,8.0,False,False,False,0,0,0,0.01650138571858406,10734.0,9330.0,0.869200670765791,
optimization,fc_floor024__conditioned_p10_f050,train,836,fc_floor024,current,fuzzy_connectedness,conditioned_p10_f050,vesselness_conditioned,3,,1.0,2.0,10.0,0.5,1.0,both_tolerable,True,1.029961908617559,0.5,0.7189836169874344,0.4086818116046882,0.7189836169874344,0.3103018053827462,23108,7367,23108,15741,0.2597101662498161,0.6650360453141092,0.9584634179448893,0.7824562921931798,0.397453661000327,1.5971380510000017,2.272113501999229,7367.0,455181.0,455181.0,0.16,8.0,False,False,False,0,0,0,0.03300277143716812,10734.0,8483.0,0.7902925284143842,
optimization,fc_floor024__conditioned_p10_f075,train,836,fc_floor024,current,fuzzy_connectedness,conditioned_p10_f075,vesselness_conditioned,3,,1.0,2.0,10.0,0.75,1.0,both_tolerable,True,1.029961908617559,0.5,0.7178740444120859,0.4086818116046882,0.7178740444120859,0.3091922328073977,22258,7367,22258,14891,0.2597101662498161,0.6527879947035456,0.9584634179448893,0.797376224278911,0.397453661000327,1.5971380510000017,2.2581671239995558,7367.0,455181.0,455181.0,0.16,8.0,False,False,False,0,0,0,0.04950415715575218,10734.0,7633.0,0.7111049003167506,
optimization,fc_floor024__current_c3_d2,train,836,fc_floor024,current,fuzzy_connectedness,current_c3_d2,standard,3,2.0,,,,,,both_tolerable,True,1.029961908617559,0.5,0.716729784764116,0.4086818116046882,0.716729784764116,0.3080479731594278,25359,7367,25359,17992,0.2597101662498161,0.6926217448874503,0.9584634179448893,0.7425766000236602,0.397453661000327,1.5971380510000017,1.8103458230007163,7367.0,455181.0,455181.0,0.16,8.0,False,False,False,0,0,0,,,,,
optimization,rg_gamma55_current__conditioned_p10_f025,train,836,rg_gamma55_current,current,region_growing,conditioned_p10_f025,vesselness_conditioned,3,,1.0,2.0,10.0,0.25,1.0,both_tolerable,True,1.029961908617559,0.5,0.7401172687724608,0.3899459301475961,0.7401172687724608,0.35017133862486466,25682,7027,25682,18655,0.24536560247167868,0.7196189495365602,0.9493382666856411,0.7618176154505101,0.397453661000327,0.06337459299993498,2.2977817989994946,,,,,,,False,False,0,0,0,0.025258086621761322,12123.0,10702.0,0.8827847892435866,
optimization,rg_gamma55_current__conditioned_p10_f050,train,836,rg_gamma55_current,current,region_growing,conditioned_p10_f050,vesselness_conditioned,3,,1.0,2.0,10.0,0.5,1.0,both_tolerable,True,1.029961908617559,0.5,0.740404584262749,0.3899459301475961,0.740404584262749,0.3504586541151529,24816,7027,24816,17789,0.24536560247167868,0.7081065175812858,0.9493382666856411,0.7757898130238555,0.397453661000327,0.06337459299993498,2.280607580999458,,,,,,,False,False,0,0,0,0.050516173243522644,12123.0,9836.0,0.8113503258269406,
optimization,rg_gamma55_current__conditioned_p10_f075,train,836,rg_gamma55_current,current,region_growing,conditioned_p10_f075,vesselness_conditioned,3,,1.0,2.0,10.0,0.75,1.0,both_tolerable,True,1.029961908617559,0.5,0.7378120353705298,0.3899459301475961,0.7378120353705298,0.34786610522293365,23928,7027,23928,16901,0.24536560247167868,0.6935780491393262,0.9493382666856411,0.7880725509862923,0.397453661000327,0.06337459299993498,2.278209322999828,,,,,,,False,False,0,0,0,0.07577425986528397,12123.0,8948.0,0.7381011300833127,
optimization,rg_gamma55_current__current_c3_d2,train,836,rg_gamma55_current,current,region_growing,current_c3_d2,standard,3,2.0,,,,,,both_tolerable,True,1.029961908617559,0.5,0.7369545596876094,0.3899459301475961,0.7369545596876094,0.34700862954001327,27103,7027,27103,20076,0.24536560247167868,0.7358025599529204,0.9493382666856411,0.7381101723056488,0.397453661000327,0.06337459299993498,1.831915398000092,,,,,,,False,False,0,0,0,,,,,
optimization,rg_gamma65_current__conditioned_p10_f025,train,836,rg_gamma65_current,gamma65,region_growing,conditioned_p10_f025,vesselness_conditioned,3,,1.0,2.0,10.0,0.25,1.0,both_tolerable,True,1.029961908617559,0.5,0.7205642749602986,0.3444770520073821,0.7205642749602986,0.3760872229529165,21299,5865,21299,15434,0.20939385022804177,0.6425261144622627,0.9706734867860187,0.8201793511432461,0.41922208899995894,0.05442681200020161,2.295113039000171,,,,,,,False,False,0,0,0,0.024662841111421585,10041.0,8896.0,0.8859675331142316,
optimization,rg_gamma65_current__conditioned_p10_f050,train,836,rg_gamma65_current,gamma65,region_growing,conditioned_p10_f050,vesselness_conditioned,3,,1.0,2.0,10.0,0.5,1.0,both_tolerable,True,1.029961908617559,0.5,0.717755601581623,0.3444770520073821,0.717755601581623,0.3732785495742409,20611,5865,20611,14746,0.20939385022804177,0.6309401206414594,0.9706734867860187,0.8322740284314201,0.41922208899995894,0.05442681200020161,2.312593029000709,,,,,,,False,False,0,0,0,0.04932568222284317,10041.0,8208.0,0.8174484613086346,
optimization,rg_gamma65_current__conditioned_p10_f075,train,836,rg_gamma65_current,gamma65,region_growing,conditioned_p10_f075,vesselness_conditioned,3,,1.0,2.0,10.0,0.75,1.0,both_tolerable,True,1.029961908617559,0.5,0.7143160037316597,0.3444770520073821,0.7143160037316597,0.3698389517242776,19976,5865,19976,14111,0.20939385022804177,0.6195748124172429,0.9706734867860187,0.8432619142971566,0.41922208899995894,0.05442681200020161,2.3286082650001845,,,,,,,False,False,0,0,0,0.07398852333426476,10041.0,7573.0,0.7542077482322478,
optimization,rg_gamma65_current__current_c3_d2,train,836,rg_gamma65_current,gamma65,region_growing,current_c3_d2,standard,3,2.0,,,,,,both_tolerable,True,1.029961908617559,0.5,0.7211879432624113,0.3444770520073821,0.7211879432624113,0.3767108912550292,22444,5865,22444,16579,0.20939385022804177,0.6582683536854494,0.9706734867860187,0.7974068793441454,0.41922208899995894,0.05442681200020161,1.8541151589997753,,,,,,,False,False,0,0,0,,,,,
optimization,rg_gamma65_divisor6__conditioned_p10_f025,train,836,rg_gamma65_divisor6,gamma65,region_growing,conditioned_p10_f025,vesselness_conditioned,3,,1.0,2.0,10.0,0.25,1.0,both_tolerable,True,1.029961908617559,0.5,0.7205494142880713,0.3445271374115084,0.7205494142880713,0.37602227687656287,21300,5866,21300,15434,0.20943063116080624,0.6425261144622627,0.9706784861916127,0.8201408450704225,0.41922208899995894,0.053539020999778586,2.2804866699998456,,,,,,,False,False,0,0,0,0.02466299757361412,10042.0,8896.0,0.8858793069109739,
optimization,rg_gamma65_divisor6__conditioned_p10_f050,train,836,rg_gamma65_divisor6,gamma65,region_growing,conditioned_p10_f050,vesselness_conditioned,3,,1.0,2.0,10.0,0.5,1.0,both_tolerable,True,1.029961908617559,0.5,0.7177405857740585,0.3445271374115084,0.7177405857740585,0.3732134483625501,20612,5866,20612,14746,0.20943063116080624,0.6309401206414594,0.9706784861916127,0.8322336503007957,0.41922208899995894,0.053539020999778586,2.278040717999829,,,,,,,False,False,0,0,0,0.04932599514722824,10042.0,8208.0,0.8173670583549094,
optimization,rg_gamma65_divisor6__conditioned_p10_f075,train,836,rg_gamma65_divisor6,gamma65,region_growing,conditioned_p10_f075,vesselness_conditioned,3,,1.0,2.0,10.0,0.75,1.0,both_tolerable,True,1.029961908617559,0.5,0.7143008586875861,0.3445271374115084,0.7143008586875861,0.36977372127607766,19977,5866,19977,14111,0.20943063116080624,0.6195748124172429,0.9706784861916127,0.8432197026580568,0.41922208899995894,0.053539020999778586,2.2716642300001695,,,,,,,False,False,0,0,0,0.07398899272084236,10042.0,7573.0,0.7541326428998207,
optimization,rg_gamma65_divisor6__current_c3_d2,train,836,rg_gamma65_divisor6,gamma65,region_growing,current_c3_d2,standard,3,2.0,,,,,,both_tolerable,True,1.029961908617559,0.5,0.7211588830237338,0.3445271374115084,0.7211588830237338,0.37663174561222534,22446,5866,22446,16580,0.20943063116080624,0.6582683536854494,0.9706784861916127,0.797335828209926,0.41922208899995894,0.053539020999778586,1.8083668919998672,,,,,,,False,False,0,0,0,,,,,
optimization,rg_gamma65_divisor8__conditioned_p10_f025,train,836,rg_gamma65_divisor8,gamma65,region_growing,conditioned_p10_f025,vesselness_conditioned,3,,1.0,2.0,10.0,0.25,1.0,both_tolerable,True,1.029961908617559,0.5,0.7205858085808581,0.3441764759282234,0.7205858085808581,0.37640933265263465,21292,5859,21292,15433,0.20917316463145505,0.6424525525967338,0.9706434545144222,0.8203550629344355,0.41922208899995894,0.055145936000371876,2.302334269000312,,,,,,,False,False,0,0,0,0.024696331471204758,10041.0,8901.0,0.8864654914849118,
optimization,rg_gamma65_divisor8__conditioned_p10_f050,train,836,rg_gamma65_divisor8,gamma65,region_growing,conditioned_p10_f050,vesselness_conditioned,3,,1.0,2.0,10.0,0.5,1.0,both_tolerable,True,1.029961908617559,0.5,0.7178371139198125,0.3441764759282234,0.7178371139198125,0.3736606379915891,20600,5859,20600,14741,0.20917316463145505,0.6308665587759306,0.9706434545144222,0.8326213592233009,0.41922208899995894,0.055145936000371876,2.307598520999818,,,,,,,False,False,0,0,0,0.049392662942409515,10041.0,8209.0,0.8175480529827707,
optimization,rg_gamma65_divisor8__conditioned_p10_f075,train,836,rg_gamma65_divisor8,gamma65,region_growing,conditioned_p10_f075,vesselness_conditioned,3,,1.0,2.0,10.0,0.75,1.0,both_tolerable,True,1.029961908617559,0.5,0.7142978326334988,0.3441764759282234,0.7142978326334988,0.37012135670527535,19966,5859,19966,14107,0.20917316463145505,0.619427688686185,0.9706434545144222,0.8434839226685366,0.41922208899995894,0.055145936000371876,2.2824012299997776,,,,,,,False,False,0,0,0,0.07408899441361427,10041.0,7575.0,0.7544069315805199,
optimization,rg_gamma65_divisor8__current_c3_d2,train,836,rg_gamma65_divisor8,gamma65,region_growing,current_c3_d2,standard,3,2.0,,,,,,both_tolerable,True,1.029961908617559,0.5,0.7212414349052801,0.3441764759282234,0.7212414349052801,0.3770649589770567,22432,5859,22432,16573,0.20917316463145505,0.6581580108871561,0.9706434545144222,0.7976997146932953,0.41922208899995894,0.055145936000371876,1.8053141959999266,,,,,,,False,False,0,0,0,,,,,
optimization,rg_gamma65_floor065__conditioned_p10_f025,train,836,rg_gamma65_floor065,gamma65,region_growing,conditioned_p10_f025,vesselness_conditioned,3,,1.0,2.0,10.0,0.25,1.0,both_tolerable,True,1.029961908617559,0.5,0.743612470615438,0.3810927962728157,0.743612470615438,0.3625196743426223,24710,6725,24710,17985,0.2376783875239076,0.7097248786229219,0.9608921933085501,0.7808984216916228,0.41922208899995894,0.06232901299972582,2.313791823000429,,,,,,,False,False,0,0,0,0.020993994548916817,11729.0,10350.0,0.8824281694944156,
optimization,rg_gamma65_floor065__conditioned_p10_f050,train,836,rg_gamma65_floor065,gamma65,region_growing,conditioned_p10_f050,vesselness_conditioned,3,,1.0,2.0,10.0,0.5,1.0,both_tolerable,True,1.029961908617559,0.5,0.7431625521251395,0.3810927962728157,0.7431625521251395,0.36206975585232376,23891,6725,23891,17166,0.2376783875239076,0.6981021038693541,0.9608921933085501,0.7944414214557783,0.41922208899995894,0.06232901299972582,2.2939702280000347,,,,,,,False,False,0,0,0,0.04198798909783363,11729.0,9531.0,0.812601244777901,
optimization,rg_gamma65_floor065__conditioned_p10_f075,train,836,rg_gamma65_floor065,gamma65,region_growing,conditioned_p10_f075,vesselness_conditioned,3,,1.0,2.0,10.0,0.75,1.0,both_tolerable,True,1.029961908617559,0.5,0.7393883889464044,0.3810927962728157,0.7393883889464044,0.3582955926735886,23040,6725,23040,16315,0.2376783875239076,0.6829851405031632,0.9608921933085501,0.8059461805555556,0.41922208899995894,0.06232901299972582,2.270844137000495,,,,,,,False,False,0,0,0,0.06298198364675045,11729.0,8680.0,0.7400460397305824,
optimization,rg_gamma65_floor065__current_c3_d2,train,836,rg_gamma65_floor065,gamma65,region_growing,current_c3_d2,standard,3,2.0,,,,,,both_tolerable,True,1.029961908617559,0.5,0.7413705726673799,0.3810927962728157,0.7413705726673799,0.3602777763945642,26089,6725,26089,19364,0.2376783875239076,0.72638664116522,0.9608921933085501,0.756985702786615,0.41922208899995894,0.06232901299972582,1.8306831439995221,,,,,,,False,False,0,0,0,,,,,
optimization,rg_gamma65_floor090__conditioned_p10_f025,train,836,rg_gamma65_floor090,gamma65,region_growing,conditioned_p10_f025,vesselness_conditioned,3,,1.0,2.0,10.0,0.25,1.0,both_tolerable,True,1.029961908617559,0.5,0.7109048920527977,0.3270678993448846,0.7109048920527977,0.3838369927079131,20011,5478,20011,14533,0.1964837428277181,0.61707370898926,0.9751734209565535,0.8383888861126381,0.41922208899995894,0.05125332699935825,2.308052287999999,,,,,,,False,False,0,0,0,0.028457265347242355,9428.0,8388.0,0.8896902842596521,
optimization,rg_gamma65_floor090__conditioned_p10_f050,train,836,rg_gamma65_floor090,gamma65,region_growing,conditioned_p10_f050,vesselness_conditioned,3,,1.0,2.0,10.0,0.5,1.0,both_tolerable,True,1.029961908617559,0.5,0.7070845856590812,0.3270678993448846,0.7070845856590812,0.38001668631419655,19392,5478,19392,13914,0.1964837428277181,0.6057084007650434,0.9751734209565535,0.8492161716171617,0.41922208899995894,0.05125332699935825,2.2867339570002514,,,,,,,False,False,0,0,0,0.05691453069448471,9428.0,7769.0,0.824034789987272,
optimization,rg_gamma65_floor090__conditioned_p10_f075,train,836,rg_gamma65_floor090,gamma65,region_growing,conditioned_p10_f075,vesselness_conditioned,3,,1.0,2.0,10.0,0.75,1.0,both_tolerable,True,1.029961908617559,0.5,0.7035956816994602,0.3270678993448846,0.7035956816994602,0.37652778235457557,18756,5478,18756,13278,0.1964837428277181,0.5944902162718847,0.9751734209565535,0.8617509063766261,0.41922208899995894,0.05125332699935825,2.2880028139998103,,,,,,,False,False,0,0,0,0.08537179604172707,9428.0,7133.0,0.7565761561306746,
optimization,rg_gamma65_floor090__current_c3_d2,train,836,rg_gamma65_floor090,gamma65,region_growing,current_c3_d2,standard,3,2.0,,,,,,both_tolerable,True,1.029961908617559,0.5,0.7122867389456664,0.3270678993448846,0.7122867389456664,0.3852188396007818,21051,5478,21051,15573,0.1964837428277181,0.6318964248933353,0.9751734209565535,0.8161132487767802,0.41922208899995894,0.05125332699935825,1.8236816849994284,,,,,,,False,False,0,0,0,,,,,
optimization,rg_gamma65_recovery__conditioned_p10_f025,train,836,rg_gamma65_recovery,gamma65,region_growing,conditioned_p10_f025,vesselness_conditioned,3,,1.0,2.0,10.0,0.25,1.0,both_tolerable,True,1.029961908617559,0.5,0.7205642749602986,0.3444770520073821,0.7205642749602986,0.3760872229529165,21299,5865,21299,15434,0.20939385022804177,0.6425261144622627,0.9706734867860187,0.8201793511432461,0.41922208899995894,0.08194743500007462,2.2758731690000786,,,,,,,False,False,0,0,0,0.024662841111421585,10041.0,8896.0,0.8859675331142316,
optimization,rg_gamma65_recovery__conditioned_p10_f050,train,836,rg_gamma65_recovery,gamma65,region_growing,conditioned_p10_f050,vesselness_conditioned,3,,1.0,2.0,10.0,0.5,1.0,both_tolerable,True,1.029961908617559,0.5,0.717755601581623,0.3444770520073821,0.717755601581623,0.3732785495742409,20611,5865,20611,14746,0.20939385022804177,0.6309401206414594,0.9706734867860187,0.8322740284314201,0.41922208899995894,0.08194743500007462,2.2806471179992513,,,,,,,False,False,0,0,0,0.04932568222284317,10041.0,8208.0,0.8174484613086346,
optimization,rg_gamma65_recovery__conditioned_p10_f075,train,836,rg_gamma65_recovery,gamma65,region_growing,conditioned_p10_f075,vesselness_conditioned,3,,1.0,2.0,10.0,0.75,1.0,both_tolerable,True,1.029961908617559,0.5,0.7143160037316597,0.3444770520073821,0.7143160037316597,0.3698389517242776,19976,5865,19976,14111,0.20939385022804177,0.6195748124172429,0.9706734867860187,0.8432619142971566,0.41922208899995894,0.08194743500007462,2.2720973619998404,,,,,,,False,False,0,0,0,0.07398852333426476,10041.0,7573.0,0.7542077482322478,
optimization,rg_gamma65_recovery__current_c3_d2,train,836,rg_gamma65_recovery,gamma65,region_growing,current_c3_d2,standard,3,2.0,,,,,,both_tolerable,True,1.029961908617559,0.5,0.7211879432624113,0.3444770520073821,0.7211879432624113,0.3767108912550292,22444,5865,22444,16579,0.20939385022804177,0.6582683536854494,0.9706734867860187,0.7974068793441454,0.41922208899995894,0.08194743500007462,1.8156333329998233,,,,,,,False,False,0,0,0,,,,,
optimization,rg_gamma65_relax090__conditioned_p10_f025,train,836,rg_gamma65_relax090,gamma65,region_growing,conditioned_p10_f025,vesselness_conditioned,3,,1.0,2.0,10.0,0.25,1.0,both_tolerable,True,1.029961908617559,0.5,0.7210303950121005,0.350284870225786,0.7210303950121005,0.3707455247863145,21570,5985,21570,15585,0.213697219361483,0.6465352361335883,0.9707602339181286,0.8149281409364859,0.41922208899995894,0.054958133000582166,2.318721526000445,,,,,,,False,False,0,0,0,0.023502634838223457,10129.0,8972.0,0.8857735215717247,
optimization,rg_gamma65_relax090__conditioned_p10_f050,train,836,rg_gamma65_relax090,gamma65,region_growing,conditioned_p10_f050,vesselness_conditioned,3,,1.0,2.0,10.0,0.5,1.0,both_tolerable,True,1.029961908617559,0.5,0.7187239713476595,0.350284870225786,0.7187239713476595,0.3684391011218735,20836,5985,20836,14851,0.213697219361483,0.6347653376489628,0.9707602339181286,0.8282779804185064,0.41922208899995894,0.054958133000582166,2.2966937519995554,,,,,,,False,False,0,0,0,0.047005269676446915,10129.0,8238.0,0.8133083226379701,
optimization,rg_gamma65_relax090__conditioned_p10_f075,train,836,rg_gamma65_relax090,gamma65,region_growing,conditioned_p10_f075,vesselness_conditioned,3,,1.0,2.0,10.0,0.75,1.0,both_tolerable,True,1.029961908617559,0.5,0.7154433799012366,0.350284870225786,0.7154433799012366,0.3651585096754506,20198,5985,20198,14213,0.213697219361483,0.6234735912902751,0.9707602339181286,0.839241509060303,0.41922208899995894,0.054958133000582166,2.2848852509996505,,,,,,,False,False,0,0,0,0.07050790451467037,10129.0,7600.0,0.7503208608944615,
optimization,rg_gamma65_relax090__current_c3_d2,train,836,rg_gamma65_relax090,gamma65,region_growing,current_c3_d2,standard,3,2.0,,,,,,both_tolerable,True,1.029961908617559,0.5,0.7213462886907743,0.350284870225786,0.7213462886907743,0.3710614184649883,22727,5985,22727,16742,0.213697219361483,0.6621671325584817,0.9707602339181286,0.7921415056980684,0.41922208899995894,0.054958133000582166,1.827937751000718,,,,,,,False,False,0,0,0,,,,,
optimization,rg_gamma65_window3__conditioned_p10_f025,train,836,rg_gamma65_window3,gamma65,region_growing,conditioned_p10_f025,vesselness_conditioned,3,,1.0,2.0,10.0,0.25,1.0,both_tolerable,True,1.029961908617559,0.5,0.6655310755989869,0.30310551298358823,0.6655310755989869,0.3624255626153987,17429,5045,17429,12384,0.17967485655436222,0.546086508753862,0.9682854311199207,0.8518561018991336,0.41922208899995894,0.07091008000043075,2.31697248600085,,,,,,,False,False,0,0,0,0.02624174766242504,7962.0,7014.0,0.8809344385832706,
optimization,rg_gamma65_window3__conditioned_p10_f050,train,836,rg_gamma65_window3,gamma65,region_growing,conditioned_p10_f050,vesselness_conditioned,3,,1.0,2.0,10.0,0.5,1.0,both_tolerable,True,1.029961908617559,0.5,0.6618747449095279,0.30310551298358823,0.6618747449095279,0.3587692319259397,16914,5045,16914,11869,0.17967485655436222,0.5368177136972193,0.9682854311199207,0.8628946434905995,0.41922208899995894,0.07091008000043075,2.318283693000012,,,,,,,False,False,0,0,0,0.05248349532485008,7962.0,6499.0,0.816252197940216,
optimization,rg_gamma65_window3__conditioned_p10_f075,train,836,rg_gamma65_window3,gamma65,region_growing,conditioned_p10_f075,vesselness_conditioned,3,,1.0,2.0,10.0,0.75,1.0,both_tolerable,True,1.029961908617559,0.5,0.6573445809646067,0.30310551298358823,0.6573445809646067,0.35423906798101845,16436,5045,16436,11391,0.17967485655436222,0.5273650139767545,0.9682854311199207,0.8723533706497931,0.41922208899995894,0.07091008000043075,2.3036409100004676,,,,,,,False,False,0,0,0,0.07872524298727512,7962.0,6021.0,0.7562170308967596,
optimization,rg_gamma65_window3__current_c3_d2,train,836,rg_gamma65_window3,gamma65,region_growing,current_c3_d2,standard,3,2.0,,,,,,both_tolerable,True,1.029961908617559,0.5,0.6683638757818501,0.30310551298358823,0.6683638757818501,0.36525836279826185,18377,5045,18377,13332,0.17967485655436222,0.5600632632043548,0.9682854311199207,0.828590085432878,0.41922208899995894,0.07091008000043075,1.8194756070006406,,,,,,,False,False,0,0,0,,,,,
optimization,fc_affinity_floor024_only__conditioned_p10_f025,train,854,fc_affinity_floor024_only,current,fuzzy_connectedness,conditioned_p10_f025,vesselness_conditioned,3,,1.0,2.0,10.0,0.25,1.0,both_tolerable,True,1.2734375,0.0,0.6299463976036576,0.381187648456057,0.6299463976036576,0.24875874914760054,26368,7199,26368,19169,0.24688217919264852,0.6556859205776173,0.8359494374218641,0.606151395631068,0.39619200699962676,1.6131643339999755,2.3067393530000118,7199.0,566738.0,500000.0,0.16,8.0,False,False,True,0,0,0,0.017184756696224213,12770.0,10867.0,0.8509788566953798,
optimization,fc_affinity_floor024_only__conditioned_p10_f050,train,854,fc_affinity_floor024_only,current,fuzzy_connectedness,conditioned_p10_f050,vesselness_conditioned,3,,1.0,2.0,10.0,0.5,1.0,both_tolerable,True,1.2734375,0.0,0.6319142542321947,0.381187648456057,0.6319142542321947,0.2507266057761377,25539,7199,25539,18340,0.24688217919264852,0.6469888414834263,0.8359494374218641,0.6175261364971221,0.39619200699962676,1.6131643339999755,2.305057584000224,7199.0,566738.0,500000.0,0.16,8.0,False,False,True,0,0,0,0.034369513392448425,12770.0,10038.0,0.7860610806577917,
optimization,fc_affinity_floor024_only__conditioned_p10_f075,train,854,fc_affinity_floor024_only,current,fuzzy_connectedness,conditioned_p10_f075,vesselness_conditioned,3,,1.0,2.0,10.0,0.75,1.0,both_tolerable,True,1.2734375,0.0,0.6335248767918856,0.381187648456057,0.6335248767918856,0.2523372283358286,24525,7199,24525,17326,0.24688217919264852,0.6354611092878241,0.8359494374218641,0.6316004077471967,0.39619200699962676,1.6131643339999755,2.366398605000086,7199.0,566738.0,500000.0,0.16,8.0,False,False,True,0,0,0,0.05155427008867264,12770.0,9024.0,0.7066562255285826,
optimization,fc_affinity_floor024_only__current_c3_d2,train,854,fc_affinity_floor024_only,current,fuzzy_connectedness,current_c3_d2,standard,3,2.0,,,,,,both_tolerable,True,1.2734375,0.0,0.6233973445780386,0.381187648456057,0.6233973445780386,0.24220969612198162,28271,7199,28271,21072,0.24688217919264852,0.6732031506399737,0.8359494374218641,0.5804534682183156,0.39619200699962676,1.6131643339999755,1.8316856799997367,7199.0,566738.0,500000.0,0.16,8.0,False,False,True,0,0,0,,,,,
optimization,fc_alpha017__conditioned_p10_f025,train,854,fc_alpha017,current,fuzzy_connectedness,conditioned_p10_f025,vesselness_conditioned,3,,1.0,2.0,10.0,0.25,1.0,both_tolerable,True,1.2734375,0.0,0.6280004037549207,0.3649226613499694,0.6280004037549207,0.2630777424049513,25159,6721,25159,18438,0.23276993764358386,0.6380866425992779,0.8442196101770569,0.6182280694781191,0.39619200699962676,1.5739401679998082,2.353559721000238,6721.0,566738.0,500000.0,0.17,8.0,False,False,True,0,0,0,0.0197470560669899,12246.0,10524.0,0.8593826555609995,
optimization,fc_alpha017__conditioned_p10_f050,train,854,fc_alpha017,current,fuzzy_connectedness,conditioned_p10_f050,vesselness_conditioned,3,,1.0,2.0,10.0,0.5,1.0,both_tolerable,True,1.2734375,0.0,0.6287063655030801,0.3649226613499694,0.6287063655030801,0.2637837041531107,24324,6721,24324,17603,0.23276993764358386,0.6280357728913686,0.8442196101770569,0.6293783917118895,0.39619200699962676,1.5739401679998082,2.310979128999861,6721.0,566738.0,500000.0,0.17,8.0,False,False,True,0,0,0,0.0394941121339798,12246.0,9689.0,0.79119712559203,
optimization,fc_alpha017__conditioned_p10_f075,train,854,fc_alpha017,current,fuzzy_connectedness,conditioned_p10_f075,vesselness_conditioned,3,,1.0,2.0,10.0,0.75,1.0,both_tolerable,True,1.2734375,0.0,0.6310142497904443,0.3649226613499694,0.6310142497904443,0.26609158844047487,23344,6721,23344,16623,0.23276993764358386,0.6176567115195274,0.8442196101770569,0.6449623029472241,0.39619200699962676,1.5739401679998082,2.3230814759999703,6721.0,566738.0,500000.0,0.17,8.0,False,False,True,0,0,0,0.059241168200969696,12246.0,8709.0,0.711170994610485,
optimization,fc_alpha017__current_c3_d2,train,854,fc_alpha017,current,fuzzy_connectedness,current_c3_d2,standard,3,2.0,,,,,,both_tolerable,True,1.2734375,0.0,0.6233294964590202,0.3649226613499694,0.6233294964590202,0.2584068351090508,26881,6721,26881,20160,0.23276993764358386,0.6553577289136856,0.8442196101770569,0.5942859268628399,0.39619200699962676,1.5739401679998082,1.8568818280000414,6721.0,566738.0,500000.0,0.17,8.0,False,False,True,0,0,0,,,,,
optimization,fc_candidate024_only__conditioned_p10_f025,train,854,fc_candidate024_only,current,fuzzy_connectedness,conditioned_p10_f025,vesselness_conditioned,3,,1.0,2.0,10.0,0.25,1.0,both_tolerable,True,1.2734375,0.0,0.6315392254220457,0.3758517480736165,0.6315392254220457,0.25568747734842917,25974,7030,25974,18944,0.24212340006563834,0.6522399081063341,0.8395448079658606,0.6121121121121121,0.39619200699962676,1.5234911429997737,2.351599388000068,7030.0,465448.0,465448.0,0.16,8.0,False,False,False,0,0,0,0.018092080950737,12609.0,10772.0,0.8543104131969228,
optimization,fc_candidate024_only__conditioned_p10_f050,train,854,fc_candidate024_only,current,fuzzy_connectedness,conditioned_p10_f050,vesselness_conditioned,3,,1.0,2.0,10.0,0.5,1.0,both_tolerable,True,1.2734375,0.0,0.6329732458354367,0.3758517480736165,0.6329732458354367,0.2571214977618202,25149,7030,25149,18119,0.24212340006563834,0.643009517558254,0.8395448079658606,0.623245457075828,0.39619200699962676,1.5234911429997737,2.2928305340001316,7030.0,465448.0,465448.0,0.16,8.0,False,False,False,0,0,0,0.036184161901474,12609.0,9947.0,0.7888809580458402,
optimization,fc_candidate024_only__conditioned_p10_f075,train,854,fc_candidate024_only,current,fuzzy_connectedness,conditioned_p10_f075,vesselness_conditioned,3,,1.0,2.0,10.0,0.75,1.0,both_tolerable,True,1.2734375,0.0,0.6352359365341026,0.3758517480736165,0.6352359365341026,0.2593841884604861,24154,7030,24154,17124,0.24212340006563834,0.6323432884804726,0.8395448079658606,0.638155170986172,0.39619200699962676,1.5234911429997737,2.292499877999944,7030.0,465448.0,465448.0,0.16,8.0,False,False,False,0,0,0,0.054276242852211,12609.0,8952.0,0.7099690697121104,
optimization,fc_candidate024_only__current_c3_d2,train,854,fc_candidate024_only,current,fuzzy_connectedness,current_c3_d2,standard,3,2.0,,,,,,both_tolerable,True,1.2734375,0.0,0.6256347366202311,0.3758517480736165,0.6256347366202311,0.24978298854661457,27811,7030,27811,20781,0.24212340006563834,0.6697161142106991,0.8395448079658606,0.5869979504512602,0.39619200699962676,1.5234911429997737,1.8547251560003133,7030.0,465448.0,465448.0,0.16,8.0,False,False,False,0,0,0,,,,,
optimization,fc_current__conditioned_p10_f025,train,854,fc_current,current,fuzzy_connectedness,conditioned_p10_f025,vesselness_conditioned,3,,1.0,2.0,10.0,0.25,1.0,both_tolerable,True,1.2734375,0.0,0.6315266826875335,0.3759034610118763,0.6315266826875335,0.2556232216756572,25975,7031,25975,18944,0.2421644240236298,0.6522399081063341,0.8395676290712558,0.6120885466794995,0.39619200699962676,1.6093054579996533,2.27128712800004,7031.0,566738.0,500000.0,0.16,8.0,False,False,True,0,0,0,0.018066059798002243,12609.0,10772.0,0.8543104131969228,
optimization,fc_current__conditioned_p10_f050,train,854,fc_current,current,fuzzy_connectedness,conditioned_p10_f050,vesselness_conditioned,3,,1.0,2.0,10.0,0.5,1.0,both_tolerable,True,1.2734375,0.0,0.6329604652101927,0.3759034610118763,0.6329604652101927,0.25705700419831634,25150,7031,25150,18119,0.2421644240236298,0.643009517558254,0.8395676290712558,0.623220675944334,0.39619200699962676,1.6093054579996533,2.2773074670003552,7031.0,566738.0,500000.0,0.16,8.0,False,False,True,0,0,0,0.036132119596004486,12609.0,9947.0,0.7888809580458402,
optimization,fc_current__conditioned_p10_f075,train,854,fc_current,current,fuzzy_connectedness,conditioned_p10_f075,vesselness_conditioned,3,,1.0,2.0,10.0,0.75,1.0,both_tolerable,True,1.2734375,0.0,0.6352025050471757,0.3759034610118763,0.6352025050471757,0.25929904403529935,24166,7031,24166,17135,0.2421644240236298,0.632466360354447,0.8395676290712558,0.6379624265496979,0.39619200699962676,1.6093054579996533,2.278748648000146,7031.0,566738.0,500000.0,0.16,8.0,False,False,True,0,0,0,0.05419817939400673,12609.0,8963.0,0.7108414624474582,
optimization,fc_current__current_c3_d2,train,854,fc_current,current,fuzzy_connectedness,current_c3_d2,standard,3,2.0,,,,,,both_tolerable,True,1.2734375,0.0,0.6256610715106922,0.3759034610118763,0.6256610715106922,0.24975761049881584,27812,7031,27812,20781,0.2421644240236298,0.6697571381686905,0.8395676290712558,0.5870128002301165,0.39619200699962676,1.6093054579996533,1.8389164289997098,7031.0,566738.0,500000.0,0.16,8.0,False,False,True,0,0,0,,,,,
optimization,fc_floor020__conditioned_p10_f025,train,854,fc_floor020,current,fuzzy_connectedness,conditioned_p10_f025,vesselness_conditioned,3,,1.0,2.0,10.0,0.25,1.0,both_tolerable,True,1.2734375,0.0,0.6312076413935238,0.3775792452230312,0.6312076413935238,0.2536283961704926,26086,7077,26086,19009,0.24360026255333114,0.6533475549721037,0.8390560972163346,0.6105190523652534,0.39619200699962676,1.5807280149997496,2.2933520370002043,7077.0,527076.0,500000.0,0.16,8.0,False,False,True,0,0,0,0.017797380685806274,12650.0,10802.0,0.8539130434782609,
optimization,fc_floor020__conditioned_p10_f050,train,854,fc_floor020,current,fuzzy_connectedness,conditioned_p10_f050,vesselness_conditioned,3,,1.0,2.0,10.0,0.5,1.0,both_tolerable,True,1.2734375,0.0,0.6327241955956723,0.3775792452230312,0.6327241955956723,0.25514495037264107,25257,7077,25257,18180,0.24360026255333114,0.6441581883820151,0.8390560972163346,0.6216890367026963,0.39619200699962676,1.5807280149997496,2.2776386790001197,7077.0,527076.0,500000.0,0.16,8.0,False,False,True,0,0,0,0.03559476137161255,12650.0,9973.0,0.7883794466403162,
optimization,fc_floor020__conditioned_p10_f075,train,854,fc_floor020,current,fuzzy_connectedness,conditioned_p10_f075,vesselness_conditioned,3,,1.0,2.0,10.0,0.75,1.0,both_tolerable,True,1.2734375,0.0,0.6350590073605,0.3775792452230312,0.6350590073605,0.2574797621374688,24262,7077,24262,17185,0.24360026255333114,0.6335740072202166,0.8390560972163346,0.6365509850795482,0.39619200699962676,1.5807280149997496,2.2801023349998104,7077.0,527076.0,500000.0,0.16,8.0,False,False,True,0,0,0,0.05339214205741882,12650.0,8978.0,0.7097233201581028,
optimization,fc_floor020__current_c3_d2,train,854,fc_floor020,current,fuzzy_connectedness,current_c3_d2,standard,3,2.0,,,,,,both_tolerable,True,1.2734375,0.0,0.6252724144523035,0.3775792452230312,0.6252724144523035,0.24769316922927231,27934,7077,27934,20857,0.24360026255333114,0.6709058089924516,0.8390560972163346,0.5854514212071311,0.39619200699962676,1.5807280149997496,1.819898720999845,7077.0,527076.0,500000.0,0.16,8.0,False,False,True,0,0,0,,,,,
optimization,fc_floor020_recovery__conditioned_p10_f025,train,854,fc_floor020_recovery,current,fuzzy_connectedness,conditioned_p10_f025,vesselness_conditioned,3,,1.0,2.0,10.0,0.25,1.0,both_tolerable,True,1.2734375,0.0,0.6312076413935238,0.3775792452230312,0.6312076413935238,0.2536283961704926,26086,7077,26086,19009,0.24360026255333114,0.6533475549721037,0.8390560972163346,0.6105190523652534,0.39619200699962676,1.704843272999824,2.375725009999769,,,,,,,False,False,0,0,0,0.017797380685806274,12650.0,10802.0,0.8539130434782609,
optimization,fc_floor020_recovery__conditioned_p10_f050,train,854,fc_floor020_recovery,current,fuzzy_connectedness,conditioned_p10_f050,vesselness_conditioned,3,,1.0,2.0,10.0,0.5,1.0,both_tolerable,True,1.2734375,0.0,0.6327241955956723,0.3775792452230312,0.6327241955956723,0.25514495037264107,25257,7077,25257,18180,0.24360026255333114,0.6441581883820151,0.8390560972163346,0.6216890367026963,0.39619200699962676,1.704843272999824,2.3495939370000087,,,,,,,False,False,0,0,0,0.03559476137161255,12650.0,9973.0,0.7883794466403162,
optimization,fc_floor020_recovery__conditioned_p10_f075,train,854,fc_floor020_recovery,current,fuzzy_connectedness,conditioned_p10_f075,vesselness_conditioned,3,,1.0,2.0,10.0,0.75,1.0,both_tolerable,True,1.2734375,0.0,0.6350590073605,0.3775792452230312,0.6350590073605,0.2574797621374688,24262,7077,24262,17185,0.24360026255333114,0.6335740072202166,0.8390560972163346,0.6365509850795482,0.39619200699962676,1.704843272999824,2.2980180139998083,,,,,,,False,False,0,0,0,0.05339214205741882,12650.0,8978.0,0.7097233201581028,
optimization,fc_floor020_recovery__current_c3_d2,train,854,fc_floor020_recovery,current,fuzzy_connectedness,current_c3_d2,standard,3,2.0,,,,,,both_tolerable,True,1.2734375,0.0,0.6252724144523035,0.3775792452230312,0.6252724144523035,0.24769316922927231,27934,7077,27934,20857,0.24360026255333114,0.6709058089924516,0.8390560972163346,0.5854514212071311,0.39619200699962676,1.704843272999824,1.8463000739998279,,,,,,,False,False,0,0,0,,,,,
optimization,fc_floor024__conditioned_p10_f025,train,854,fc_floor024,current,fuzzy_connectedness,conditioned_p10_f025,vesselness_conditioned,3,,1.0,2.0,10.0,0.25,1.0,both_tolerable,True,1.2734375,0.0,0.6299463976036576,0.38113637803255845,0.6299463976036576,0.2488100195710991,26368,7198,26368,19170,0.24684115523465705,0.6556859205776173,0.8359266462906363,0.606151395631068,0.39619200699962676,1.5470088289998785,2.3090019320002284,7198.0,465448.0,465448.0,0.16,8.0,False,False,False,0,0,0,0.017204483970999718,12770.0,10868.0,0.8510571652310102,
optimization,fc_floor024__conditioned_p10_f050,train,854,fc_floor024,current,fuzzy_connectedness,conditioned_p10_f050,vesselness_conditioned,3,,1.0,2.0,10.0,0.5,1.0,both_tolerable,True,1.2734375,0.0,0.6318995051389418,0.38113637803255845,0.6318995051389418,0.2507631271063833,25537,7198,25537,18339,0.24684115523465705,0.6469478175254348,0.8359266462906363,0.6175353408779418,0.39619200699962676,1.5470088289998785,2.3133249150000665,7198.0,465448.0,465448.0,0.16,8.0,False,False,False,0,0,0,0.034408967941999435,12770.0,10037.0,0.7859827721221613,
optimization,fc_floor024__conditioned_p10_f075,train,854,fc_floor024,current,fuzzy_connectedness,conditioned_p10_f075,vesselness_conditioned,3,,1.0,2.0,10.0,0.75,1.0,both_tolerable,True,1.2734375,0.0,0.6335248767918856,0.38113637803255845,0.6335248767918856,0.2523884987593272,24525,7198,24525,17327,0.24684115523465705,0.6354611092878241,0.8359266462906363,0.6316004077471967,0.39619200699962676,1.5470088289998785,2.356892902999789,7198.0,465448.0,465448.0,0.16,8.0,False,False,False,0,0,0,0.05161345191299915,12770.0,9025.0,0.706734534064213,
optimization,fc_floor024__current_c3_d2,train,854,fc_floor024,current,fuzzy_connectedness,current_c3_d2,standard,3,2.0,,,,,,both_tolerable,True,1.2734375,0.0,0.6233711962922159,0.38113637803255845,0.6233711962922159,0.24223481825965748,28270,7198,28270,21072,0.24684115523465705,0.6731621266819823,0.8359266462906363,0.5804386275203396,0.39619200699962676,1.5470088289998785,1.8560315730001093,7198.0,465448.0,465448.0,0.16,8.0,False,False,False,0,0,0,,,,,
optimization,rg_gamma55_current__conditioned_p10_f025,train,854,rg_gamma55_current,current,region_growing,conditioned_p10_f025,vesselness_conditioned,3,,1.0,2.0,10.0,0.25,1.0,both_tolerable,True,1.2734375,0.0,0.6287721363026169,0.3544778491069726,0.6287721363026169,0.27429428719564425,30003,7090,30003,22913,0.22879061371841156,0.7013455858221201,0.7866008462623413,0.5698096856980969,0.39619200699962676,0.0646915289999015,2.298561964000328,,,,,,,False,False,0,0,0,0.023217031732201576,14938.0,13115.0,0.8779622439416254,
optimization,rg_gamma55_current__conditioned_p10_f050,train,854,rg_gamma55_current,current,region_growing,conditioned_p10_f050,vesselness_conditioned,3,,1.0,2.0,10.0,0.5,1.0,both_tolerable,True,1.2734375,0.0,0.629889969821365,0.3544778491069726,0.629889969821365,0.2754121207143924,28973,7090,28973,21883,0.22879061371841156,0.6892845421726288,0.7866008462623413,0.5799192351499672,0.39619200699962676,0.0646915289999015,2.303370420000192,,,,,,,False,False,0,0,0,0.04643406346440315,14938.0,12085.0,0.8090105770518141,
optimization,rg_gamma55_current__conditioned_p10_f075,train,854,rg_gamma55_current,current,region_growing,conditioned_p10_f075,vesselness_conditioned,3,,1.0,2.0,10.0,0.75,1.0,both_tolerable,True,1.2734375,0.0,0.6305256297205076,0.3544778491069726,0.6305256297205076,0.276047780613535,27790,7090,27790,20700,0.22879061371841156,0.6746800131276666,0.7866008462623413,0.59179560993163,0.39619200699962676,0.0646915289999015,2.2994871430000785,,,,,,,False,False,0,0,0,0.06965109519660473,14938.0,10902.0,0.7298165751774,
optimization,rg_gamma55_current__current_c3_d2,train,854,rg_gamma55_current,current,region_growing,current_c3_d2,standard,3,2.0,,,,,,both_tolerable,True,1.2734375,0.0,0.6225757090495,0.3544778491069726,0.6225757090495,0.2680978599425274,31826,7090,31826,24736,0.22879061371841156,0.7177141450607154,0.7866008462623413,0.5497077860868472,0.39619200699962676,0.0646915289999015,1.8161860870000055,,,,,,,False,False,0,0,0,,,,,
optimization,rg_gamma65_current__conditioned_p10_f025,train,854,rg_gamma65_current,gamma65,region_growing,conditioned_p10_f025,vesselness_conditioned,3,,1.0,2.0,10.0,0.25,1.0,both_tolerable,True,1.2734375,0.0,0.6483049097741256,0.32428837456770415,0.6483049097741256,0.32401653520642143,24058,5696,24058,18362,0.20003281916639318,0.6440761404660321,0.8560393258426966,0.6525895751932829,0.39468777799993404,0.05417862900003456,2.2770223010002155,,,,,,,False,False,0,0,0,0.023396238684654236,12156.0,10749.0,0.8842546890424482,
optimization,rg_gamma65_current__conditioned_p10_f050,train,854,rg_gamma65_current,gamma65,region_growing,conditioned_p10_f050,vesselness_conditioned,3,,1.0,2.0,10.0,0.5,1.0,both_tolerable,True,1.2734375,0.0,0.6480397523897755,0.32428837456770415,0.6480397523897755,0.32375137782207136,23118,5696,23118,17422,0.20003281916639318,0.6313176895306859,0.8560393258426966,0.665671770914439,0.39468777799993404,0.05417862900003456,2.2724071319998984,,,,,,,False,False,0,0,0,0.04679247736930847,12156.0,9809.0,0.8069266205988812,
optimization,rg_gamma65_current__conditioned_p10_f075,train,854,rg_gamma65_current,gamma65,region_growing,conditioned_p10_f075,vesselness_conditioned,3,,1.0,2.0,10.0,0.75,1.0,both_tolerable,True,1.2734375,0.0,0.6467446101040437,0.32428837456770415,0.6467446101040437,0.32245623553633956,22239,5696,22239,16543,0.20003281916639318,0.6183951427633738,0.8560393258426966,0.6778182472233464,0.39468777799993404,0.05417862900003456,2.276261039000019,,,,,,,False,False,0,0,0,0.07018871605396271,12156.0,8930.0,0.7346166502138861,
optimization,rg_gamma65_current__current_c3_d2,train,854,rg_gamma65_current,gamma65,region_growing,current_c3_d2,standard,3,2.0,,,,,,both_tolerable,True,1.2734375,0.0,0.6456130494974017,0.32428837456770415,0.6456130494974017,0.3213246749296976,25465,5696,25465,19769,0.20003281916639318,0.6600344601247128,0.8560393258426966,0.6318083644217554,0.39468777799993404,0.05417862900003456,1.8159638369997992,,,,,,,False,False,0,0,0,,,,,
optimization,rg_gamma65_divisor6__conditioned_p10_f025,train,854,rg_gamma65_divisor6,gamma65,region_growing,conditioned_p10_f025,vesselness_conditioned,3,,1.0,2.0,10.0,0.25,1.0,both_tolerable,True,1.2734375,0.0,0.6485192446599938,0.32467834701951526,0.6485192446599938,0.3238408976404785,24079,5703,24079,18376,0.20031998687233343,0.6445684279619298,0.856216026652639,0.6525187923086507,0.39468777799993404,0.054143282000040927,2.3446153350000714,,,,,,,False,False,0,0,0,0.023347239941358566,12163.0,10756.0,0.8843213023102853,
optimization,rg_gamma65_divisor6__conditioned_p10_f050,train,854,rg_gamma65_divisor6,gamma65,region_growing,conditioned_p10_f050,vesselness_conditioned,3,,1.0,2.0,10.0,0.5,1.0,both_tolerable,True,1.2734375,0.0,0.6482993769994949,0.32467834701951526,0.6482993769994949,0.32362102997997966,23136,5703,23136,17433,0.20031998687233343,0.6318099770265835,0.856216026652639,0.6656725449515906,0.39468777799993404,0.054143282000040927,2.315823195000121,,,,,,,False,False,0,0,0,0.04669447988271713,12163.0,9813.0,0.8067910877250678,
optimization,rg_gamma65_divisor6__conditioned_p10_f075,train,854,rg_gamma65_divisor6,gamma65,region_growing,conditioned_p10_f075,vesselness_conditioned,3,,1.0,2.0,10.0,0.75,1.0,both_tolerable,True,1.2734375,0.0,0.646782597508416,0.32467834701951526,0.646782597508416,0.3221042504889008,22261,5703,22261,16558,0.20031998687233343,0.6187233344273055,0.856216026652639,0.6775077489780333,0.39468777799993404,0.054143282000040927,2.410105405000195,,,,,,,False,False,0,0,0,0.0700417198240757,12163.0,8938.0,0.7348515991120612,
optimization,rg_gamma65_divisor6__current_c3_d2,train,854,rg_gamma65_divisor6,gamma65,region_growing,current_c3_d2,standard,3,2.0,,,,,,both_tolerable,True,1.2734375,0.0,0.6458224700172476,0.32467834701951526,0.6458224700172476,0.3211441229977323,25486,5703,25486,19783,0.20031998687233343,0.6605267476206105,0.856216026652639,0.6317586125716079,0.39468777799993404,0.054143282000040927,1.7993701779996627,,,,,,,False,False,0,0,0,,,,,
optimization,rg_gamma65_divisor8__conditioned_p10_f025,train,854,rg_gamma65_divisor8,gamma65,region_growing,conditioned_p10_f025,vesselness_conditioned,3,,1.0,2.0,10.0,0.25,1.0,both_tolerable,True,1.2734375,0.0,0.6483573213290107,0.3241427478631057,0.6483573213290107,0.324214573465905,24051,5691,24051,18360,0.19990974729241878,0.6440351165080407,0.8562642769284836,0.6527379318947237,0.39468777799993404,0.05628246400010539,2.3419509539999126,,,,,,,False,False,0,0,0,0.023420875892043114,12154.0,10751.0,0.8845647523449071,
optimization,rg_gamma65_divisor8__conditioned_p10_f050,train,854,rg_gamma65_divisor8,gamma65,region_growing,conditioned_p10_f050,vesselness_conditioned,3,,1.0,2.0,10.0,0.5,1.0,both_tolerable,True,1.2734375,0.0,0.6480658678851945,0.3241427478631057,0.6480658678851945,0.3239231200220888,23113,5691,23113,17422,0.19990974729241878,0.6312766655726945,0.8562642769284836,0.6657725089776316,0.39468777799993404,0.05628246400010539,2.3057443130001047,,,,,,,False,False,0,0,0,0.04684175178408623,12154.0,9813.0,0.8073885140694421,
optimization,rg_gamma65_divisor8__conditioned_p10_f075,train,854,rg_gamma65_divisor8,gamma65,region_growing,conditioned_p10_f075,vesselness_conditioned,3,,1.0,2.0,10.0,0.75,1.0,both_tolerable,True,1.2734375,0.0,0.6467710791675606,0.3241427478631057,0.6467710791675606,0.3226283313044549,22234,5691,22234,16543,0.19990974729241878,0.6183541188053824,0.8562642769284836,0.677925699379329,0.39468777799993404,0.05628246400010539,2.2969926370001303,,,,,,,False,False,0,0,0,0.07026262767612934,12154.0,8934.0,0.7350666447260161,
optimization,rg_gamma65_divisor8__current_c3_d2,train,854,rg_gamma65_divisor8,gamma65,region_growing,current_c3_d2,standard,3,2.0,,,,,,both_tolerable,True,1.2734375,0.0,0.6457154324703993,0.3241427478631057,0.6457154324703993,0.3215726846072936,25454,5691,25454,19763,0.19990974729241878,0.6599934361667213,0.8562642769284836,0.6320421151881827,0.39468777799993404,0.05628246400010539,1.8644786609997936,,,,,,,False,False,0,0,0,,,,,
optimization,rg_gamma65_floor065__conditioned_p10_f025,train,854,rg_gamma65_floor065,gamma65,region_growing,conditioned_p10_f025,vesselness_conditioned,3,,1.0,2.0,10.0,0.25,1.0,both_tolerable,True,1.2734375,0.0,0.6387447002417086,0.3407252804591704,0.6387447002417086,0.2980194197825382,26098,6288,26098,19810,0.2143091565474237,0.6613062028224483,0.8307888040712468,0.6176718522492145,0.39468777799993404,0.05770972299978894,2.3437206290000177,,,,,,,False,False,0,0,0,0.019938230514526367,13068.0,11478.0,0.8783287419651056,
optimization,rg_gamma65_floor065__conditioned_p10_f050,train,854,rg_gamma65_floor065,gamma65,region_growing,conditioned_p10_f050,vesselness_conditioned,3,,1.0,2.0,10.0,0.5,1.0,both_tolerable,True,1.2734375,0.0,0.6395362927656825,0.3407252804591704,0.6395362927656825,0.2988110123065121,25138,6288,25138,18850,0.2143091565474237,0.6495323268788973,0.8307888040712468,0.6298432651762272,0.39468777799993404,0.05770972299978894,2.297312864000105,,,,,,,False,False,0,0,0,0.039876461029052734,13068.0,10518.0,0.8048668503213958,
optimization,rg_gamma65_floor065__conditioned_p10_f075,train,854,rg_gamma65_floor065,gamma65,region_growing,conditioned_p10_f075,vesselness_conditioned,3,,1.0,2.0,10.0,0.75,1.0,both_tolerable,True,1.2734375,0.0,0.6396702730551262,0.3407252804591704,0.6396702730551262,0.29894499259595586,24149,6288,24149,17861,0.2143091565474237,0.6366918280275681,0.8307888040712468,0.6426767153919417,0.39468777799993404,0.05770972299978894,2.3427943090000554,,,,,,,False,False,0,0,0,0.0598146915435791,13068.0,9529.0,0.7291857973676156,
optimization,rg_gamma65_floor065__current_c3_d2,train,854,rg_gamma65_floor065,gamma65,region_growing,current_c3_d2,standard,3,2.0,,,,,,both_tolerable,True,1.2734375,0.0,0.6345651505838967,0.3407252804591704,0.6345651505838967,0.29383987012472634,27688,6288,27688,21400,0.2143091565474237,0.6776747620610436,0.8307888040712468,0.596612250794568,0.39468777799993404,0.05770972299978894,1.8099922739997965,,,,,,,False,False,0,0,0,,,,,
optimization,rg_gamma65_floor090__conditioned_p10_f025,train,854,rg_gamma65_floor090,gamma65,region_growing,conditioned_p10_f025,vesselness_conditioned,3,,1.0,2.0,10.0,0.25,1.0,both_tolerable,True,1.2734375,0.0,0.6375422532198023,0.3032556881571385,0.6375422532198023,0.3342865650626638,22366,5203,22366,17163,0.18399245159172958,0.6112569740728585,0.8620026907553334,0.6661897523026021,0.39468777799993404,0.052583382000193524,2.31423282500009,,,,,,,False,False,0,0,0,0.026900028809905052,11351.0,10103.0,0.8900537397586116,
optimization,rg_gamma65_floor090__conditioned_p10_f050,train,854,rg_gamma65_floor090,gamma65,region_growing,conditioned_p10_f050,vesselness_conditioned,3,,1.0,2.0,10.0,0.5,1.0,both_tolerable,True,1.2734375,0.0,0.6371665976053912,0.3032556881571385,0.6371665976053912,0.3339109094482527,21477,5203,21477,16274,0.18399245159172958,0.5992779783393501,0.8620026907553334,0.6801694836336546,0.39468777799993404,0.052583382000193524,2.2702390670001478,,,,,,,False,False,0,0,0,0.053800057619810104,11351.0,9214.0,0.8117346489296098,
optimization,rg_gamma65_floor090__conditioned_p10_f075,train,854,rg_gamma65_floor090,gamma65,region_growing,conditioned_p10_f075,vesselness_conditioned,3,,1.0,2.0,10.0,0.75,1.0,both_tolerable,True,1.2734375,0.0,0.6353160594151736,0.3032556881571385,0.6353160594151736,0.33206037125803506,20663,5203,20663,15460,0.18399245159172958,0.5869297669839186,0.8620026907553334,0.692397038184194,0.39468777799993404,0.052583382000193524,2.270046778000051,,,,,,,False,False,0,0,0,0.08070008642971516,11351.0,8400.0,0.7400229054708837,
optimization,rg_gamma65_floor090__current_c3_d2,train,854,rg_gamma65_floor090,gamma65,region_growing,current_c3_d2,standard,3,2.0,,,,,,both_tolerable,True,1.2734375,0.0,0.6363825797041051,0.3032556881571385,0.6363825797041051,0.33312689154696656,23614,5203,23614,18411,0.18399245159172958,0.6264358385297013,0.8620026907553334,0.6466502921995426,0.39468777799993404,0.052583382000193524,1.8344442960001288,,,,,,,False,False,0,0,0,,,,,
optimization,rg_gamma65_recovery__conditioned_p10_f025,train,854,rg_gamma65_recovery,gamma65,region_growing,conditioned_p10_f025,vesselness_conditioned,3,,1.0,2.0,10.0,0.25,1.0,both_tolerable,True,1.2734375,0.0,0.6483049097741256,0.32428837456770415,0.6483049097741256,0.32401653520642143,24058,5696,24058,18362,0.20003281916639318,0.6440761404660321,0.8560393258426966,0.6525895751932829,0.39468777799993404,0.08124474699980055,2.3868443589999515,,,,,,,False,False,0,0,0,0.023396238684654236,12156.0,10749.0,0.8842546890424482,
optimization,rg_gamma65_recovery__conditioned_p10_f050,train,854,rg_gamma65_recovery,gamma65,region_growing,conditioned_p10_f050,vesselness_conditioned,3,,1.0,2.0,10.0,0.5,1.0,both_tolerable,True,1.2734375,0.0,0.6480397523897755,0.32428837456770415,0.6480397523897755,0.32375137782207136,23118,5696,23118,17422,0.20003281916639318,0.6313176895306859,0.8560393258426966,0.665671770914439,0.39468777799993404,0.08124474699980055,2.302678917999856,,,,,,,False,False,0,0,0,0.04679247736930847,12156.0,9809.0,0.8069266205988812,
optimization,rg_gamma65_recovery__conditioned_p10_f075,train,854,rg_gamma65_recovery,gamma65,region_growing,conditioned_p10_f075,vesselness_conditioned,3,,1.0,2.0,10.0,0.75,1.0,both_tolerable,True,1.2734375,0.0,0.6467446101040437,0.32428837456770415,0.6467446101040437,0.32245623553633956,22239,5696,22239,16543,0.20003281916639318,0.6183951427633738,0.8560393258426966,0.6778182472233464,0.39468777799993404,0.08124474699980055,2.2822463859997697,,,,,,,False,False,0,0,0,0.07018871605396271,12156.0,8930.0,0.7346166502138861,
optimization,rg_gamma65_recovery__current_c3_d2,train,854,rg_gamma65_recovery,gamma65,region_growing,current_c3_d2,standard,3,2.0,,,,,,both_tolerable,True,1.2734375,0.0,0.6456130494974017,0.32428837456770415,0.6456130494974017,0.3213246749296976,25465,5696,25465,19769,0.20003281916639318,0.6600344601247128,0.8560393258426966,0.6318083644217554,0.39468777799993404,0.08124474699980055,1.8843373969998538,,,,,,,False,False,0,0,0,,,,,
optimization,rg_gamma65_relax090__conditioned_p10_f025,train,854,rg_gamma65_relax090,gamma65,region_growing,conditioned_p10_f025,vesselness_conditioned,3,,1.0,2.0,10.0,0.25,1.0,both_tolerable,True,1.2734375,0.0,0.6461788617886178,0.331165615818836,0.6461788617886178,0.3150132459697818,24824,5917,24824,18907,0.20577617328519857,0.6521168362323597,0.8477268886259929,0.6403480502739285,0.39468777799993404,0.05580689199996414,2.285402427000008,,,,,,,False,False,0,0,0,0.022119710221886635,12508.0,11026.0,0.8815158298688839,
optimization,rg_gamma65_relax090__conditioned_p10_f050,train,854,rg_gamma65_relax090,gamma65,region_growing,conditioned_p10_f050,vesselness_conditioned,3,,1.0,2.0,10.0,0.5,1.0,both_tolerable,True,1.2734375,0.0,0.6471941789838098,0.331165615818836,0.6471941789838098,0.3160285631649738,23863,5917,23863,17946,0.20577617328519857,0.6403839842468001,0.8477268886259929,0.6541507773540628,0.39468777799993404,0.05580689199996414,2.3185797970004387,,,,,,,False,False,0,0,0,0.04423942044377327,12508.0,10065.0,0.8046850015989766,
optimization,rg_gamma65_relax090__conditioned_p10_f075,train,854,rg_gamma65_relax090,gamma65,region_growing,conditioned_p10_f075,vesselness_conditioned,3,,1.0,2.0,10.0,0.75,1.0,both_tolerable,True,1.2734375,0.0,0.6454270804723977,0.331165615818836,0.6454270804723977,0.3142614646535617,22957,5917,22957,17040,0.20577617328519857,0.6266409583196587,0.8477268886259929,0.6653743956091824,0.39468777799993404,0.05580689199996414,2.3183259379998162,,,,,,,False,False,0,0,0,0.0663591306656599,12508.0,9159.0,0.7322513591301567,
optimization,rg_gamma65_relax090__current_c3_d2,train,854,rg_gamma65_relax090,gamma65,region_growing,current_c3_d2,standard,3,2.0,,,,,,both_tolerable,True,1.2734375,0.0,0.6429501598200544,0.331165615818836,0.6429501598200544,0.3117845440012184,26306,5917,26306,20389,0.20577617328519857,0.6684033475549721,0.8477268886259929,0.6193644035581236,0.39468777799993404,0.05580689199996414,1.8130894129999433,,,,,,,False,False,0,0,0,,,,,
optimization,rg_gamma65_window3__conditioned_p10_f025,train,854,rg_gamma65_window3,gamma65,region_growing,conditioned_p10_f025,vesselness_conditioned,3,,1.0,2.0,10.0,0.25,1.0,both_tolerable,True,1.2734375,0.0,0.5530546623794212,0.24270462633451959,0.5530546623794212,0.31035003604490163,14810,3724,14810,11086,0.13989169675090252,0.4445356087955366,0.9156820622986036,0.7316677920324105,0.39468777799993404,0.05653994200019952,2.336319341000035,,,,,,,False,False,0,0,0,0.026141811162233353,7215.0,6376.0,0.8837144837144837,
optimization,rg_gamma65_window3__conditioned_p10_f050,train,854,rg_gamma65_window3,gamma65,region_growing,conditioned_p10_f050,vesselness_conditioned,3,,1.0,2.0,10.0,0.5,1.0,both_tolerable,True,1.2734375,0.0,0.5508672016567434,0.24270462633451959,0.5508672016567434,0.3081625753222238,14254,3724,14254,10530,0.13989169675090252,0.43649491302920906,0.9156820622986036,0.7464571348393434,0.39468777799993404,0.05653994200019952,2.271470207999755,,,,,,,False,False,0,0,0,0.052283622324466705,7215.0,5820.0,0.8066528066528067,
optimization,rg_gamma65_window3__conditioned_p10_f075,train,854,rg_gamma65_window3,gamma65,region_growing,conditioned_p10_f075,vesselness_conditioned,3,,1.0,2.0,10.0,0.75,1.0,both_tolerable,True,1.2734375,0.0,0.5484453990622626,0.24270462633451959,0.5484453990622626,0.305740772727743,13801,3724,13801,10077,0.13989169675090252,0.4294798162126682,0.9156820622986036,0.758568219694225,0.39468777799993404,0.05653994200019952,2.3595901310000045,,,,,,,False,False,0,0,0,0.07842543348670006,7215.0,5367.0,0.7438669438669439,
optimization,rg_gamma65_window3__current_c3_d2,train,854,rg_gamma65_window3,gamma65,region_growing,current_c3_d2,standard,3,2.0,,,,,,both_tolerable,True,1.2734375,0.0,0.5573516552154903,0.24270462633451959,0.5573516552154903,0.31464702888097074,15649,3724,15649,11925,0.13989169675090252,0.4575812274368231,0.9156820622986036,0.7127611987986453,0.39468777799993404,0.05653994200019952,1.8132464659997822,,,,,,,False,False,0,0,0,,,,,
optimization,fc_affinity_floor024_only__conditioned_p10_f025,train,887,fc_affinity_floor024_only,current,fuzzy_connectedness,conditioned_p10_f025,vesselness_conditioned,3,,1.0,2.0,10.0,0.25,1.0,both_tolerable,True,0.7890625,0.5,0.5488582767146627,0.26888719070331235,0.5488582767146627,0.27997108601135035,15434,5254,15434,10180,0.15604832543202324,0.4039761431411531,0.9710696612105063,0.8557729687702476,0.3914154750000307,1.2319440230003238,2.3373940720002793,5254.0,621624.0,500000.0,0.16,8.0,False,False,True,0,0,0,0.017737751826643944,6680.0,5604.0,0.8389221556886227,
optimization,fc_affinity_floor024_only__conditioned_p10_f050,train,887,fc_affinity_floor024_only,current,fuzzy_connectedness,conditioned_p10_f050,vesselness_conditioned,3,,1.0,2.0,10.0,0.5,1.0,both_tolerable,True,0.7890625,0.5,0.5420505824325742,0.26888719070331235,0.5420505824325742,0.27316339172926185,14950,5254,14950,9696,0.15604832543202324,0.39495335678238264,0.9710696612105063,0.8637458193979933,0.3914154750000307,1.2319440230003238,2.329339975000039,5254.0,621624.0,500000.0,0.16,8.0,False,False,True,0,0,0,0.03547550365328789,6680.0,5120.0,0.7664670658682635,
optimization,fc_affinity_floor024_only__conditioned_p10_f075,train,887,fc_affinity_floor024_only,current,fuzzy_connectedness,conditioned_p10_f075,vesselness_conditioned,3,,1.0,2.0,10.0,0.75,1.0,both_tolerable,True,0.7890625,0.5,0.5344165623740534,0.26888719070331235,0.5344165623740534,0.2655293716707411,14448,5254,14448,9194,0.15604832543202324,0.3852882703777336,0.9710696612105063,0.8718853820598007,0.3914154750000307,1.2319440230003238,2.305721863999679,5254.0,621624.0,500000.0,0.16,8.0,False,False,True,0,0,0,0.05321325547993183,6680.0,4618.0,0.6913173652694611,
optimization,fc_affinity_floor024_only__current_c3_d2,train,887,fc_affinity_floor024_only,current,fuzzy_connectedness,current_c3_d2,standard,3,2.0,,,,,,both_tolerable,True,0.7890625,0.5,0.5562442841174677,0.26888719070331235,0.5562442841174677,0.2873570934141554,16510,5254,16510,11256,0.15604832543202324,0.41856552989753787,0.9710696612105063,0.8288915808600847,0.3914154750000307,1.2319440230003238,1.8881781019999835,5254.0,621624.0,500000.0,0.16,8.0,False,False,True,0,0,0,,,,,
optimization,fc_alpha017__conditioned_p10_f025,train,887,fc_alpha017,current,fuzzy_connectedness,conditioned_p10_f025,vesselness_conditioned,3,,1.0,2.0,10.0,0.25,1.0,both_tolerable,True,0.7890625,0.5,0.5457600067201478,0.258651804670913,0.5457600067201478,0.2871082020492348,14923,4985,14923,9938,0.14904419636029975,0.3974307998164857,0.9775325977933801,0.8707364470950881,0.3914154750000307,1.2032763409997642,2.3224327460002314,4985.0,621624.0,500000.0,0.17,8.0,False,False,True,0,0,0,0.02051347680389881,6510.0,5495.0,0.8440860215053764,
optimization,fc_alpha017__conditioned_p10_f050,train,887,fc_alpha017,current,fuzzy_connectedness,conditioned_p10_f050,vesselness_conditioned,3,,1.0,2.0,10.0,0.5,1.0,both_tolerable,True,0.7890625,0.5,0.5388609821750281,0.258651804670913,0.5388609821750281,0.2802091775041151,14486,4985,14486,9501,0.14904419636029975,0.38880562777183053,0.9775325977933801,0.8775369322104101,0.3914154750000307,1.2032763409997642,2.3181534920004196,4985.0,621624.0,500000.0,0.17,8.0,False,False,True,0,0,0,0.04102695360779762,6510.0,5058.0,0.7769585253456222,
optimization,fc_alpha017__conditioned_p10_f075,train,887,fc_alpha017,current,fuzzy_connectedness,conditioned_p10_f075,vesselness_conditioned,3,,1.0,2.0,10.0,0.75,1.0,both_tolerable,True,0.7890625,0.5,0.53112015420861,0.258651804670913,0.53112015420861,0.27246834953769705,13995,4985,13995,9010,0.14904419636029975,0.37923229851659274,0.9775325977933801,0.8859592711682743,0.3914154750000307,1.2032763409997642,2.3417887149998933,4985.0,621624.0,500000.0,0.17,8.0,False,False,True,0,0,0,0.061540430411696434,6510.0,4567.0,0.7015360983102918,
optimization,fc_alpha017__current_c3_d2,train,887,fc_alpha017,current,fuzzy_connectedness,current_c3_d2,standard,3,2.0,,,,,,both_tolerable,True,0.7890625,0.5,0.5530812411325643,0.258651804670913,0.5530812411325643,0.2944294364616513,15938,4985,15938,10953,0.14904419636029975,0.4113473008105215,0.9775325977933801,0.8438323503576358,0.3914154750000307,1.2032763409997642,1.8278019010003845,4985.0,621624.0,500000.0,0.17,8.0,False,False,True,0,0,0,,,,,
optimization,fc_candidate024_only__conditioned_p10_f025,train,887,fc_candidate024_only,current,fuzzy_connectedness,conditioned_p10_f025,vesselness_conditioned,3,,1.0,2.0,10.0,0.25,1.0,both_tolerable,True,0.7890625,0.5,0.5481663815762026,0.2658461863511515,0.5481663815762026,0.2823201952250511,15243,5169,15243,10074,0.15393791099556506,0.4018657287046949,0.9736893016057264,0.8619694285901726,0.3914154750000307,1.2429923109993979,2.3450901969999904,5169.0,517832.0,500000.0,0.16,8.0,False,False,True,0,0,0,0.01859232597053051,6614.0,5551.0,0.839280314484427,
optimization,fc_candidate024_only__conditioned_p10_f050,train,887,fc_candidate024_only,current,fuzzy_connectedness,conditioned_p10_f050,vesselness_conditioned,3,,1.0,2.0,10.0,0.5,1.0,both_tolerable,True,0.7890625,0.5,0.5411487084404366,0.2658461863511515,0.5411487084404366,0.27530252208928513,14767,5169,14767,9598,0.15393791099556506,0.39278177091298366,0.9736893016057264,0.8696417688088305,0.3914154750000307,1.2429923109993979,2.3460327740003777,5169.0,517832.0,500000.0,0.16,8.0,False,False,True,0,0,0,0.03718465194106102,6614.0,5075.0,0.7673117629271243,
optimization,fc_candidate024_only__conditioned_p10_f075,train,887,fc_candidate024_only,current,fuzzy_connectedness,conditioned_p10_f075,vesselness_conditioned,3,,1.0,2.0,10.0,0.75,1.0,both_tolerable,True,0.7890625,0.5,0.5330977069005898,0.2658461863511515,0.5330977069005898,0.2672515205494383,14272,5169,14272,9103,0.15393791099556506,0.38290258449304176,0.9736893016057264,0.8771720852017937,0.3914154750000307,1.2429923109993979,2.3061637800001336,5169.0,517832.0,500000.0,0.16,8.0,False,False,True,0,0,0,0.05577697791159153,6614.0,4580.0,0.6924705170849713,
optimization,fc_candidate024_only__current_c3_d2,train,887,fc_candidate024_only,current,fuzzy_connectedness,current_c3_d2,standard,3,2.0,,,,,,both_tolerable,True,0.7890625,0.5,0.5553764208893696,0.2658461863511515,0.5553764208893696,0.2895302345382181,16306,5169,16306,11137,0.15393791099556506,0.416179844012846,0.9736893016057264,0.8344781062185699,0.3914154750000307,1.2429923109993979,1.8605401539998638,5169.0,517832.0,500000.0,0.16,8.0,False,False,True,0,0,0,,,,,
optimization,fc_current__conditioned_p10_f025,train,887,fc_current,current,fuzzy_connectedness,conditioned_p10_f025,vesselness_conditioned,3,,1.0,2.0,10.0,0.25,1.0,both_tolerable,True,0.7890625,0.5,0.5481663815762026,0.2658461863511515,0.5481663815762026,0.2823201952250511,15243,5169,15243,10074,0.15393791099556506,0.4018657287046949,0.9736893016057264,0.8619694285901726,0.3914154750000307,1.192743628000244,2.3022736700004316,5169.0,621624.0,500000.0,0.16,8.0,False,False,True,0,0,0,0.01859232597053051,6614.0,5551.0,0.839280314484427,
optimization,fc_current__conditioned_p10_f050,train,887,fc_current,current,fuzzy_connectedness,conditioned_p10_f050,vesselness_conditioned,3,,1.0,2.0,10.0,0.5,1.0,both_tolerable,True,0.7890625,0.5,0.5411487084404366,0.2658461863511515,0.5411487084404366,0.27530252208928513,14767,5169,14767,9598,0.15393791099556506,0.39278177091298366,0.9736893016057264,0.8696417688088305,0.3914154750000307,1.192743628000244,2.320707052999751,5169.0,621624.0,500000.0,0.16,8.0,False,False,True,0,0,0,0.03718465194106102,6614.0,5075.0,0.7673117629271243,
optimization,fc_current__conditioned_p10_f075,train,887,fc_current,current,fuzzy_connectedness,conditioned_p10_f075,vesselness_conditioned,3,,1.0,2.0,10.0,0.75,1.0,both_tolerable,True,0.7890625,0.5,0.5330977069005898,0.2658461863511515,0.5330977069005898,0.2672515205494383,14272,5169,14272,9103,0.15393791099556506,0.38290258449304176,0.9736893016057264,0.8771720852017937,0.3914154750000307,1.192743628000244,2.352739500000098,5169.0,621624.0,500000.0,0.16,8.0,False,False,True,0,0,0,0.05577697791159153,6614.0,4580.0,0.6924705170849713,
optimization,fc_current__current_c3_d2,train,887,fc_current,current,fuzzy_connectedness,current_c3_d2,standard,3,2.0,,,,,,both_tolerable,True,0.7890625,0.5,0.5553764208893696,0.2658461863511515,0.5553764208893696,0.2895302345382181,16306,5169,16306,11137,0.15393791099556506,0.416179844012846,0.9736893016057264,0.8344781062185699,0.3914154750000307,1.192743628000244,1.825158979000662,5169.0,621624.0,500000.0,0.16,8.0,False,False,True,0,0,0,,,,,
optimization,fc_floor020__conditioned_p10_f025,train,887,fc_floor020,current,fuzzy_connectedness,conditioned_p10_f025,vesselness_conditioned,3,,1.0,2.0,10.0,0.25,1.0,both_tolerable,True,0.7890625,0.5,0.5484583333333334,0.2668778041699657,0.5484583333333334,0.2815805291633677,15305,5195,15305,10110,0.15464138247438447,0.4025997858999847,0.9732435033686236,0.8600457366873571,0.3914154750000307,1.2132840920003218,2.3835669680001956,5195.0,581477.0,500000.0,0.16,8.0,False,False,True,0,0,0,0.01836085505783558,6632.0,5568.0,0.8395657418576599,
optimization,fc_floor020__conditioned_p10_f050,train,887,fc_floor020,current,fuzzy_connectedness,conditioned_p10_f050,vesselness_conditioned,3,,1.0,2.0,10.0,0.5,1.0,both_tolerable,True,0.7890625,0.5,0.5413650900521798,0.2668778041699657,0.5413650900521798,0.2744872858822141,14833,5195,14833,9638,0.15464138247438447,0.39348524239180305,0.9732435033686236,0.8673228611878918,0.3914154750000307,1.2132840920003218,2.307559271000173,5195.0,581477.0,500000.0,0.16,8.0,False,False,True,0,0,0,0.03672171011567116,6632.0,5096.0,0.7683956574185766,
optimization,fc_floor020__conditioned_p10_f075,train,887,fc_floor020,current,fuzzy_connectedness,conditioned_p10_f075,vesselness_conditioned,3,,1.0,2.0,10.0,0.75,1.0,both_tolerable,True,0.7890625,0.5,0.5337047590694509,0.2668778041699657,0.5337047590694509,0.2668269548994852,14331,5195,14331,9136,0.15464138247438447,0.383820155987154,0.9732435033686236,0.8756541762612519,0.3914154750000307,1.2132840920003218,2.2880405669993706,5195.0,581477.0,500000.0,0.16,8.0,False,False,True,0,0,0,0.05508256517350674,6632.0,4594.0,0.6927020506634499,
optimization,fc_floor020__current_c3_d2,train,887,fc_floor020,current,fuzzy_connectedness,current_c3_d2,standard,3,2.0,,,,,,both_tolerable,True,0.7890625,0.5,0.5556416109571173,0.2668778041699657,0.5556416109571173,0.2887638067871516,16369,5195,16369,11174,0.15464138247438447,0.4169139012081358,0.9732435033686236,0.8327326043130308,0.3914154750000307,1.2132840920003218,1.8670893509997768,5195.0,581477.0,500000.0,0.16,8.0,False,False,True,0,0,0,,,,,
optimization,fc_floor020_recovery__conditioned_p10_f025,train,887,fc_floor020_recovery,current,fuzzy_connectedness,conditioned_p10_f025,vesselness_conditioned,3,,1.0,2.0,10.0,0.25,1.0,both_tolerable,True,0.7890625,0.5,0.5484032143898072,0.26710286784687226,0.5484032143898072,0.28130034654293495,15339,5208,15339,10131,0.1548248967732069,0.40284447163174797,0.9719662058371735,0.8586609296564314,0.3914154750000307,1.5658173850006278,2.3090845749993605,,,,,,,False,False,1,1,13,0.01823931559920311,6643.0,5583.0,0.840433539063676,
optimization,fc_floor020_recovery__conditioned_p10_f050,train,887,fc_floor020_recovery,current,fuzzy_connectedness,conditioned_p10_f050,vesselness_conditioned,3,,1.0,2.0,10.0,0.5,1.0,both_tolerable,True,0.7890625,0.5,0.5416202350665461,0.26710286784687226,0.5416202350665461,0.27451736721967385,14866,5208,14866,9658,0.1548248967732069,0.39394402813885915,0.9719662058371735,0.8664065653168304,0.3914154750000307,1.5658173850006278,2.370415850000427,,,,,,,False,False,1,1,13,0.03647863119840622,6643.0,5110.0,0.7692307692307693,
optimization,fc_floor020_recovery__conditioned_p10_f075,train,887,fc_floor020_recovery,current,fuzzy_connectedness,conditioned_p10_f075,vesselness_conditioned,3,,1.0,2.0,10.0,0.75,1.0,both_tolerable,True,0.7890625,0.5,0.5339566510837229,0.26710286784687226,0.5339566510837229,0.26685378323685066,14365,5208,14365,9157,0.1548248967732069,0.3842789417342101,0.9719662058371735,0.8746258266620257,0.3914154750000307,1.5658173850006278,2.3429493570001796,,,,,,,False,False,1,1,13,0.05471794679760933,6643.0,4609.0,0.6938130362787897,
optimization,fc_floor020_recovery__current_c3_d2,train,887,fc_floor020_recovery,current,fuzzy_connectedness,current_c3_d2,standard,3,2.0,,,,,,both_tolerable,True,0.7890625,0.5,0.5555872408033569,0.26710286784687226,0.5555872408033569,0.2884843729564846,16399,5208,16399,11191,0.1548248967732069,0.41712800122342863,0.9719662058371735,0.8316360753704494,0.3914154750000307,1.5658173850006278,1.8320220129999143,,,,,,,False,False,1,1,13,,,,,
optimization,fc_floor024__conditioned_p10_f025,train,887,fc_floor024,current,fuzzy_connectedness,conditioned_p10_f025,vesselness_conditioned,3,,1.0,2.0,10.0,0.25,1.0,both_tolerable,True,0.7890625,0.5,0.5488582767146627,0.26888719070331235,0.5488582767146627,0.27997108601135035,15434,5254,15434,10180,0.15604832543202324,0.4039761431411531,0.9710696612105063,0.8557729687702476,0.3914154750000307,1.1788058879992604,2.2863277979995473,5254.0,517832.0,500000.0,0.16,8.0,False,False,True,0,0,0,0.017737751826643944,6680.0,5604.0,0.8389221556886227,
optimization,fc_floor024__conditioned_p10_f050,train,887,fc_floor024,current,fuzzy_connectedness,conditioned_p10_f050,vesselness_conditioned,3,,1.0,2.0,10.0,0.5,1.0,both_tolerable,True,0.7890625,0.5,0.5420505824325742,0.26888719070331235,0.5420505824325742,0.27316339172926185,14950,5254,14950,9696,0.15604832543202324,0.39495335678238264,0.9710696612105063,0.8637458193979933,0.3914154750000307,1.1788058879992604,2.27741391499967,5254.0,517832.0,500000.0,0.16,8.0,False,False,True,0,0,0,0.03547550365328789,6680.0,5120.0,0.7664670658682635,
optimization,fc_floor024__conditioned_p10_f075,train,887,fc_floor024,current,fuzzy_connectedness,conditioned_p10_f075,vesselness_conditioned,3,,1.0,2.0,10.0,0.75,1.0,both_tolerable,True,0.7890625,0.5,0.5344165623740534,0.26888719070331235,0.5344165623740534,0.2655293716707411,14448,5254,14448,9194,0.15604832543202324,0.3852882703777336,0.9710696612105063,0.8718853820598007,0.3914154750000307,1.1788058879992604,2.29005242599942,5254.0,517832.0,500000.0,0.16,8.0,False,False,True,0,0,0,0.05321325547993183,6680.0,4618.0,0.6913173652694611,
optimization,fc_floor024__current_c3_d2,train,887,fc_floor024,current,fuzzy_connectedness,current_c3_d2,standard,3,2.0,,,,,,both_tolerable,True,0.7890625,0.5,0.5562442841174677,0.26888719070331235,0.5562442841174677,0.2873570934141554,16510,5254,16510,11256,0.15604832543202324,0.41856552989753787,0.9710696612105063,0.8288915808600847,0.3914154750000307,1.1788058879992604,1.8080779809997694,5254.0,517832.0,500000.0,0.16,8.0,False,False,True,0,0,0,,,,,
optimization,rg_gamma55_current__conditioned_p10_f025,train,887,rg_gamma55_current,current,region_growing,conditioned_p10_f025,vesselness_conditioned,3,,1.0,2.0,10.0,0.25,1.0,both_tolerable,True,0.7890625,0.5,0.5435016556291391,0.2478541344564696,0.5435016556291391,0.2956475211726695,15625,4819,15625,10806,0.14219299587092826,0.40162104297293166,0.9647229715708653,0.840384,0.3914154750000307,0.04700716899969848,2.277002163999896,,,,,,,False,False,0,0,0,0.02548501268029213,7023.0,6119.0,0.8712800797380037,
optimization,rg_gamma55_current__conditioned_p10_f050,train,887,rg_gamma55_current,current,region_growing,conditioned_p10_f050,vesselness_conditioned,3,,1.0,2.0,10.0,0.5,1.0,both_tolerable,True,0.7890625,0.5,0.5377849278148048,0.2478541344564696,0.5377849278148048,0.2899307933583352,15168,4819,15168,10349,0.14219299587092826,0.39363817097415504,0.9647229715708653,0.848496835443038,0.3914154750000307,0.04700716899969848,2.266907968999476,,,,,,,False,False,0,0,0,0.05097002536058426,7023.0,5662.0,0.8062081731453795,
optimization,rg_gamma55_current__conditioned_p10_f075,train,887,rg_gamma55_current,current,region_growing,conditioned_p10_f075,vesselness_conditioned,3,,1.0,2.0,10.0,0.75,1.0,both_tolerable,True,0.7890625,0.5,0.53184074347872,0.2478541344564696,0.53184074347872,0.2839866090222504,14650,4819,14650,9831,0.14219299587092826,0.38507417036244074,0.9647229715708653,0.8593856655290102,0.3914154750000307,0.04700716899969848,2.2715961399999287,,,,,,,False,False,0,0,0,0.07645503804087639,7023.0,5144.0,0.732450519720917,
optimization,rg_gamma55_current__current_c3_d2,train,887,rg_gamma55_current,current,region_growing,current_c3_d2,standard,3,2.0,,,,,,both_tolerable,True,0.7890625,0.5,0.5486754428733951,0.2478541344564696,0.5486754428733951,0.3008213084169255,16529,4819,16529,11710,0.14219299587092826,0.4130295152163939,0.9647229715708653,0.816988323552544,0.3914154750000307,0.04700716899969848,1.8098268240000834,,,,,,,False,False,0,0,0,,,,,
optimization,rg_gamma65_current__conditioned_p10_f025,train,887,rg_gamma65_current,gamma65,region_growing,conditioned_p10_f025,vesselness_conditioned,3,,1.0,2.0,10.0,0.25,1.0,both_tolerable,True,0.7890625,0.5,0.5297776629861605,0.22521863915739312,0.5297776629861605,0.3045590238287673,13766,4238,13766,9528,0.1272059948004282,0.3764184126013152,0.9813591316658802,0.894014237977626,0.3967226459999438,0.04170821900061128,2.3064926320002996,,,,,,,False,False,0,0,0,0.024964192882180214,6141.0,5419.0,0.8824295717309885,
optimization,rg_gamma65_current__conditioned_p10_f050,train,887,rg_gamma65_current,gamma65,region_growing,conditioned_p10_f050,vesselness_conditioned,3,,1.0,2.0,10.0,0.5,1.0,both_tolerable,True,0.7890625,0.5,0.5225056997068722,0.22521863915739312,0.5225056997068722,0.29728706054947907,13360,4238,13360,9122,0.1272059948004282,0.3680073405719529,0.9813591316658802,0.9005988023952096,0.3967226459999438,0.04170821900061128,2.3077653540003666,,,,,,,False,False,0,0,0,0.04992838576436043,6141.0,5013.0,0.8163165608207132,
optimization,rg_gamma65_current__conditioned_p10_f075,train,887,rg_gamma65_current,gamma65,region_growing,conditioned_p10_f075,vesselness_conditioned,3,,1.0,2.0,10.0,0.75,1.0,both_tolerable,True,0.7890625,0.5,0.5144512476134044,0.22521863915739312,0.5144512476134044,0.2892326084560113,12872,4238,12872,8634,0.1272059948004282,0.3584951827496559,0.9813591316658802,0.9105811062771908,0.3967226459999438,0.04170821900061128,2.3040012319997913,,,,,,,False,False,0,0,0,0.07489257864654064,6141.0,4525.0,0.7368506757857026,
optimization,rg_gamma65_current__current_c3_d2,train,887,rg_gamma65_current,gamma65,region_growing,current_c3_d2,standard,3,2.0,,,,,,both_tolerable,True,0.7890625,0.5,0.5367187334421296,0.22521863915739312,0.5367187334421296,0.31150009428473646,14488,4238,14488,10250,0.1272059948004282,0.3872763419483101,0.9813591316658802,0.873964660408614,0.3967226459999438,0.04170821900061128,1.8249399160004032,,,,,,,False,False,0,0,0,,,,,
optimization,rg_gamma65_divisor6__conditioned_p10_f025,train,887,rg_gamma65_divisor6,gamma65,region_growing,conditioned_p10_f025,vesselness_conditioned,3,,1.0,2.0,10.0,0.25,1.0,both_tolerable,True,0.7890625,0.5,0.5297776629861605,0.22521863915739312,0.5297776629861605,0.3045590238287673,13766,4238,13766,9528,0.1272059948004282,0.3764184126013152,0.9813591316658802,0.894014237977626,0.3967226459999438,0.042316381000091496,2.2998314809992735,,,,,,,False,False,0,0,0,0.024964192882180214,6141.0,5419.0,0.8824295717309885,
optimization,rg_gamma65_divisor6__conditioned_p10_f050,train,887,rg_gamma65_divisor6,gamma65,region_growing,conditioned_p10_f050,vesselness_conditioned,3,,1.0,2.0,10.0,0.5,1.0,both_tolerable,True,0.7890625,0.5,0.5225056997068722,0.22521863915739312,0.5225056997068722,0.29728706054947907,13360,4238,13360,9122,0.1272059948004282,0.3680073405719529,0.9813591316658802,0.9005988023952096,0.3967226459999438,0.042316381000091496,2.2912374320003437,,,,,,,False,False,0,0,0,0.04992838576436043,6141.0,5013.0,0.8163165608207132,
optimization,rg_gamma65_divisor6__conditioned_p10_f075,train,887,rg_gamma65_divisor6,gamma65,region_growing,conditioned_p10_f075,vesselness_conditioned,3,,1.0,2.0,10.0,0.75,1.0,both_tolerable,True,0.7890625,0.5,0.5144512476134044,0.22521863915739312,0.5144512476134044,0.2892326084560113,12872,4238,12872,8634,0.1272059948004282,0.3584951827496559,0.9813591316658802,0.9105811062771908,0.3967226459999438,0.042316381000091496,2.2832678740005576,,,,,,,False,False,0,0,0,0.07489257864654064,6141.0,4525.0,0.7368506757857026,
optimization,rg_gamma65_divisor6__current_c3_d2,train,887,rg_gamma65_divisor6,gamma65,region_growing,current_c3_d2,standard,3,2.0,,,,,,both_tolerable,True,0.7890625,0.5,0.5367187334421296,0.22521863915739312,0.5367187334421296,0.31150009428473646,14488,4238,14488,10250,0.1272059948004282,0.3872763419483101,0.9813591316658802,0.873964660408614,0.3967226459999438,0.042316381000091496,1.8242451819996859,,,,,,,False,False,0,0,0,,,,,
optimization,rg_gamma65_divisor8__conditioned_p10_f025,train,887,rg_gamma65_divisor8,gamma65,region_growing,conditioned_p10_f025,vesselness_conditioned,3,,1.0,2.0,10.0,0.25,1.0,both_tolerable,True,0.7890625,0.5,0.5297776629861605,0.22521863915739312,0.5297776629861605,0.3045590238287673,13766,4238,13766,9528,0.1272059948004282,0.3764184126013152,0.9813591316658802,0.894014237977626,0.3967226459999438,0.04144236399952206,2.306792132000737,,,,,,,False,False,0,0,0,0.024964192882180214,6141.0,5419.0,0.8824295717309885,
optimization,rg_gamma65_divisor8__conditioned_p10_f050,train,887,rg_gamma65_divisor8,gamma65,region_growing,conditioned_p10_f050,vesselness_conditioned,3,,1.0,2.0,10.0,0.5,1.0,both_tolerable,True,0.7890625,0.5,0.5225056997068722,0.22521863915739312,0.5225056997068722,0.29728706054947907,13360,4238,13360,9122,0.1272059948004282,0.3680073405719529,0.9813591316658802,0.9005988023952096,0.3967226459999438,0.04144236399952206,2.2676491539996277,,,,,,,False,False,0,0,0,0.04992838576436043,6141.0,5013.0,0.8163165608207132,
optimization,rg_gamma65_divisor8__conditioned_p10_f075,train,887,rg_gamma65_divisor8,gamma65,region_growing,conditioned_p10_f075,vesselness_conditioned,3,,1.0,2.0,10.0,0.75,1.0,both_tolerable,True,0.7890625,0.5,0.5144512476134044,0.22521863915739312,0.5144512476134044,0.2892326084560113,12872,4238,12872,8634,0.1272059948004282,0.3584951827496559,0.9813591316658802,0.9105811062771908,0.3967226459999438,0.04144236399952206,2.289975978000257,,,,,,,False,False,0,0,0,0.07489257864654064,6141.0,4525.0,0.7368506757857026,
optimization,rg_gamma65_divisor8__current_c3_d2,train,887,rg_gamma65_divisor8,gamma65,region_growing,current_c3_d2,standard,3,2.0,,,,,,both_tolerable,True,0.7890625,0.5,0.5367187334421296,0.22521863915739312,0.5367187334421296,0.31150009428473646,14488,4238,14488,10250,0.1272059948004282,0.3872763419483101,0.9813591316658802,0.873964660408614,0.3967226459999438,0.04144236399952206,1.8046906919998946,,,,,,,False,False,0,0,0,,,,,
optimization,rg_gamma65_floor065__conditioned_p10_f025,train,887,rg_gamma65_floor065,gamma65,region_growing,conditioned_p10_f025,vesselness_conditioned,3,,1.0,2.0,10.0,0.25,1.0,both_tolerable,True,0.7890625,0.5,0.5412437873282379,0.24097934692346842,0.5412437873282379,0.3002644404047694,15191,4636,15191,10555,0.13757455268389662,0.3963602997400214,0.9702329594477999,0.8530708972417879,0.3967226459999438,0.045895406999989063,2.2727405069999804,,,,,,,False,False,0,0,0,0.021452566608786583,6868.0,6007.0,0.8746359930110658,
optimization,rg_gamma65_floor065__conditioned_p10_f050,train,887,rg_gamma65_floor065,gamma65,region_growing,conditioned_p10_f050,vesselness_conditioned,3,,1.0,2.0,10.0,0.5,1.0,both_tolerable,True,0.7890625,0.5,0.5348636047173991,0.24097934692346842,0.5348636047173991,0.2938842577939307,14704,4636,14704,10068,0.13757455268389662,0.38770454197889587,0.9702329594477999,0.8620783460282916,0.3967226459999438,0.045895406999989063,2.2743627239997295,,,,,,,False,False,0,0,0,0.042905133217573166,6868.0,5520.0,0.8037274315666861,
optimization,rg_gamma65_floor065__conditioned_p10_f075,train,887,rg_gamma65_floor065,gamma65,region_growing,conditioned_p10_f075,vesselness_conditioned,3,,1.0,2.0,10.0,0.75,1.0,both_tolerable,True,0.7890625,0.5,0.5282648577157728,0.24097934692346842,0.5282648577157728,0.28728551079230435,14183,4636,14183,9547,0.13757455268389662,0.3787123413365958,0.9702329594477999,0.8730169921737291,0.3967226459999438,0.045895406999989063,2.271064796999781,,,,,,,False,False,0,0,0,0.06435769982635975,6868.0,4999.0,0.7278683750728014,
optimization,rg_gamma65_floor065__current_c3_d2,train,887,rg_gamma65_floor065,gamma65,region_growing,current_c3_d2,standard,3,2.0,,,,,,both_tolerable,True,0.7890625,0.5,0.5467823660943237,0.24097934692346842,0.5467823660943237,0.3058030191708553,16052,4636,16052,11416,0.13757455268389662,0.40761584340113166,0.9702329594477999,0.830239222526788,0.3967226459999438,0.045895406999989063,1.8110045010007525,,,,,,,False,False,0,0,0,,,,,
optimization,rg_gamma65_floor090__conditioned_p10_f025,train,887,rg_gamma65_floor090,gamma65,region_growing,conditioned_p10_f025,vesselness_conditioned,3,,1.0,2.0,10.0,0.25,1.0,both_tolerable,True,0.7890625,0.5,0.5230074665740579,0.21484226012096114,0.5230074665740579,0.3081652064530968,13377,4011,13377,9366,0.12059948004282,0.36849671203547946,0.9830466217900773,0.9006503700381251,0.3967226459999438,0.04059405699990748,2.3151344839998274,,,,,,,False,False,0,0,0,0.027221838012337685,6013.0,5336.0,0.8874106103442542,
optimization,rg_gamma65_floor090__conditioned_p10_f050,train,887,rg_gamma65_floor090,gamma65,region_growing,conditioned_p10_f050,vesselness_conditioned,3,,1.0,2.0,10.0,0.5,1.0,both_tolerable,True,0.7890625,0.5,0.5165820791039551,0.21484226012096114,0.5165820791039551,0.301739818982994,13017,4011,13017,9006,0.12059948004282,0.36112555436611105,0.9830466217900773,0.907044633940232,0.3967226459999438,0.04059405699990748,2.3233121319999555,,,,,,,False,False,0,0,0,0.05444367602467537,6013.0,4976.0,0.8275403292865459,
optimization,rg_gamma65_floor090__conditioned_p10_f075,train,887,rg_gamma65_floor090,gamma65,region_growing,conditioned_p10_f075,vesselness_conditioned,3,,1.0,2.0,10.0,0.75,1.0,both_tolerable,True,0.7890625,0.5,0.5085524861878453,0.21484226012096114,0.5085524861878453,0.2937102260668842,12555,4011,12555,8544,0.12059948004282,0.3519192537085181,0.9830466217900773,0.9164476304261251,0.3967226459999438,0.04059405699990748,2.3676988119996167,,,,,,,False,False,0,0,0,0.08166551403701305,6013.0,4514.0,0.7507068019291535,
optimization,rg_gamma65_floor090__current_c3_d2,train,887,rg_gamma65_floor090,gamma65,region_growing,current_c3_d2,standard,3,2.0,,,,,,both_tolerable,True,0.7890625,0.5,0.5299792508930672,0.21484226012096114,0.5299792508930672,0.31513699077210605,14054,4011,14054,10043,0.12059948004282,0.3788958556354183,0.9830466217900773,0.8814572363739861,0.3967226459999438,0.04059405699990748,1.796905930000321,,,,,,,False,False,0,0,0,,,,,
optimization,rg_gamma65_recovery__conditioned_p10_f025,train,887,rg_gamma65_recovery,gamma65,region_growing,conditioned_p10_f025,vesselness_conditioned,3,,1.0,2.0,10.0,0.25,1.0,both_tolerable,True,0.7890625,0.5,0.5304306713659417,0.22624458874458875,0.5304306713659417,0.30418608262135294,13837,4265,13837,9572,0.1278788805627772,0.37745832696130904,0.9803048065650645,0.8918840789188408,0.3967226459999438,0.08376770599988959,2.3425304499996855,,,,,,,False,False,1,1,27,0.024631278589367867,6172.0,5441.0,0.8815618924173687,
optimization,rg_gamma65_recovery__conditioned_p10_f050,train,887,rg_gamma65_recovery,gamma65,region_growing,conditioned_p10_f050,vesselness_conditioned,3,,1.0,2.0,10.0,0.5,1.0,both_tolerable,True,0.7890625,0.5,0.5230081970768097,0.22624458874458875,0.5230081970768097,0.29676360833222093,13419,4265,13419,9154,0.1278788805627772,0.3688331549166539,0.9803048065650645,0.8986511662568001,0.3967226459999438,0.08376770599988959,2.330280455999855,,,,,,,False,False,1,1,27,0.04926255717873573,6172.0,5023.0,0.8138366817887233,
optimization,rg_gamma65_recovery__conditioned_p10_f075,train,887,rg_gamma65_recovery,gamma65,region_growing,conditioned_p10_f075,vesselness_conditioned,3,,1.0,2.0,10.0,0.75,1.0,both_tolerable,True,0.7890625,0.5,0.5150890428984999,0.22624458874458875,0.5150890428984999,0.28884445415391113,12901,4265,12901,8636,0.1278788805627772,0.3591680685120049,0.9803048065650645,0.9102395163165646,0.3967226459999438,0.08376770599988959,2.375305279000713,,,,,,,False,False,1,1,27,0.0738938357681036,6172.0,4505.0,0.7299092676604018,
optimization,rg_gamma65_recovery__current_c3_d2,train,887,rg_gamma65_recovery,gamma65,region_growing,current_c3_d2,standard,3,2.0,,,,,,both_tolerable,True,0.7890625,0.5,0.5372066944544358,0.22624458874458875,0.5372066944544358,0.31096210570984706,14568,4265,14568,10303,0.1278788805627772,0.3882856705918336,0.9803048065650645,0.8714305326743548,0.3967226459999438,0.08376770599988959,1.8210381489998326,,,,,,,False,False,1,1,27,,,,,
optimization,rg_gamma65_relax090__conditioned_p10_f025,train,887,rg_gamma65_relax090,gamma65,region_growing,conditioned_p10_f025,vesselness_conditioned,3,,1.0,2.0,10.0,0.25,1.0,both_tolerable,True,0.7890625,0.5,0.5313539141441229,0.2288740004322455,0.5313539141441229,0.30247991371187744,13918,4321,13918,9597,0.12956109496864965,0.37877351276953664,0.9803286276324925,0.8897830148009771,0.3967226459999438,0.04366936099995655,2.3022373730000254,,,,,,,False,False,0,0,0,0.023851366713643074,6193.0,5454.0,0.8806717261424188,
optimization,rg_gamma65_relax090__conditioned_p10_f050,train,887,rg_gamma65_relax090,gamma65,region_growing,conditioned_p10_f050,vesselness_conditioned,3,,1.0,2.0,10.0,0.5,1.0,both_tolerable,True,0.7890625,0.5,0.5243311109186942,0.2288740004322455,0.5243311109186942,0.29545711048644874,13501,4321,13501,9180,0.12956109496864965,0.37042361217311515,0.9803286276324925,0.8970446633582697,0.3967226459999438,0.04366936099995655,2.316574567999851,,,,,,,False,False,0,0,0,0.04770273342728615,6193.0,5037.0,0.8133376392701437,
optimization,rg_gamma65_relax090__conditioned_p10_f075,train,887,rg_gamma65_relax090,gamma65,region_growing,conditioned_p10_f075,vesselness_conditioned,3,,1.0,2.0,10.0,0.75,1.0,both_tolerable,True,0.7890625,0.5,0.5163069649345533,0.2288740004322455,0.5163069649345533,0.2874329645023078,12991,4321,12991,8670,0.12956109496864965,0.3607279400519957,0.9803286276324925,0.9078592871988299,0.3967226459999438,0.04366936099995655,2.3033768879995478,,,,,,,False,False,0,0,0,0.07155410014092922,6193.0,4527.0,0.7309865977716777,
optimization,rg_gamma65_relax090__current_c3_d2,train,887,rg_gamma65_relax090,gamma65,region_growing,current_c3_d2,standard,3,2.0,,,,,,both_tolerable,True,0.7890625,0.5,0.5381398884946782,0.2288740004322455,0.5381398884946782,0.3092658880624327,14657,4321,14657,10336,0.12956109496864965,0.3896926135494724,0.9803286276324925,0.8692774783379955,0.3967226459999438,0.04366936099995655,1.879698649000602,,,,,,,False,False,0,0,0,,,,,
optimization,rg_gamma65_window3__conditioned_p10_f025,train,887,rg_gamma65_window3,gamma65,region_growing,conditioned_p10_f025,vesselness_conditioned,3,,1.0,2.0,10.0,0.25,1.0,both_tolerable,True,0.7890625,0.5,0.5126050420168067,0.21578933035592712,0.5126050420168067,0.29681571166087956,12763,4026,12763,8737,0.12118060865575776,0.35635418259672735,0.9841033283656234,0.9128731489461726,0.3967226459999438,0.058033354000144755,2.313889411000673,,,,,,,False,False,0,0,0,0.025160005316138268,5589.0,4938.0,0.8835212023617821,
optimization,rg_gamma65_window3__conditioned_p10_f050,train,887,rg_gamma65_window3,gamma65,region_growing,conditioned_p10_f050,vesselness_conditioned,3,,1.0,2.0,10.0,0.5,1.0,both_tolerable,True,0.7890625,0.5,0.5057211282597126,0.21578933035592712,0.5057211282597126,0.2899317979037855,12401,4026,12401,8375,0.12118060865575776,0.34876892491206607,0.9841033283656234,0.9195226191436174,0.3967226459999438,0.058033354000144755,2.316815547999795,,,,,,,False,False,0,0,0,0.050320010632276535,5589.0,4576.0,0.8187511182680265,
optimization,rg_gamma65_window3__conditioned_p10_f075,train,887,rg_gamma65_window3,gamma65,region_growing,conditioned_p10_f075,vesselness_conditioned,3,,1.0,2.0,10.0,0.75,1.0,both_tolerable,True,0.7890625,0.5,0.49761579618975127,0.21578933035592712,0.49761579618975127,0.28182646583382415,11974,4026,11974,7948,0.12118060865575776,0.33992965285211807,0.9841033283656234,0.9281777183898446,0.3967226459999438,0.058033354000144755,2.311291583999264,,,,,,,False,False,0,0,0,0.0754800159484148,5589.0,4149.0,0.7423510466988728,
optimization,rg_gamma65_window3__current_c3_d2,train,887,rg_gamma65_window3,gamma65,region_growing,current_c3_d2,standard,3,2.0,,,,,,both_tolerable,True,0.7890625,0.5,0.519291244659394,0.21578933035592712,0.519291244659394,0.3035019143034669,13414,4026,13414,9388,0.12118060865575776,0.3661721975837284,0.9841033283656234,0.8925003727448934,0.3967226459999438,0.058033354000144755,1.8384212170003593,,,,,,,False,False,0,0,0,,,,,
optimization,fc_affinity_floor024_only__conditioned_p10_f025,train,937,fc_affinity_floor024_only,current,fuzzy_connectedness,conditioned_p10_f025,vesselness_conditioned,3,,1.0,2.0,10.0,0.25,1.0,both_tolerable,True,0.8564224849081498,3.2663725220992474,0.6477449294578301,0.3887727094497451,0.6477449294578301,0.258972220008085,24246,6581,24246,17665,0.2476376805561337,0.6507513632768597,0.9039659626196627,0.6447661469933185,0.40544380799974533,1.44305107900027,2.312065999999959,6581.0,574032.0,500000.0,0.16,8.0,False,False,True,0,0,0,0.017517559230327606,11721.0,9905.0,0.8450644142991213,
optimization,fc_affinity_floor024_only__conditioned_p10_f050,train,937,fc_affinity_floor024_only,current,fuzzy_connectedness,conditioned_p10_f050,vesselness_conditioned,3,,1.0,2.0,10.0,0.5,1.0,both_tolerable,True,0.8564224849081498,3.2663725220992474,0.6503285234403059,0.3887727094497451,0.6503285234403059,0.26155581399056077,23310,6581,23310,16729,0.2476376805561337,0.6406776838862757,0.9039659626196627,0.6602745602745603,0.40544380799974533,1.44305107900027,2.275616572999752,6581.0,574032.0,500000.0,0.16,8.0,False,False,True,0,0,0,0.03503511846065521,11721.0,8969.0,0.765207746779285,
optimization,fc_affinity_floor024_only__conditioned_p10_f075,train,937,fc_affinity_floor024_only,current,fuzzy_connectedness,conditioned_p10_f075,vesselness_conditioned,3,,1.0,2.0,10.0,0.75,1.0,both_tolerable,True,0.8564224849081498,3.2663725220992474,0.6533888483495729,0.3887727094497451,0.6533888483495729,0.26461613889982777,22571,6581,22571,15990,0.2476376805561337,0.6336427590226034,0.9039659626196627,0.6744052102255106,0.40544380799974533,1.44305107900027,2.2769635719996586,6581.0,574032.0,500000.0,0.16,8.0,False,False,True,0,0,0,0.05255267769098282,11721.0,8230.0,0.702158518897705,
optimization,fc_affinity_floor024_only__current_c3_d2,train,937,fc_affinity_floor024_only,current,fuzzy_connectedness,current_c3_d2,standard,3,2.0,,,,,,both_tolerable,True,0.8564224849081498,3.2663725220992474,0.6371169012678447,0.3887727094497451,0.6371169012678447,0.24834419181809958,26062,6581,26062,19481,0.2476376805561337,0.6641551846147442,0.9039659626196627,0.6121939989256389,0.40544380799974533,1.44305107900027,1.8021169449998524,6581.0,574032.0,500000.0,0.16,8.0,False,False,True,0,0,0,,,,,
optimization,fc_alpha017__conditioned_p10_f025,train,937,fc_alpha017,current,fuzzy_connectedness,conditioned_p10_f025,vesselness_conditioned,3,,1.0,2.0,10.0,0.25,1.0,both_tolerable,True,0.8564224849081498,3.2663725220992474,0.6527614696526547,0.3766857748765698,0.6527614696526547,0.2760756947760849,22818,6156,22818,16662,0.23660658535570078,0.6363901261291263,0.9233268356075374,0.669997370496976,0.40544380799974533,1.3912866639998356,2.279219778999959,6156.0,574032.0,500000.0,0.17,8.0,False,False,True,0,0,0,0.019635196775197983,11089.0,9372.0,0.8451618721255298,
optimization,fc_alpha017__conditioned_p10_f050,train,937,fc_alpha017,current,fuzzy_connectedness,conditioned_p10_f050,vesselness_conditioned,3,,1.0,2.0,10.0,0.5,1.0,both_tolerable,True,0.8564224849081498,3.2663725220992474,0.6548314899719693,0.3766857748765698,0.6548314899719693,0.2781457150953995,21998,6156,21998,15842,0.23660658535570078,0.6272322357740499,0.9233268356075374,0.6849713610328212,0.40544380799974533,1.3912866639998356,2.2922605439998733,6156.0,574032.0,500000.0,0.17,8.0,False,False,True,0,0,0,0.039270393550395966,11089.0,8552.0,0.771214717287402,
optimization,fc_alpha017__conditioned_p10_f075,train,937,fc_alpha017,current,fuzzy_connectedness,conditioned_p10_f075,vesselness_conditioned,3,,1.0,2.0,10.0,0.75,1.0,both_tolerable,True,0.8564224849081498,3.2663725220992474,0.657902876585215,0.3766857748765698,0.657902876585215,0.28121710170864517,21239,6156,21239,15083,0.23660658535570078,0.619781043166965,0.9233268356075374,0.7010217053533594,0.40544380799974533,1.3912866639998356,2.2691883120000966,6156.0,574032.0,500000.0,0.17,8.0,False,False,True,0,0,0,0.05890559032559395,11089.0,7793.0,0.7027685093335738,
optimization,fc_alpha017__current_c3_d2,train,937,fc_alpha017,current,fuzzy_connectedness,current_c3_d2,standard,3,2.0,,,,,,both_tolerable,True,0.8564224849081498,3.2663725220992474,0.6432719634251822,0.3766857748765698,0.6432719634251822,0.26658618854861243,24535,6156,24535,18379,0.23660658535570078,0.6501269616617408,0.9233268356075374,0.6365600163032402,0.40544380799974533,1.3912866639998356,1.8453379929997027,6156.0,574032.0,500000.0,0.17,8.0,False,False,True,0,0,0,,,,,
optimization,fc_candidate024_only__conditioned_p10_f025,train,937,fc_candidate024_only,current,fuzzy_connectedness,conditioned_p10_f025,vesselness_conditioned,3,,1.0,2.0,10.0,0.25,1.0,both_tolerable,True,0.8564224849081498,3.2663725220992474,0.6509025651852633,0.38397735501283653,0.6509025651852633,0.2669252101724268,23342,6359,23342,16983,0.24280897473254798,0.6416767264704658,0.9172825916024532,0.6603975666181132,0.40544380799974533,1.3697843199997806,2.2844010520002485,6359.0,467822.0,467822.0,0.16,8.0,False,False,False,0,0,0,0.018323803320527077,11288.0,9535.0,0.844702338766832,
optimization,fc_candidate024_only__conditioned_p10_f050,train,937,fc_candidate024_only,current,fuzzy_connectedness,conditioned_p10_f050,vesselness_conditioned,3,,1.0,2.0,10.0,0.5,1.0,both_tolerable,True,0.8564224849081498,3.2663725220992474,0.6532825511587373,0.38397735501283653,0.6532825511587373,0.2693051961459008,22450,6359,22450,16091,0.24280897473254798,0.6318944345002706,0.9172825916024532,0.6761692650334076,0.40544380799974533,1.3697843199997806,2.2667802000000847,6359.0,467822.0,467822.0,0.16,8.0,False,False,False,0,0,0,0.03664760664105415,11288.0,8643.0,0.7656803685329554,
optimization,fc_candidate024_only__conditioned_p10_f075,train,937,fc_candidate024_only,current,fuzzy_connectedness,conditioned_p10_f075,vesselness_conditioned,3,,1.0,2.0,10.0,0.75,1.0,both_tolerable,True,0.8564224849081498,3.2663725220992474,0.656303292666929,0.38397735501283653,0.656303292666929,0.27232593765409246,21715,6359,21715,15356,0.24280897473254798,0.6247762560879158,0.9172825916024532,0.6911812111443703,0.40544380799974533,1.3697843199997806,2.2834512679996806,6359.0,467822.0,467822.0,0.16,8.0,False,False,False,0,0,0,0.05497140996158123,11288.0,7908.0,0.7005669737774628,
optimization,fc_candidate024_only__current_c3_d2,train,937,fc_candidate024_only,current,fuzzy_connectedness,current_c3_d2,standard,3,2.0,,,,,,both_tolerable,True,0.8564224849081498,3.2663725220992474,0.6408648560609145,0.38397735501283653,0.6408648560609145,0.25688750104807795,25095,6359,25095,18736,0.24280897473254798,0.6551638013570329,0.9172825916024532,0.6271767284319586,0.40544380799974533,1.3697843199997806,1.8396529399997235,6359.0,467822.0,467822.0,0.16,8.0,False,False,False,0,0,0,,,,,
optimization,fc_current__conditioned_p10_f025,train,937,fc_current,current,fuzzy_connectedness,conditioned_p10_f025,vesselness_conditioned,3,,1.0,2.0,10.0,0.25,1.0,both_tolerable,True,0.8564224849081498,3.2663725220992474,0.6509310475868767,0.38403054339597803,0.6509310475868767,0.26690050419089867,23343,6360,23343,16983,0.24285060150688922,0.6417183532448071,0.9172955974842767,0.6604121149809364,0.40544380799974533,1.4192437649999192,2.2768358490002356,6360.0,574032.0,500000.0,0.16,8.0,False,False,True,0,0,0,0.018295174464583397,11289.0,9535.0,0.8446275135087253,
optimization,fc_current__conditioned_p10_f050,train,937,fc_current,current,fuzzy_connectedness,conditioned_p10_f050,vesselness_conditioned,3,,1.0,2.0,10.0,0.5,1.0,both_tolerable,True,0.8564224849081498,3.2663725220992474,0.6533264480592134,0.38403054339597803,0.6533264480592134,0.26929590466323533,22453,6360,22453,16093,0.24285060150688922,0.631977688048953,0.9172955974842767,0.6761679953681022,0.40544380799974533,1.4192437649999192,2.269701310999608,6360.0,574032.0,500000.0,0.16,8.0,False,False,True,0,0,0,0.036590348929166794,11289.0,8645.0,0.7657897067942244,
optimization,fc_current__conditioned_p10_f075,train,937,fc_current,current,fuzzy_connectedness,conditioned_p10_f075,vesselness_conditioned,3,,1.0,2.0,10.0,0.75,1.0,both_tolerable,True,0.8564224849081498,3.2663725220992474,0.6562889437897637,0.38403054339597803,0.6562889437897637,0.2722584003937856,21716,6360,21716,15356,0.24285060150688922,0.6247762560879158,0.9172955974842767,0.6911493829434519,0.40544380799974533,1.4192437649999192,2.280437577000157,6360.0,574032.0,500000.0,0.16,8.0,False,False,True,0,0,0,0.05488552339375019,11289.0,7908.0,0.700504916290194,
optimization,fc_current__current_c3_d2,train,937,fc_current,current,fuzzy_connectedness,current_c3_d2,standard,3,2.0,,,,,,both_tolerable,True,0.8564224849081498,3.2663725220992474,0.6409201954397394,0.38403054339597803,0.6409201954397394,0.2568896520437614,25097,6360,25097,18737,0.24285060150688922,0.6552470549057153,0.9172955974842767,0.6272064390166155,0.40544380799974533,1.4192437649999192,1.829572657999961,6360.0,574032.0,500000.0,0.16,8.0,False,False,True,0,0,0,,,,,
optimization,fc_floor020__conditioned_p10_f025,train,937,fc_floor020,current,fuzzy_connectedness,conditioned_p10_f025,vesselness_conditioned,3,,1.0,2.0,10.0,0.25,1.0,both_tolerable,True,0.8564224849081498,3.2663725220992474,0.6505440845277936,0.38511848029710455,0.6505440845277936,0.265425604230689,23488,6404,23488,17084,0.24389127086542065,0.6433001706697749,0.914896939412867,0.6579529972752044,0.40544380799974533,1.4126634500003092,2.26102298800015,6404.0,532899.0,500000.0,0.16,8.0,False,False,True,0,0,0,0.017991455271840096,11353.0,9593.0,0.844974896503127,
optimization,fc_floor020__conditioned_p10_f050,train,937,fc_floor020,current,fuzzy_connectedness,conditioned_p10_f050,vesselness_conditioned,3,,1.0,2.0,10.0,0.5,1.0,both_tolerable,True,0.8564224849081498,3.2663725220992474,0.6532083324394482,0.38511848029710455,0.6532083324394482,0.26808985214234365,22590,6404,22590,16186,0.24389127086542065,0.6337260125712858,0.914896939412867,0.6739265161575918,0.40544380799974533,1.4126634500003092,2.296741796999868,6404.0,532899.0,500000.0,0.16,8.0,False,False,True,0,0,0,0.03598291054368019,11353.0,8695.0,0.7658768607416542,
optimization,fc_floor020__conditioned_p10_f075,train,937,fc_floor020,current,fuzzy_connectedness,conditioned_p10_f075,vesselness_conditioned,3,,1.0,2.0,10.0,0.75,1.0,both_tolerable,True,0.8564224849081498,3.2663725220992474,0.6562731673280712,0.38511848029710455,0.6562731673280712,0.2711546870309666,21839,6404,21839,15435,0.24389127086542065,0.626441327061566,0.914896939412867,0.6890883282201566,0.40544380799974533,1.4126634500003092,2.3332293459998255,6404.0,532899.0,500000.0,0.16,8.0,False,False,True,0,0,0,0.05397436581552029,11353.0,7944.0,0.6997269444199771,
optimization,fc_floor020__current_c3_d2,train,937,fc_floor020,current,fuzzy_connectedness,current_c3_d2,standard,3,2.0,,,,,,both_tolerable,True,0.8564224849081498,3.2663725220992474,0.6405796513161901,0.38511848029710455,0.6405796513161901,0.25546117101908555,25248,6404,25248,18844,0.24389127086542065,0.6569121258793656,0.914896939412867,0.6250396070975919,0.40544380799974533,1.4126634500003092,1.8191421509995962,6404.0,532899.0,500000.0,0.16,8.0,False,False,True,0,0,0,,,,,
optimization,fc_floor020_recovery__conditioned_p10_f025,train,937,fc_floor020_recovery,current,fuzzy_connectedness,conditioned_p10_f025,vesselness_conditioned,3,,1.0,2.0,10.0,0.25,1.0,both_tolerable,True,0.8564224849081498,3.2663725220992474,0.6505440845277936,0.38511848029710455,0.6505440845277936,0.265425604230689,23488,6404,23488,17084,0.24389127086542065,0.6433001706697749,0.914896939412867,0.6579529972752044,0.40544380799974533,1.5809311749999324,2.359672555999623,,,,,,,False,False,0,0,0,0.017991455271840096,11353.0,9593.0,0.844974896503127,
optimization,fc_floor020_recovery__conditioned_p10_f050,train,937,fc_floor020_recovery,current,fuzzy_connectedness,conditioned_p10_f050,vesselness_conditioned,3,,1.0,2.0,10.0,0.5,1.0,both_tolerable,True,0.8564224849081498,3.2663725220992474,0.6532083324394482,0.38511848029710455,0.6532083324394482,0.26808985214234365,22590,6404,22590,16186,0.24389127086542065,0.6337260125712858,0.914896939412867,0.6739265161575918,0.40544380799974533,1.5809311749999324,2.2959980649998215,,,,,,,False,False,0,0,0,0.03598291054368019,11353.0,8695.0,0.7658768607416542,
optimization,fc_floor020_recovery__conditioned_p10_f075,train,937,fc_floor020_recovery,current,fuzzy_connectedness,conditioned_p10_f075,vesselness_conditioned,3,,1.0,2.0,10.0,0.75,1.0,both_tolerable,True,0.8564224849081498,3.2663725220992474,0.6562731673280712,0.38511848029710455,0.6562731673280712,0.2711546870309666,21839,6404,21839,15435,0.24389127086542065,0.626441327061566,0.914896939412867,0.6890883282201566,0.40544380799974533,1.5809311749999324,2.2780720450000445,,,,,,,False,False,0,0,0,0.05397436581552029,11353.0,7944.0,0.6997269444199771,
optimization,fc_floor020_recovery__current_c3_d2,train,937,fc_floor020_recovery,current,fuzzy_connectedness,current_c3_d2,standard,3,2.0,,,,,,both_tolerable,True,0.8564224849081498,3.2663725220992474,0.6405796513161901,0.38511848029710455,0.6405796513161901,0.25546117101908555,25248,6404,25248,18844,0.24389127086542065,0.6569121258793656,0.914896939412867,0.6250396070975919,0.40544380799974533,1.5809311749999324,1.8044836890003353,,,,,,,False,False,0,0,0,,,,,
optimization,fc_floor024__conditioned_p10_f025,train,937,fc_floor024,current,fuzzy_connectedness,conditioned_p10_f025,vesselness_conditioned,3,,1.0,2.0,10.0,0.25,1.0,both_tolerable,True,0.8564224849081498,3.2663725220992474,0.647702316330336,0.388562091503268,0.647702316330336,0.25914022482706806,24243,6577,24243,17666,0.24747117345876868,0.6506681097281771,0.9039075566367645,0.6447634368683743,0.40544380799974533,1.4309064609997222,2.2732921980000356,6577.0,467822.0,467822.0,0.16,8.0,False,False,False,0,0,0,0.017527546733617783,11719.0,9907.0,0.8453792985749637,
optimization,fc_floor024__conditioned_p10_f050,train,937,fc_floor024,current,fuzzy_connectedness,conditioned_p10_f050,vesselness_conditioned,3,,1.0,2.0,10.0,0.5,1.0,both_tolerable,True,0.8564224849081498,3.2663725220992474,0.6503285234403059,0.388562091503268,0.6503285234403059,0.2617664319370379,23310,6577,23310,16733,0.24747117345876868,0.6406776838862757,0.9039075566367645,0.6602745602745603,0.40544380799974533,1.4309064609997222,2.280833245999929,6577.0,467822.0,467822.0,0.16,8.0,False,False,False,0,0,0,0.035055093467235565,11719.0,8974.0,0.7657649970133971,
optimization,fc_floor024__conditioned_p10_f075,train,937,fc_floor024,current,fuzzy_connectedness,conditioned_p10_f075,vesselness_conditioned,3,,1.0,2.0,10.0,0.75,1.0,both_tolerable,True,0.8564224849081498,3.2663725220992474,0.6533888483495729,0.388562091503268,0.6533888483495729,0.2648267568463049,22571,6577,22571,15994,0.24747117345876868,0.6336427590226034,0.9039075566367645,0.6744052102255106,0.40544380799974533,1.4309064609997222,2.2652718670001377,6577.0,467822.0,467822.0,0.16,8.0,False,False,False,0,0,0,0.05258264020085335,11719.0,8235.0,0.7027050089598088,
optimization,fc_floor024__current_c3_d2,train,937,fc_floor024,current,fuzzy_connectedness,current_c3_d2,standard,3,2.0,,,,,,both_tolerable,True,0.8564224849081498,3.2663725220992474,0.6370861456128439,0.388562091503268,0.6370861456128439,0.24852405410957595,26055,6577,26055,19478,0.24747117345876868,0.6640303042917204,0.9039075566367645,0.6122433314143159,0.40544380799974533,1.4309064609997222,1.8028766079996785,6577.0,467822.0,467822.0,0.16,8.0,False,False,False,0,0,0,,,,,
optimization,rg_gamma55_current__conditioned_p10_f025,train,937,rg_gamma55_current,current,region_growing,conditioned_p10_f025,vesselness_conditioned,3,,1.0,2.0,10.0,0.25,1.0,both_tolerable,True,0.8564224849081498,3.2663725220992474,0.6886916757091923,0.37419608872555454,0.6886916757091923,0.3144955869836378,27585,6453,27585,21132,0.2373558672938434,0.7397494068184657,0.8836200216953355,0.6442269349284031,0.40544380799974533,0.06109458699984316,2.3218322559996523,,,,,,,False,False,0,0,0,0.023591330274939537,13974.0,12145.0,0.8691140689852583,
optimization,rg_gamma55_current__conditioned_p10_f050,train,937,rg_gamma55_current,current,region_growing,conditioned_p10_f050,vesselness_conditioned,3,,1.0,2.0,10.0,0.5,1.0,both_tolerable,True,0.8564224849081498,3.2663725220992474,0.6924777887462982,0.37419608872555454,0.6924777887462982,0.31828170002074363,26627,6453,26627,20174,0.2373558672938434,0.7300087416226116,0.8836200216953355,0.6586171930746986,0.40544380799974533,0.06109458699984316,2.308954801999789,,,,,,,False,False,0,0,0,0.047182660549879074,13974.0,11187.0,0.80055817947617,
optimization,rg_gamma55_current__conditioned_p10_f075,train,937,rg_gamma55_current,current,region_growing,conditioned_p10_f075,vesselness_conditioned,3,,1.0,2.0,10.0,0.75,1.0,both_tolerable,True,0.8564224849081498,3.2663725220992474,0.6975909686523536,0.37419608872555454,0.6975909686523536,0.32339487992679905,25582,6453,25582,19129,0.2373558672938434,0.7202264496524164,0.8836200216953355,0.6763349229927292,0.40544380799974533,0.06109458699984316,2.3344214560002,,,,,,,False,False,0,0,0,0.07077399082481861,13974.0,10142.0,0.7257764419636468,
optimization,rg_gamma55_current__current_c3_d2,train,937,rg_gamma55_current,current,region_growing,current_c3_d2,standard,3,2.0,,,,,,both_tolerable,True,0.8564224849081498,3.2663725220992474,0.677582948144544,0.37419608872555454,0.677582948144544,0.30338685941898946,29414,6453,29414,22961,0.2373558672938434,0.753611122674104,0.8836200216953355,0.6154892228190657,0.40544380799974533,0.06109458699984316,1.8324522040002194,,,,,,,False,False,0,0,0,,,,,
optimization,rg_gamma65_current__conditioned_p10_f025,train,937,rg_gamma65_current,gamma65,region_growing,conditioned_p10_f025,vesselness_conditioned,3,,1.0,2.0,10.0,0.25,1.0,both_tolerable,True,0.8564224849081498,3.2663725220992474,0.6624789336601807,0.3290472607892757,0.6624789336601807,0.333431672870905,21666,5219,21666,16447,0.20026641135578405,0.6299796028805728,0.9218241042345277,0.6985138004246284,0.3978330299996742,0.05095178500005204,2.2881808750003074,,,,,,,False,False,0,0,0,0.024110328406095505,10969.0,9481.0,0.8643449721943659,
optimization,rg_gamma65_current__conditioned_p10_f050,train,937,rg_gamma65_current,gamma65,region_growing,conditioned_p10_f050,vesselness_conditioned,3,,1.0,2.0,10.0,0.5,1.0,both_tolerable,True,0.8564224849081498,3.2663725220992474,0.6652717802608734,0.3290472607892757,0.6652717802608734,0.3362245194715977,20903,5219,20903,15684,0.20026641135578405,0.6220705157557341,0.9218241042345277,0.7149213031622255,0.3978330299996742,0.05095178500005204,2.290460402000008,,,,,,,False,False,0,0,0,0.04822065681219101,10969.0,8718.0,0.7947853040386544,
optimization,rg_gamma65_current__conditioned_p10_f075,train,937,rg_gamma65_current,gamma65,region_growing,conditioned_p10_f075,vesselness_conditioned,3,,1.0,2.0,10.0,0.75,1.0,both_tolerable,True,0.8564224849081498,3.2663725220992474,0.6656101426307448,0.3290472607892757,0.6656101426307448,0.3365628818414691,20147,5219,20147,14928,0.20026641135578405,0.6119135828164676,0.9218241042345277,0.7296371668238447,0.3978330299996742,0.05095178500005204,2.3094029910002973,,,,,,,False,False,0,0,0,0.07233098521828651,10969.0,7962.0,0.7258637979761146,
optimization,rg_gamma65_current__current_c3_d2,train,937,rg_gamma65_current,gamma65,region_growing,current_c3_d2,standard,3,2.0,,,,,,both_tolerable,True,0.8564224849081498,3.2663725220992474,0.6555312970303325,0.3290472607892757,0.6555312970303325,0.3264840362410568,23154,5219,23154,17935,0.20026641135578405,0.6436748116388461,0.9218241042345277,0.6678327718752699,0.3978330299996742,0.05095178500005204,1.8029901390000305,,,,,,,False,False,0,0,0,,,,,
optimization,rg_gamma65_divisor6__conditioned_p10_f025,train,937,rg_gamma65_divisor6,gamma65,region_growing,conditioned_p10_f025,vesselness_conditioned,3,,1.0,2.0,10.0,0.25,1.0,both_tolerable,True,0.8564224849081498,3.2663725220992474,0.6625678277612462,0.32956138251683703,0.6625678277612462,0.3330064452444092,21681,5228,21681,16453,0.20064105232485535,0.6302709903009616,0.9219586840091814,0.6983533969835339,0.3978330299996742,0.05040557400025136,2.2913869949998116,,,,,,,False,False,0,0,0,0.024040697142481804,10972.0,9483.0,0.8642909223477944,
optimization,rg_gamma65_divisor6__conditioned_p10_f050,train,937,rg_gamma65_divisor6,gamma65,region_growing,conditioned_p10_f050,vesselness_conditioned,3,,1.0,2.0,10.0,0.5,1.0,both_tolerable,True,0.8564224849081498,3.2663725220992474,0.6653612514185265,0.32956138251683703,0.6653612514185265,0.3357998689016895,20918,5228,20918,15690,0.20064105232485535,0.6223619031761228,0.9219586840091814,0.7147432832966822,0.3978330299996742,0.05040557400025136,2.2683194599999297,,,,,,,False,False,0,0,0,0.04808139428496361,10972.0,8720.0,0.7947502734232592,
optimization,rg_gamma65_divisor6__conditioned_p10_f075,train,937,rg_gamma65_divisor6,gamma65,region_growing,conditioned_p10_f075,vesselness_conditioned,3,,1.0,2.0,10.0,0.75,1.0,both_tolerable,True,0.8564224849081498,3.2663725220992474,0.6655955101948449,0.32956138251683703,0.6655955101948449,0.33603412767800783,20166,5228,20166,14938,0.20064105232485535,0.6121633434625151,0.9219586840091814,0.7292472478429038,0.3978330299996742,0.05040557400025136,2.2900068939998164,,,,,,,False,False,0,0,0,0.07212209142744541,10972.0,7968.0,0.7262121764491433,
optimization,rg_gamma65_divisor6__current_c3_d2,train,937,rg_gamma65_divisor6,gamma65,region_growing,current_c3_d2,standard,3,2.0,,,,,,both_tolerable,True,0.8564224849081498,3.2663725220992474,0.6555633250693959,0.32956138251683703,0.6555633250693959,0.3260019425525588,23170,5228,23170,17942,0.20064105232485535,0.6439245722848936,0.9219586840091814,0.6676305567544238,0.3978330299996742,0.05040557400025136,1.8324819509998633,,,,,,,False,False,0,0,0,,,,,
optimization,rg_gamma65_divisor8__conditioned_p10_f025,train,937,rg_gamma65_divisor8,gamma65,region_growing,conditioned_p10_f025,vesselness_conditioned,3,,1.0,2.0,10.0,0.25,1.0,both_tolerable,True,0.8564224849081498,3.2663725220992474,0.662447442186405,0.3281324847738315,0.662447442186405,0.33431495741257355,21641,5203,21641,16438,0.19960038296632393,0.6296049619115015,0.9215837017105516,0.6989048565223418,0.3978330299996742,0.050925418000133504,2.344530866000241,,,,,,,False,False,0,0,0,0.02412964031100273,10958.0,9477.0,0.864847599926994,
optimization,rg_gamma65_divisor8__conditioned_p10_f050,train,937,rg_gamma65_divisor8,gamma65,region_growing,conditioned_p10_f050,vesselness_conditioned,3,,1.0,2.0,10.0,0.5,1.0,both_tolerable,True,0.8564224849081498,3.2663725220992474,0.6651820509965483,0.3281324847738315,0.6651820509965483,0.33704956622271676,20882,5203,20882,15679,0.19960038296632393,0.6216958747866628,0.9215837017105516,0.7152092711426109,0.3978330299996742,0.050925418000133504,2.311570250999921,,,,,,,False,False,0,0,0,0.04825928062200546,10958.0,8718.0,0.7955831356086878,
optimization,rg_gamma65_divisor8__conditioned_p10_f075,train,937,rg_gamma65_divisor8,gamma65,region_growing,conditioned_p10_f075,vesselness_conditioned,3,,1.0,2.0,10.0,0.75,1.0,both_tolerable,True,0.8564224849081498,3.2663725220992474,0.6655644138430875,0.3281324847738315,0.6655644138430875,0.337431929069256,20129,5203,20129,14926,0.19960038296632393,0.6116221953960788,0.9215837017105516,0.7299418749068508,0.3978330299996742,0.050925418000133504,2.321562186000392,,,,,,,False,False,0,0,0,0.0723889209330082,10958.0,7965.0,0.7268662164628582,
optimization,rg_gamma65_divisor8__current_c3_d2,train,937,rg_gamma65_divisor8,gamma65,region_growing,current_c3_d2,standard,3,2.0,,,,,,both_tolerable,True,0.8564224849081498,3.2663725220992474,0.6555095980485736,0.3281324847738315,0.6555095980485736,0.32737711327474206,23122,5203,23122,17919,0.19960038296632393,0.6432169171210923,0.9215837017105516,0.6682812905458005,0.3978330299996742,0.050925418000133504,1.8179536180000468,,,,,,,False,False,0,0,0,,,,,
optimization,rg_gamma65_floor065__conditioned_p10_f025,train,937,rg_gamma65_floor065,gamma65,region_growing,conditioned_p10_f025,vesselness_conditioned,3,,1.0,2.0,10.0,0.25,1.0,both_tolerable,True,0.8564224849081498,3.2663725220992474,0.6873487799876974,0.3586110089903412,0.6873487799876974,0.3287377709973562,24747,5898,24747,18849,0.22332764434084001,0.6977063647337968,0.9096303831807392,0.6772942174809068,0.3978330299996742,0.05641504499999428,2.330805134000002,,,,,,,False,False,0,0,0,0.020242489874362946,12493.0,10784.0,0.8632033939005843,
optimization,rg_gamma65_floor065__conditioned_p10_f050,train,937,rg_gamma65_floor065,gamma65,region_growing,conditioned_p10_f050,vesselness_conditioned,3,,1.0,2.0,10.0,0.5,1.0,both_tolerable,True,0.8564224849081498,3.2663725220992474,0.6913585402008476,0.3586110089903412,0.6913585402008476,0.33274753121050643,23874,5898,23874,17976,0.22332764434084001,0.6892145027681805,0.9096303831807392,0.6935159587836139,0.3978330299996742,0.05641504499999428,2.33828060299993,,,,,,,False,False,0,0,0,0.04048497974872589,12493.0,9911.0,0.7933242615864884,
optimization,rg_gamma65_floor065__conditioned_p10_f075,train,937,rg_gamma65_floor065,gamma65,region_growing,conditioned_p10_f075,vesselness_conditioned,3,,1.0,2.0,10.0,0.75,1.0,both_tolerable,True,0.8564224849081498,3.2663725220992474,0.6941737243052305,0.3586110089903412,0.6941737243052305,0.3355627153148893,22971,5898,22971,17073,0.22332764434084001,0.6789743162802314,0.9096303831807392,0.7100692177092857,0.3978330299996742,0.05641504499999428,2.3177144569999655,,,,,,,False,False,0,0,0,0.06072746962308884,12493.0,9008.0,0.7210437845193308,
optimization,rg_gamma65_floor065__current_c3_d2,train,937,rg_gamma65_floor065,gamma65,region_growing,current_c3_d2,standard,3,2.0,,,,,,both_tolerable,True,0.8564224849081498,3.2663725220992474,0.6775094593791477,0.3586110089903412,0.6775094593791477,0.31889845038880654,26456,5898,26456,20558,0.22332764434084001,0.7118178412354826,0.9096303831807392,0.6463562140913215,0.3978330299996742,0.05641504499999428,1.813457680999818,,,,,,,False,False,0,0,0,,,,,
optimization,rg_gamma65_floor090__conditioned_p10_f025,train,937,rg_gamma65_floor090,gamma65,region_growing,conditioned_p10_f025,vesselness_conditioned,3,,1.0,2.0,10.0,0.25,1.0,both_tolerable,True,0.8564224849081498,3.2663725220992474,0.6591278439869989,0.31501679304733216,0.6591278439869989,0.3441110509396667,20281,4858,20281,15423,0.1893601964783749,0.6077925321566832,0.9363935776039523,0.7199349144519501,0.3978330299996742,0.05305554899996423,2.316830659000061,,,,,,,False,False,0,0,0,0.02743344008922577,10287.0,8913.0,0.8664333624963546,
optimization,rg_gamma65_floor090__conditioned_p10_f050,train,937,rg_gamma65_floor090,gamma65,region_growing,conditioned_p10_f050,vesselness_conditioned,3,,1.0,2.0,10.0,0.5,1.0,both_tolerable,True,0.8564224849081498,3.2663725220992474,0.6613591520212913,0.31501679304733216,0.6613591520212913,0.3463423589739591,19563,4858,19563,14705,0.1893601964783749,0.599966698580527,0.9363935776039523,0.7367479425445995,0.3978330299996742,0.05305554899996423,2.3008636040003694,,,,,,,False,False,0,0,0,0.05486688017845154,10287.0,8195.0,0.7966365315446681,
optimization,rg_gamma65_floor090__conditioned_p10_f075,train,937,rg_gamma65_floor090,gamma65,region_growing,conditioned_p10_f075,vesselness_conditioned,3,,1.0,2.0,10.0,0.75,1.0,both_tolerable,True,0.8564224849081498,3.2663725220992474,0.6601444211507105,0.31501679304733216,0.6601444211507105,0.3451276281033783,18907,4858,18907,14049,0.1893601964783749,0.5898513924156017,0.9363935776039523,0.749457872745544,0.3978330299996742,0.05305554899996423,2.348515170000155,,,,,,,False,False,0,0,0,0.08230032026767731,10287.0,7539.0,0.7328667249927092,
optimization,rg_gamma65_floor090__current_c3_d2,train,937,rg_gamma65_floor090,gamma65,region_growing,current_c3_d2,standard,3,2.0,,,,,,both_tolerable,True,0.8564224849081498,3.2663725220992474,0.653093392880599,0.31501679304733216,0.653093392880599,0.3380765998332668,21655,4858,21655,16797,0.1893601964783749,0.6209049660741789,0.9363935776039523,0.6888016624336181,0.3978330299996742,0.05305554899996423,1.8660034370000176,,,,,,,False,False,0,0,0,,,,,
optimization,rg_gamma65_recovery__conditioned_p10_f025,train,937,rg_gamma65_recovery,gamma65,region_growing,conditioned_p10_f025,vesselness_conditioned,3,,1.0,2.0,10.0,0.25,1.0,both_tolerable,True,0.8564224849081498,3.2663725220992474,0.6624789336601807,0.3290472607892757,0.6624789336601807,0.333431672870905,21666,5219,21666,16447,0.20026641135578405,0.6299796028805728,0.9218241042345277,0.6985138004246284,0.3978330299996742,0.07818373600002815,2.317292757999894,,,,,,,False,False,0,0,0,0.024110328406095505,10969.0,9481.0,0.8643449721943659,
optimization,rg_gamma65_recovery__conditioned_p10_f050,train,937,rg_gamma65_recovery,gamma65,region_growing,conditioned_p10_f050,vesselness_conditioned,3,,1.0,2.0,10.0,0.5,1.0,both_tolerable,True,0.8564224849081498,3.2663725220992474,0.6652717802608734,0.3290472607892757,0.6652717802608734,0.3362245194715977,20903,5219,20903,15684,0.20026641135578405,0.6220705157557341,0.9218241042345277,0.7149213031622255,0.3978330299996742,0.07818373600002815,2.300677860000178,,,,,,,False,False,0,0,0,0.04822065681219101,10969.0,8718.0,0.7947853040386544,
optimization,rg_gamma65_recovery__conditioned_p10_f075,train,937,rg_gamma65_recovery,gamma65,region_growing,conditioned_p10_f075,vesselness_conditioned,3,,1.0,2.0,10.0,0.75,1.0,both_tolerable,True,0.8564224849081498,3.2663725220992474,0.6656101426307448,0.3290472607892757,0.6656101426307448,0.3365628818414691,20147,5219,20147,14928,0.20026641135578405,0.6119135828164676,0.9218241042345277,0.7296371668238447,0.3978330299996742,0.07818373600002815,2.343749875999947,,,,,,,False,False,0,0,0,0.07233098521828651,10969.0,7962.0,0.7258637979761146,
optimization,rg_gamma65_recovery__current_c3_d2,train,937,rg_gamma65_recovery,gamma65,region_growing,current_c3_d2,standard,3,2.0,,,,,,both_tolerable,True,0.8564224849081498,3.2663725220992474,0.6555312970303325,0.3290472607892757,0.6555312970303325,0.3264840362410568,23154,5219,23154,17935,0.20026641135578405,0.6436748116388461,0.9218241042345277,0.6678327718752699,0.3978330299996742,0.07818373600002815,1.8747278750001897,,,,,,,False,False,0,0,0,,,,,
optimization,rg_gamma65_relax090__conditioned_p10_f025,train,937,rg_gamma65_relax090,gamma65,region_growing,conditioned_p10_f025,vesselness_conditioned,3,,1.0,2.0,10.0,0.25,1.0,both_tolerable,True,0.8564224849081498,3.2663725220992474,0.6748893781663496,0.33972509757339214,0.6748893781663496,0.3351642805929575,22758,5442,22758,17316,0.20834200557798777,0.6571202597510719,0.9196986402058067,0.6936461903506459,0.3978330299996742,0.05599871300000814,2.360993059000066,,,,,,,False,False,0,0,0,0.02292799763381481,11540.0,9969.0,0.8638648180242634,
optimization,rg_gamma65_relax090__conditioned_p10_f050,train,937,rg_gamma65_relax090,gamma65,region_growing,conditioned_p10_f050,vesselness_conditioned,3,,1.0,2.0,10.0,0.5,1.0,both_tolerable,True,0.8564224849081498,3.2663725220992474,0.6778908901070216,0.33972509757339214,0.6778908901070216,0.3381657925336295,21949,5442,21949,16507,0.20834200557798777,0.6486283977854556,0.9196986402058067,0.7099184473096725,0.3978330299996742,0.05599871300000814,2.3564369240002634,,,,,,,False,False,0,0,0,0.04585599526762962,11540.0,9160.0,0.7937608318890814,
optimization,rg_gamma65_relax090__conditioned_p10_f075,train,937,rg_gamma65_relax090,gamma65,region_growing,conditioned_p10_f075,vesselness_conditioned,3,,1.0,2.0,10.0,0.75,1.0,both_tolerable,True,0.8564224849081498,3.2663725220992474,0.6781642276782749,0.33972509757339214,0.6781642276782749,0.33843913010488275,21146,5442,21146,15704,0.20834200557798777,0.6375556758106814,0.9196986402058067,0.7242977395252057,0.3978330299996742,0.05599871300000814,2.294641972000136,,,,,,,False,False,0,0,0,0.06878399290144444,11540.0,8357.0,0.7241767764298094,
optimization,rg_gamma65_relax090__current_c3_d2,train,937,rg_gamma65_relax090,gamma65,region_growing,current_c3_d2,standard,3,2.0,,,,,,both_tolerable,True,0.8564224849081498,3.2663725220992474,0.6666942422236929,0.33972509757339214,0.6666942422236929,0.32696914465030075,24329,5442,24329,18887,0.20834200557798777,0.670940348832369,0.9196986402058067,0.662501541370381,0.3978330299996742,0.05599871300000814,1.8953324290000637,,,,,,,False,False,0,0,0,,,,,
optimization,rg_gamma65_window3__conditioned_p10_f025,train,937,rg_gamma65_window3,gamma65,region_growing,conditioned_p10_f025,vesselness_conditioned,3,,1.0,2.0,10.0,0.25,1.0,both_tolerable,True,0.8564224849081498,3.2663725220992474,0.40643959872649726,0.15070008774941818,0.40643959872649726,0.2557395109770791,9271,2188,9271,7083,0.08221287932398118,0.2816467551929401,0.9026508226691042,0.729802610290152,0.3978330299996742,0.04025869599990983,2.4472256050003125,,,,,,,False,False,0,0,0,0.024816324934363365,4553.0,4060.0,0.89171974522293,
optimization,rg_gamma65_window3__conditioned_p10_f050,train,937,rg_gamma65_window3,gamma65,region_growing,conditioned_p10_f050,vesselness_conditioned,3,,1.0,2.0,10.0,0.5,1.0,both_tolerable,True,0.8564224849081498,3.2663725220992474,0.40649618228093565,0.15070008774941818,0.40649618228093565,0.25579609453151747,8981,2188,8981,6793,0.08221287932398118,0.2792324022811472,0.9026508226691042,0.746910143636566,0.3978330299996742,0.04025869599990983,2.4766091100000267,,,,,,,False,False,0,0,0,0.04963264986872673,4553.0,3770.0,0.8280254777070064,
optimization,rg_gamma65_window3__conditioned_p10_f075,train,937,rg_gamma65_window3,gamma65,region_growing,conditioned_p10_f075,vesselness_conditioned,3,,1.0,2.0,10.0,0.75,1.0,both_tolerable,True,0.8564224849081498,3.2663725220992474,0.4036058059587471,0.15070008774941818,0.4036058059587471,0.25290571820932894,8702,2188,8702,6514,0.08221287932398118,0.2749032177496566,0.9026508226691042,0.7589059986210067,0.3978330299996742,0.04025869599990983,2.4141583369996624,,,,,,,False,False,0,0,0,0.0744489748030901,4553.0,3491.0,0.7667471996485834,
optimization,rg_gamma65_window3__current_c3_d2,train,937,rg_gamma65_window3,gamma65,region_growing,current_c3_d2,standard,3,2.0,,,,,,both_tolerable,True,0.8564224849081498,3.2663725220992474,0.40731642347648506,0.15070008774941818,0.40731642347648506,0.2566163357270669,9764,2188,9764,7576,0.08221287932398118,0.28643383424218455,0.9026508226691042,0.7047316673494469,0.3978330299996742,0.04025869599990983,1.8540139780002391,,,,,,,False,False,0,0,0,,,,,
optimization,fc_affinity_floor024_only__conditioned_p10_f025,train,965,fc_affinity_floor024_only,current,fuzzy_connectedness,conditioned_p10_f025,vesselness_conditioned,3,,1.0,2.0,10.0,0.25,1.0,both_tolerable,True,0.7734375,0.7734375,0.678717437578133,0.41673955827684234,0.678717437578133,0.26197787930129063,31531,8921,31531,22610,0.27556664136210823,0.7261685283591801,0.8545006165228114,0.6370873109003837,0.39822445399931894,2.013913082999352,2.2763069220000034,8921.0,575716.0,500000.0,0.16,8.0,False,False,True,0,0,0,0.0169222354888916,14554.0,12350.0,0.8485639686684073,
optimization,fc_affinity_floor024_only__conditioned_p10_f050,train,965,fc_affinity_floor024_only,current,fuzzy_connectedness,conditioned_p10_f050,vesselness_conditioned,3,,1.0,2.0,10.0,0.5,1.0,both_tolerable,True,0.7734375,0.7734375,0.6819482265347627,0.41673955827684234,0.6819482265347627,0.2652086682579204,30359,8921,30359,21438,0.27556664136210823,0.7151791201243538,0.8545006165228114,0.6516683685233374,0.39822445399931894,2.013913082999352,2.2838846519998697,8921.0,575716.0,500000.0,0.16,8.0,False,False,True,0,0,0,0.0338444709777832,14554.0,11178.0,0.7680362786862718,
optimization,fc_affinity_floor024_only__conditioned_p10_f075,train,965,fc_affinity_floor024_only,current,fuzzy_connectedness,conditioned_p10_f075,vesselness_conditioned,3,,1.0,2.0,10.0,0.75,1.0,both_tolerable,True,0.7734375,0.7734375,0.6826530612244898,0.41673955827684234,0.6826530612244898,0.26591350294764743,29177,8921,29177,20256,0.27556664136210823,0.7013339117232404,0.8545006165228114,0.6649415635603386,0.39822445399931894,2.013913082999352,2.27992983599961,8921.0,575716.0,500000.0,0.16,8.0,False,False,True,0,0,0,0.050766706466674805,14554.0,9996.0,0.6868214923732308,
optimization,fc_affinity_floor024_only__current_c3_d2,train,965,fc_affinity_floor024_only,current,fuzzy_connectedness,current_c3_d2,standard,3,2.0,,,,,,both_tolerable,True,0.7734375,0.7734375,0.6662757744551939,0.41673955827684234,0.6662757744551939,0.2495362161783516,33735,8921,33735,24814,0.27556664136210823,0.739399197484004,0.8545006165228114,0.6063139172965762,0.39822445399931894,2.013913082999352,1.8153720769996653,8921.0,575716.0,500000.0,0.16,8.0,False,False,True,0,0,0,,,,,
optimization,fc_alpha017__conditioned_p10_f025,train,965,fc_alpha017,current,fuzzy_connectedness,conditioned_p10_f025,vesselness_conditioned,3,,1.0,2.0,10.0,0.25,1.0,both_tolerable,True,0.7734375,0.7734375,0.6445735154140523,0.36483427178266675,0.6445735154140523,0.2797392436313855,23816,6791,23816,17025,0.2271987853811951,0.5997541842894841,0.9254896186128699,0.6966325159556601,0.39822445399931894,1.5983321170006093,2.2985713320003924,6791.0,575716.0,500000.0,0.17,8.0,False,False,True,0,0,0,0.019169524312019348,11049.0,9477.0,0.8577246809666033,
optimization,fc_alpha017__conditioned_p10_f050,train,965,fc_alpha017,current,fuzzy_connectedness,conditioned_p10_f050,vesselness_conditioned,3,,1.0,2.0,10.0,0.5,1.0,both_tolerable,True,0.7734375,0.7734375,0.6465585443037974,0.36483427178266675,0.6465585443037974,0.2817242725211307,22897,6791,22897,16106,0.2271987853811951,0.5908614394678813,0.9254896186128699,0.7138489758483644,0.39822445399931894,1.5983321170006093,2.342229063000559,6791.0,575716.0,500000.0,0.17,8.0,False,False,True,0,0,0,0.038339048624038696,11049.0,8558.0,0.774549733007512,
optimization,fc_alpha017__conditioned_p10_f075,train,965,fc_alpha017,current,fuzzy_connectedness,conditioned_p10_f075,vesselness_conditioned,3,,1.0,2.0,10.0,0.75,1.0,both_tolerable,True,0.7734375,0.7734375,0.6458396277720708,0.36483427178266675,0.6458396277720708,0.28100535598940407,21984,6791,21984,15193,0.2271987853811951,0.5795466869103134,0.9254896186128699,0.7292576419213974,0.39822445399931894,1.5983321170006093,2.33149268499983,6791.0,575716.0,500000.0,0.17,8.0,False,False,True,0,0,0,0.057508572936058044,11049.0,7645.0,0.6919178206172504,
optimization,fc_alpha017__current_c3_d2,train,965,fc_alpha017,current,fuzzy_connectedness,current_c3_d2,standard,3,2.0,,,,,,both_tolerable,True,0.7734375,0.7734375,0.6358786827769505,0.36483427178266675,0.6358786827769505,0.2710444109942837,25388,6791,25388,18597,0.2271987853811951,0.6097314101868923,0.9254896186128699,0.6643689932251458,0.39822445399931894,1.5983321170006093,1.8635708980000345,6791.0,575716.0,500000.0,0.17,8.0,False,False,True,0,0,0,,,,,
optimization,fc_candidate024_only__conditioned_p10_f025,train,965,fc_candidate024_only,current,fuzzy_connectedness,conditioned_p10_f025,vesselness_conditioned,3,,1.0,2.0,10.0,0.25,1.0,both_tolerable,True,0.7734375,0.7734375,0.6789736206098627,0.40839284237227386,0.6789736206098627,0.2705807782375888,30678,8606,30678,22072,0.2677222282471171,0.715974406246611,0.8605623983267487,0.6456092313710151,0.39822445399931894,1.8898385410002447,2.3399284609995448,8606.0,473534.0,473534.0,0.16,8.0,False,False,False,0,0,0,0.017704926431179047,14205.0,12104.0,0.8520943329813446,
optimization,fc_candidate024_only__conditioned_p10_f050,train,965,fc_candidate024_only,current,fuzzy_connectedness,conditioned_p10_f050,vesselness_conditioned,3,,1.0,2.0,10.0,0.5,1.0,both_tolerable,True,0.7734375,0.7734375,0.6817339625939521,0.40839284237227386,0.6817339625939521,0.2733411202216783,29547,8606,29547,20941,0.2677222282471171,0.7049488486425912,0.8605623983267487,0.6599993231123296,0.39822445399931894,1.8898385410002447,2.2775858630002404,8606.0,473534.0,473534.0,0.16,8.0,False,False,False,0,0,0,0.03540985286235809,14205.0,10973.0,0.7724744808166139,
optimization,fc_candidate024_only__conditioned_p10_f075,train,965,fc_candidate024_only,current,fuzzy_connectedness,conditioned_p10_f075,vesselness_conditioned,3,,1.0,2.0,10.0,0.75,1.0,both_tolerable,True,0.7734375,0.7734375,0.6821182600007137,0.40839284237227386,0.6821182600007137,0.2737254176284399,28383,8606,28383,19777,0.2677222282471171,0.6909951921338973,0.8605623983267487,0.6734665116442942,0.39822445399931894,1.8898385410002447,2.2922262700003557,8606.0,473534.0,473534.0,0.16,8.0,False,False,False,0,0,0,0.05311477929353714,14205.0,9809.0,0.6905315029919042,
optimization,fc_candidate024_only__current_c3_d2,train,965,fc_candidate024_only,current,fuzzy_connectedness,current_c3_d2,standard,3,2.0,,,,,,both_tolerable,True,0.7734375,0.7734375,0.6673505178518249,0.40839284237227386,0.6673505178518249,0.258957675479551,32779,8606,32779,24173,0.2677222282471171,0.7290604778946608,0.8605623983267487,0.6152719729094848,0.39822445399931894,1.8898385410002447,1.854585611999937,8606.0,473534.0,473534.0,0.16,8.0,False,False,False,0,0,0,,,,,
optimization,fc_current__conditioned_p10_f025,train,965,fc_current,current,fuzzy_connectedness,conditioned_p10_f025,vesselness_conditioned,3,,1.0,2.0,10.0,0.25,1.0,both_tolerable,True,0.7734375,0.7734375,0.6789736206098627,0.40839284237227386,0.6789736206098627,0.2705807782375888,30678,8606,30678,22072,0.2677222282471171,0.715974406246611,0.8605623983267487,0.6456092313710151,0.39822445399931894,1.9710785620000024,2.3117813079998086,8606.0,575716.0,500000.0,0.16,8.0,False,False,True,0,0,0,0.017704926431179047,14205.0,12104.0,0.8520943329813446,
optimization,fc_current__conditioned_p10_f050,train,965,fc_current,current,fuzzy_connectedness,conditioned_p10_f050,vesselness_conditioned,3,,1.0,2.0,10.0,0.5,1.0,both_tolerable,True,0.7734375,0.7734375,0.6817339625939521,0.40839284237227386,0.6817339625939521,0.2733411202216783,29547,8606,29547,20941,0.2677222282471171,0.7049488486425912,0.8605623983267487,0.6599993231123296,0.39822445399931894,1.9710785620000024,2.340341692999573,8606.0,575716.0,500000.0,0.16,8.0,False,False,True,0,0,0,0.03540985286235809,14205.0,10973.0,0.7724744808166139,
optimization,fc_current__conditioned_p10_f075,train,965,fc_current,current,fuzzy_connectedness,conditioned_p10_f075,vesselness_conditioned,3,,1.0,2.0,10.0,0.75,1.0,both_tolerable,True,0.7734375,0.7734375,0.6821182600007137,0.40839284237227386,0.6821182600007137,0.2737254176284399,28383,8606,28383,19777,0.2677222282471171,0.6909951921338973,0.8605623983267487,0.6734665116442942,0.39822445399931894,1.9710785620000024,2.34445666099964,8606.0,575716.0,500000.0,0.16,8.0,False,False,True,0,0,0,0.05311477929353714,14205.0,9809.0,0.6905315029919042,
optimization,fc_current__current_c3_d2,train,965,fc_current,current,fuzzy_connectedness,current_c3_d2,standard,3,2.0,,,,,,both_tolerable,True,0.7734375,0.7734375,0.6673505178518249,0.40839284237227386,0.6673505178518249,0.258957675479551,32779,8606,32779,24173,0.2677222282471171,0.7290604778946608,0.8605623983267487,0.6152719729094848,0.39822445399931894,1.9710785620000024,1.8590433509998547,8606.0,575716.0,500000.0,0.16,8.0,False,False,True,0,0,0,,,,,
optimization,fc_floor020__conditioned_p10_f025,train,965,fc_floor020,current,fuzzy_connectedness,conditioned_p10_f025,vesselness_conditioned,3,,1.0,2.0,10.0,0.25,1.0,both_tolerable,True,0.7734375,0.7734375,0.678462143357779,0.4102352455633512,0.678462143357779,0.26822689779442777,30834,8682,30834,22152,0.26949354733759895,0.7173480822759642,0.8586731167933656,0.6435752740481286,0.39822445399931894,1.9877371399998083,2.320852243000445,8682.0,536257.0,500000.0,0.16,8.0,False,False,True,0,0,0,0.017501739785075188,14259.0,12130.0,0.8506907917806298,
optimization,fc_floor020__conditioned_p10_f050,train,965,fc_floor020,current,fuzzy_connectedness,conditioned_p10_f050,vesselness_conditioned,3,,1.0,2.0,10.0,0.5,1.0,both_tolerable,True,0.7734375,0.7734375,0.6814869058827632,0.4102352455633512,0.6814869058827632,0.27125166031941195,29691,8682,29691,21009,0.26949354733759895,0.7064671221487185,0.8586731167933656,0.6582129264760365,0.39822445399931894,1.9877371399998083,2.3367911980003555,8682.0,536257.0,500000.0,0.16,8.0,False,False,True,0,0,0,0.035003479570150375,14259.0,10987.0,0.770530892769479,
optimization,fc_floor020__conditioned_p10_f075,train,965,fc_floor020,current,fuzzy_connectedness,conditioned_p10_f075,vesselness_conditioned,3,,1.0,2.0,10.0,0.75,1.0,both_tolerable,True,0.7734375,0.7734375,0.68184326219675,0.4102352455633512,0.68184326219675,0.27160801663339873,28520,8682,28520,19838,0.26949354733759895,0.6924050175324441,0.8586731167933656,0.6715988779803647,0.39822445399931894,1.9877371399998083,2.308111495999583,8682.0,536257.0,500000.0,0.16,8.0,False,False,True,0,0,0,0.05250521935522556,14259.0,9816.0,0.6884073216915633,
optimization,fc_floor020__current_c3_d2,train,965,fc_floor020,current,fuzzy_connectedness,current_c3_d2,standard,3,2.0,,,,,,both_tolerable,True,0.7734375,0.7734375,0.6667436413419985,0.4102352455633512,0.6667436413419985,0.25650839577864726,32963,8682,32963,24281,0.26949354733759895,0.7306149007699816,0.8586731167933656,0.6131420077056093,0.39822445399931894,1.9877371399998083,1.8317026940003416,8682.0,536257.0,500000.0,0.16,8.0,False,False,True,0,0,0,,,,,
optimization,fc_floor020_recovery__conditioned_p10_f025,train,965,fc_floor020_recovery,current,fuzzy_connectedness,conditioned_p10_f025,vesselness_conditioned,3,,1.0,2.0,10.0,0.25,1.0,both_tolerable,True,0.7734375,0.7734375,0.678462143357779,0.4102352455633512,0.678462143357779,0.26822689779442777,30834,8682,30834,22152,0.26949354733759895,0.7173480822759642,0.8586731167933656,0.6435752740481286,0.39822445399931894,2.1053639609999664,2.3413975749999736,,,,,,,False,False,0,0,0,0.017501739785075188,14259.0,12130.0,0.8506907917806298,
optimization,fc_floor020_recovery__conditioned_p10_f050,train,965,fc_floor020_recovery,current,fuzzy_connectedness,conditioned_p10_f050,vesselness_conditioned,3,,1.0,2.0,10.0,0.5,1.0,both_tolerable,True,0.7734375,0.7734375,0.6814869058827632,0.4102352455633512,0.6814869058827632,0.27125166031941195,29691,8682,29691,21009,0.26949354733759895,0.7064671221487185,0.8586731167933656,0.6582129264760365,0.39822445399931894,2.1053639609999664,2.3181828560000213,,,,,,,False,False,0,0,0,0.035003479570150375,14259.0,10987.0,0.770530892769479,
optimization,fc_floor020_recovery__conditioned_p10_f075,train,965,fc_floor020_recovery,current,fuzzy_connectedness,conditioned_p10_f075,vesselness_conditioned,3,,1.0,2.0,10.0,0.75,1.0,both_tolerable,True,0.7734375,0.7734375,0.68184326219675,0.4102352455633512,0.68184326219675,0.27160801663339873,28520,8682,28520,19838,0.26949354733759895,0.6924050175324441,0.8586731167933656,0.6715988779803647,0.39822445399931894,2.1053639609999664,2.324358353000207,,,,,,,False,False,0,0,0,0.05250521935522556,14259.0,9816.0,0.6884073216915633,
optimization,fc_floor020_recovery__current_c3_d2,train,965,fc_floor020_recovery,current,fuzzy_connectedness,current_c3_d2,standard,3,2.0,,,,,,both_tolerable,True,0.7734375,0.7734375,0.6667436413419985,0.4102352455633512,0.6667436413419985,0.25650839577864726,32963,8682,32963,24281,0.26949354733759895,0.7306149007699816,0.8586731167933656,0.6131420077056093,0.39822445399931894,2.1053639609999664,1.8892900900000313,,,,,,,False,False,0,0,0,,,,,
optimization,fc_floor024__conditioned_p10_f025,train,965,fc_floor024,current,fuzzy_connectedness,conditioned_p10_f025,vesselness_conditioned,3,,1.0,2.0,10.0,0.25,1.0,both_tolerable,True,0.7734375,0.7734375,0.6787403703203135,0.41669627969275347,0.6787403703203135,0.26204409062756007,31529,8920,31529,22609,0.27553049199291474,0.7261685283591801,0.8544843049327354,0.6371277236829586,0.39822445399931894,2.0051157549996788,2.3141121220005516,8920.0,473534.0,473534.0,0.16,8.0,False,False,False,0,0,0,0.0169326551258564,14554.0,12349.0,0.8484952590353168,
optimization,fc_floor024__conditioned_p10_f050,train,965,fc_floor024,current,fuzzy_connectedness,conditioned_p10_f050,vesselness_conditioned,3,,1.0,2.0,10.0,0.5,1.0,both_tolerable,True,0.7734375,0.7734375,0.6819717338848673,0.41669627969275347,0.6819717338848673,0.26527545419211385,30357,8920,30357,21437,0.27553049199291474,0.7151791201243538,0.8544843049327354,0.6517113021708337,0.39822445399931894,2.0051157549996788,2.282052439999461,8920.0,473534.0,473534.0,0.16,8.0,False,False,False,0,0,0,0.0338653102517128,14554.0,11177.0,0.7679675690531813,
optimization,fc_floor024__conditioned_p10_f075,train,965,fc_floor024,current,fuzzy_connectedness,conditioned_p10_f075,vesselness_conditioned,3,,1.0,2.0,10.0,0.75,1.0,both_tolerable,True,0.7734375,0.7734375,0.6826530612244898,0.41669627969275347,0.6826530612244898,0.2659567815317363,29177,8920,29177,20257,0.27553049199291474,0.7013339117232404,0.8544843049327354,0.6649415635603386,0.39822445399931894,2.0051157549996788,2.283721961000083,8920.0,473534.0,473534.0,0.16,8.0,False,False,False,0,0,0,0.0507979653775692,14554.0,9997.0,0.6868902020063213,
optimization,fc_floor024__current_c3_d2,train,965,fc_floor024,current,fuzzy_connectedness,current_c3_d2,standard,3,2.0,,,,,,both_tolerable,True,0.7734375,0.7734375,0.6662540515008877,0.41669627969275347,0.6662540515008877,0.2495577718081342,33734,8920,33734,24814,0.27553049199291474,0.7393630481148104,0.8544843049327354,0.6063022469911662,0.39822445399931894,2.0051157549996788,1.8285813789998429,8920.0,473534.0,473534.0,0.16,8.0,False,False,False,0,0,0,,,,,
optimization,rg_gamma55_current__conditioned_p10_f025,train,965,rg_gamma55_current,current,region_growing,conditioned_p10_f025,vesselness_conditioned,3,,1.0,2.0,10.0,0.25,1.0,both_tolerable,True,0.7734375,0.7734375,0.6032265745922134,0.3619781219075129,0.6032265745922134,0.24124845268470052,39529,9726,39529,29803,0.24462278133246576,0.7326031160756244,0.6957639317293851,0.5126868881074654,0.39822445399931894,0.08481258400024672,2.306040018999738,,,,,,,False,False,0,0,0,0.022681929171085358,18884.0,16502.0,0.8738614700275366,
optimization,rg_gamma55_current__conditioned_p10_f050,train,965,rg_gamma55_current,current,region_growing,conditioned_p10_f050,vesselness_conditioned,3,,1.0,2.0,10.0,0.5,1.0,both_tolerable,True,0.7734375,0.7734375,0.6050662936382435,0.3619781219075129,0.6050662936382435,0.2430881717307306,38105,9726,38105,28379,0.24462278133246576,0.7192639988432202,0.6957639317293851,0.522162445873245,0.39822445399931894,0.08481258400024672,2.345484604000376,,,,,,,False,False,0,0,0,0.045363858342170715,18884.0,15078.0,0.7984537174327473,
optimization,rg_gamma55_current__conditioned_p10_f075,train,965,rg_gamma55_current,current,region_growing,conditioned_p10_f075,vesselness_conditioned,3,,1.0,2.0,10.0,0.75,1.0,both_tolerable,True,0.7734375,0.7734375,0.6074083289273162,0.3619781219075129,0.6074083289273162,0.24543020701980334,36643,9726,36643,26917,0.24462278133246576,0.7059971803492029,0.6957639317293851,0.5329803782441394,0.39822445399931894,0.08481258400024672,2.3170411450000756,,,,,,,False,False,0,0,0,0.06804578751325607,18884.0,13616.0,0.721033679305232,
optimization,rg_gamma55_current__current_c3_d2,train,965,rg_gamma55_current,current,region_growing,current_c3_d2,standard,3,2.0,,,,,,both_tolerable,True,0.7734375,0.7734375,0.5927214189208613,0.3619781219075129,0.5927214189208613,0.2307432970133484,41911,9726,41911,32185,0.24462278133246576,0.7453638434009326,0.6957639317293851,0.4919710815776288,0.39822445399931894,0.08481258400024672,1.82674032200066,,,,,,,False,False,0,0,0,,,,,
optimization,rg_gamma65_current__conditioned_p10_f025,train,965,rg_gamma65_current,gamma65,region_growing,conditioned_p10_f025,vesselness_conditioned,3,,1.0,2.0,10.0,0.25,1.0,both_tolerable,True,0.7734375,0.7734375,0.6741864892273205,0.34208092485549135,0.6741864892273205,0.33210556437182914,28544,6937,28544,21607,0.21393196688717783,0.684922098109388,0.8531065302003747,0.6637822309417041,0.3973960069997702,0.06374844200036023,2.3311824479997085,,,,,,,False,False,0,0,0,0.02300284430384636,13970.0,12206.0,0.8737294201861131,
optimization,rg_gamma65_current__conditioned_p10_f050,train,965,rg_gamma65_current,gamma65,region_growing,conditioned_p10_f050,vesselness_conditioned,3,,1.0,2.0,10.0,0.5,1.0,both_tolerable,True,0.7734375,0.7734375,0.6731073056458496,0.34208092485549135,0.6731073056458496,0.3310263807903583,27404,6937,27404,20467,0.21393196688717783,0.6699562592632758,0.8531065302003747,0.6762881331192526,0.3973960069997702,0.06374844200036023,2.2877320010002222,,,,,,,False,False,0,0,0,0.04600568860769272,13970.0,11066.0,0.7921259842519685,
optimization,rg_gamma65_current__conditioned_p10_f075,train,965,rg_gamma65_current,gamma65,region_growing,conditioned_p10_f075,vesselness_conditioned,3,,1.0,2.0,10.0,0.75,1.0,both_tolerable,True,0.7734375,0.7734375,0.6717266147096392,0.34208092485549135,0.6717266147096392,0.3296456898541479,26356,6937,26356,19419,0.21393196688717783,0.6558580052778079,0.8531065302003747,0.6883821520716346,0.3973960069997702,0.06374844200036023,2.275123581999651,,,,,,,False,False,0,0,0,0.06900853291153908,13970.0,10018.0,0.7171080887616321,
optimization,rg_gamma65_current__current_c3_d2,train,965,rg_gamma65_current,gamma65,region_growing,current_c3_d2,standard,3,2.0,,,,,,both_tolerable,True,0.7734375,0.7734375,0.6665746666436667,0.34208092485549135,0.6665746666436667,0.32449374178817536,30308,6937,30308,23371,0.21393196688717783,0.6984419621877598,0.8531065302003747,0.6374884518938894,0.3973960069997702,0.06374844200036023,1.8344239070002004,,,,,,,False,False,0,0,0,,,,,
optimization,rg_gamma65_divisor6__conditioned_p10_f025,train,965,rg_gamma65_divisor6,gamma65,region_growing,conditioned_p10_f025,vesselness_conditioned,3,,1.0,2.0,10.0,0.25,1.0,both_tolerable,True,0.7734375,0.7734375,0.6742092717116732,0.34227256964512776,0.6742092717116732,0.33193670206654546,28551,6941,28551,21610,0.21407656436395184,0.6850305462169685,0.853191182826682,0.6637245630625898,0.3973960069997702,0.06467605800025922,2.3651131780006835,,,,,,,False,False,0,0,0,0.022999057546257973,13973.0,12207.0,0.8736133972661562,
optimization,rg_gamma65_divisor6__conditioned_p10_f050,train,965,rg_gamma65_divisor6,gamma65,region_growing,conditioned_p10_f050,vesselness_conditioned,3,,1.0,2.0,10.0,0.5,1.0,both_tolerable,True,0.7734375,0.7734375,0.6731551423590936,0.34227256964512776,0.6731551423590936,0.3308825727139658,27409,6941,27409,20468,0.21407656436395184,0.6700647073708563,0.853191182826682,0.6762742164982305,0.3973960069997702,0.06467605800025922,2.327397613999892,,,,,,,False,False,0,0,0,0.045998115092515945,13973.0,11065.0,0.7918843483861734,
optimization,rg_gamma65_divisor6__conditioned_p10_f075,train,965,rg_gamma65_divisor6,gamma65,region_growing,conditioned_p10_f075,vesselness_conditioned,3,,1.0,2.0,10.0,0.75,1.0,both_tolerable,True,0.7734375,0.7734375,0.6717630726515502,0.34227256964512776,0.6717630726515502,0.32949050300642246,26362,6941,26362,19421,0.21407656436395184,0.6559664533853884,0.853191182826682,0.6883392762309385,0.3973960069997702,0.06467605800025922,2.2986624280001706,,,,,,,False,False,0,0,0,0.06899717263877392,13973.0,10018.0,0.71695412581407,
optimization,rg_gamma65_divisor6__current_c3_d2,train,965,rg_gamma65_divisor6,gamma65,region_growing,current_c3_d2,standard,3,2.0,,,,,,both_tolerable,True,0.7734375,0.7734375,0.6665746809244567,0.34227256964512776,0.6665746809244567,0.32430211127932895,30317,6941,30317,23376,0.21407656436395184,0.6985504102953404,0.853191182826682,0.6373981594484942,0.3973960069997702,0.06467605800025922,1.8360504490001404,,,,,,,False,False,0,0,0,,,,,
optimization,rg_gamma65_divisor8__conditioned_p10_f025,train,965,rg_gamma65_divisor8,gamma65,region_growing,conditioned_p10_f025,vesselness_conditioned,3,,1.0,2.0,10.0,0.25,1.0,both_tolerable,True,0.7734375,0.7734375,0.6741748954719331,0.3420330067342987,0.6741748954719331,0.3321418887376344,28542,6936,28542,21606,0.2138958175179843,0.6848859487401945,0.8530853517877739,0.6637937075187443,0.3973960069997702,0.06223156599935464,2.3208141229997636,,,,,,,False,False,0,0,0,0.023005839437246323,13969.0,12206.0,0.8737919679289856,
optimization,rg_gamma65_divisor8__conditioned_p10_f050,train,965,rg_gamma65_divisor8,gamma65,region_growing,conditioned_p10_f050,vesselness_conditioned,3,,1.0,2.0,10.0,0.5,1.0,both_tolerable,True,0.7734375,0.7734375,0.6731195292921222,0.3420330067342987,0.6731195292921222,0.33108652255782345,27403,6936,27403,20467,0.2138958175179843,0.6699562592632758,0.8530853517877739,0.6763128124657884,0.3973960069997702,0.06223156599935464,2.3216999630003556,,,,,,,False,False,0,0,0,0.046011678874492645,13969.0,11067.0,0.79225427732837,
optimization,rg_gamma65_divisor8__conditioned_p10_f075,train,965,rg_gamma65_divisor8,gamma65,region_growing,conditioned_p10_f075,vesselness_conditioned,3,,1.0,2.0,10.0,0.75,1.0,both_tolerable,True,0.7734375,0.7734375,0.6717390499463142,0.3420330067342987,0.6717390499463142,0.32970604321201546,26355,6936,26355,19419,0.2138958175179843,0.6558580052778079,0.8530853517877739,0.6884082716752039,0.3973960069997702,0.06223156599935464,2.3492933210000047,,,,,,,False,False,0,0,0,0.06901751831173897,13969.0,10019.0,0.7172310115255208,
optimization,rg_gamma65_divisor8__current_c3_d2,train,965,rg_gamma65_divisor8,gamma65,region_growing,current_c3_d2,standard,3,2.0,,,,,,both_tolerable,True,0.7734375,0.7734375,0.6665401600883246,0.3420330067342987,0.6665401600883246,0.3245071533540259,30305,6936,30305,23369,0.2138958175179843,0.6983696634493728,0.8530853517877739,0.6374855634383765,0.3973960069997702,0.06223156599935464,1.8434375420001743,,,,,,,False,False,0,0,0,,,,,
optimization,rg_gamma65_floor065__conditioned_p10_f025,train,965,rg_gamma65_floor065,gamma65,region_growing,conditioned_p10_f025,vesselness_conditioned,3,,1.0,2.0,10.0,0.25,1.0,both_tolerable,True,0.7734375,0.7734375,0.6307300371590374,0.3535087476086173,0.6307300371590374,0.27722128955042014,33964,8404,33964,25560,0.23045222860861078,0.7025629902758197,0.758567348881485,0.5722235307973148,0.3973960069997702,0.07276395999997476,2.2994104359995617,,,,,,,False,False,0,0,0,0.019197063520550728,16566.0,14357.0,0.8666545937462272,
optimization,rg_gamma65_floor065__conditioned_p10_f050,train,965,rg_gamma65_floor065,gamma65,region_growing,conditioned_p10_f050,vesselness_conditioned,3,,1.0,2.0,10.0,0.5,1.0,both_tolerable,True,0.7734375,0.7734375,0.6317482424724764,0.3535087476086173,0.6317482424724764,0.2782394948638591,32649,8404,32649,24245,0.23045222860861078,0.6886816325055127,0.758567348881485,0.5835094489877178,0.3973960069997702,0.07276395999997476,2.289636005999455,,,,,,,False,False,0,0,0,0.038394127041101456,16566.0,13042.0,0.7872751418568151,
optimization,rg_gamma65_floor065__conditioned_p10_f075,train,965,rg_gamma65_floor065,gamma65,region_growing,conditioned_p10_f075,vesselness_conditioned,3,,1.0,2.0,10.0,0.75,1.0,both_tolerable,True,0.7734375,0.7734375,0.6317963301509919,0.3535087476086173,0.6317963301509919,0.2782875825423746,31413,8404,31413,23009,0.23045222860861078,0.6746195278892383,0.758567348881485,0.5940852513290675,0.3973960069997702,0.07276395999997476,2.2940688230000887,,,,,,,False,False,0,0,0,0.057591190561652184,16566.0,11806.0,0.7126644935409876,
optimization,rg_gamma65_floor065__current_c3_d2,train,965,rg_gamma65_floor065,gamma65,region_growing,current_c3_d2,standard,3,2.0,,,,,,both_tolerable,True,0.7734375,0.7734375,0.6204962716962216,0.3535087476086173,0.6204962716962216,0.2669875240876043,36173,8404,36173,27769,0.23045222860861078,0.7159382568774175,0.758567348881485,0.5475078096923119,0.3973960069997702,0.07276395999997476,1.8542998430002626,,,,,,,False,False,0,0,0,,,,,
optimization,rg_gamma65_floor090__conditioned_p10_f025,train,965,rg_gamma65_floor090,gamma65,region_growing,conditioned_p10_f025,vesselness_conditioned,3,,1.0,2.0,10.0,0.25,1.0,both_tolerable,True,0.7734375,0.7734375,0.35545580848562575,0.14534806335684813,0.35545580848562575,0.2101077451287776,9765,2389,9765,7376,0.07895022231862053,0.24046560387521237,0.9141900376726664,0.6812083973374295,0.3973960069997702,0.030291645000033895,2.3858399310001914,,,,,,,False,False,0,0,0,0.026783104985952377,4787.0,4248.0,0.8874033841654481,
optimization,rg_gamma65_floor090__conditioned_p10_f050,train,965,rg_gamma65_floor090,gamma65,region_growing,conditioned_p10_f050,vesselness_conditioned,3,,1.0,2.0,10.0,0.5,1.0,both_tolerable,True,0.7734375,0.7734375,0.35327727468736525,0.14534806335684813,0.35327727468736525,0.20792921133051712,9441,2389,9441,7052,0.07895022231862053,0.23692296569424864,0.9141900376726664,0.6942061222328143,0.3973960069997702,0.030291645000033895,2.457181448000483,,,,,,,False,False,0,0,0,0.053566209971904755,4787.0,3924.0,0.8197200752036766,
optimization,rg_gamma65_floor090__conditioned_p10_f075,train,965,rg_gamma65_floor090,gamma65,region_growing,conditioned_p10_f075,vesselness_conditioned,3,,1.0,2.0,10.0,0.75,1.0,both_tolerable,True,0.7734375,0.7734375,0.34926080209099075,0.14534806335684813,0.34926080209099075,0.20391273873414262,9066,2389,9066,6677,0.07895022231862053,0.23186205400715756,0.9141900376726664,0.7074784910655195,0.3973960069997702,0.030291645000033895,2.365341830000034,,,,,,,False,False,0,0,0,0.08034931495785713,4787.0,3549.0,0.7413829120534782,
optimization,rg_gamma65_floor090__current_c3_d2,train,965,rg_gamma65_floor090,gamma65,region_growing,current_c3_d2,standard,3,2.0,,,,,,both_tolerable,True,0.7734375,0.7734375,0.35594068533199885,0.14534806335684813,0.35594068533199885,0.21059262197515072,10304,2389,10304,7915,0.07895022231862053,0.24426128764053068,0.9141900376726664,0.655764751552795,0.3973960069997702,0.030291645000033895,1.8413913300000786,,,,,,,False,False,0,0,0,,,,,
optimization,rg_gamma65_recovery__conditioned_p10_f025,train,965,rg_gamma65_recovery,gamma65,region_growing,conditioned_p10_f025,vesselness_conditioned,3,,1.0,2.0,10.0,0.25,1.0,both_tolerable,True,0.7734375,0.7734375,0.6741864892273205,0.34208092485549135,0.6741864892273205,0.33210556437182914,28544,6937,28544,21607,0.21393196688717783,0.684922098109388,0.8531065302003747,0.6637822309417041,0.3973960069997702,0.08881235900025786,2.30075659799968,,,,,,,False,False,0,0,0,0.02300284430384636,13970.0,12206.0,0.8737294201861131,
optimization,rg_gamma65_recovery__conditioned_p10_f050,train,965,rg_gamma65_recovery,gamma65,region_growing,conditioned_p10_f050,vesselness_conditioned,3,,1.0,2.0,10.0,0.5,1.0,both_tolerable,True,0.7734375,0.7734375,0.6731073056458496,0.34208092485549135,0.6731073056458496,0.3310263807903583,27404,6937,27404,20467,0.21393196688717783,0.6699562592632758,0.8531065302003747,0.6762881331192526,0.3973960069997702,0.08881235900025786,2.2946412030005376,,,,,,,False,False,0,0,0,0.04600568860769272,13970.0,11066.0,0.7921259842519685,
optimization,rg_gamma65_recovery__conditioned_p10_f075,train,965,rg_gamma65_recovery,gamma65,region_growing,conditioned_p10_f075,vesselness_conditioned,3,,1.0,2.0,10.0,0.75,1.0,both_tolerable,True,0.7734375,0.7734375,0.6717266147096392,0.34208092485549135,0.6717266147096392,0.3296456898541479,26356,6937,26356,19419,0.21393196688717783,0.6558580052778079,0.8531065302003747,0.6883821520716346,0.3973960069997702,0.08881235900025786,2.294913102999999,,,,,,,False,False,0,0,0,0.06900853291153908,13970.0,10018.0,0.7171080887616321,
optimization,rg_gamma65_recovery__current_c3_d2,train,965,rg_gamma65_recovery,gamma65,region_growing,current_c3_d2,standard,3,2.0,,,,,,both_tolerable,True,0.7734375,0.7734375,0.6665746666436667,0.34208092485549135,0.6665746666436667,0.32449374178817536,30308,6937,30308,23371,0.21393196688717783,0.6984419621877598,0.8531065302003747,0.6374884518938894,0.3973960069997702,0.08881235900025786,1.83146296599989,,,,,,,False,False,0,0,0,,,,,
optimization,rg_gamma65_relax090__conditioned_p10_f025,train,965,rg_gamma65_relax090,gamma65,region_growing,conditioned_p10_f025,vesselness_conditioned,3,,1.0,2.0,10.0,0.25,1.0,both_tolerable,True,0.7734375,0.7734375,0.6715151088258082,0.3480382308200109,0.6715151088258082,0.32347687800579733,29125,7178,29125,21947,0.2191736254202364,0.6892600224126089,0.8446642518807467,0.6546609442060086,0.3973960069997702,0.06399273199986055,2.3214471240007697,,,,,,,False,False,0,0,0,0.021713221445679665,14183.0,12349.0,0.8706902629909046,
optimization,rg_gamma65_relax090__conditioned_p10_f050,train,965,rg_gamma65_relax090,gamma65,region_growing,conditioned_p10_f050,vesselness_conditioned,3,,1.0,2.0,10.0,0.5,1.0,both_tolerable,True,0.7734375,0.7734375,0.6713148484249493,0.3480382308200109,0.6713148484249493,0.32327661760493837,27986,7178,27986,20808,0.2191736254202364,0.6752340671655279,0.8446642518807467,0.6674408632887873,0.3973960069997702,0.06399273199986055,2.393469992000064,,,,,,,False,False,0,0,0,0.04342644289135933,14183.0,11210.0,0.7903828527109921,
optimization,rg_gamma65_relax090__conditioned_p10_f075,train,965,rg_gamma65_relax090,gamma65,region_growing,conditioned_p10_f075,vesselness_conditioned,3,,1.0,2.0,10.0,0.75,1.0,both_tolerable,True,0.7734375,0.7734375,0.6704170636956681,0.3480382308200109,0.6704170636956681,0.3223788328756572,26909,7178,26909,19731,0.2191736254202364,0.6612804106568341,0.8446642518807467,0.6798097290869226,0.3973960069997702,0.06399273199986055,2.3554194160005864,,,,,,,False,False,0,0,0,0.065139664337039,14183.0,10133.0,0.7144468730169922,
optimization,rg_gamma65_relax090__current_c3_d2,train,965,rg_gamma65_relax090,gamma65,region_growing,current_c3_d2,standard,3,2.0,,,,,,both_tolerable,True,0.7734375,0.7734375,0.6632663505168708,0.3480382308200109,0.6632663505168708,0.3152281196968599,30959,7178,30959,23781,0.2191736254202364,0.7027798864909808,0.8446642518807467,0.6279595594172939,0.3973960069997702,0.06399273199986055,1.854553627000314,,,,,,,False,False,0,0,0,,,,,
optimization,rg_gamma65_window3__conditioned_p10_f025,train,965,rg_gamma65_window3,gamma65,region_growing,conditioned_p10_f025,vesselness_conditioned,3,,1.0,2.0,10.0,0.25,1.0,both_tolerable,True,0.7734375,0.7734375,0.5143279536774671,0.21541812125676585,0.5143279536774671,0.29890983242070124,12922,3560,12922,9362,0.12157032859776597,0.37729096627263853,0.9446629213483146,0.8076923076923077,0.3973960069997702,0.0549772619997384,2.296485937000398,,,,,,,False,False,0,0,0,0.024379607290029526,5980.0,5295.0,0.8854515050167224,
optimization,rg_gamma65_window3__conditioned_p10_f050,train,965,rg_gamma65_window3,gamma65,region_growing,conditioned_p10_f050,vesselness_conditioned,3,,1.0,2.0,10.0,0.5,1.0,both_tolerable,True,0.7734375,0.7734375,0.5084357165997957,0.21541812125676585,0.5084357165997957,0.29301759534302985,12464,3560,12464,8904,0.12157032859776597,0.36875971514297073,0.9446629213483146,0.8184370988446726,0.3973960069997702,0.0549772619997384,2.316720517000249,,,,,,,False,False,0,0,0,0.04875921458005905,5980.0,4837.0,0.8088628762541806,
optimization,rg_gamma65_window3__conditioned_p10_f075,train,965,rg_gamma65_window3,gamma65,region_growing,conditioned_p10_f075,vesselness_conditioned,3,,1.0,2.0,10.0,0.75,1.0,both_tolerable,True,0.7734375,0.7734375,0.5027193070802699,0.21541812125676585,0.5027193070802699,0.28730118582350406,12053,3560,12053,8493,0.12157032859776597,0.3608791526587861,0.9446629213483146,0.8282585248485854,0.3973960069997702,0.0549772619997384,2.3341004800004157,,,,,,,False,False,0,0,0,0.07313882187008858,5980.0,4426.0,0.7401337792642141,
optimization,rg_gamma65_window3__current_c3_d2,train,965,rg_gamma65_window3,gamma65,region_growing,current_c3_d2,standard,3,2.0,,,,,,both_tolerable,True,0.7734375,0.7734375,0.5150957111703417,0.21541812125676585,0.5150957111703417,0.29967758991357585,13607,3560,13607,10047,0.12157032859776597,0.384231645157792,0.9446629213483146,0.7811420592342176,0.3973960069997702,0.0549772619997384,1.818342131999998,,,,,,,False,False,0,0,0,,,,,
