stage,variant,split,IMG_ID,segmentation_variant,vesselness_profile,artery_method,morphology_profile,morphology_closing_radius,morphology_dilation_radius,ostia_status,ostia_success,left_dist_mm,right_dist_mm,dice_artery,dice_artery_before_morphology,dice_artery_after_morphology,dice_artery_morphology_delta,artery_voxels,artery_voxels_before_morphology,artery_voxels_after_morphology,morphology_added_voxels,recall_before_morphology,recall_after_morphology,precision_before_morphology,precision_after_morphology,vesselness_seconds,segmentation_seconds,morphology_seconds,fc_processed_voxels,fc_candidate_voxels_initial,fc_candidate_voxels_final,fc_effective_alpha,fc_object_seed_count,fc_grow_each_ostium_separately,fc_processed_limit_hit,fc_candidate_limit_hit,error
refinement,fc_alpha_018__closing_c3_d1,train,13,fc_alpha_018,current,fuzzy_connectedness,closing_c3_d1,3,1,both_tolerable,True,0.6953125,1.1031404921008474,0.4748589649251901,0.28239754843401027,0.4748589649251901,0.19246141649117982,12233,5892,12233,6341,0.16670754890537806,0.3264855583491752,0.9227766463000678,0.8704324368511404,0.3605552170010924,1.3665407660009805,1.4196515129988256,5892.0,604179.0,500000.0,0.18,8.0,False,False,True,
refinement,fc_alpha_018__conservative_c2_d1,train,13,fc_alpha_018,current,fuzzy_connectedness,conservative_c2_d1,2,1,both_tolerable,True,0.6953125,1.1031404921008474,0.47372065491746523,0.28239754843401027,0.47372065491746523,0.19132310648345496,12155,5892,12155,6263,0.16670754890537806,0.32513644447169926,0.9227766463000678,0.8723981900452489,0.3605552170010924,1.3665407660009805,0.5376715120000881,5892.0,604179.0,500000.0,0.18,8.0,False,False,True,
refinement,fc_alpha_018__current_c3_d2,train,13,fc_alpha_018,current,fuzzy_connectedness,current_c3_d2,3,2,both_tolerable,True,0.6953125,1.1031404921008474,0.5435195602855193,0.28239754843401027,0.5435195602855193,0.261122011851509,21603,5892,21603,15711,0.16670754890537806,0.4517691788802355,0.9227766463000678,0.6820349025598297,0.3605552170010924,1.3665407660009805,1.6331956899994111,5892.0,604179.0,500000.0,0.18,8.0,False,False,True,
refinement,fc_alpha_018__raw,train,13,fc_alpha_018,current,fuzzy_connectedness,raw,0,0,both_tolerable,True,0.6953125,1.1031404921008474,0.28239754843401027,0.28239754843401027,0.28239754843401027,0.0,5892,5892,5892,0,0.16670754890537806,0.16670754890537806,0.9227766463000678,0.9227766463000678,0.3605552170010924,1.3665407660009805,0.2102872240029683,5892.0,604179.0,500000.0,0.18,8.0,False,False,True,
refinement,fc_current__closing_c3_d1,train,13,fc_current,current,fuzzy_connectedness,closing_c3_d1,3,1,both_tolerable,True,0.6953125,1.1031404921008474,0.503943099039474,0.30745744599648883,0.503943099039474,0.19648565304298515,13923,6689,13923,7234,0.1852578647206721,0.3595388483473355,0.9032740319928241,0.842203548085901,0.3605552170010924,1.4642390990011336,1.3754431039997144,6689.0,604179.0,500000.0,0.16,8.0,False,False,True,
refinement,fc_current__conservative_c2_d1,train,13,fc_current,current,fuzzy_connectedness,conservative_c2_d1,2,1,both_tolerable,True,0.6953125,1.1031404921008474,0.5013160733549084,0.30745744599648883,0.5013160733549084,0.19385862735841952,13736,6689,13736,7047,0.1852578647206721,0.35622738701171275,0.9032740319928241,0.8458066394874781,0.3605552170010924,1.4642390990011336,0.5283125940004538,6689.0,604179.0,500000.0,0.16,8.0,False,False,True,
refinement,fc_current__current_c3_d2,train,13,fc_current,current,fuzzy_connectedness,current_c3_d2,3,2,both_tolerable,True,0.6953125,1.1031404921008474,0.5586945078083875,0.30745744599648883,0.5586945078083875,0.25123706181189864,24376,6689,24376,17687,0.1852578647206721,0.4881339302140185,0.9032740319928241,0.6531014112241549,0.3605552170010924,1.4642390990011336,1.6436849589990743,6689.0,604179.0,500000.0,0.16,8.0,False,False,True,
refinement,fc_current__raw,train,13,fc_current,current,fuzzy_connectedness,raw,0,0,both_tolerable,True,0.6953125,1.1031404921008474,0.30745744599648883,0.30745744599648883,0.30745744599648883,0.0,6689,6689,6689,0,0.1852578647206721,0.1852578647206721,0.9032740319928241,0.9032740319928241,0.3605552170010924,1.4642390990011336,0.20904425499975332,6689.0,604179.0,500000.0,0.16,8.0,False,False,True,
refinement,fc_floor_020__closing_c3_d1,train,13,fc_floor_020,current,fuzzy_connectedness,closing_c3_d1,3,1,both_tolerable,True,0.6953125,1.1031404921008474,0.5050734742035825,0.30884184308841844,0.5050734742035825,0.19623163111516406,14001,6733,14001,7268,0.1863003618078126,0.36094928558287853,0.902420911926333,0.8407970859224341,0.3605552170010924,1.4599613630016393,1.4125678249984048,6733.0,567249.0,500000.0,0.16,8.0,False,False,True,
refinement,fc_floor_020__conservative_c2_d1,train,13,fc_floor_020,current,fuzzy_connectedness,conservative_c2_d1,2,1,both_tolerable,True,0.6953125,1.1031404921008474,0.5022404136148212,0.30884184308841844,0.5022404136148212,0.19339857052640275,13806,6733,13806,7073,0.1863003618078126,0.357423192494021,0.902420911926333,0.8443430392582935,0.3605552170010924,1.4599613630016393,0.5343787919991883,6733.0,567249.0,500000.0,0.16,8.0,False,False,True,
refinement,fc_floor_020__current_c3_d2,train,13,fc_floor_020,current,fuzzy_connectedness,current_c3_d2,3,2,both_tolerable,True,0.6953125,1.1031404921008474,0.5587699635752311,0.30884184308841844,0.5587699635752311,0.24992812048681268,24490,6733,24490,17757,0.1863003618078126,0.489176427301159,0.902420911926333,0.6514495712535728,0.3605552170010924,1.4599613630016393,1.64132991400038,6733.0,567249.0,500000.0,0.16,8.0,False,False,True,
refinement,fc_floor_020__raw,train,13,fc_floor_020,current,fuzzy_connectedness,raw,0,0,both_tolerable,True,0.6953125,1.1031404921008474,0.30884184308841844,0.30884184308841844,0.30884184308841844,0.0,6733,6733,6733,0,0.1863003618078126,0.1863003618078126,0.902420911926333,0.902420911926333,0.3605552170010924,1.4599613630016393,0.2092951369995717,6733.0,567249.0,500000.0,0.16,8.0,False,False,True,
refinement,fc_floor_022__closing_c3_d1,train,13,fc_floor_022,current,fuzzy_connectedness,closing_c3_d1,3,1,both_tolerable,True,0.6953125,1.1031404921008474,0.505934781677165,0.30970035551041136,0.505934781677165,0.19623442616675363,14060,6766,14060,7294,0.18697491874655056,0.36202244434905256,0.9012710611882944,0.8397581792318635,0.3605552170010924,1.48076213099921,1.3916568960012228,6766.0,535771.0,500000.0,0.16,8.0,False,False,True,
refinement,fc_floor_022__conservative_c2_d1,train,13,fc_floor_022,current,fuzzy_connectedness,conservative_c2_d1,2,1,both_tolerable,True,0.6953125,1.1031404921008474,0.5030442546416816,0.30970035551041136,0.5030442546416816,0.1933438991312702,13867,6766,13867,7101,0.18697491874655056,0.3584656895811615,0.9012710611882944,0.8430806951755967,0.3605552170010924,1.48076213099921,0.540327923001314,6766.0,535771.0,500000.0,0.16,8.0,False,False,True,
refinement,fc_floor_022__current_c3_d2,train,13,fc_floor_022,current,fuzzy_connectedness,current_c3_d2,3,2,both_tolerable,True,0.6953125,1.1031404921008474,0.5583591250065572,0.30970035551041136,0.5583591250065572,0.2486587694961458,24575,6766,24575,17809,0.18697491874655056,0.48954436744956153,0.9012710611882944,0.6496846388606308,0.3605552170010924,1.48076213099921,1.630968670000584,6766.0,535771.0,500000.0,0.16,8.0,False,False,True,
refinement,fc_floor_022__raw,train,13,fc_floor_022,current,fuzzy_connectedness,raw,0,0,both_tolerable,True,0.6953125,1.1031404921008474,0.30970035551041136,0.30970035551041136,0.30970035551041136,0.0,6766,6766,6766,0,0.18697491874655056,0.18697491874655056,0.9012710611882944,0.9012710611882944,0.3605552170010924,1.48076213099921,0.21108688800086384,6766.0,535771.0,500000.0,0.16,8.0,False,False,True,
refinement,fc_floor_022_alpha_018__closing_c3_d1,train,13,fc_floor_022_alpha_018,current,fuzzy_connectedness,closing_c3_d1,3,1,both_tolerable,True,0.6953125,1.1031404921008474,0.47635570977356645,0.28478108717629674,0.47635570977356645,0.1915746225972697,12344,5963,12344,6381,0.16842460293125652,0.3283252590911878,0.9211806137850076,0.8674659753726507,0.3605552170010924,1.3389999360006186,1.3677540030003001,5963.0,535771.0,500000.0,0.18,8.0,False,False,True,
refinement,fc_floor_022_alpha_018__conservative_c2_d1,train,13,fc_floor_022_alpha_018,current,fuzzy_connectedness,conservative_c2_d1,2,1,both_tolerable,True,0.6953125,1.1031404921008474,0.47513147339335055,0.28478108717629674,0.47513147339335055,0.1903503862170538,12262,5963,12262,6299,0.16842460293125652,0.32688416017661126,0.9211806137850076,0.8694340238134073,0.3605552170010924,1.3389999360006186,0.5444866200014076,5963.0,535771.0,500000.0,0.18,8.0,False,False,True,
refinement,fc_floor_022_alpha_018__current_c3_d2,train,13,fc_floor_022_alpha_018,current,fuzzy_connectedness,current_c3_d2,3,2,both_tolerable,True,0.6953125,1.1031404921008474,0.5433642968821852,0.28478108717629674,0.5433642968821852,0.2585832097058885,21751,5963,21751,15788,0.16842460293125652,0.45287299932544306,0.9211806137850076,0.679049239115443,0.3605552170010924,1.3389999360006186,1.6081701799994335,5963.0,535771.0,500000.0,0.18,8.0,False,False,True,
refinement,fc_floor_022_alpha_018__raw,train,13,fc_floor_022_alpha_018,current,fuzzy_connectedness,raw,0,0,both_tolerable,True,0.6953125,1.1031404921008474,0.28478108717629674,0.28478108717629674,0.28478108717629674,0.0,5963,5963,5963,0,0.16842460293125652,0.16842460293125652,0.9211806137850076,0.9211806137850076,0.3605552170010924,1.3389999360006186,0.21440654700199957,5963.0,535771.0,500000.0,0.18,8.0,False,False,True,
refinement,fc_floor_024__closing_c3_d1,train,13,fc_floor_024,current,fuzzy_connectedness,closing_c3_d1,3,1,both_tolerable,True,0.6953125,1.1031404921008474,0.506304807015298,0.31103000811030007,0.506304807015298,0.19527479890499794,14255,6842,14255,7413,0.18814006254982524,0.3638008217329981,0.8968137971353406,0.8323395299894774,0.3605552170010924,1.5598949289997108,1.396611899999698,6842.0,508551.0,500000.0,0.16,8.0,False,False,True,
refinement,fc_floor_024__conservative_c2_d1,train,13,fc_floor_024,current,fuzzy_connectedness,conservative_c2_d1,2,1,both_tolerable,True,0.6953125,1.1031404921008474,0.5033112582781457,0.31103000811030007,0.5033112582781457,0.19228125016784564,14045,6842,14045,7203,0.18814006254982524,0.3600294352118722,0.8968137971353406,0.8360270558917764,0.3605552170010924,1.5598949289997108,0.580532908999885,6842.0,508551.0,500000.0,0.16,8.0,False,False,True,
refinement,fc_floor_024__current_c3_d2,train,13,fc_floor_024,current,fuzzy_connectedness,current_c3_d2,3,2,both_tolerable,True,0.6953125,1.1031404921008474,0.5561313208597065,0.31103000811030007,0.5561313208597065,0.24510131274940644,24894,6842,24894,18052,0.18814006254982524,0.4903109094254001,0.8968137971353406,0.6423636217562465,0.3605552170010924,1.5598949289997108,1.6224371530006465,6842.0,508551.0,500000.0,0.16,8.0,False,False,True,
refinement,fc_floor_024__raw,train,13,fc_floor_024,current,fuzzy_connectedness,raw,0,0,both_tolerable,True,0.6953125,1.1031404921008474,0.31103000811030007,0.31103000811030007,0.31103000811030007,0.0,6842,6842,6842,0,0.18814006254982524,0.18814006254982524,0.8968137971353406,0.8968137971353406,0.3605552170010924,1.5598949289997108,0.2106890060022124,6842.0,508551.0,500000.0,0.16,8.0,False,False,True,
refinement,rg_gamma55__closing_c3_d1,train,13,rg_gamma55,current,region_growing,closing_c3_d1,3,1,both_tolerable,True,0.6953125,1.1031404921008474,0.48812956659367346,0.27798768179700845,0.48812956659367346,0.210141884796665,13509,6028,13509,7481,0.16468387808916415,0.34515852088060345,0.8910086264100863,0.8332963209712044,0.3605552170010924,0.058412768001289805,1.37621615000171,,,,,,,False,False,
refinement,rg_gamma55__conservative_c2_d1,train,13,rg_gamma55,current,region_growing,conservative_c2_d1,2,1,both_tolerable,True,0.6953125,1.1031404921008474,0.48418576283000786,0.27798768179700845,0.48418576283000786,0.20619808103299941,13294,6028,13294,7266,0.16468387808916415,0.34077390077880665,0.8910086264100863,0.8360162479313976,0.3605552170010924,0.058412768001289805,0.5395260040022549,,,,,,,False,False,
refinement,rg_gamma55__current_c3_d2,train,13,rg_gamma55,current,region_growing,current_c3_d2,3,2,both_tolerable,True,0.6953125,1.1031404921008474,0.5717081353089181,0.27798768179700845,0.5717081353089181,0.2937204535119096,24618,6028,24618,18590,0.16468387808916415,0.5016250689887778,0.8910086264100863,0.664554391095946,0.3605552170010924,0.058412768001289805,1.621526802002336,,,,,,,False,False,
refinement,rg_gamma55__raw,train,13,rg_gamma55,current,region_growing,raw,0,0,both_tolerable,True,0.6953125,1.1031404921008474,0.27798768179700845,0.27798768179700845,0.27798768179700845,0.0,6028,6028,6028,0,0.16468387808916415,0.16468387808916415,0.8910086264100863,0.8910086264100863,0.3605552170010924,0.058412768001289805,0.2085579790000338,,,,,,,False,False,
refinement,rg_gamma60__closing_c3_d1,train,13,rg_gamma60,gamma60,region_growing,closing_c3_d1,3,1,both_tolerable,True,0.6953125,1.1031404921008474,0.47532920131459955,0.2655616846618389,0.47532920131459955,0.20976751665276067,12723,5637,12723,7086,0.15573066781136935,0.33037959158643526,0.9010111761575306,0.8468914564175116,0.36177787400083616,0.051966765997349285,1.400801687999774,,,,,,,False,False,
refinement,rg_gamma60__conservative_c2_d1,train,13,rg_gamma60,gamma60,region_growing,conservative_c2_d1,2,1,both_tolerable,True,0.6953125,1.1031404921008474,0.47179214565751876,0.2655616846618389,0.47179214565751876,0.20623046099567988,12533,5637,12533,6896,0.15573066781136935,0.3265468817072423,0.9010111761575306,0.8497566424638953,0.36177787400083616,0.051966765997349285,0.5403821090003476,,,,,,,False,False,
refinement,rg_gamma60__current_c3_d2,train,13,rg_gamma60,gamma60,region_growing,current_c3_d2,3,2,both_tolerable,True,0.6953125,1.1031404921008474,0.5685551698221252,0.2655616846618389,0.5685551698221252,0.3029934851602863,23268,5637,23268,17631,0.15573066781136935,0.487091433126878,0.9010111761575306,0.6827402441120852,0.36177787400083616,0.051966765997349285,1.593464954999945,,,,,,,False,False,
refinement,rg_gamma60__raw,train,13,rg_gamma60,gamma60,region_growing,raw,0,0,both_tolerable,True,0.6953125,1.1031404921008474,0.2655616846618389,0.2655616846618389,0.2655616846618389,0.0,5637,5637,5637,0,0.15573066781136935,0.15573066781136935,0.9010111761575306,0.9010111761575306,0.36177787400083616,0.051966765997349285,0.21036038099919097,,,,,,,False,False,
refinement,rg_gamma65__closing_c3_d1,train,13,rg_gamma65,gamma65,region_growing,closing_c3_d1,3,1,both_tolerable,True,0.6953125,1.1031404921008474,0.45838212773624,0.2515204400021154,0.45838212773624,0.2068616877341246,11790,5204,11790,6586,0.14582694548353467,0.31204390752437605,0.9139123750960799,0.8631891433418151,0.3436498010014475,0.04891248199783149,1.3678513640006713,,,,,,,False,False,
refinement,rg_gamma65__conservative_c2_d1,train,13,rg_gamma65,gamma65,region_growing,conservative_c2_d1,2,1,both_tolerable,True,0.6953125,1.1031404921008474,0.4544117979688313,0.2515204400021154,0.4544117979688313,0.20289135796671592,11597,5204,11597,6393,0.14582694548353467,0.30799656589194824,0.9139123750960799,0.8661722859360179,0.3436498010014475,0.04891248199783149,0.5424833090000902,,,,,,,False,False,
refinement,rg_gamma65__current_c3_d2,train,13,rg_gamma65,gamma65,region_growing,current_c3_d2,3,2,both_tolerable,True,0.6953125,1.1031404921008474,0.5605739261936816,0.2515204400021154,0.5605739261936816,0.30905348619156625,21609,5204,21609,16405,0.14582694548353467,0.46599619795179986,0.9139123750960799,0.703318061918645,0.3436498010014475,0.04891248199783149,1.591925065000396,,,,,,,False,False,
refinement,rg_gamma65__raw,train,13,rg_gamma65,gamma65,region_growing,raw,0,0,both_tolerable,True,0.6953125,1.1031404921008474,0.2515204400021154,0.2515204400021154,0.2515204400021154,0.0,5204,5204,5204,0,0.14582694548353467,0.14582694548353467,0.9139123750960799,0.9139123750960799,0.3436498010014475,0.04891248199783149,0.20711015699998825,,,,,,,False,False,
refinement,rg_gamma70__closing_c3_d1,train,13,rg_gamma70,gamma70,region_growing,closing_c3_d1,3,1,both_tolerable,True,0.6953125,1.1031404921008474,0.43775914493688384,0.23644872309132237,0.43775914493688384,0.20131042184556147,10798,4781,10798,6017,0.13555528300729747,0.2913472741767339,0.924701945199749,0.8799777736617892,0.3435427250005887,0.04574761100229807,1.370294421001745,,,,,,,False,False,
refinement,rg_gamma70__conservative_c2_d1,train,13,rg_gamma70,gamma70,region_growing,conservative_c2_d1,2,1,both_tolerable,True,0.6953125,1.1031404921008474,0.43549541644537837,0.23644872309132237,0.43549541644537837,0.199046693354056,10693,4781,10693,5912,0.13555528300729747,0.28913963328631875,0.924701945199749,0.8818853455531657,0.3435427250005887,0.04574761100229807,0.5308562700010953,,,,,,,False,False,
refinement,rg_gamma70__current_c3_d2,train,13,rg_gamma70,gamma70,region_growing,current_c3_d2,3,2,both_tolerable,True,0.6953125,1.1031404921008474,0.5469118878988652,0.23644872309132237,0.5469118878988652,0.3104631648075429,19910,4781,19910,15129,0.13555528300729747,0.4403936959587907,0.924701945199749,0.7213962832747363,0.3435427250005887,0.04574761100229807,1.7121141089992307,,,,,,,False,False,
refinement,rg_gamma70__raw,train,13,rg_gamma70,gamma70,region_growing,raw,0,0,both_tolerable,True,0.6953125,1.1031404921008474,0.23644872309132237,0.23644872309132237,0.23644872309132237,0.0,4781,4781,4781,0,0.13555528300729747,0.13555528300729747,0.924701945199749,0.924701945199749,0.3435427250005887,0.04574761100229807,0.20598544500171556,,,,,,,False,False,
refinement,fc_alpha_018__closing_c3_d1,train,28,fc_alpha_018,current,fuzzy_connectedness,closing_c3_d1,3,1,both_tolerable,True,0.671875,0.671875,0.594159169550173,0.3653614860350127,0.594159169550173,0.22879768351516033,11940,5747,11940,6193,0.22609055199503825,0.4437461236303494,0.9514529319645032,0.8988274706867672,0.41712968799765804,1.4093502950017864,1.5883983700005047,5747.0,575158.0,500000.0,0.18,8.0,False,False,True,
refinement,fc_alpha_018__conservative_c2_d1,train,28,fc_alpha_018,current,fuzzy_connectedness,conservative_c2_d1,2,1,both_tolerable,True,0.671875,0.671875,0.592643920286039,0.3653614860350127,0.592643920286039,0.2272824342510263,11894,5747,11894,6147,0.22609055199503825,0.442050857969816,0.9514529319645032,0.8988565663359677,0.41712968799765804,1.4093502950017864,0.6284618950012373,5747.0,575158.0,500000.0,0.18,8.0,False,False,True,
refinement,fc_alpha_018__current_c3_d2,train,28,fc_alpha_018,current,fuzzy_connectedness,current_c3_d2,3,2,both_tolerable,True,0.671875,0.671875,0.6602870813397129,0.3653614860350127,0.6602870813397129,0.29492559530470025,21168,5747,21168,15421,0.22609055199503825,0.6191027496382056,0.9514529319645032,0.7073412698412699,0.41712968799765804,1.4093502950017864,1.8624287800012098,5747.0,575158.0,500000.0,0.18,8.0,False,False,True,
refinement,fc_alpha_018__raw,train,28,fc_alpha_018,current,fuzzy_connectedness,raw,0,0,both_tolerable,True,0.671875,0.671875,0.3653614860350127,0.3653614860350127,0.3653614860350127,0.0,5747,5747,5747,0,0.22609055199503825,0.22609055199503825,0.9514529319645032,0.9514529319645032,0.41712968799765804,1.4093502950017864,0.24263753699779045,5747.0,575158.0,500000.0,0.18,8.0,False,False,True,
refinement,fc_current__closing_c3_d1,train,28,fc_current,current,fuzzy_connectedness,closing_c3_d1,3,1,both_tolerable,True,0.671875,0.671875,0.6070372480399338,0.38663861125723303,0.6070372480399338,0.22039863678270072,12676,6231,12676,6445,0.24312590448625182,0.46260078561091583,0.9436687530091478,0.882612811612496,0.41712968799765804,1.4675457519988413,1.5642088819986384,6231.0,575158.0,500000.0,0.16,8.0,False,False,True,
refinement,fc_current__conservative_c2_d1,train,28,fc_current,current,fuzzy_connectedness,conservative_c2_d1,2,1,both_tolerable,True,0.671875,0.671875,0.6056934861737383,0.38663861125723303,0.6056934861737383,0.21905487491650527,12629,6231,12629,6398,0.24312590448625182,0.46098821583626215,0.9436687530091478,0.8828094069205796,0.41712968799765804,1.4675457519988413,0.6091254659986589,6231.0,575158.0,500000.0,0.16,8.0,False,False,True,
refinement,fc_current__current_c3_d2,train,28,fc_current,current,fuzzy_connectedness,current_c3_d2,3,2,both_tolerable,True,0.671875,0.671875,0.6542648358517816,0.38663861125723303,0.6542648358517816,0.2676262245945486,22206,6231,22206,15975,0.24312590448625182,0.6274963820549928,0.9436687530091478,0.6834188957939296,0.41712968799765804,1.4675457519988413,1.824852401001408,6231.0,575158.0,500000.0,0.16,8.0,False,False,True,
refinement,fc_current__raw,train,28,fc_current,current,fuzzy_connectedness,raw,0,0,both_tolerable,True,0.671875,0.671875,0.38663861125723303,0.38663861125723303,0.38663861125723303,0.0,6231,6231,6231,0,0.24312590448625182,0.24312590448625182,0.9436687530091478,0.9436687530091478,0.41712968799765804,1.4675457519988413,0.23803548700016108,6231.0,575158.0,500000.0,0.16,8.0,False,False,True,
refinement,fc_floor_020__closing_c3_d1,train,28,fc_floor_020,current,fuzzy_connectedness,closing_c3_d1,3,1,both_tolerable,True,0.671875,0.671875,0.6076943917637496,0.38795481413371863,0.6076943917637496,0.219739577630031,12725,6267,12725,6458,0.24424229894562746,0.4637171800702915,0.9425562470081379,0.881335952848723,0.41712968799765804,1.4380397820023063,1.5718018129991833,6267.0,536976.0,500000.0,0.16,8.0,False,False,True,
refinement,fc_floor_020__conservative_c2_d1,train,28,fc_floor_020,current,fuzzy_connectedness,conservative_c2_d1,2,1,both_tolerable,True,0.671875,0.671875,0.6063532539402653,0.38795481413371863,0.6063532539402653,0.21839843980654666,12678,6267,12678,6411,0.24424229894562746,0.4621046102956378,0.9425562470081379,0.8815270547404953,0.41712968799765804,1.4380397820023063,0.6134183600006509,6267.0,536976.0,500000.0,0.16,8.0,False,False,True,
refinement,fc_floor_020__current_c3_d2,train,28,fc_floor_020,current,fuzzy_connectedness,current_c3_d2,3,2,both_tolerable,True,0.671875,0.671875,0.6536946555027013,0.38795481413371863,0.6536946555027013,0.2657398413689827,22274,6267,22274,16007,0.24424229894562746,0.6278685135414513,0.9425562470081379,0.6817365538295771,0.41712968799765804,1.4380397820023063,1.8232932489991072,6267.0,536976.0,500000.0,0.16,8.0,False,False,True,
refinement,fc_floor_020__raw,train,28,fc_floor_020,current,fuzzy_connectedness,raw,0,0,both_tolerable,True,0.671875,0.671875,0.38795481413371863,0.38795481413371863,0.38795481413371863,0.0,6267,6267,6267,0,0.24424229894562746,0.24424229894562746,0.9425562470081379,0.9425562470081379,0.41712968799765804,1.4380397820023063,0.23884389500017278,6267.0,536976.0,500000.0,0.16,8.0,False,False,True,
refinement,fc_floor_022__closing_c3_d1,train,28,fc_floor_022,current,fuzzy_connectedness,closing_c3_d1,3,1,both_tolerable,True,0.671875,0.671875,0.6086885955420904,0.38958312834136904,0.6086885955420904,0.21910546720072138,12783,6304,12783,6479,0.2455654331197023,0.4652057060161257,0.9421002538071066,0.8801533286395995,0.41712968799765804,1.4736086310003884,1.5860972899972694,6304.0,504174.0,500000.0,0.16,8.0,False,False,True,
refinement,fc_floor_022__conservative_c2_d1,train,28,fc_floor_022,current,fuzzy_connectedness,conservative_c2_d1,2,1,both_tolerable,True,0.671875,0.671875,0.6073933649289099,0.38958312834136904,0.6073933649289099,0.2178102365875409,12740,6304,12740,6436,0.2455654331197023,0.46367583212735164,0.9421002538071066,0.8802197802197802,0.41712968799765804,1.4736086310003884,0.6213489349975134,6304.0,504174.0,500000.0,0.16,8.0,False,False,True,
refinement,fc_floor_022__current_c3_d2,train,28,fc_floor_022,current,fuzzy_connectedness,current_c3_d2,3,2,both_tolerable,True,0.671875,0.671875,0.6532471159423403,0.38958312834136904,0.6532471159423403,0.26366398760097126,22364,6304,22364,16060,0.2455654331197023,0.6286541244573083,0.9421002538071066,0.6798426041852978,0.41712968799765804,1.4736086310003884,1.8845317630002683,6304.0,504174.0,500000.0,0.16,8.0,False,False,True,
refinement,fc_floor_022__raw,train,28,fc_floor_022,current,fuzzy_connectedness,raw,0,0,both_tolerable,True,0.671875,0.671875,0.38958312834136904,0.38958312834136904,0.38958312834136904,0.0,6304,6304,6304,0,0.2455654331197023,0.2455654331197023,0.9421002538071066,0.9421002538071066,0.41712968799765804,1.4736086310003884,0.24705971499861334,6304.0,504174.0,500000.0,0.16,8.0,False,False,True,
refinement,fc_floor_022_alpha_018__closing_c3_d1,train,28,fc_floor_022_alpha_018,current,fuzzy_connectedness,closing_c3_d1,3,1,both_tolerable,True,0.671875,0.671875,0.5957669913628963,0.3687262547490502,0.5957669913628963,0.22704073661384616,12054,5821,12054,6233,0.22873682034318793,0.44635104403555925,0.9503521731661226,0.895553343288535,0.41712968799765804,1.4335897439996188,1.6298100870008057,5821.0,504174.0,500000.0,0.18,8.0,False,False,True,
refinement,fc_floor_022_alpha_018__conservative_c2_d1,train,28,fc_floor_022_alpha_018,current,fuzzy_connectedness,conservative_c2_d1,2,1,both_tolerable,True,0.671875,0.671875,0.5942973973586783,0.3687262547490502,0.5942973973586783,0.22557114260962807,12009,5821,12009,6188,0.22873682034318793,0.4446971263179657,0.9503521731661226,0.8955783162628029,0.41712968799765804,1.4335897439996188,0.6291895949980244,5821.0,504174.0,500000.0,0.18,8.0,False,False,True,
refinement,fc_floor_022_alpha_018__current_c3_d2,train,28,fc_floor_022_alpha_018,current,fuzzy_connectedness,current_c3_d2,3,2,both_tolerable,True,0.671875,0.671875,0.6595347406805351,0.3687262547490502,0.6595347406805351,0.2908084859314849,21338,5821,21338,15517,0.22873682034318793,0.6207153194128592,0.9503521731661226,0.7035336020245572,0.41712968799765804,1.4335897439996188,1.8579098049995082,5821.0,504174.0,500000.0,0.18,8.0,False,False,True,
refinement,fc_floor_022_alpha_018__raw,train,28,fc_floor_022_alpha_018,current,fuzzy_connectedness,raw,0,0,both_tolerable,True,0.671875,0.671875,0.3687262547490502,0.3687262547490502,0.3687262547490502,0.0,5821,5821,5821,0,0.22873682034318793,0.22873682034318793,0.9503521731661226,0.9503521731661226,0.41712968799765804,1.4335897439996188,0.24237559099856298,5821.0,504174.0,500000.0,0.18,8.0,False,False,True,
refinement,fc_floor_024__closing_c3_d1,train,28,fc_floor_024,current,fuzzy_connectedness,closing_c3_d1,3,1,both_tolerable,True,0.671875,0.671875,0.6096672334223949,0.39135418372359587,0.6096672334223949,0.21831304969879906,12868,6350,12868,6518,0.24705395906553648,0.4670250155054786,0.9409448818897638,0.8777587814734225,0.41712968799765804,1.4642545030001202,1.6000439820018073,6350.0,476315.0,476315.0,0.16,8.0,False,False,False,
refinement,fc_floor_024__conservative_c2_d1,train,28,fc_floor_024,current,fuzzy_connectedness,conservative_c2_d1,2,1,both_tolerable,True,0.671875,0.671875,0.6083878290007025,0.39135418372359587,0.6083878290007025,0.21703364527710667,12821,6350,12821,6471,0.24705395906553648,0.4654537936737647,0.9409448818897638,0.8780126355198502,0.41712968799765804,1.4642545030001202,0.6786103090016695,6350.0,476315.0,476315.0,0.16,8.0,False,False,False,
refinement,fc_floor_024__current_c3_d2,train,28,fc_floor_024,current,fuzzy_connectedness,current_c3_d2,3,2,both_tolerable,True,0.671875,0.671875,0.6523573891994945,0.39135418372359587,0.6523573891994945,0.2610032054758986,22498,6350,22498,16148,0.24705395906553648,0.6296051271449246,0.9409448818897638,0.676815716952618,0.41712968799765804,1.4642545030001202,1.8389839680021396,6350.0,476315.0,476315.0,0.16,8.0,False,False,False,
refinement,fc_floor_024__raw,train,28,fc_floor_024,current,fuzzy_connectedness,raw,0,0,both_tolerable,True,0.671875,0.671875,0.39135418372359587,0.39135418372359587,0.39135418372359587,0.0,6350,6350,6350,0,0.24705395906553648,0.24705395906553648,0.9409448818897638,0.9409448818897638,0.41712968799765804,1.4642545030001202,0.2459068539974396,6350.0,476315.0,476315.0,0.16,8.0,False,False,False,
refinement,rg_gamma55__closing_c3_d1,train,28,rg_gamma55,current,region_growing,closing_c3_d1,3,1,both_tolerable,True,0.671875,0.671875,0.6028127391224043,0.3665257037134928,0.6028127391224043,0.2362870354089115,13714,6083,13714,7631,0.2293570394872855,0.47231755220177796,0.9118855827716588,0.8329444363424238,0.41712968799765804,0.05994939000083832,1.613010054003098,,,,,,,False,False,
refinement,rg_gamma55__conservative_c2_d1,train,28,rg_gamma55,current,region_growing,conservative_c2_d1,2,1,both_tolerable,True,0.671875,0.671875,0.597335326943102,0.3665257037134928,0.597335326943102,0.23080962322960918,13268,6083,13268,7185,0.2293570394872855,0.46251808972503616,0.9118855827716588,0.843081097377148,0.41712968799765804,0.05994939000083832,0.61103922500115,,,,,,,False,False,
refinement,rg_gamma55__current_c3_d2,train,28,rg_gamma55,current,region_growing,current_c3_d2,3,2,both_tolerable,True,0.671875,0.671875,0.6673056529896403,0.3665257037134928,0.6673056529896403,0.3007799492761475,24851,6083,24851,18768,0.2293570394872855,0.6764936944387017,0.9118855827716588,0.6583638485372822,0.41712968799765804,0.05994939000083832,1.8452567040003487,,,,,,,False,False,
refinement,rg_gamma55__raw,train,28,rg_gamma55,current,region_growing,raw,0,0,both_tolerable,True,0.671875,0.671875,0.3665257037134928,0.3665257037134928,0.3665257037134928,0.0,6083,6083,6083,0,0.2293570394872855,0.2293570394872855,0.9118855827716588,0.9118855827716588,0.41712968799765804,0.05994939000083832,0.24127083500206936,,,,,,,False,False,
refinement,rg_gamma60__closing_c3_d1,train,28,rg_gamma60,gamma60,region_growing,closing_c3_d1,3,1,both_tolerable,True,0.671875,0.671875,0.5715083954963261,0.33620338983050846,0.5715083954963261,0.2353050056658177,11608,5315,11608,6293,0.20504444903866031,0.42290676038867064,0.9330197554092192,0.8811164713990352,0.39803622600084054,0.05004069699862157,1.5632036040005914,,,,,,,False,False,
refinement,rg_gamma60__conservative_c2_d1,train,28,rg_gamma60,gamma60,region_growing,conservative_c2_d1,2,1,both_tolerable,True,0.671875,0.671875,0.5688844086021505,0.33620338983050846,0.5688844086021505,0.23268101877164205,11527,5315,11527,6212,0.20504444903866031,0.42001240438288195,0.9330197554092192,0.881235360458055,0.39803622600084054,0.05004069699862157,0.6062902480007324,,,,,,,False,False,
refinement,rg_gamma60__current_c3_d2,train,28,rg_gamma60,gamma60,region_growing,current_c3_d2,3,2,both_tolerable,True,0.671875,0.671875,0.6638746225229792,0.33620338983050846,0.6638746225229792,0.3276712326924708,21182,5315,21182,15867,0.20504444903866031,0.6226586727310316,0.9330197554092192,0.7109338117269379,0.39803622600084054,0.05004069699862157,1.8172090829975787,,,,,,,False,False,
refinement,rg_gamma60__raw,train,28,rg_gamma60,gamma60,region_growing,raw,0,0,both_tolerable,True,0.671875,0.671875,0.33620338983050846,0.33620338983050846,0.33620338983050846,0.0,5315,5315,5315,0,0.20504444903866031,0.20504444903866031,0.9330197554092192,0.9330197554092192,0.39803622600084054,0.05004069699862157,0.24726861400267808,,,,,,,False,False,
refinement,rg_gamma65__closing_c3_d1,train,28,rg_gamma65,gamma65,region_growing,closing_c3_d1,3,1,both_tolerable,True,0.671875,0.671875,0.5645772221114687,0.3240277110912957,0.5645772221114687,0.24054951102017297,10928,4973,10928,5955,0.19532768244779822,0.4098408104196816,0.9499296199477176,0.9070278184480234,0.3908343809998769,0.05160865299694706,1.5362911529991834,,,,,,,False,False,
refinement,rg_gamma65__conservative_c2_d1,train,28,rg_gamma65,gamma65,region_growing,conservative_c2_d1,2,1,both_tolerable,True,0.671875,0.671875,0.5621485857807461,0.3240277110912957,0.5621485857807461,0.23812087468945042,10852,4973,10852,5879,0.19532768244779822,0.40719454207153194,0.9499296199477176,0.9074824917065979,0.3908343809998769,0.05160865299694706,0.603026790999138,,,,,,,False,False,
refinement,rg_gamma65__current_c3_d2,train,28,rg_gamma65,gamma65,region_growing,current_c3_d2,3,2,both_tolerable,True,0.671875,0.671875,0.6715735120934867,0.3240277110912957,0.6715735120934867,0.347545801002191,19971,4973,19971,14998,0.19532768244779822,0.613065949968989,0.9499296199477176,0.742426518451755,0.3908343809998769,0.05160865299694706,1.8236031740016188,,,,,,,False,False,
refinement,rg_gamma65__raw,train,28,rg_gamma65,gamma65,region_growing,raw,0,0,both_tolerable,True,0.671875,0.671875,0.3240277110912957,0.3240277110912957,0.3240277110912957,0.0,4973,4973,4973,0,0.19532768244779822,0.19532768244779822,0.9499296199477176,0.9499296199477176,0.3908343809998769,0.05160865299694706,0.23757686799945077,,,,,,,False,False,
refinement,rg_gamma70__closing_c3_d1,train,28,rg_gamma70,gamma70,region_growing,closing_c3_d1,3,1,both_tolerable,True,0.671875,0.671875,0.5471698113207547,0.30858846780624805,0.5471698113207547,0.23858134351450666,10265,4656,10265,5609,0.1839983460822824,0.38970436220798016,0.9557560137457045,0.9181685338528982,0.38948714299840503,0.04729408099956345,1.544789180999942,,,,,,,False,False,
refinement,rg_gamma70__conservative_c2_d1,train,28,rg_gamma70,gamma70,region_growing,conservative_c2_d1,2,1,both_tolerable,True,0.671875,0.671875,0.5460461332868515,0.30858846780624805,0.5460461332868515,0.23745766548060343,10237,4656,10237,5581,0.1839983460822824,0.3885879677486045,0.9557560137457045,0.9180423952329784,0.38948714299840503,0.04729408099956345,0.6000817079984699,,,,,,,False,False,
refinement,rg_gamma70__current_c3_d2,train,28,rg_gamma70,gamma70,region_growing,current_c3_d2,3,2,both_tolerable,True,0.671875,0.671875,0.666001346113677,0.30858846780624805,0.666001346113677,0.35741287830742896,18902,4656,18902,14246,0.1839983460822824,0.5932602853008063,0.9557560137457045,0.7590731139561951,0.38948714299840503,0.04729408099956345,1.7997202949991333,,,,,,,False,False,
refinement,rg_gamma70__raw,train,28,rg_gamma70,gamma70,region_growing,raw,0,0,both_tolerable,True,0.671875,0.671875,0.30858846780624805,0.30858846780624805,0.30858846780624805,0.0,4656,4656,4656,0,0.1839983460822824,0.1839983460822824,0.9557560137457045,0.9557560137457045,0.38948714299840503,0.04729408099956345,0.23422327099979157,,,,,,,False,False,
refinement,fc_alpha_018__closing_c3_d1,train,44,fc_alpha_018,current,fuzzy_connectedness,closing_c3_d1,3,1,both_tolerable,True,1.76953125,0.58984375,0.5036115668078647,0.35757807182109475,0.5036115668078647,0.14603349498676993,37651,16202,37651,21449,0.2445776839045218,0.4671254343530694,0.6646710282681151,0.5462803112799128,0.3019329749986355,3.7447595269986778,1.1597099999999045,16202.0,562876.0,500000.0,0.18,8.0,False,False,True,
refinement,fc_alpha_018__conservative_c2_d1,train,44,fc_alpha_018,current,fuzzy_connectedness,conservative_c2_d1,2,1,both_tolerable,True,1.76953125,0.58984375,0.5167271669428177,0.35757807182109475,0.5167271669428177,0.15914909512172298,35032,16202,35032,18830,0.2445776839045218,0.46392314505689175,0.6646710282681151,0.5830954555834665,0.3019329749986355,3.7447595269986778,0.4479066489984689,16202.0,562876.0,500000.0,0.18,8.0,False,False,True,
refinement,fc_alpha_018__current_c3_d2,train,44,fc_alpha_018,current,fuzzy_connectedness,current_c3_d2,3,2,both_tolerable,True,1.76953125,0.58984375,0.5450274815615164,0.35757807182109475,0.5450274815615164,0.18744940974042162,62404,16202,62404,46202,0.2445776839045218,0.6587404328768368,0.6646710282681151,0.46479392346644444,0.3019329749986355,3.7447595269986778,1.3442850749997888,16202.0,562876.0,500000.0,0.18,8.0,False,False,True,
refinement,fc_alpha_018__raw,train,44,fc_alpha_018,current,fuzzy_connectedness,raw,0,0,both_tolerable,True,1.76953125,0.58984375,0.35757807182109475,0.35757807182109475,0.35757807182109475,0.0,16202,16202,16202,0,0.2445776839045218,0.2445776839045218,0.6646710282681151,0.6646710282681151,0.3019329749986355,3.7447595269986778,0.17651450400080648,16202.0,562876.0,500000.0,0.18,8.0,False,False,True,
refinement,fc_current__closing_c3_d1,train,44,fc_current,current,fuzzy_connectedness,closing_c3_d1,3,1,both_tolerable,True,1.76953125,0.58984375,0.44722963461013177,0.34814451628719395,0.44722963461013177,0.09908511832293782,51155,21235,51155,29920,0.2580227566941473,0.48340941609320703,0.5350129503178714,0.41608835890919754,0.3019329749986355,4.860088147997885,1.1653828979979153,21235.0,562876.0,500000.0,0.16,8.0,False,False,True,
refinement,fc_current__conservative_c2_d1,train,44,fc_current,current,fuzzy_connectedness,conservative_c2_d1,2,1,both_tolerable,True,1.76953125,0.58984375,0.46657689081195636,0.34814451628719395,0.46657689081195636,0.11843237452476241,46565,21235,46565,25330,0.2580227566941473,0.4800027253525925,0.5350129503178714,0.45388167078277675,0.3019329749986355,4.860088147997885,0.4555492819999927,21235.0,562876.0,500000.0,0.16,8.0,False,False,True,
refinement,fc_current__current_c3_d2,train,44,fc_current,current,fuzzy_connectedness,current_c3_d2,3,2,both_tolerable,True,1.76953125,0.58984375,0.4647021745981721,0.34814451628719395,0.4647021745981721,0.11655765831097814,82889,21235,82889,61654,0.2580227566941473,0.6697553996048239,0.5350129503178714,0.3557770029798888,0.3019329749986355,4.860088147997885,1.3678665539991925,21235.0,562876.0,500000.0,0.16,8.0,False,False,True,
refinement,fc_current__raw,train,44,fc_current,current,fuzzy_connectedness,raw,0,0,both_tolerable,True,1.76953125,0.58984375,0.34814451628719395,0.34814451628719395,0.34814451628719395,0.0,21235,21235,21235,0,0.2580227566941473,0.2580227566941473,0.5350129503178714,0.5350129503178714,0.3019329749986355,4.860088147997885,0.1780672909990244,21235.0,562876.0,500000.0,0.16,8.0,False,False,True,
refinement,fc_floor_020__closing_c3_d1,train,44,fc_floor_020,current,fuzzy_connectedness,closing_c3_d1,3,1,both_tolerable,True,1.76953125,0.58984375,0.4469417409757576,0.34876444281636826,0.4469417409757576,0.09817729815938936,51628,21486,51628,30142,0.2594762780768095,0.485498853080784,0.531741599180862,0.41405826295808473,0.3019329749986355,4.882238682999741,1.153314256000158,21486.0,525730.0,500000.0,0.16,8.0,False,False,True,
refinement,fc_floor_020__conservative_c2_d1,train,44,fc_floor_020,current,fuzzy_connectedness,conservative_c2_d1,2,1,both_tolerable,True,1.76953125,0.58984375,0.4664066362687469,0.34876444281636826,0.4664066362687469,0.11764219345237864,46984,21486,46984,25498,0.2594762780768095,0.4820467397969612,0.531741599180862,0.4517495317554912,0.3019329749986355,4.882238682999741,0.4566305009975622,21486.0,525730.0,500000.0,0.16,8.0,False,False,True,
refinement,fc_floor_020__current_c3_d2,train,44,fc_floor_020,current,fuzzy_connectedness,current_c3_d2,3,2,both_tolerable,True,1.76953125,0.58984375,0.46364676921147124,0.34876444281636826,0.46364676921147124,0.11488232639510298,83523,21486,83523,62037,0.2594762780768095,0.6715723013331516,0.531741599180862,0.3540342181195599,0.3019329749986355,4.882238682999741,1.3479752019993612,21486.0,525730.0,500000.0,0.16,8.0,False,False,True,
refinement,fc_floor_020__raw,train,44,fc_floor_020,current,fuzzy_connectedness,raw,0,0,both_tolerable,True,1.76953125,0.58984375,0.34876444281636826,0.34876444281636826,0.34876444281636826,0.0,21486,21486,21486,0,0.2594762780768095,0.2594762780768095,0.531741599180862,0.531741599180862,0.3019329749986355,4.882238682999741,0.17730040999958874,21486.0,525730.0,500000.0,0.16,8.0,False,False,True,
refinement,fc_floor_022__closing_c3_d1,train,44,fc_floor_022,current,fuzzy_connectedness,closing_c3_d1,3,1,both_tolerable,True,1.76953125,0.58984375,0.4454925100247242,0.34893371232272874,0.4454925100247242,0.09655879770199544,52231,21758,52231,30473,0.26067997547182664,0.48697508573505033,0.527530103869841,0.41052248664586166,0.3019329749986355,4.796969794999313,1.1835345850013255,21758.0,494047.0,494047.0,0.16,8.0,False,False,False,
refinement,fc_floor_022__conservative_c2_d1,train,44,fc_floor_022,current,fuzzy_connectedness,conservative_c2_d1,2,1,both_tolerable,True,1.76953125,0.58984375,0.4651178031916637,0.34893371232272874,0.4651178031916637,0.11618409086893494,47520,21758,47520,25762,0.26067997547182664,0.48354568372283163,0.527530103869841,0.44804292929292927,0.3019329749986355,4.796969794999313,0.45992286700129625,21758.0,494047.0,494047.0,0.16,8.0,False,False,False,
refinement,fc_floor_022__current_c3_d2,train,44,fc_floor_022,current,fuzzy_connectedness,current_c3_d2,3,2,both_tolerable,True,1.76953125,0.58984375,0.4615911994764561,0.34893371232272874,0.4615911994764561,0.11265748715372736,84325,21758,84325,62567,0.26067997547182664,0.6727987099997729,0.527530103869841,0.3513074414467833,0.3019329749986355,4.796969794999313,1.34738622200166,21758.0,494047.0,494047.0,0.16,8.0,False,False,False,
refinement,fc_floor_022__raw,train,44,fc_floor_022,current,fuzzy_connectedness,raw,0,0,both_tolerable,True,1.76953125,0.58984375,0.34893371232272874,0.34893371232272874,0.34893371232272874,0.0,21758,21758,21758,0,0.26067997547182664,0.26067997547182664,0.527530103869841,0.527530103869841,0.3019329749986355,4.796969794999313,0.17854247899958864,21758.0,494047.0,494047.0,0.16,8.0,False,False,False,
refinement,fc_floor_022_alpha_018__closing_c3_d1,train,44,fc_floor_022_alpha_018,current,fuzzy_connectedness,closing_c3_d1,3,1,both_tolerable,True,1.76953125,0.58984375,0.5023207212461422,0.3584559734403647,0.5023207212461422,0.14386474780577757,38271,16512,38271,21759,0.24644000817605777,0.46946469532829144,0.6571584302325582,0.540121763214967,0.3019329749986355,3.7707511500011606,1.1609586289996514,16512.0,494047.0,494047.0,0.18,8.0,False,False,False,
refinement,fc_floor_022_alpha_018__conservative_c2_d1,train,44,fc_floor_022_alpha_018,current,fuzzy_connectedness,conservative_c2_d1,2,1,both_tolerable,True,1.76953125,0.58984375,0.5155337977781962,0.3584559734403647,0.5155337977781962,0.15707782433783152,35634,16512,35634,19122,0.24644000817605777,0.46637596239013424,0.6571584302325582,0.5762754672503788,0.3019329749986355,3.7707511500011606,0.45280815300066024,16512.0,494047.0,494047.0,0.18,8.0,False,False,False,
refinement,fc_floor_022_alpha_018__current_c3_d2,train,44,fc_floor_022_alpha_018,current,fuzzy_connectedness,current_c3_d2,3,2,both_tolerable,True,1.76953125,0.58984375,0.541748187899454,0.3584559734403647,0.541748187899454,0.18329221445908933,63303,16512,63303,46791,0.24644000817605777,0.6603075106175195,0.6571584302325582,0.459283130341374,0.3019329749986355,3.7707511500011606,1.3481138740025926,16512.0,494047.0,494047.0,0.18,8.0,False,False,False,
refinement,fc_floor_022_alpha_018__raw,train,44,fc_floor_022_alpha_018,current,fuzzy_connectedness,raw,0,0,both_tolerable,True,1.76953125,0.58984375,0.3584559734403647,0.3584559734403647,0.3584559734403647,0.0,16512,16512,16512,0,0.24644000817605777,0.24644000817605777,0.6571584302325582,0.6571584302325582,0.3019329749986355,3.7707511500011606,0.17869110999890836,16512.0,494047.0,494047.0,0.18,8.0,False,False,False,
refinement,fc_floor_024__closing_c3_d1,train,44,fc_floor_024,current,fuzzy_connectedness,closing_c3_d1,3,1,both_tolerable,True,1.76953125,0.58984375,0.4422298477407689,0.348639635425312,0.4422298477407689,0.09359021231545689,53303,22238,53303,31065,0.26236060957052987,0.4887919874633781,0.5194711754654195,0.4037671425623323,0.3019329749986355,4.854480072001024,1.148987116997887,22238.0,466886.0,466886.0,0.16,8.0,False,False,False,
refinement,fc_floor_024__conservative_c2_d1,train,44,fc_floor_024,current,fuzzy_connectedness,conservative_c2_d1,2,1,both_tolerable,True,1.76953125,0.58984375,0.46199070571706474,0.348639635425312,0.46199070571706474,0.11335107029175273,48499,22238,48499,26261,0.26236060957052987,0.4854307192659717,0.5194711754654195,0.4407101177343863,0.3019329749986355,4.854480072001024,0.4498836560014752,22238.0,466886.0,466886.0,0.16,8.0,False,False,False,
refinement,fc_floor_024__current_c3_d2,train,44,fc_floor_024,current,fuzzy_connectedness,current_c3_d2,3,2,both_tolerable,True,1.76953125,0.58984375,0.4563788317968984,0.348639635425312,0.4563788317968984,0.10773919637158641,86032,22238,86032,63794,0.26236060957052987,0.6740478299379983,0.5194711754654195,0.34497628789287704,0.3019329749986355,4.854480072001024,1.3529773139998724,22238.0,466886.0,466886.0,0.16,8.0,False,False,False,
refinement,fc_floor_024__raw,train,44,fc_floor_024,current,fuzzy_connectedness,raw,0,0,both_tolerable,True,1.76953125,0.58984375,0.348639635425312,0.348639635425312,0.348639635425312,0.0,22238,22238,22238,0,0.26236060957052987,0.26236060957052987,0.5194711754654195,0.5194711754654195,0.3019329749986355,4.854480072001024,0.17922153700055787,22238.0,466886.0,466886.0,0.16,8.0,False,False,False,
refinement,rg_gamma55__closing_c3_d1,train,44,rg_gamma55,current,region_growing,closing_c3_d1,3,1,both_tolerable,True,1.76953125,0.58984375,0.39673723729535165,0.3195201909567477,0.39673723729535165,0.07721704633860393,59317,22162,59317,37155,0.24017169721332698,0.4656037791555949,0.47716812562043137,0.34561761383751705,0.3019329749986355,0.16948326700003236,1.1742260380015068,,,,,,,False,False,
refinement,rg_gamma55__conservative_c2_d1,train,44,rg_gamma55,current,region_growing,conservative_c2_d1,2,1,both_tolerable,True,1.76953125,0.58984375,0.42075768228628146,0.3195201909567477,0.42075768228628146,0.10123749132953375,52685,22162,52685,30523,0.24017169721332698,0.462106243328564,0.47716812562043137,0.38620100597893137,0.3019329749986355,0.16948326700003236,0.47774011900037294,,,,,,,False,False,
refinement,rg_gamma55__current_c3_d2,train,44,rg_gamma55,current,region_growing,current_c3_d2,3,2,both_tolerable,True,1.76953125,0.58984375,0.41356941265673486,0.3195201909567477,0.41356941265673486,0.09404922169998714,98407,22162,98407,76245,0.24017169721332698,0.6689377938270764,0.47716812562043137,0.2993079760586137,0.3019329749986355,0.16948326700003236,1.3601037150001503,,,,,,,False,False,
refinement,rg_gamma55__raw,train,44,rg_gamma55,current,region_growing,raw,0,0,both_tolerable,True,1.76953125,0.58984375,0.3195201909567477,0.3195201909567477,0.3195201909567477,0.0,22162,22162,22162,0,0.24017169721332698,0.24017169721332698,0.47716812562043137,0.47716812562043137,0.3019329749986355,0.16948326700003236,0.17776474700076506,,,,,,,False,False,
refinement,rg_gamma60__closing_c3_d1,train,44,rg_gamma60,gamma60,region_growing,closing_c3_d1,3,1,both_tolerable,True,1.76953125,0.58984375,0.41489428709399734,0.3200646275205525,0.41489428709399734,0.09482965957344486,51227,19100,51227,32127,0.22945197701619313,0.44879743816856305,0.5289528795811518,0.3857536064965741,0.3201215169974603,0.1455875770006969,1.149536477001675,,,,,,,False,False,
refinement,rg_gamma60__conservative_c2_d1,train,44,rg_gamma60,gamma60,region_growing,conservative_c2_d1,2,1,both_tolerable,True,1.76953125,0.58984375,0.43793141963587623,0.3200646275205525,0.43793141963587623,0.11786679211532375,45499,19100,45499,26399,0.22945197701619313,0.4452317685267198,0.5289528795811518,0.43086661245302094,0.3201215169974603,0.1455875770006969,0.4732702450019133,,,,,,,False,False,
refinement,rg_gamma60__current_c3_d2,train,44,rg_gamma60,gamma60,region_growing,current_c3_d2,3,2,both_tolerable,True,1.76953125,0.58984375,0.4412796062749923,0.3200646275205525,0.4412796062749923,0.12121497875443982,86009,19100,86009,66909,0.22945197701619313,0.6516318048647544,0.5289528795811518,0.33359299608180537,0.3201215169974603,0.1455875770006969,1.3405874950003636,,,,,,,False,False,
refinement,rg_gamma60__raw,train,44,rg_gamma60,gamma60,region_growing,raw,0,0,both_tolerable,True,1.76953125,0.58984375,0.3200646275205525,0.3200646275205525,0.3200646275205525,0.0,19100,19100,19100,0,0.22945197701619313,0.22945197701619313,0.5289528795811518,0.5289528795811518,0.3201215169974603,0.1455875770006969,0.17609003799952916,,,,,,,False,False,
refinement,rg_gamma65__closing_c3_d1,train,44,rg_gamma65,gamma65,region_growing,closing_c3_d1,3,1,both_tolerable,True,1.76953125,0.58984375,0.4325954831909215,0.3191506817846184,0.4325954831909215,0.11344480140630309,45147,16912,45147,28235,0.22086711634984443,0.43807771797142925,0.5750354777672658,0.4272487651449709,0.3088349380013824,0.1315356500017515,1.1634875089985144,,,,,,,False,False,
refinement,rg_gamma65__conservative_c2_d1,train,44,rg_gamma65,gamma65,region_growing,conservative_c2_d1,2,1,both_tolerable,True,1.76953125,0.58984375,0.45290614380942235,0.3191506817846184,0.45290614380942235,0.13375546202480393,40428,16912,40428,23516,0.22086711634984443,0.4343757806999614,0.5750354777672658,0.47308795884040766,0.3088349380013824,0.1315356500017515,0.4529177059994254,,,,,,,False,False,
refinement,rg_gamma65__current_c3_d2,train,44,rg_gamma65,gamma65,region_growing,current_c3_d2,3,2,both_tolerable,True,1.76953125,0.58984375,0.468022968022968,0.3191506817846184,0.468022968022968,0.14887228623834958,77181,16912,77181,60269,0.22086711634984443,0.6442052190502147,0.5750354777672658,0.36751272981692384,0.3088349380013824,0.1315356500017515,1.3437425620031718,,,,,,,False,False,
refinement,rg_gamma65__raw,train,44,rg_gamma65,gamma65,region_growing,raw,0,0,both_tolerable,True,1.76953125,0.58984375,0.3191506817846184,0.3191506817846184,0.3191506817846184,0.0,16912,16912,16912,0,0.22086711634984443,0.22086711634984443,0.5750354777672658,0.5750354777672658,0.3088349380013824,0.1315356500017515,0.1758445089981251,,,,,,,False,False,
refinement,rg_gamma70__closing_c3_d1,train,44,rg_gamma70,gamma70,region_growing,closing_c3_d1,3,1,both_tolerable,True,1.76953125,0.58984375,0.48311206685638497,0.3259488714477142,0.48311206685638497,0.1571631954086708,33628,13432,33628,20196,0.21269105857236947,0.42604074402125774,0.6972156045265039,0.5578387058403711,0.3094001980025496,0.10437813099997584,1.1555396959993232,,,,,,,False,False,
refinement,rg_gamma70__conservative_c2_d1,train,44,rg_gamma70,gamma70,region_growing,conservative_c2_d1,2,1,both_tolerable,True,1.76953125,0.58984375,0.4965275922859127,0.3259488714477142,0.4965275922859127,0.17057872083819853,30845,13432,30845,17413,0.21269105857236947,0.42217982784856123,0.6972156045265039,0.6026584535581131,0.3094001980025496,0.10437813099997584,0.4726307389973954,,,,,,,False,False,
refinement,rg_gamma70__current_c3_d2,train,44,rg_gamma70,gamma70,region_growing,current_c3_d2,3,2,both_tolerable,True,1.76953125,0.58984375,0.5476708409273522,0.3259488714477142,0.5476708409273522,0.22172196947963801,58023,13432,58023,44591,0.21269105857236947,0.6346891962480979,0.6972156045265039,0.48163659238577805,0.3094001980025496,0.10437813099997584,1.3616461749988957,,,,,,,False,False,
refinement,rg_gamma70__raw,train,44,rg_gamma70,gamma70,region_growing,raw,0,0,both_tolerable,True,1.76953125,0.58984375,0.3259488714477142,0.3259488714477142,0.3259488714477142,0.0,13432,13432,13432,0,0.21269105857236947,0.21269105857236947,0.6972156045265039,0.6972156045265039,0.3094001980025496,0.10437813099997584,0.17535156600206392,,,,,,,False,False,
refinement,fc_alpha_018__closing_c3_d1,train,90,fc_alpha_018,current,fuzzy_connectedness,closing_c3_d1,3,1,both_tolerable,True,1.3203125,0.8281342128025279,0.30576665176575774,0.17050821840166258,0.30576665176575774,0.13525843336409515,8669,4036,8669,4633,0.09423619087396888,0.18748042184400127,0.8944499504459861,0.8284692582766179,0.420563741998194,1.0324440519980271,1.5350431260012556,4036.0,515101.0,500000.0,0.18,8.0,False,False,True,
refinement,fc_alpha_018__conservative_c2_d1,train,90,fc_alpha_018,current,fuzzy_connectedness,conservative_c2_d1,2,1,both_tolerable,True,1.3203125,0.8281342128025279,0.30459794605190266,0.17050821840166258,0.30459794605190266,0.13408972765024008,8626,4036,8626,4590,0.09423619087396888,0.18659287877205805,0.8944499504459861,0.8286575469510782,0.420563741998194,1.0324440519980271,0.5982107099989662,4036.0,515101.0,500000.0,0.18,8.0,False,False,True,
refinement,fc_alpha_018__current_c3_d2,train,90,fc_alpha_018,current,fuzzy_connectedness,current_c3_d2,3,2,both_tolerable,True,1.3203125,0.8281342128025279,0.3691766231360563,0.17050821840166258,0.3691766231360563,0.19866840473439373,15677,4036,15677,11641,0.09423619087396888,0.2601284327033518,0.8944499504459861,0.6356445748548829,0.420563741998194,1.0324440519980271,1.7937669009988895,4036.0,515101.0,500000.0,0.18,8.0,False,False,True,
refinement,fc_alpha_018__raw,train,90,fc_alpha_018,current,fuzzy_connectedness,raw,0,0,both_tolerable,True,1.3203125,0.8281342128025279,0.17050821840166258,0.17050821840166258,0.17050821840166258,0.0,4036,4036,4036,0,0.09423619087396888,0.09423619087396888,0.8944499504459861,0.8944499504459861,0.420563741998194,1.0324440519980271,0.2328590549986984,4036.0,515101.0,500000.0,0.18,8.0,False,False,True,
refinement,fc_current__closing_c3_d1,train,90,fc_current,current,fuzzy_connectedness,closing_c3_d1,3,1,both_tolerable,True,1.3203125,0.8281342128025279,0.3289246214409198,0.18873384048163533,0.3289246214409198,0.14019078095928444,9703,4546,9703,5157,0.10556541714524381,0.20611882635480838,0.8895732512098549,0.8137689374420283,0.420563741998194,1.100732627997786,1.5398197389986308,4546.0,515101.0,500000.0,0.16,8.0,False,False,True,
refinement,fc_current__conservative_c2_d1,train,90,fc_current,current,fuzzy_connectedness,conservative_c2_d1,2,1,both_tolerable,True,1.3203125,0.8281342128025279,0.32701174605161587,0.18873384048163533,0.32701174605161587,0.13827790556998054,9623,4546,9623,5077,0.10556541714524381,0.20457867808290697,0.8895732512098549,0.8144029928296789,0.420563741998194,1.100732627997786,0.6007574069990369,4546.0,515101.0,500000.0,0.16,8.0,False,False,True,
refinement,fc_current__current_c3_d2,train,90,fc_current,current,fuzzy_connectedness,current_c3_d2,3,2,both_tolerable,True,1.3203125,0.8281342128025279,0.38474932237160964,0.18873384048163533,0.38474932237160964,0.1960154818899743,17401,4546,17401,12855,0.10556541714524381,0.2797587971180954,0.8895732512098549,0.6158841445893914,0.420563741998194,1.100732627997786,1.7871398579991364,4546.0,515101.0,500000.0,0.16,8.0,False,False,True,
refinement,fc_current__raw,train,90,fc_current,current,fuzzy_connectedness,raw,0,0,both_tolerable,True,1.3203125,0.8281342128025279,0.18873384048163533,0.18873384048163533,0.18873384048163533,0.0,4546,4546,4546,0,0.10556541714524381,0.10556541714524381,0.8895732512098549,0.8895732512098549,0.420563741998194,1.100732627997786,0.23300185500193038,4546.0,515101.0,500000.0,0.16,8.0,False,False,True,
refinement,fc_floor_020__closing_c3_d1,train,90,fc_floor_020,current,fuzzy_connectedness,closing_c3_d1,3,1,both_tolerable,True,1.3203125,0.8281342128025279,0.3296296296296296,0.18958119578397536,0.3296296296296296,0.14004843384565424,9752,4576,9752,5176,0.10611360551320873,0.20677143155476663,0.8883304195804196,0.8122436423297785,0.420563741998194,1.0813497960007226,1.5380763430002844,4576.0,473251.0,473251.0,0.16,8.0,False,False,False,
refinement,fc_floor_020__conservative_c2_d1,train,90,fc_floor_020,current,fuzzy_connectedness,conservative_c2_d1,2,1,both_tolerable,True,1.3203125,0.8281342128025279,0.327719883284702,0.18958119578397536,0.327719883284702,0.1381386875007266,9672,4576,9672,5096,0.10611360551320873,0.2052312832828652,0.8883304195804196,0.8128618693134823,0.420563741998194,1.0813497960007226,0.6019636780001747,4576.0,473251.0,473251.0,0.16,8.0,False,False,False,
refinement,fc_floor_020__current_c3_d2,train,90,fc_floor_020,current,fuzzy_connectedness,current_c3_d2,3,2,both_tolerable,True,1.3203125,0.8281342128025279,0.38474640084622697,0.18958119578397536,0.38474640084622697,0.1951652050622516,17469,4576,17469,12893,0.10611360551320873,0.2800981518220737,0.8883304195804196,0.6142309233499341,0.420563741998194,1.0813497960007226,1.7898630230010895,4576.0,473251.0,473251.0,0.16,8.0,False,False,False,
refinement,fc_floor_020__raw,train,90,fc_floor_020,current,fuzzy_connectedness,raw,0,0,both_tolerable,True,1.3203125,0.8281342128025279,0.18958119578397536,0.18958119578397536,0.18958119578397536,0.0,4576,4576,4576,0,0.10611360551320873,0.10611360551320873,0.8883304195804196,0.8883304195804196,0.420563741998194,1.0813497960007226,0.23294856500069727,4576.0,473251.0,473251.0,0.16,8.0,False,False,False,
refinement,fc_floor_022__closing_c3_d1,train,90,fc_floor_022,current,fuzzy_connectedness,closing_c3_d1,3,1,both_tolerable,True,1.3203125,0.8281342128025279,0.33064549648780084,0.19073137771150306,0.33064549648780084,0.13991411877629778,9810,4611,9810,5199,0.10684452333716195,0.20765897462670982,0.8876599436130991,0.8109072375127421,0.420563741998194,1.056756612000754,1.5471030529988639,4611.0,438285.0,438285.0,0.16,8.0,False,False,False,
refinement,fc_floor_022__conservative_c2_d1,train,90,fc_floor_022,current,fuzzy_connectedness,conservative_c2_d1,2,1,both_tolerable,True,1.3203125,0.8281342128025279,0.32865589606928713,0.19073137771150306,0.32865589606928713,0.13792451835778408,9724,4611,9724,5113,0.10684452333716195,0.20604051373081342,0.8876599436130991,0.8117030028794735,0.420563741998194,1.056756612000754,0.608921482002188,4611.0,438285.0,438285.0,0.16,8.0,False,False,False,
refinement,fc_floor_022__current_c3_d2,train,90,fc_floor_022,current,fuzzy_connectedness,current_c3_d2,3,2,both_tolerable,True,1.3203125,0.8281342128025279,0.3849032281166634,0.19073137771150306,0.3849032281166634,0.19417185040516033,17545,4611,17545,12934,0.10684452333716195,0.28059413177404197,0.8876599436130991,0.6126531775434597,0.420563741998194,1.056756612000754,1.7926914259987825,4611.0,438285.0,438285.0,0.16,8.0,False,False,False,
refinement,fc_floor_022__raw,train,90,fc_floor_022,current,fuzzy_connectedness,raw,0,0,both_tolerable,True,1.3203125,0.8281342128025279,0.19073137771150306,0.19073137771150306,0.19073137771150306,0.0,4611,4611,4611,0,0.10684452333716195,0.10684452333716195,0.8876599436130991,0.8876599436130991,0.420563741998194,1.056756612000754,0.23549243600064074,4611.0,438285.0,438285.0,0.16,8.0,False,False,False,
refinement,fc_floor_022_alpha_018__closing_c3_d1,train,90,fc_floor_022_alpha_018,current,fuzzy_connectedness,closing_c3_d1,3,1,both_tolerable,True,1.3203125,0.8281342128025279,0.3067049197747317,0.17200547247251968,0.3067049197747317,0.134699447302212,8747,4086,8747,4661,0.09517594236190874,0.18836796491594446,0.8923152227116985,0.8249685606493655,0.420563741998194,1.0161972440000682,1.5398239810019732,4086.0,438285.0,438285.0,0.18,8.0,False,False,False,
refinement,fc_floor_022_alpha_018__conservative_c2_d1,train,90,fc_floor_022_alpha_018,current,fuzzy_connectedness,conservative_c2_d1,2,1,both_tolerable,True,1.3203125,0.8281342128025279,0.30555201021059347,0.17200547247251968,0.30555201021059347,0.1335465377380738,8702,4086,8702,4616,0.09517594236190874,0.18748042184400127,0.8923152227116985,0.8253275109170306,0.420563741998194,1.0161972440000682,0.6003449060008279,4086.0,438285.0,438285.0,0.18,8.0,False,False,False,
refinement,fc_floor_022_alpha_018__current_c3_d2,train,90,fc_floor_022_alpha_018,current,fuzzy_connectedness,current_c3_d2,3,2,both_tolerable,True,1.3203125,0.8281342128025279,0.3686399172011015,0.17200547247251968,0.3686399172011015,0.19663444472858183,15799,4086,15799,11713,0.09517594236190874,0.2603372663673384,0.8923152227116985,0.6312424837015,0.420563741998194,1.0161972440000682,1.7947448730010365,4086.0,438285.0,438285.0,0.18,8.0,False,False,False,
refinement,fc_floor_022_alpha_018__raw,train,90,fc_floor_022_alpha_018,current,fuzzy_connectedness,raw,0,0,both_tolerable,True,1.3203125,0.8281342128025279,0.17200547247251968,0.17200547247251968,0.17200547247251968,0.0,4086,4086,4086,0,0.09517594236190874,0.09517594236190874,0.8923152227116985,0.8923152227116985,0.420563741998194,1.0161972440000682,0.23411714499889058,4086.0,438285.0,438285.0,0.18,8.0,False,False,False,
refinement,fc_floor_024__closing_c3_d1,train,90,fc_floor_024,current,fuzzy_connectedness,closing_c3_d1,3,1,both_tolerable,True,1.3203125,0.8281342128025279,0.33272478320401644,0.19200595944781992,0.33272478320401644,0.14071882375619651,9894,4649,9894,5245,0.10765375378511016,0.2093296439386029,0.8870724887072489,0.8104912067919952,0.420563741998194,1.0481230299992603,1.5294452340021962,4649.0,408776.0,408776.0,0.16,8.0,False,False,False,
refinement,fc_floor_024__conservative_c2_d1,train,90,fc_floor_024,current,fuzzy_connectedness,conservative_c2_d1,2,1,both_tolerable,True,1.3203125,0.8281342128025279,0.3307008063845706,0.19200595944781992,0.3307008063845706,0.1386948469367507,9808,4649,9808,5159,0.10765375378511016,0.20768507883470816,0.8870724887072489,0.8111745513866232,0.420563741998194,1.0481230299992603,0.6017049889996997,4649.0,408776.0,408776.0,0.16,8.0,False,False,False,
refinement,fc_floor_024__current_c3_d2,train,90,fc_floor_024,current,fuzzy_connectedness,current_c3_d2,3,2,both_tolerable,True,1.3203125,0.8281342128025279,0.38733286920509113,0.19200595944781992,0.38733286920509113,0.1953269097572712,17711,4649,17711,13062,0.10765375378511016,0.2832045525738749,0.8870724887072489,0.6125571678617808,0.420563741998194,1.0481230299992603,1.7881279200009885,4649.0,408776.0,408776.0,0.16,8.0,False,False,False,
refinement,fc_floor_024__raw,train,90,fc_floor_024,current,fuzzy_connectedness,raw,0,0,both_tolerable,True,1.3203125,0.8281342128025279,0.19200595944781992,0.19200595944781992,0.19200595944781992,0.0,4649,4649,4649,0,0.10765375378511016,0.10765375378511016,0.8870724887072489,0.8870724887072489,0.420563741998194,1.0481230299992603,0.23297257300146157,4649.0,408776.0,408776.0,0.16,8.0,False,False,False,
refinement,rg_gamma55__closing_c3_d1,train,90,rg_gamma55,current,region_growing,closing_c3_d1,3,1,both_tolerable,True,1.3203125,0.8281342128025279,0.31545621477869945,0.16952673197214682,0.31545621477869945,0.14592948280655263,9071,4057,9071,5014,0.09374021092200063,0.1950767463715151,0.8851368005915701,0.8238341968911918,0.420563741998194,0.04201981000005617,1.5315273279993562,,,,,,,False,False,
refinement,rg_gamma55__conservative_c2_d1,train,90,rg_gamma55,current,region_growing,conservative_c2_d1,2,1,both_tolerable,True,1.3203125,0.8281342128025279,0.3125965097831835,0.16952673197214682,0.3125965097831835,0.14306977781103666,8967,4057,8967,4910,0.09374021092200063,0.19288399289965544,0.8851368005915701,0.8240214118434259,0.420563741998194,0.04201981000005617,0.6032871920033358,,,,,,,False,False,
refinement,rg_gamma55__current_c3_d2,train,90,rg_gamma55,current,region_growing,current_c3_d2,3,2,both_tolerable,True,1.3203125,0.8281342128025279,0.3859751218447661,0.16952673197214682,0.3859751218447661,0.2164483898726193,16680,4057,16680,12623,0.09374021092200063,0.27701785527827083,0.8851368005915701,0.63621103117506,0.420563741998194,0.04201981000005617,1.787953290000587,,,,,,,False,False,
refinement,rg_gamma55__raw,train,90,rg_gamma55,current,region_growing,raw,0,0,both_tolerable,True,1.3203125,0.8281342128025279,0.16952673197214682,0.16952673197214682,0.16952673197214682,0.0,4057,4057,4057,0,0.09374021092200063,0.09374021092200063,0.8851368005915701,0.8851368005915701,0.420563741998194,0.04201981000005617,0.23527341099907062,,,,,,,False,False,
refinement,rg_gamma60__closing_c3_d1,train,90,rg_gamma60,gamma60,region_growing,closing_c3_d1,3,1,both_tolerable,True,1.3203125,0.8281342128025279,0.30881821082863525,0.16232764553717635,0.30881821082863525,0.1464905652914589,8697,3829,8697,4868,0.0892763913542863,0.18946434165187429,0.893183598850875,0.834540646199839,0.41492255000048317,0.04024765600115643,1.5391741269995691,,,,,,,False,False,
refinement,rg_gamma60__conservative_c2_d1,train,90,rg_gamma60,gamma60,region_growing,conservative_c2_d1,2,1,both_tolerable,True,1.3203125,0.8281342128025279,0.30620683775257906,0.16232764553717635,0.30620683775257906,0.1438791922154027,8608,3829,8608,4779,0.0892763913542863,0.18750652605199958,0.893183598850875,0.8344563197026023,0.41492255000048317,0.04024765600115643,0.6007085999990522,,,,,,,False,False,
refinement,rg_gamma60__current_c3_d2,train,90,rg_gamma60,gamma60,region_growing,current_c3_d2,3,2,both_tolerable,True,1.3203125,0.8281342128025279,0.3852284413104157,0.16232764553717635,0.3852284413104157,0.22290079577323937,16148,3829,16148,12319,0.0892763913542863,0.27380703769447634,0.893183598850875,0.6495541243497647,0.41492255000048317,0.04024765600115643,1.7899561800004449,,,,,,,False,False,
refinement,rg_gamma60__raw,train,90,rg_gamma60,gamma60,region_growing,raw,0,0,both_tolerable,True,1.3203125,0.8281342128025279,0.16232764553717635,0.16232764553717635,0.16232764553717635,0.0,3829,3829,3829,0,0.0892763913542863,0.0892763913542863,0.893183598850875,0.893183598850875,0.41492255000048317,0.04024765600115643,0.2321190740003658,,,,,,,False,False,
refinement,rg_gamma65__closing_c3_d1,train,90,rg_gamma65,gamma65,region_growing,closing_c3_d1,3,1,both_tolerable,True,1.3203125,0.8281342128025279,0.300425129900803,0.1542941710030076,0.300425129900803,0.1461309588977954,8266,3586,8266,4680,0.0843688002506004,0.182625039156312,0.9012827663134412,0.8463585773046214,0.40684414099814603,0.038785567001468735,1.5431675740001083,,,,,,,False,False,
refinement,rg_gamma65__conservative_c2_d1,train,90,rg_gamma65,gamma65,region_growing,conservative_c2_d1,2,1,both_tolerable,True,1.3203125,0.8281342128025279,0.29757294087270847,0.1542941710030076,0.29757294087270847,0.14327876986970087,8168,3586,8168,4582,0.0843688002506004,0.18051059830844732,0.9012827663134412,0.8465964740450539,0.40684414099814603,0.038785567001468735,0.5984040029979951,,,,,,,False,False,
refinement,rg_gamma65__current_c3_d2,train,90,rg_gamma65,gamma65,region_growing,current_c3_d2,3,2,both_tolerable,True,1.3203125,0.8281342128025279,0.3813313499442172,0.1542941710030076,0.3813313499442172,0.2270371789412096,15472,3586,15472,11886,0.0843688002506004,0.26767254881486896,0.9012827663134412,0.6627456049638056,0.40684414099814603,0.038785567001468735,1.7889293129992438,,,,,,,False,False,
refinement,rg_gamma65__raw,train,90,rg_gamma65,gamma65,region_growing,raw,0,0,both_tolerable,True,1.3203125,0.8281342128025279,0.1542941710030076,0.1542941710030076,0.1542941710030076,0.0,3586,3586,3586,0,0.0843688002506004,0.0843688002506004,0.9012827663134412,0.9012827663134412,0.40684414099814603,0.038785567001468735,0.23414199399849167,,,,,,,False,False,
refinement,rg_gamma70__closing_c3_d1,train,90,rg_gamma70,gamma70,region_growing,closing_c3_d1,3,1,both_tolerable,True,1.3203125,0.8281342128025279,0.29412273493923796,0.14797765470282193,0.29412273493923796,0.14614508023641604,7938,3401,7938,4537,0.08055758588284431,0.17753471859663777,0.9073801822993237,0.8567649281934996,0.41134883199993055,0.03703724400111241,1.5366437589982525,,,,,,,False,False,
refinement,rg_gamma70__conservative_c2_d1,train,90,rg_gamma70,gamma70,region_growing,conservative_c2_d1,2,1,both_tolerable,True,1.3203125,0.8281342128025279,0.29173616376042455,0.14797765470282193,0.29173616376042455,0.14375850905760262,7857,3401,7857,4456,0.08055758588284431,0.1757857366607497,0.9073801822993237,0.8570701285477917,0.41134883199993055,0.03703724400111241,0.6285054109976045,,,,,,,False,False,
refinement,rg_gamma70__current_c3_d2,train,90,rg_gamma70,gamma70,region_growing,current_c3_d2,3,2,both_tolerable,True,1.3203125,0.8281342128025279,0.3806698708320817,0.14797765470282193,0.3806698708320817,0.23269221612925978,14956,3401,14956,11555,0.08055758588284431,0.26464446068706277,0.9073801822993237,0.6778550414549345,0.41134883199993055,0.03703724400111241,1.7859780129983847,,,,,,,False,False,
refinement,rg_gamma70__raw,train,90,rg_gamma70,gamma70,region_growing,raw,0,0,both_tolerable,True,1.3203125,0.8281342128025279,0.14797765470282193,0.14797765470282193,0.14797765470282193,0.0,3401,3401,3401,0,0.08055758588284431,0.08055758588284431,0.9073801822993237,0.9073801822993237,0.41134883199993055,0.03703724400111241,0.23354647199812462,,,,,,,False,False,
refinement,fc_alpha_018__closing_c3_d1,train,129,fc_alpha_018,current,fuzzy_connectedness,closing_c3_d1,3,1,both_tolerable,True,1.4921875,0.0,0.590624872287384,0.3696321621687156,0.590624872287384,0.22099271011866845,15601,7904,15601,7697,0.2286348501664817,0.43351231364549897,0.9643218623481782,0.9263508749439139,0.4202957380002772,1.804200968999794,1.5369194750019233,7904.0,512202.0,500000.0,0.18,8.0,False,False,True,
refinement,fc_alpha_018__conservative_c2_d1,train,129,fc_alpha_018,current,fuzzy_connectedness,conservative_c2_d1,2,1,both_tolerable,True,1.4921875,0.0,0.5899312939636839,0.3696321621687156,0.5899312939636839,0.22029913179496835,15567,7904,15567,7663,0.2286348501664817,0.4327024027356991,0.9643218623481782,0.9266396865163486,0.4202957380002772,1.804200968999794,0.6015545100017334,7904.0,512202.0,500000.0,0.18,8.0,False,False,True,
refinement,fc_alpha_018__current_c3_d2,train,129,fc_alpha_018,current,fuzzy_connectedness,current_c3_d2,3,2,both_tolerable,True,1.4921875,0.0,0.708017953856601,0.3696321621687156,0.708017953856601,0.33838579168788546,27040,7904,27040,19136,0.2286348501664817,0.6411494735579086,0.9643218623481782,0.7904585798816568,0.4202957380002772,1.804200968999794,1.7981616760007455,7904.0,512202.0,500000.0,0.18,8.0,False,False,True,
refinement,fc_alpha_018__raw,train,129,fc_alpha_018,current,fuzzy_connectedness,raw,0,0,both_tolerable,True,1.4921875,0.0,0.3696321621687156,0.3696321621687156,0.3696321621687156,0.0,7904,7904,7904,0,0.2286348501664817,0.2286348501664817,0.9643218623481782,0.9643218623481782,0.4202957380002772,1.804200968999794,0.2346637019982154,7904.0,512202.0,500000.0,0.18,8.0,False,False,True,
refinement,fc_current__closing_c3_d1,train,129,fc_current,current,fuzzy_connectedness,closing_c3_d1,3,1,both_tolerable,True,1.4921875,0.0,0.6060824762935787,0.38653611357161666,0.6060824762935787,0.21954636272196204,16544,8434,16544,8110,0.2421633620301767,0.4534301226865045,0.9571970595209864,0.9136847195357833,0.4202957380002772,1.8618697320016508,1.536341844999697,8434.0,512202.0,500000.0,0.16,8.0,False,False,True,
refinement,fc_current__conservative_c2_d1,train,129,fc_current,current,fuzzy_connectedness,conservative_c2_d1,2,1,both_tolerable,True,1.4921875,0.0,0.6054257966128903,0.38653611357161666,0.6054257966128903,0.21888968304127365,16499,8434,16499,8065,0.2421633620301767,0.4525302216756157,0.9571970595209864,0.9143584459664222,0.4202957380002772,1.8618697320016508,0.5975658179995662,8434.0,512202.0,500000.0,0.16,8.0,False,False,True,
refinement,fc_current__current_c3_d2,train,129,fc_current,current,fuzzy_connectedness,current_c3_d2,3,2,both_tolerable,True,1.4921875,0.0,0.7104833626917048,0.38653611357161666,0.7104833626917048,0.3239472491200881,28542,8434,28542,20108,0.2421633620301767,0.6593874673785883,0.9571970595209864,0.7701632681662112,0.4202957380002772,1.8618697320016508,1.7978138020007464,8434.0,512202.0,500000.0,0.16,8.0,False,False,True,
refinement,fc_current__raw,train,129,fc_current,current,fuzzy_connectedness,raw,0,0,both_tolerable,True,1.4921875,0.0,0.38653611357161666,0.38653611357161666,0.38653611357161666,0.0,8434,8434,8434,0,0.2421633620301767,0.2421633620301767,0.9571970595209864,0.9571970595209864,0.4202957380002772,1.8618697320016508,0.233160403000511,8434.0,512202.0,500000.0,0.16,8.0,False,False,True,
refinement,fc_floor_020__closing_c3_d1,train,129,fc_floor_020,current,fuzzy_connectedness,closing_c3_d1,3,1,both_tolerable,True,1.4921875,0.0,0.6072107781314435,0.3881967526722303,0.6072107781314435,0.21901402545921322,16616,8482,16616,8134,0.24348321684614693,0.4549299577046525,0.9569676962980429,0.9127347135291286,0.4202957380002772,1.8688640839973232,1.530326939002407,8482.0,474836.0,474836.0,0.16,8.0,False,False,False,
refinement,fc_floor_020__conservative_c2_d1,train,129,fc_floor_020,current,fuzzy_connectedness,conservative_c2_d1,2,1,both_tolerable,True,1.4921875,0.0,0.606500220414379,0.3881967526722303,0.606500220414379,0.2183034677421487,16569,8482,16569,8087,0.24348321684614693,0.45397006329303774,0.9569676962980429,0.9133924799324039,0.4202957380002772,1.8688640839973232,0.6056560249999166,8482.0,474836.0,474836.0,0.16,8.0,False,False,False,
refinement,fc_floor_020__current_c3_d2,train,129,fc_floor_020,current,fuzzy_connectedness,current_c3_d2,3,2,both_tolerable,True,1.4921875,0.0,0.7102134318486134,0.3881967526722303,0.7102134318486134,0.3220166791763831,28650,8482,28650,20168,0.24348321684614693,0.6602873683894771,0.9569676962980429,0.7683071553228621,0.4202957380002772,1.8688640839973232,1.7935362279968103,8482.0,474836.0,474836.0,0.16,8.0,False,False,False,
refinement,fc_floor_020__raw,train,129,fc_floor_020,current,fuzzy_connectedness,raw,0,0,both_tolerable,True,1.4921875,0.0,0.3881967526722303,0.3881967526722303,0.3881967526722303,0.0,8482,8482,8482,0,0.24348321684614693,0.24348321684614693,0.9569676962980429,0.9569676962980429,0.4202957380002772,1.8688640839973232,0.23317977000260726,8482.0,474836.0,474836.0,0.16,8.0,False,False,False,
refinement,fc_floor_022__closing_c3_d1,train,129,fc_floor_022,current,fuzzy_connectedness,closing_c3_d1,3,1,both_tolerable,True,1.4921875,0.0,0.6077690477618505,0.38921011133941796,0.6077690477618505,0.21855893642243251,16682,8517,16682,8165,0.2443231244563098,0.45594984551699314,0.9563226488200071,0.9111617312072893,0.4202957380002772,1.8304724659974454,1.5321782600003644,8517.0,443358.0,443358.0,0.16,8.0,False,False,False,
refinement,fc_floor_022__conservative_c2_d1,train,129,fc_floor_022,current,fuzzy_connectedness,conservative_c2_d1,2,1,both_tolerable,True,1.4921875,0.0,0.6070878274268104,0.38921011133941796,0.6070878274268104,0.21787771608739248,16636,8517,16636,8119,0.2443231244563098,0.45501994780574134,0.9563226488200071,0.9118177446501563,0.4202957380002772,1.8304724659974454,0.600976167999761,8517.0,443358.0,443358.0,0.16,8.0,False,False,False,
refinement,fc_floor_022__current_c3_d2,train,129,fc_floor_022,current,fuzzy_connectedness,current_c3_d2,3,2,both_tolerable,True,1.4921875,0.0,0.7100389706592805,0.38921011133941796,0.7100389706592805,0.3208288593198625,28761,8517,28761,20244,0.2443231244563098,0.6613072562018179,0.9563226488200071,0.7665241125134731,0.4202957380002772,1.8304724659974454,1.8021074989992485,8517.0,443358.0,443358.0,0.16,8.0,False,False,False,
refinement,fc_floor_022__raw,train,129,fc_floor_022,current,fuzzy_connectedness,raw,0,0,both_tolerable,True,1.4921875,0.0,0.38921011133941796,0.38921011133941796,0.38921011133941796,0.0,8517,8517,8517,0,0.2443231244563098,0.2443231244563098,0.9563226488200071,0.9563226488200071,0.4202957380002772,1.8304724659974454,0.23376654999810853,8517.0,443358.0,443358.0,0.16,8.0,False,False,False,
refinement,fc_floor_022_alpha_018__closing_c3_d1,train,129,fc_floor_022_alpha_018,current,fuzzy_connectedness,closing_c3_d1,3,1,both_tolerable,True,1.4921875,0.0,0.5925548397618854,0.37198944642122334,0.5925548397618854,0.22056539334066205,15715,7976,15715,7739,0.23049464558898522,0.43594204637489875,0.9633901705115346,0.9247852370346803,0.4202957380002772,1.786897855999996,1.53383748700071,7976.0,443358.0,443358.0,0.18,8.0,False,False,False,
refinement,fc_floor_022_alpha_018__conservative_c2_d1,train,129,fc_floor_022_alpha_018,current,fuzzy_connectedness,conservative_c2_d1,2,1,both_tolerable,True,1.4921875,0.0,0.5919170899891875,0.37198944642122334,0.5919170899891875,0.21992764356796413,15680,7976,15680,7704,0.23049464558898522,0.4351621321654618,0.9633901705115346,0.9251913265306122,0.4202957380002772,1.786897855999996,0.5977875489988946,7976.0,443358.0,443358.0,0.18,8.0,False,False,False,
refinement,fc_floor_022_alpha_018__current_c3_d2,train,129,fc_floor_022_alpha_018,current,fuzzy_connectedness,current_c3_d2,3,2,both_tolerable,True,1.4921875,0.0,0.7081826438774668,0.37198944642122334,0.7081826438774668,0.33619319745624343,27218,7976,27218,19242,0.23049464558898522,0.6431892491825899,0.9633901705115346,0.7877874935704313,0.4202957380002772,1.786897855999996,1.7905612719987403,7976.0,443358.0,443358.0,0.18,8.0,False,False,False,
refinement,fc_floor_022_alpha_018__raw,train,129,fc_floor_022_alpha_018,current,fuzzy_connectedness,raw,0,0,both_tolerable,True,1.4921875,0.0,0.37198944642122334,0.37198944642122334,0.37198944642122334,0.0,7976,7976,7976,0,0.23049464558898522,0.23049464558898522,0.9633901705115346,0.9633901705115346,0.4202957380002772,1.786897855999996,0.2362867180017929,7976.0,443358.0,443358.0,0.18,8.0,False,False,False,
refinement,fc_floor_024__closing_c3_d1,train,129,fc_floor_024,current,fuzzy_connectedness,closing_c3_d1,3,1,both_tolerable,True,1.4921875,0.0,0.6089577262384736,0.39082708919963727,0.6089577262384736,0.21813063703883628,16765,8569,16765,8196,0.24564297927228004,0.45759966403695596,0.9556541019955654,0.909931404712198,0.4202957380002772,1.8064253010015818,1.536378265998792,8569.0,416316.0,416316.0,0.16,8.0,False,False,False,
refinement,fc_floor_024__conservative_c2_d1,train,129,fc_floor_024,current,fuzzy_connectedness,conservative_c2_d1,2,1,both_tolerable,True,1.4921875,0.0,0.6083343321746774,0.39082708919963727,0.6083343321746774,0.2175072429750401,16721,8569,16721,8152,0.24564297927228004,0.4567297597264301,0.9556541019955654,0.9105914718019257,0.4202957380002772,1.8064253010015818,0.6334985390021757,8569.0,416316.0,416316.0,0.16,8.0,False,False,False,
refinement,fc_floor_024__current_c3_d2,train,129,fc_floor_024,current,fuzzy_connectedness,current_c3_d2,3,2,both_tolerable,True,1.4921875,0.0,0.7103182256509161,0.39082708919963727,0.7103182256509161,0.3194911364512788,28883,8569,28883,20314,0.24564297927228004,0.6628670846206918,0.9556541019955654,0.765086729217879,0.4202957380002772,1.8064253010015818,1.7839801180016366,8569.0,416316.0,416316.0,0.16,8.0,False,False,False,
refinement,fc_floor_024__raw,train,129,fc_floor_024,current,fuzzy_connectedness,raw,0,0,both_tolerable,True,1.4921875,0.0,0.39082708919963727,0.39082708919963727,0.39082708919963727,0.0,8569,8569,8569,0,0.24564297927228004,0.24564297927228004,0.9556541019955654,0.9556541019955654,0.4202957380002772,1.8064253010015818,0.2352399660012452,8569.0,416316.0,416316.0,0.16,8.0,False,False,False,
refinement,rg_gamma55__closing_c3_d1,train,129,rg_gamma55,current,region_growing,closing_c3_d1,3,1,both_tolerable,True,1.4921875,0.0,0.5936250199968005,0.36224897652673144,0.5936250199968005,0.23137604347006907,16671,7944,16671,8727,0.22428532861385247,0.4452410234874164,0.9412134944612286,0.8903485093875593,0.4202957380002772,0.06876463099979446,1.5355225209968921,,,,,,,False,False,
refinement,rg_gamma55__conservative_c2_d1,train,129,rg_gamma55,current,region_growing,conservative_c2_d1,2,1,both_tolerable,True,1.4921875,0.0,0.5926475007512771,0.36224897652673144,0.5926475007512771,0.2303985242245457,16578,7944,16578,8634,0.22428532861385247,0.4436811950685425,0.9412134944612286,0.8922065387863434,0.4202957380002772,0.06876463099979446,0.6279985809997015,,,,,,,False,False,
refinement,rg_gamma55__current_c3_d2,train,129,rg_gamma55,current,region_growing,current_c3_d2,3,2,both_tolerable,True,1.4921875,0.0,0.7141162889988772,0.36224897652673144,0.7141162889988772,0.3518673124721458,29902,7944,29902,21958,0.22428532861385247,0.6773254941956385,0.9412134944612286,0.7551334358905759,0.4202957380002772,0.06876463099979446,1.784831386001315,,,,,,,False,False,
refinement,rg_gamma55__raw,train,129,rg_gamma55,current,region_growing,raw,0,0,both_tolerable,True,1.4921875,0.0,0.36224897652673144,0.36224897652673144,0.36224897652673144,0.0,7944,7944,7944,0,0.22428532861385247,0.22428532861385247,0.9412134944612286,0.9412134944612286,0.4202957380002772,0.06876463099979446,0.23302168699956383,,,,,,,False,False,
refinement,rg_gamma60__closing_c3_d1,train,129,rg_gamma60,gamma60,region_growing,closing_c3_d1,3,1,both_tolerable,True,1.4921875,0.0,0.5672882960767363,0.3417933205449806,0.5672882960767363,0.22549497553175568,15245,7325,15245,7920,0.20844707082220956,0.4133545310015898,0.9486689419795222,0.9039029189898328,0.42517236299681826,0.06394334799915669,1.5536298589977378,,,,,,,False,False,
refinement,rg_gamma60__conservative_c2_d1,train,129,rg_gamma60,gamma60,region_growing,conservative_c2_d1,2,1,both_tolerable,True,1.4921875,0.0,0.5666110114814585,0.3417933205449806,0.5666110114814585,0.22481769093647797,15176,7325,15176,7851,0.20844707082220956,0.41227464978852324,0.9486689419795222,0.9056404849762784,0.42517236299681826,0.06394334799915669,0.5977736659988295,,,,,,,False,False,
refinement,rg_gamma60__current_c3_d2,train,129,rg_gamma60,gamma60,region_growing,current_c3_d2,3,2,both_tolerable,True,1.4921875,0.0,0.6990172800422108,0.3417933205449806,0.6990172800422108,0.3572239594972302,27311,7325,27311,19986,0.20844707082220956,0.6358400575936647,0.9486689419795222,0.7761341583977152,0.42517236299681826,0.06394334799915669,1.7910294739995152,,,,,,,False,False,
refinement,rg_gamma60__raw,train,129,rg_gamma60,gamma60,region_growing,raw,0,0,both_tolerable,True,1.4921875,0.0,0.3417933205449806,0.3417933205449806,0.3417933205449806,0.0,7325,7325,7325,0,0.20844707082220956,0.20844707082220956,0.9486689419795222,0.9486689419795222,0.42517236299681826,0.06394334799915669,0.23430425400147215,,,,,,,False,False,
refinement,rg_gamma65__closing_c3_d1,train,129,rg_gamma65,gamma65,region_growing,closing_c3_d1,3,1,both_tolerable,True,1.4921875,0.0,0.56045197740113,0.3326882040593519,0.56045197740113,0.22776377334177805,14453,6965,14453,7488,0.20109787923328434,0.40171581126076134,0.9625269203158651,0.9265896353698194,0.41358419799871626,0.06126509699970484,1.5481124299985822,,,,,,,False,False,
refinement,rg_gamma65__conservative_c2_d1,train,129,rg_gamma65,gamma65,region_growing,conservative_c2_d1,2,1,both_tolerable,True,1.4921875,0.0,0.55976871831399,0.3326882040593519,0.55976871831399,0.2270805142546381,14397,6965,14397,7432,0.20109787923328434,0.4007559168491466,0.9625269203158651,0.9279711050913385,0.41358419799871626,0.06126509699970484,0.5996335850031755,,,,,,,False,False,
refinement,rg_gamma65__current_c3_d2,train,129,rg_gamma65,gamma65,region_growing,current_c3_d2,3,2,both_tolerable,True,1.4921875,0.0,0.7045492924448647,0.3326882040593519,0.7045492924448647,0.37186108838551285,25881,6965,25881,18916,0.20109787923328434,0.6257611662717101,0.9625269203158651,0.8060353154824003,0.41358419799871626,0.06126509699970484,1.8061932119999256,,,,,,,False,False,
refinement,rg_gamma65__raw,train,129,rg_gamma65,gamma65,region_growing,raw,0,0,both_tolerable,True,1.4921875,0.0,0.3326882040593519,0.3326882040593519,0.3326882040593519,0.0,6965,6965,6965,0,0.20109787923328434,0.20109787923328434,0.9625269203158651,0.9625269203158651,0.41358419799871626,0.06126509699970484,0.23270609600149328,,,,,,,False,False,
refinement,rg_gamma70__closing_c3_d1,train,129,rg_gamma70,gamma70,region_growing,closing_c3_d1,3,1,both_tolerable,True,1.4921875,0.0,0.5469015280135824,0.32195804895122376,0.5469015280135824,0.22494347906235862,13783,6662,13783,7121,0.1931487536370999,0.3865074841767406,0.9665265685980187,0.9348472756293985,0.4068620040015958,0.059059277999040205,1.5341458539987798,,,,,,,False,False,
refinement,rg_gamma70__conservative_c2_d1,train,129,rg_gamma70,gamma70,region_growing,conservative_c2_d1,2,1,both_tolerable,True,1.4921875,0.0,0.5464973023492926,0.32195804895122376,0.5464973023492926,0.22453925339806885,13741,6662,13741,7079,0.1931487536370999,0.3858775534691184,0.9665265685980187,0.9361764063750819,0.4068620040015958,0.059059277999040205,0.5974951019998116,,,,,,,False,False,
refinement,rg_gamma70__current_c3_d2,train,129,rg_gamma70,gamma70,region_growing,current_c3_d2,3,2,both_tolerable,True,1.4921875,0.0,0.6980810013965758,0.32195804895122376,0.6980810013965758,0.37612295244535204,24662,6662,24662,18000,0.1931487536370999,0.6072532021477638,0.9665265685980187,0.8208580001621929,0.4068620040015958,0.059059277999040205,1.7876617210022232,,,,,,,False,False,
refinement,rg_gamma70__raw,train,129,rg_gamma70,gamma70,region_growing,raw,0,0,both_tolerable,True,1.4921875,0.0,0.32195804895122376,0.32195804895122376,0.32195804895122376,0.0,6662,6662,6662,0,0.1931487536370999,0.1931487536370999,0.9665265685980187,0.9665265685980187,0.4068620040015958,0.059059277999040205,0.23366662099942914,,,,,,,False,False,
refinement,fc_alpha_018__closing_c3_d1,train,175,fc_alpha_018,current,fuzzy_connectedness,closing_c3_d1,3,1,both_tolerable,True,1.2734375,0.8095744354916121,0.5429399068499375,0.32516075788315396,0.5429399068499375,0.21777914896678358,11330,5199,11330,6131,0.19797336906456744,0.4002596097479273,0.9094056549336411,0.8436893203883495,0.35704671499843244,1.222291504000168,1.2902412459989137,5199.0,558614.0,500000.0,0.18,8.0,False,False,True,
refinement,fc_alpha_018__conservative_c2_d1,train,175,fc_alpha_018,current,fuzzy_connectedness,conservative_c2_d1,2,1,both_tolerable,True,1.2734375,0.8095744354916121,0.542642283370364,0.32516075788315396,0.542642283370364,0.21748152548721006,11224,5199,11224,6025,0.19797336906456744,0.39883594338832595,0.9094056549336411,0.8486279401282965,0.35704671499843244,1.222291504000168,0.5031457049990422,5199.0,558614.0,500000.0,0.18,8.0,False,False,True,
refinement,fc_alpha_018__current_c3_d2,train,175,fc_alpha_018,current,fuzzy_connectedness,current_c3_d2,3,2,both_tolerable,True,1.2734375,0.8095744354916121,0.5895932906483903,0.32516075788315396,0.5895932906483903,0.2644325327652363,20474,5199,20474,15275,0.19797336906456744,0.5475253328866929,0.9094056549336411,0.6386636709973625,0.35704671499843244,1.222291504000168,1.5043627390004986,5199.0,558614.0,500000.0,0.18,8.0,False,False,True,
refinement,fc_alpha_018__raw,train,175,fc_alpha_018,current,fuzzy_connectedness,raw,0,0,both_tolerable,True,1.2734375,0.8095744354916121,0.32516075788315396,0.32516075788315396,0.32516075788315396,0.0,5199,5199,5199,0,0.19797336906456744,0.19797336906456744,0.9094056549336411,0.9094056549336411,0.35704671499843244,1.222291504000168,0.1989966219989583,5199.0,558614.0,500000.0,0.18,8.0,False,False,True,
refinement,fc_current__closing_c3_d1,train,175,fc_current,current,fuzzy_connectedness,closing_c3_d1,3,1,both_tolerable,True,1.2734375,0.8095744354916121,0.49494657811146403,0.32388790174257304,0.49494657811146403,0.171058676368891,17674,8197,17674,9477,0.21752784523909222,0.4306172012394272,0.6337684518726363,0.5818716759081136,0.35704671499843244,1.848569136000151,1.2921797930030152,8197.0,558614.0,500000.0,0.16,8.0,False,False,True,
refinement,fc_current__conservative_c2_d1,train,175,fc_current,current,fuzzy_connectedness,conservative_c2_d1,2,1,both_tolerable,True,1.2734375,0.8095744354916121,0.49722870478413067,0.32388790174257304,0.49722870478413067,0.17334080304155763,17254,8197,17254,9057,0.21752784523909222,0.4282304664600955,0.6337684518726363,0.5927321200880955,0.35704671499843244,1.848569136000151,0.5118273859989131,8197.0,558614.0,500000.0,0.16,8.0,False,False,True,
refinement,fc_current__current_c3_d2,train,175,fc_current,current,fuzzy_connectedness,current_c3_d2,3,2,both_tolerable,True,1.2734375,0.8095744354916121,0.49943634313975055,0.32388790174257304,0.49943634313975055,0.1755484413971775,31116,8197,31116,22919,0.21752784523909222,0.5750774641989783,0.6337684518726363,0.44138064018511375,0.35704671499843244,1.848569136000151,1.5110177360002126,8197.0,558614.0,500000.0,0.16,8.0,False,False,True,
refinement,fc_current__raw,train,175,fc_current,current,fuzzy_connectedness,raw,0,0,both_tolerable,True,1.2734375,0.8095744354916121,0.32388790174257304,0.32388790174257304,0.32388790174257304,0.0,8197,8197,8197,0,0.21752784523909222,0.21752784523909222,0.6337684518726363,0.6337684518726363,0.35704671499843244,1.848569136000151,0.19771680199846742,8197.0,558614.0,500000.0,0.16,8.0,False,False,True,
refinement,fc_floor_020__closing_c3_d1,train,175,fc_floor_020,current,fuzzy_connectedness,closing_c3_d1,3,1,both_tolerable,True,1.2734375,0.8095744354916121,0.5014201494140392,0.32909271440982996,0.5014201494140392,0.17232743500420927,18015,8346,18015,9669,0.222050079557826,0.43982916003684785,0.6353942008147616,0.5830696641687483,0.35704671499843244,1.8705810620012926,1.296572945000662,8346.0,521872.0,500000.0,0.16,8.0,False,False,True,
refinement,fc_floor_020__conservative_c2_d1,train,175,fc_floor_020,current,fuzzy_connectedness,conservative_c2_d1,2,1,both_tolerable,True,1.2734375,0.8095744354916121,0.5037733574442436,0.32909271440982996,0.5037733574442436,0.1746806430344136,17593,8346,17593,9247,0.222050079557826,0.43744242525751614,0.6353942008147616,0.5938157221622236,0.35704671499843244,1.8705810620012926,0.5067415619996609,8346.0,521872.0,500000.0,0.16,8.0,False,False,True,
refinement,fc_floor_020__current_c3_d2,train,175,fc_floor_020,current,fuzzy_connectedness,current_c3_d2,3,2,both_tolerable,True,1.2734375,0.8095744354916121,0.5032176882976811,0.32909271440982996,0.5032176882976811,0.17412497388785114,31748,8346,31748,23402,0.222050079557826,0.5860899422158948,0.6353942008147616,0.44087816555373566,0.35704671499843244,1.8705810620012926,1.509465316998103,8346.0,521872.0,500000.0,0.16,8.0,False,False,True,
refinement,fc_floor_020__raw,train,175,fc_floor_020,current,fuzzy_connectedness,raw,0,0,both_tolerable,True,1.2734375,0.8095744354916121,0.32909271440982996,0.32909271440982996,0.32909271440982996,0.0,8346,8346,8346,0,0.222050079557826,0.222050079557826,0.6353942008147616,0.6353942008147616,0.35704671499843244,1.8705810620012926,0.19894768399899476,8346.0,521872.0,500000.0,0.16,8.0,False,False,True,
refinement,fc_floor_022__closing_c3_d1,train,175,fc_floor_022,current,fuzzy_connectedness,closing_c3_d1,3,1,both_tolerable,True,1.2734375,0.8095744354916121,0.5018806837118507,0.33044393536003963,0.5018806837118507,0.17143674835181105,18124,8420,18124,9704,0.22347374591742736,0.441378444016414,0.6338479809976247,0.5816045023173693,0.35704671499843244,1.8520767989975866,1.299340191999363,8420.0,490416.0,490416.0,0.16,8.0,False,False,False,
refinement,fc_floor_022__conservative_c2_d1,train,175,fc_floor_022,current,fuzzy_connectedness,conservative_c2_d1,2,1,both_tolerable,True,1.2734375,0.8095744354916121,0.5042562400807964,0.33044393536003963,0.5042562400807964,0.17381230472075676,17704,8420,17704,9284,0.22347374591742736,0.4390335817770706,0.6338479809976247,0.5922390420244013,0.35704671499843244,1.8520767989975866,0.5025863730006677,8420.0,490416.0,490416.0,0.16,8.0,False,False,False,
refinement,fc_floor_022__current_c3_d2,train,175,fc_floor_022,current,fuzzy_connectedness,current_c3_d2,3,2,both_tolerable,True,1.2734375,0.8095744354916121,0.5018193550699959,0.33044393536003963,0.5018193550699959,0.17137541970995623,31907,8420,31907,23487,0.22347374591742736,0.586131814755883,0.6338479809976247,0.43871250822703484,0.35704671499843244,1.8520767989975866,1.5057128519983962,8420.0,490416.0,490416.0,0.16,8.0,False,False,False,
refinement,fc_floor_022__raw,train,175,fc_floor_022,current,fuzzy_connectedness,raw,0,0,both_tolerable,True,1.2734375,0.8095744354916121,0.33044393536003963,0.33044393536003963,0.33044393536003963,0.0,8420,8420,8420,0,0.22347374591742736,0.22347374591742736,0.6338479809976247,0.6338479809976247,0.35704671499843244,1.8520767989975866,0.19984227999884752,8420.0,490416.0,490416.0,0.16,8.0,False,False,False,
refinement,fc_floor_022_alpha_018__closing_c3_d1,train,175,fc_floor_022_alpha_018,current,fuzzy_connectedness,closing_c3_d1,3,1,both_tolerable,True,1.2734375,0.8095744354916121,0.5066941297631308,0.31653788715018505,0.5066941297631308,0.19015624261294573,14958,6920,14958,8038,0.204128632442844,0.41202579348463275,0.7044797687861272,0.6578419574809466,0.35704671499843244,1.6086213019989373,1.3088700730004348,6920.0,490416.0,490416.0,0.18,8.0,False,False,False,
refinement,fc_floor_022_alpha_018__conservative_c2_d1,train,175,fc_floor_022_alpha_018,current,fuzzy_connectedness,conservative_c2_d1,2,1,both_tolerable,True,1.2734375,0.8095744354916121,0.5076751831430716,0.31653788715018505,0.5076751831430716,0.19113729599288654,14749,6920,14749,7829,0.204128632442844,0.4106021271250314,0.7044797687861272,0.6648586344836938,0.35704671499843244,1.6086213019989373,0.5271967699991364,6920.0,490416.0,490416.0,0.18,8.0,False,False,False,
refinement,fc_floor_022_alpha_018__current_c3_d2,train,175,fc_floor_022_alpha_018,current,fuzzy_connectedness,current_c3_d2,3,2,both_tolerable,True,1.2734375,0.8095744354916121,0.531083937496296,0.31653788715018505,0.531083937496296,0.21454605034611096,26739,6920,26739,19819,0.204128632442844,0.5628506825224018,0.7044797687861272,0.5027113953401399,0.35704671499843244,1.6086213019989373,1.5104446250006731,6920.0,490416.0,490416.0,0.18,8.0,False,False,False,
refinement,fc_floor_022_alpha_018__raw,train,175,fc_floor_022_alpha_018,current,fuzzy_connectedness,raw,0,0,both_tolerable,True,1.2734375,0.8095744354916121,0.31653788715018505,0.31653788715018505,0.31653788715018505,0.0,6920,6920,6920,0,0.204128632442844,0.204128632442844,0.7044797687861272,0.7044797687861272,0.35704671499843244,1.6086213019989373,0.19757027400191873,6920.0,490416.0,490416.0,0.18,8.0,False,False,False,
refinement,fc_floor_024__closing_c3_d1,train,175,fc_floor_024,current,fuzzy_connectedness,closing_c3_d1,3,1,both_tolerable,True,1.2734375,0.8095744354916121,0.5021591610117212,0.33169646993421664,0.5021591610117212,0.17046269107750456,18264,8497,18264,9767,0.22485553973704045,0.44309521815593333,0.6319877603860186,0.5793911519929916,0.35704671499843244,1.8192740519989457,1.293942751999566,8497.0,463347.0,463347.0,0.16,8.0,False,False,False,
refinement,fc_floor_024__conservative_c2_d1,train,175,fc_floor_024,current,fuzzy_connectedness,conservative_c2_d1,2,1,both_tolerable,True,1.2734375,0.8095744354916121,0.504601668104688,0.33169646993421664,0.504601668104688,0.17290519817047134,17842,8497,17842,9345,0.22485553973704045,0.4407922284565782,0.6319877603860186,0.5900123304562269,0.35704671499843244,1.8192740519989457,0.5028944890000275,8497.0,463347.0,463347.0,0.16,8.0,False,False,False,
refinement,fc_floor_024__current_c3_d2,train,175,fc_floor_024,current,fuzzy_connectedness,current_c3_d2,3,2,both_tolerable,True,1.2734375,0.8095744354916121,0.5006607850841162,0.33169646993421664,0.5006607850841162,0.1689643151498995,32112,8497,32112,23615,0.22485553973704045,0.5869273930156603,0.6319877603860186,0.43650348779272546,0.35704671499843244,1.8192740519989457,1.4975756029998593,8497.0,463347.0,463347.0,0.16,8.0,False,False,False,
refinement,fc_floor_024__raw,train,175,fc_floor_024,current,fuzzy_connectedness,raw,0,0,both_tolerable,True,1.2734375,0.8095744354916121,0.33169646993421664,0.33169646993421664,0.33169646993421664,0.0,8497,8497,8497,0,0.22485553973704045,0.22485553973704045,0.6319877603860186,0.6319877603860186,0.35704671499843244,1.8192740519989457,0.199144239002635,8497.0,463347.0,463347.0,0.16,8.0,False,False,False,
refinement,rg_gamma55__closing_c3_d1,train,175,rg_gamma55,current,region_growing,closing_c3_d1,3,1,both_tolerable,True,1.2734375,0.8095744354916121,0.45003634497797923,0.29278118427678546,0.45003634497797923,0.15725516070119377,22892,9877,22892,13015,0.20693409262205845,0.4407084833766016,0.5003543586109143,0.459767604403285,0.35704671499843244,0.08077485899775638,1.290356861998589,,,,,,,False,False,
refinement,rg_gamma55__conservative_c2_d1,train,175,rg_gamma55,current,region_growing,conservative_c2_d1,2,1,both_tolerable,True,1.2734375,0.8095744354916121,0.449656376131777,0.29278118427678546,0.449656376131777,0.15687519185499155,21953,9877,21953,12076,0.20693409262205845,0.431496524579181,0.5003543586109143,0.46941192547715577,0.35704671499843244,0.08077485899775638,0.5049029110014089,,,,,,,False,False,
refinement,rg_gamma55__current_c3_d2,train,175,rg_gamma55,current,region_growing,current_c3_d2,3,2,both_tolerable,True,1.2734375,0.8095744354916121,0.4573893289126297,0.29278118427678546,0.4573893289126297,0.16460814463584422,41266,9877,41266,31389,0.20693409262205845,0.6238589732853195,0.5003543586109143,0.36104783599088835,0.35704671499843244,0.08077485899775638,1.5162222189974273,,,,,,,False,False,
refinement,rg_gamma55__raw,train,175,rg_gamma55,current,region_growing,raw,0,0,both_tolerable,True,1.2734375,0.8095744354916121,0.29278118427678546,0.29278118427678546,0.29278118427678546,0.0,9877,9877,9877,0,0.20693409262205845,0.20693409262205845,0.5003543586109143,0.5003543586109143,0.35704671499843244,0.08077485899775638,0.19619234600031632,,,,,,,False,False,
refinement,rg_gamma60__closing_c3_d1,train,175,rg_gamma60,gamma60,region_growing,closing_c3_d1,3,1,both_tolerable,True,1.2734375,0.8095744354916121,0.47369152385363594,0.29268596327419855,0.47369152385363594,0.1810055605794374,19298,8248,19298,11050,0.19688468302487228,0.4282304664600955,0.5700775945683803,0.5299512902891491,0.3546714680014702,0.06965265699909651,1.2924106309983472,,,,,,,False,False,
refinement,rg_gamma60__conservative_c2_d1,train,175,rg_gamma60,gamma60,region_growing,conservative_c2_d1,2,1,both_tolerable,True,1.2734375,0.8095744354916121,0.47068511198945984,0.29268596327419855,0.47068511198945984,0.1779991487152613,18622,8248,18622,10374,0.19688468302487228,0.4188510175027217,0.5700775945683803,0.5371603479755128,0.3546714680014702,0.06965265699909651,0.5297192519974487,,,,,,,False,False,
refinement,rg_gamma60__current_c3_d2,train,175,rg_gamma60,gamma60,region_growing,current_c3_d2,3,2,both_tolerable,True,1.2734375,0.8095744354916121,0.49928021000931494,0.29268596327419855,0.49928021000931494,0.2065942467351164,35163,8248,35163,26915,0.19688468302487228,0.6172012394271836,0.5700775945683803,0.419190626510821,0.3546714680014702,0.06965265699909651,1.5013543710010708,,,,,,,False,False,
refinement,rg_gamma60__raw,train,175,rg_gamma60,gamma60,region_growing,raw,0,0,both_tolerable,True,1.2734375,0.8095744354916121,0.29268596327419855,0.29268596327419855,0.29268596327419855,0.0,8248,8248,8248,0,0.19688468302487228,0.19688468302487228,0.5700775945683803,0.5700775945683803,0.3546714680014702,0.06965265699909651,0.19614278500012006,,,,,,,False,False,
refinement,rg_gamma65__closing_c3_d1,train,175,rg_gamma65,gamma65,region_growing,closing_c3_d1,3,1,both_tolerable,True,1.2734375,0.8095744354916121,0.46986783691381334,0.27622492601118054,0.46986783691381334,0.1936429109026328,15312,6528,15312,8784,0.1758646679507579,0.38556234821204255,0.6433823529411765,0.6013584117032393,0.3447164579993114,0.05680706200291752,1.289599810999789,,,,,,,False,False,
refinement,rg_gamma65__conservative_c2_d1,train,175,rg_gamma65,gamma65,region_growing,conservative_c2_d1,2,1,both_tolerable,True,1.2734375,0.8095744354916121,0.47056704744262634,0.27622492601118054,0.47056704744262634,0.1943421214314458,14986,6528,14986,8458,0.1758646679507579,0.3829243781927812,0.6433823529411765,0.610236220472441,0.3447164579993114,0.05680706200291752,0.5043844739993801,,,,,,,False,False,
refinement,rg_gamma65__current_c3_d2,train,175,rg_gamma65,gamma65,region_growing,current_c3_d2,3,2,both_tolerable,True,1.2734375,0.8095744354916121,0.518292916523005,0.27622492601118054,0.518292916523005,0.24206799051182448,28324,6528,28324,21796,0.1758646679507579,0.5664935935013818,0.6433823529411765,0.4776514616579579,0.3447164579993114,0.05680706200291752,1.5054351580001821,,,,,,,False,False,
refinement,rg_gamma65__raw,train,175,rg_gamma65,gamma65,region_growing,raw,0,0,both_tolerable,True,1.2734375,0.8095744354916121,0.27622492601118054,0.27622492601118054,0.27622492601118054,0.0,6528,6528,6528,0,0.1758646679507579,0.1758646679507579,0.6433823529411765,0.6433823529411765,0.3447164579993114,0.05680706200291752,0.19587780800065957,,,,,,,False,False,
refinement,rg_gamma70__closing_c3_d1,train,175,rg_gamma70,gamma70,region_growing,closing_c3_d1,3,1,both_tolerable,True,1.2734375,0.8095744354916121,0.5117692171553301,0.27773236182690597,0.5117692171553301,0.2340368553284241,10020,4253,10020,5767,0.1635960137341931,0.3632442843982916,0.9186456618857277,0.8657684630738522,0.34736850800254615,0.04164637999929255,1.2938841459981631,,,,,,,False,False,
refinement,rg_gamma70__conservative_c2_d1,train,175,rg_gamma70,gamma70,region_growing,conservative_c2_d1,2,1,both_tolerable,True,1.2734375,0.8095744354916121,0.5107717803030303,0.27773236182690597,0.5107717803030303,0.2330394184761243,9910,4253,9910,5657,0.1635960137341931,0.3613600200988192,0.9186456618857277,0.8708375378405651,0.34736850800254615,0.04164637999929255,0.5064242230000673,,,,,,,False,False,
refinement,rg_gamma70__current_c3_d2,train,175,rg_gamma70,gamma70,region_growing,current_c3_d2,3,2,both_tolerable,True,1.2734375,0.8095744354916121,0.6054200668739916,0.27773236182690597,0.6054200668739916,0.32768770504708566,18885,4253,18885,14632,0.1635960137341931,0.5420819026882171,0.9186456618857277,0.6855176065660578,0.34736850800254615,0.04164637999929255,1.5045138510031393,,,,,,,False,False,
refinement,rg_gamma70__raw,train,175,rg_gamma70,gamma70,region_growing,raw,0,0,both_tolerable,True,1.2734375,0.8095744354916121,0.27773236182690597,0.27773236182690597,0.27773236182690597,0.0,4253,4253,4253,0,0.1635960137341931,0.1635960137341931,0.9186456618857277,0.9186456618857277,0.34736850800254615,0.04164637999929255,0.19649511899842764,,,,,,,False,False,
refinement,fc_alpha_018__closing_c3_d1,train,194,fc_alpha_018,current,fuzzy_connectedness,closing_c3_d1,3,1,both_tolerable,True,0.8095744354916121,1.967649121771016,0.6900540517803436,0.4336980760255147,0.6900540517803436,0.25635597575482894,17642,8661,17642,8981,0.27965223206821604,0.5485704731650226,0.9655928876573144,0.9298832331935155,0.4201887599992915,1.887307430999499,1.5505958260000625,8661.0,683204.0,500000.0,0.18,8.0,False,False,True,
refinement,fc_alpha_018__conservative_c2_d1,train,194,fc_alpha_018,current,fuzzy_connectedness,conservative_c2_d1,2,1,both_tolerable,True,0.8095744354916121,1.967649121771016,0.689221052631579,0.4336980760255147,0.689221052631579,0.25552297660606427,17595,8661,17595,8934,0.27965223206821604,0.5473666610934627,0.9655928876573144,0.9303211139528275,0.4201887599992915,1.887307430999499,0.6285339690002729,8661.0,683204.0,500000.0,0.18,8.0,False,False,True,
refinement,fc_alpha_018__current_c3_d2,train,194,fc_alpha_018,current,fuzzy_connectedness,current_c3_d2,3,2,both_tolerable,True,0.8095744354916121,1.967649121771016,0.7813551808494918,0.4336980760255147,0.7813551808494918,0.34765710482397716,31002,8661,31002,22341,0.27965223206821604,0.7956863400769102,0.9655928876573144,0.767531127024063,0.4201887599992915,1.887307430999499,1.7927168239984894,8661.0,683204.0,500000.0,0.18,8.0,False,False,True,
refinement,fc_alpha_018__raw,train,194,fc_alpha_018,current,fuzzy_connectedness,raw,0,0,both_tolerable,True,0.8095744354916121,1.967649121771016,0.4336980760255147,0.4336980760255147,0.4336980760255147,0.0,8661,8661,8661,0,0.27965223206821604,0.27965223206821604,0.9655928876573144,0.9655928876573144,0.4201887599992915,1.887307430999499,0.23291247800079873,8661.0,683204.0,500000.0,0.18,8.0,False,False,True,
refinement,fc_current__closing_c3_d1,train,194,fc_current,current,fuzzy_connectedness,closing_c3_d1,3,1,both_tolerable,True,0.8095744354916121,1.967649121771016,0.7073625540460237,0.4576271186440678,0.7073625540460237,0.24973543540195586,18896,9389,18896,9507,0.30065206487209495,0.5771610098645712,0.9576099691127916,0.9134208298052497,0.4201887599992915,1.9670845079999708,1.538012291999621,9389.0,683204.0,500000.0,0.16,8.0,False,False,True,
refinement,fc_current__conservative_c2_d1,train,194,fc_current,current,fuzzy_connectedness,conservative_c2_d1,2,1,both_tolerable,True,0.8095744354916121,1.967649121771016,0.7066256410256411,0.4576271186440678,0.7066256410256411,0.24899852238157327,18845,9389,18845,9456,0.30065206487209495,0.5759571977930112,0.9576099691127916,0.9139824887237994,0.4201887599992915,1.9670845079999708,0.6067251509994094,9389.0,683204.0,500000.0,0.16,8.0,False,False,True,
refinement,fc_current__current_c3_d2,train,194,fc_current,current,fuzzy_connectedness,current_c3_d2,3,2,both_tolerable,True,0.8095744354916121,1.967649121771016,0.7773007695732367,0.4576271186440678,0.7773007695732367,0.3196736509291689,32987,9389,32987,23598,0.30065206487209495,0.8173549573649891,0.9576099691127916,0.7409888744050687,0.4201887599992915,1.9670845079999708,1.798027729997557,9389.0,683204.0,500000.0,0.16,8.0,False,False,True,
refinement,fc_current__raw,train,194,fc_current,current,fuzzy_connectedness,raw,0,0,both_tolerable,True,0.8095744354916121,1.967649121771016,0.4576271186440678,0.4576271186440678,0.4576271186440678,0.0,9389,9389,9389,0,0.30065206487209495,0.30065206487209495,0.9576099691127916,0.9576099691127916,0.4201887599992915,1.9670845079999708,0.23378471600153716,9389.0,683204.0,500000.0,0.16,8.0,False,False,True,
refinement,fc_floor_020__closing_c3_d1,train,194,fc_floor_020,current,fuzzy_connectedness,closing_c3_d1,3,1,both_tolerable,True,0.8095744354916121,1.967649121771016,0.7088162547781116,0.4603311661926046,0.7088162547781116,0.248485088585507,19016,9471,19016,9545,0.30305968901521485,0.579769269352951,0.956921127652835,0.9117585191417753,0.4201887599992915,1.9230662629997823,1.5340160119994835,9471.0,639830.0,500000.0,0.16,8.0,False,False,True,
refinement,fc_floor_020__conservative_c2_d1,train,194,fc_floor_020,current,fuzzy_connectedness,conservative_c2_d1,2,1,both_tolerable,True,0.8095744354916121,1.967649121771016,0.7080826683036627,0.4603311661926046,0.7080826683036627,0.24775150211105812,18965,9471,18965,9494,0.30305968901521485,0.5785654572813911,0.956921127652835,0.9123121539678355,0.4201887599992915,1.9230662629997823,0.6304255309987639,9471.0,639830.0,500000.0,0.16,8.0,False,False,True,
refinement,fc_floor_020__current_c3_d2,train,194,fc_floor_020,current,fuzzy_connectedness,current_c3_d2,3,2,both_tolerable,True,0.8095744354916121,1.967649121771016,0.7766306674913174,0.4603311661926046,0.7766306674913174,0.31629950129871276,33152,9471,33152,23681,0.30305968901521485,0.818792844006019,0.956921127652835,0.738597972972973,0.4201887599992915,1.9230662629997823,1.7925698709987046,9471.0,639830.0,500000.0,0.16,8.0,False,False,True,
refinement,fc_floor_020__raw,train,194,fc_floor_020,current,fuzzy_connectedness,raw,0,0,both_tolerable,True,0.8095744354916121,1.967649121771016,0.4603311661926046,0.4603311661926046,0.4603311661926046,0.0,9471,9471,9471,0,0.30305968901521485,0.30305968901521485,0.956921127652835,0.956921127652835,0.4201887599992915,1.9230662629997823,0.233829565000633,9471.0,639830.0,500000.0,0.16,8.0,False,False,True,
refinement,fc_floor_022__closing_c3_d1,train,194,fc_floor_022,current,fuzzy_connectedness,closing_c3_d1,3,1,both_tolerable,True,0.8095744354916121,1.967649121771016,0.7099787859007833,0.4625798600547612,0.7099787859007833,0.24739892584602213,19119,9539,19119,9580,0.30506604246781477,0.5819428189266009,0.9563895586539469,0.910246351796642,0.4201887599992915,1.956760230998043,1.5356417459988734,9539.0,603709.0,500000.0,0.16,8.0,False,False,True,
refinement,fc_floor_022__conservative_c2_d1,train,194,fc_floor_022,current,fuzzy_connectedness,conservative_c2_d1,2,1,both_tolerable,True,0.8095744354916121,1.967649121771016,0.7092743088169232,0.4625798600547612,0.7092743088169232,0.246694448762162,19069,9539,19069,9530,0.30506604246781477,0.5807724460792509,0.9563895586539469,0.9107976296607059,0.4201887599992915,1.956760230998043,0.6013413430009678,9539.0,603709.0,500000.0,0.16,8.0,False,False,True,
refinement,fc_floor_022__current_c3_d2,train,194,fc_floor_022,current,fuzzy_connectedness,current_c3_d2,3,2,both_tolerable,True,0.8095744354916121,1.967649121771016,0.775775601575725,0.4625798600547612,0.775775601575725,0.3131957415209638,33304,9539,33304,23765,0.30506604246781477,0.819862899180739,0.9563895586539469,0.7361878453038674,0.4201887599992915,1.956760230998043,1.81436832899999,9539.0,603709.0,500000.0,0.16,8.0,False,False,True,
refinement,fc_floor_022__raw,train,194,fc_floor_022,current,fuzzy_connectedness,raw,0,0,both_tolerable,True,0.8095744354916121,1.967649121771016,0.4625798600547612,0.4625798600547612,0.4625798600547612,0.0,9539,9539,9539,0,0.30506604246781477,0.30506604246781477,0.9563895586539469,0.9563895586539469,0.4201887599992915,1.956760230998043,0.23564904700106126,9539.0,603709.0,500000.0,0.16,8.0,False,False,True,
refinement,fc_floor_022_alpha_018__closing_c3_d1,train,194,fc_floor_022_alpha_018,current,fuzzy_connectedness,closing_c3_d1,3,1,both_tolerable,True,0.8095744354916121,1.967649121771016,0.6927915461064285,0.43724298461140565,0.6927915461064285,0.2555485614950228,17789,8760,17789,9029,0.28266176224711587,0.5524494231733824,0.9649543378995433,0.9287199955028388,0.4201887599992915,1.8779777810013911,1.5413204449978366,8760.0,603709.0,500000.0,0.18,8.0,False,False,True,
refinement,fc_floor_022_alpha_018__conservative_c2_d1,train,194,fc_floor_022_alpha_018,current,fuzzy_connectedness,conservative_c2_d1,2,1,both_tolerable,True,0.8095744354916121,1.967649121771016,0.6920203165008605,0.43724298461140565,0.6920203165008605,0.25477733188945484,17741,8760,17741,8981,0.28266176224711587,0.5512790503260324,0.9649543378995433,0.92925990643143,0.4201887599992915,1.8779777810013911,0.630718304997572,8760.0,603709.0,500000.0,0.18,8.0,False,False,True,
refinement,fc_floor_022_alpha_018__current_c3_d2,train,194,fc_floor_022_alpha_018,current,fuzzy_connectedness,current_c3_d2,3,2,both_tolerable,True,0.8095744354916121,1.967649121771016,0.7809258956322591,0.43724298461140565,0.7809258956322591,0.34368291102085347,31225,8760,31225,22465,0.28266176224711587,0.7981608426684501,0.9649543378995433,0.7644195356285028,0.4201887599992915,1.8779777810013911,1.7909845190006308,8760.0,603709.0,500000.0,0.18,8.0,False,False,True,
refinement,fc_floor_022_alpha_018__raw,train,194,fc_floor_022_alpha_018,current,fuzzy_connectedness,raw,0,0,both_tolerable,True,0.8095744354916121,1.967649121771016,0.43724298461140565,0.43724298461140565,0.43724298461140565,0.0,8760,8760,8760,0,0.28266176224711587,0.28266176224711587,0.9649543378995433,0.9649543378995433,0.4201887599992915,1.8779777810013911,0.2329469269971014,8760.0,603709.0,500000.0,0.18,8.0,False,False,True,
refinement,fc_floor_024__closing_c3_d1,train,194,fc_floor_024,current,fuzzy_connectedness,closing_c3_d1,3,1,both_tolerable,True,0.8095744354916121,1.967649121771016,0.711351747440412,0.4645252740020756,0.711351747440412,0.24682647343833636,19224,9602,19224,9622,0.30683832135094463,0.5843170038455108,0.9556342428660696,0.9089679567207657,0.4201887599992915,1.9759799080020457,1.5376740239989886,9602.0,572286.0,500000.0,0.16,8.0,False,False,True,
refinement,fc_floor_024__conservative_c2_d1,train,194,fc_floor_024,current,fuzzy_connectedness,conservative_c2_d1,2,1,both_tolerable,True,0.8095744354916121,1.967649121771016,0.7106646562614614,0.4645252740020756,0.7106646562614614,0.24613938225938575,19173,9602,19173,9571,0.30683832135094463,0.5831466309981609,0.9556342428660696,0.9095603191988734,0.4201887599992915,1.9759799080020457,0.6106028610010981,9602.0,572286.0,500000.0,0.16,8.0,False,False,True,
refinement,fc_floor_024__current_c3_d2,train,194,fc_floor_024,current,fuzzy_connectedness,current_c3_d2,3,2,both_tolerable,True,0.8095744354916121,1.967649121771016,0.7752312403321021,0.4645252740020756,0.7752312403321021,0.3107059663300265,33449,9602,33449,23847,0.30683832135094463,0.821167028924929,0.9556342428660696,0.7341624562767198,0.4201887599992915,1.9759799080020457,1.7901220450003166,9602.0,572286.0,500000.0,0.16,8.0,False,False,True,
refinement,fc_floor_024__raw,train,194,fc_floor_024,current,fuzzy_connectedness,raw,0,0,both_tolerable,True,0.8095744354916121,1.967649121771016,0.4645252740020756,0.4645252740020756,0.4645252740020756,0.0,9602,9602,9602,0,0.30683832135094463,0.30683832135094463,0.9556342428660696,0.9556342428660696,0.4201887599992915,1.9759799080020457,0.23347432000082335,9602.0,572286.0,500000.0,0.16,8.0,False,False,True,
refinement,rg_gamma55__closing_c3_d1,train,194,rg_gamma55,current,region_growing,closing_c3_d1,3,1,both_tolerable,True,0.8095744354916121,1.967649121771016,0.6822169385914569,0.42137388785433477,0.6822169385914569,0.26084305073712216,18883,8759,18883,10124,0.2723959204146464,0.5564955693027922,0.9300148418769266,0.8813218238627337,0.4201887599992915,0.07372035300068092,1.5367725229989446,,,,,,,False,False,
refinement,rg_gamma55__conservative_c2_d1,train,194,rg_gamma55,current,region_growing,conservative_c2_d1,2,1,both_tolerable,True,0.8095744354916121,1.967649121771016,0.6813804997228324,0.42137388785433477,0.6813804997228324,0.26000661186849766,18802,8759,18802,10043,0.2723959204146464,0.5548904865407123,0.9300148418769266,0.8825656845016487,0.4201887599992915,0.07372035300068092,0.596757224000612,,,,,,,False,False,
refinement,rg_gamma55__current_c3_d2,train,194,rg_gamma55,current,region_growing,current_c3_d2,3,2,both_tolerable,True,0.8095744354916121,1.967649121771016,0.7813224967692715,0.42137388785433477,0.7813224967692715,0.3599486089149367,34322,8759,34322,25563,0.2723959204146464,0.8390235746530681,0.9300148418769266,0.7310471417749549,0.4201887599992915,0.07372035300068092,1.7867424219984969,,,,,,,False,False,
refinement,rg_gamma55__raw,train,194,rg_gamma55,current,region_growing,raw,0,0,both_tolerable,True,0.8095744354916121,1.967649121771016,0.42137388785433477,0.42137388785433477,0.42137388785433477,0.0,8759,8759,8759,0,0.2723959204146464,0.2723959204146464,0.9300148418769266,0.9300148418769266,0.4201887599992915,0.07372035300068092,0.23343475100045907,,,,,,,False,False,
refinement,rg_gamma60__closing_c3_d1,train,194,rg_gamma60,gamma60,region_growing,closing_c3_d1,3,1,both_tolerable,True,0.8095744354916121,1.967649121771016,0.6768475823850417,0.4061446037099494,0.6768475823850417,0.2707029786750923,17373,8047,17373,9326,0.25771610098645714,0.5350275873599732,0.9577482291537219,0.9209693202095205,0.41745283900309005,0.07026102400050149,1.5391759669983003,,,,,,,False,False,
refinement,rg_gamma60__conservative_c2_d1,train,194,rg_gamma60,gamma60,region_growing,conservative_c2_d1,2,1,both_tolerable,True,0.8095744354916121,1.967649121771016,0.6758857288070985,0.4061446037099494,0.6758857288070985,0.2697411250971491,17316,8047,17316,9269,0.25771610098645714,0.5336231399431534,0.9577482291537219,0.9215754215754216,0.41745283900309005,0.07026102400050149,0.5995602870025323,,,,,,,False,False,
refinement,rg_gamma60__current_c3_d2,train,194,rg_gamma60,gamma60,region_growing,current_c3_d2,3,2,both_tolerable,True,0.8095744354916121,1.967649121771016,0.7983365281523116,0.4061446037099494,0.7983365281523116,0.39219192444236217,31653,8047,31653,23606,0.25771610098645714,0.8216686172880789,0.9577482291537219,0.7762929264208763,0.41745283900309005,0.07026102400050149,1.787239444001898,,,,,,,False,False,
refinement,rg_gamma60__raw,train,194,rg_gamma60,gamma60,region_growing,raw,0,0,both_tolerable,True,0.8095744354916121,1.967649121771016,0.4061446037099494,0.4061446037099494,0.4061446037099494,0.0,8047,8047,8047,0,0.25771610098645714,0.25771610098645714,0.9577482291537219,0.9577482291537219,0.41745283900309005,0.07026102400050149,0.23271008099982282,,,,,,,False,False,
refinement,rg_gamma65__closing_c3_d1,train,194,rg_gamma65,gamma65,region_growing,closing_c3_d1,3,1,both_tolerable,True,0.8095744354916121,1.967649121771016,0.6471869012367183,0.3820676349214856,0.6471869012367183,0.2651192663152327,16023,7413,16023,8610,0.23838822939307808,0.49697375020899515,0.9616889248617294,0.927541658865381,0.4095736089984712,0.06735595799909788,1.536870830997941,,,,,,,False,False,
refinement,rg_gamma65__conservative_c2_d1,train,194,rg_gamma65,gamma65,region_growing,conservative_c2_d1,2,1,both_tolerable,True,0.8095744354916121,1.967649121771016,0.6460263817725935,0.3820676349214856,0.6460263817725935,0.26395874685110793,15960,7413,15960,8547,0.23838822939307808,0.4954021066711252,0.9616889248617294,0.9282581453634086,0.4095736089984712,0.06735595799909788,0.5993954689984093,,,,,,,False,False,
refinement,rg_gamma65__current_c3_d2,train,194,rg_gamma65,gamma65,region_growing,current_c3_d2,3,2,both_tolerable,True,0.8095744354916121,1.967649121771016,0.7812272411632201,0.3820676349214856,0.7812272411632201,0.39915960624173447,29138,7413,29138,21725,0.23838822939307808,0.7712088279551914,0.9616889248617294,0.7915093692085936,0.4095736089984712,0.06735595799909788,1.7919362490029016,,,,,,,False,False,
refinement,rg_gamma65__raw,train,194,rg_gamma65,gamma65,region_growing,raw,0,0,both_tolerable,True,0.8095744354916121,1.967649121771016,0.3820676349214856,0.3820676349214856,0.3820676349214856,0.0,7413,7413,7413,0,0.23838822939307808,0.23838822939307808,0.9616889248617294,0.9616889248617294,0.4095736089984712,0.06735595799909788,0.2333011720002105,,,,,,,False,False,
refinement,rg_gamma70__closing_c3_d1,train,194,rg_gamma70,gamma70,region_growing,closing_c3_d1,3,1,both_tolerable,True,0.8095744354916121,1.967649121771016,0.6363636363636364,0.3693705877579725,0.6363636363636364,0.26699304860566386,15415,7066,15415,8349,0.2283230229058686,0.4821936131081759,0.966317577129918,0.9354524813493351,0.41060521799954586,0.06310304300131975,1.5347920470012468,,,,,,,False,False,
refinement,rg_gamma70__conservative_c2_d1,train,194,rg_gamma70,gamma70,region_growing,conservative_c2_d1,2,1,both_tolerable,True,0.8095744354916121,1.967649121771016,0.635261379447426,0.3693705877579725,0.635261379447426,0.2658907916894535,15374,7066,15374,8308,0.2283230229058686,0.48092292258819597,0.966317577129918,0.9354754780798751,0.41060521799954586,0.06310304300131975,0.6017329370006337,,,,,,,False,False,
refinement,rg_gamma70__current_c3_d2,train,194,rg_gamma70,gamma70,region_growing,current_c3_d2,3,2,both_tolerable,True,0.8095744354916121,1.967649121771016,0.7819073007137329,0.3693705877579725,0.7819073007137329,0.41253671295576044,28240,7066,28240,21174,0.2283230229058686,0.760140444741682,0.966317577129918,0.804957507082153,0.41060521799954586,0.06310304300131975,1.7953782309996313,,,,,,,False,False,
refinement,rg_gamma70__raw,train,194,rg_gamma70,gamma70,region_growing,raw,0,0,both_tolerable,True,0.8095744354916121,1.967649121771016,0.3693705877579725,0.3693705877579725,0.3693705877579725,0.0,7066,7066,7066,0,0.2283230229058686,0.2283230229058686,0.966317577129918,0.966317577129918,0.41060521799954586,0.06310304300131975,0.23308980699948734,,,,,,,False,False,
refinement,fc_alpha_018__closing_c3_d1,train,305,fc_alpha_018,current,fuzzy_connectedness,closing_c3_d1,3,1,both_tolerable,True,1.625675941147251,0.0,0.6376390201352039,0.40067421141343607,0.6376390201352039,0.23696480872176784,15091,7044,15091,8047,0.2542398777692895,0.5025974025974026,0.9449176604202157,0.871910410178252,0.3981588120004744,1.6525566159980372,1.5000997469978756,7044.0,462059.0,462059.0,0.18,8.0,False,False,False,
refinement,fc_alpha_018__conservative_c2_d1,train,305,fc_alpha_018,current,fuzzy_connectedness,conservative_c2_d1,2,1,both_tolerable,True,1.625675941147251,0.0,0.6372958786936236,0.40067421141343607,0.6372958786936236,0.23662166728018752,14972,7044,14972,7928,0.2542398777692895,0.5008785332314744,0.9449176604202157,0.875834891798023,0.3981588120004744,1.6525566159980372,0.5825061949981318,7044.0,462059.0,462059.0,0.18,8.0,False,False,False,
refinement,fc_alpha_018__current_c3_d2,train,305,fc_alpha_018,current,fuzzy_connectedness,current_c3_d2,3,2,both_tolerable,True,1.625675941147251,0.0,0.6827535659919941,0.40067421141343607,0.6827535659919941,0.28207935457855804,27031,7044,27031,19987,0.2542398777692895,0.6938502673796791,0.9449176604202157,0.6720062150863823,0.3981588120004744,1.6525566159980372,1.762511135002569,7044.0,462059.0,462059.0,0.18,8.0,False,False,False,
refinement,fc_alpha_018__raw,train,305,fc_alpha_018,current,fuzzy_connectedness,raw,0,0,both_tolerable,True,1.625675941147251,0.0,0.40067421141343607,0.40067421141343607,0.40067421141343607,0.0,7044,7044,7044,0,0.2542398777692895,0.2542398777692895,0.9449176604202157,0.9449176604202157,0.3981588120004744,1.6525566159980372,0.22636039899953175,7044.0,462059.0,462059.0,0.18,8.0,False,False,False,
refinement,fc_current__closing_c3_d1,train,305,fc_current,current,fuzzy_connectedness,closing_c3_d1,3,1,both_tolerable,True,1.625675941147251,0.0,0.6469225678358703,0.4193052021068829,0.6469225678358703,0.22761736572898744,16128,7614,16128,8514,0.27062643239113826,0.5227272727272727,0.9305227213028632,0.8485243055555556,0.3981588120004744,1.726749228000699,1.4910125530004734,7614.0,462059.0,462059.0,0.16,8.0,False,False,False,
refinement,fc_current__conservative_c2_d1,train,305,fc_current,current,fuzzy_connectedness,conservative_c2_d1,2,1,both_tolerable,True,1.625675941147251,0.0,0.6464229839283174,0.4193052021068829,0.6464229839283174,0.22711778182143455,16006,7614,16006,8392,0.27062643239113826,0.5208174178762414,0.9305227213028632,0.8518680494814445,0.3981588120004744,1.726749228000699,0.5828545679978561,7614.0,462059.0,462059.0,0.16,8.0,False,False,False,
refinement,fc_current__current_c3_d2,train,305,fc_current,current,fuzzy_connectedness,current_c3_d2,3,2,both_tolerable,True,1.625675941147251,0.0,0.6757136342909257,0.4193052021068829,0.6757136342909257,0.2564084321840428,28645,7614,28645,21031,0.27062643239113826,0.7075248281130634,0.9305227213028632,0.6466399022517019,0.3981588120004744,1.726749228000699,1.7560169210009917,7614.0,462059.0,462059.0,0.16,8.0,False,False,False,
refinement,fc_current__raw,train,305,fc_current,current,fuzzy_connectedness,raw,0,0,both_tolerable,True,1.625675941147251,0.0,0.4193052021068829,0.4193052021068829,0.4193052021068829,0.0,7614,7614,7614,0,0.27062643239113826,0.27062643239113826,0.9305227213028632,0.9305227213028632,0.3981588120004744,1.726749228000699,0.22616181199919083,7614.0,462059.0,462059.0,0.16,8.0,False,False,False,
refinement,fc_floor_020__closing_c3_d1,train,305,fc_floor_020,current,fuzzy_connectedness,closing_c3_d1,3,1,both_tolerable,True,1.625675941147251,0.0,0.646756310450578,0.4203061284794043,0.646756310450578,0.22645018197117373,16210,7662,16210,8548,0.2716577540106952,0.5236058059587472,0.9282171756721482,0.8456508328192474,0.3981588120004744,1.7185932530010177,1.5061939110019011,7662.0,424488.0,424488.0,0.16,8.0,False,False,False,
refinement,fc_floor_020__conservative_c2_d1,train,305,fc_floor_020,current,fuzzy_connectedness,conservative_c2_d1,2,1,both_tolerable,True,1.625675941147251,0.0,0.6463351156958311,0.4203061284794043,0.6463351156958311,0.22602898721642684,16086,7662,16086,8424,0.2716577540106952,0.5217341482047364,0.9282171756721482,0.8491234613950018,0.3981588120004744,1.7185932530010177,0.5872162520026905,7662.0,424488.0,424488.0,0.16,8.0,False,False,False,
refinement,fc_floor_020__current_c3_d2,train,305,fc_floor_020,current,fuzzy_connectedness,current_c3_d2,3,2,both_tolerable,True,1.625675941147251,0.0,0.6746137186743589,0.4203061284794043,0.6746137186743589,0.25430759019495464,28767,7662,28767,21105,0.2716577540106952,0.7079449961802903,0.9282171756721482,0.6442799040567316,0.3981588120004744,1.7185932530010177,1.73970329200165,7662.0,424488.0,424488.0,0.16,8.0,False,False,False,
refinement,fc_floor_020__raw,train,305,fc_floor_020,current,fuzzy_connectedness,raw,0,0,both_tolerable,True,1.625675941147251,0.0,0.4203061284794043,0.4203061284794043,0.4203061284794043,0.0,7662,7662,7662,0,0.2716577540106952,0.2716577540106952,0.9282171756721482,0.9282171756721482,0.3981588120004744,1.7185932530010177,0.22886149099940667,7662.0,424488.0,424488.0,0.16,8.0,False,False,False,
refinement,fc_floor_022__closing_c3_d1,train,305,fc_floor_022,current,fuzzy_connectedness,closing_c3_d1,3,1,both_tolerable,True,1.625675941147251,0.0,0.6472763241562846,0.42129807266609604,0.6472763241562846,0.22597825149018852,16281,7701,16281,8580,0.27261268143621087,0.5249045072574484,0.9267627580833658,0.8440513481972852,0.3981588120004744,1.6742081529991992,1.4874515279989282,7701.0,392629.0,392629.0,0.16,8.0,False,False,False,
refinement,fc_floor_022__conservative_c2_d1,train,305,fc_floor_022,current,fuzzy_connectedness,conservative_c2_d1,2,1,both_tolerable,True,1.625675941147251,0.0,0.6470143613000756,0.42129807266609604,0.6470143613000756,0.22571628863397958,16156,7701,16156,8455,0.27261268143621087,0.5231474407944996,0.9267627580833658,0.8477345877692498,0.3981588120004744,1.6742081529991992,0.5827778900020348,7701.0,392629.0,392629.0,0.16,8.0,False,False,False,
refinement,fc_floor_022__current_c3_d2,train,305,fc_floor_022,current,fuzzy_connectedness,current_c3_d2,3,2,both_tolerable,True,1.625675941147251,0.0,0.6743324250681199,0.42129807266609604,0.6743324250681199,0.2530343524020238,28870,7701,28870,21169,0.27261268143621087,0.7089763177998473,0.9267627580833658,0.642916522341531,0.3981588120004744,1.6742081529991992,1.7557613859971752,7701.0,392629.0,392629.0,0.16,8.0,False,False,False,
refinement,fc_floor_022__raw,train,305,fc_floor_022,current,fuzzy_connectedness,raw,0,0,both_tolerable,True,1.625675941147251,0.0,0.42129807266609604,0.42129807266609604,0.42129807266609604,0.0,7701,7701,7701,0,0.27261268143621087,0.27261268143621087,0.9267627580833658,0.9267627580833658,0.3981588120004744,1.6742081529991992,0.2258967660018243,7701.0,392629.0,392629.0,0.16,8.0,False,False,False,
refinement,fc_floor_022_alpha_018__closing_c3_d1,train,305,fc_floor_022_alpha_018,current,fuzzy_connectedness,closing_c3_d1,3,1,both_tolerable,True,1.625675941147251,0.0,0.6389680660901493,0.40373472635023566,0.6389680660901493,0.23523333973991367,15218,7129,15218,8089,0.2568372803666921,0.5051948051948052,0.9431897881890868,0.8691023787619924,0.3981588120004744,1.6105516479983635,1.4932906519970857,7129.0,392629.0,392629.0,0.18,8.0,False,False,False,
refinement,fc_floor_022_alpha_018__conservative_c2_d1,train,305,fc_floor_022_alpha_018,current,fuzzy_connectedness,conservative_c2_d1,2,1,both_tolerable,True,1.625675941147251,0.0,0.6387071764306828,0.40373472635023566,0.6387071764306828,0.2349724500804471,15094,7129,15094,7965,0.2568372803666921,0.503475935828877,0.9431897881890868,0.8732608983702134,0.3981588120004744,1.6105516479983635,0.5859772019975935,7129.0,392629.0,392629.0,0.18,8.0,False,False,False,
refinement,fc_floor_022_alpha_018__current_c3_d2,train,305,fc_floor_022_alpha_018,current,fuzzy_connectedness,current_c3_d2,3,2,both_tolerable,True,1.625675941147251,0.0,0.6815908281972987,0.40373472635023566,0.6815908281972987,0.277856101847063,27201,7129,27201,20072,0.2568372803666921,0.694881588999236,0.9431897881890868,0.6687989412153965,0.3981588120004744,1.6105516479983635,1.7419165120008984,7129.0,392629.0,392629.0,0.18,8.0,False,False,False,
refinement,fc_floor_022_alpha_018__raw,train,305,fc_floor_022_alpha_018,current,fuzzy_connectedness,raw,0,0,both_tolerable,True,1.625675941147251,0.0,0.40373472635023566,0.40373472635023566,0.40373472635023566,0.0,7129,7129,7129,0,0.2568372803666921,0.2568372803666921,0.9431897881890868,0.9431897881890868,0.3981588120004744,1.6105516479983635,0.22771724899939727,7129.0,392629.0,392629.0,0.18,8.0,False,False,False,
refinement,fc_floor_024__closing_c3_d1,train,305,fc_floor_024,current,fuzzy_connectedness,closing_c3_d1,3,1,both_tolerable,True,1.625675941147251,0.0,0.6475926274214783,0.42265063082183707,0.6475926274214783,0.2249419965996412,16356,7744,16356,8612,0.2738349885408709,0.5260886172650878,0.9257489669421488,0.8420763022743947,0.3981588120004744,1.654882680002629,1.5006338079983834,7744.0,365755.0,365755.0,0.16,8.0,False,False,False,
refinement,fc_floor_024__conservative_c2_d1,train,305,fc_floor_024,current,fuzzy_connectedness,conservative_c2_d1,2,1,both_tolerable,True,1.625675941147251,0.0,0.6473764886216248,0.42265063082183707,0.6473764886216248,0.2247258577997877,16225,7744,16225,8481,0.2738349885408709,0.5242933537051184,0.9257489669421488,0.8459784283513097,0.3981588120004744,1.654882680002629,0.578332387998671,7744.0,365755.0,365755.0,0.16,8.0,False,False,False,
refinement,fc_floor_024__current_c3_d2,train,305,fc_floor_024,current,fuzzy_connectedness,current_c3_d2,3,2,both_tolerable,True,1.625675941147251,0.0,0.6734238726405686,0.42265063082183707,0.6734238726405686,0.2507732418187315,28971,7744,28971,21227,0.2738349885408709,0.7093200916730329,0.9257489669421488,0.6409858133996065,0.3981588120004744,1.654882680002629,1.7460028959976626,7744.0,365755.0,365755.0,0.16,8.0,False,False,False,
refinement,fc_floor_024__raw,train,305,fc_floor_024,current,fuzzy_connectedness,raw,0,0,both_tolerable,True,1.625675941147251,0.0,0.42265063082183707,0.42265063082183707,0.42265063082183707,0.0,7744,7744,7744,0,0.2738349885408709,0.2738349885408709,0.9257489669421488,0.9257489669421488,0.3981588120004744,1.654882680002629,0.22757718000138993,7744.0,365755.0,365755.0,0.16,8.0,False,False,False,
refinement,rg_gamma55__closing_c3_d1,train,305,rg_gamma55,current,region_growing,closing_c3_d1,3,1,both_tolerable,True,1.625675941147251,0.0,0.6252676659528907,0.3818687969014766,0.6252676659528907,0.2433988690514141,15383,6868,15383,8515,0.2410236822001528,0.49633307868601984,0.9187536400698894,0.8446986933628031,0.3981588120004744,0.06172581600185367,1.4899561580023146,,,,,,,False,False,
refinement,rg_gamma55__conservative_c2_d1,train,305,rg_gamma55,current,region_growing,conservative_c2_d1,2,1,both_tolerable,True,1.625675941147251,0.0,0.6246012566457225,0.3818687969014766,0.6246012566457225,0.2427324597442459,15200,6868,15200,8332,0.2410236822001528,0.4936210847975554,0.9187536400698894,0.8501973684210526,0.3981588120004744,0.06172581600185367,0.614153119000548,,,,,,,False,False,
refinement,rg_gamma55__current_c3_d2,train,305,rg_gamma55,current,region_growing,current_c3_d2,3,2,both_tolerable,True,1.625675941147251,0.0,0.6860182594610514,0.3818687969014766,0.6860182594610514,0.3041494625595748,28148,6868,28148,21280,0.2410236822001528,0.7118029029793735,0.9187536400698894,0.6620363791388376,0.3981588120004744,0.06172581600185367,1.7407026340006269,,,,,,,False,False,
refinement,rg_gamma55__raw,train,305,rg_gamma55,current,region_growing,raw,0,0,both_tolerable,True,1.625675941147251,0.0,0.3818687969014766,0.3818687969014766,0.3818687969014766,0.0,6868,6868,6868,0,0.2410236822001528,0.2410236822001528,0.9187536400698894,0.9187536400698894,0.3981588120004744,0.06172581600185367,0.22571179900114657,,,,,,,False,False,
refinement,rg_gamma60__closing_c3_d1,train,305,rg_gamma60,gamma60,region_growing,closing_c3_d1,3,1,both_tolerable,True,1.625675941147251,0.0,0.6214981803971374,0.3721669008491661,0.6214981803971374,0.24933127954797135,14763,6558,14763,8205,0.23269671504965622,0.4859816653934301,0.9289417505336993,0.8618167039219671,0.4060346929982188,0.06034718699811492,1.4884549070011417,,,,,,,False,False,
refinement,rg_gamma60__conservative_c2_d1,train,305,rg_gamma60,gamma60,region_growing,conservative_c2_d1,2,1,both_tolerable,True,1.625675941147251,0.0,0.6206068329983825,0.3721669008491661,0.6206068329983825,0.2484399321492164,14622,6558,14622,8064,0.23269671504965622,0.48361344537815126,0.9289417505336993,0.8658870195595678,0.4060346929982188,0.06034718699811492,0.5840674809987831,,,,,,,False,False,
refinement,rg_gamma60__current_c3_d2,train,305,rg_gamma60,gamma60,region_growing,current_c3_d2,3,2,both_tolerable,True,1.625675941147251,0.0,0.6934162934087971,0.3721669008491661,0.6934162934087971,0.321249392559631,27179,6558,27179,20621,0.23269671504965622,0.706646294881589,0.9289417505336993,0.6806725780933809,0.4060346929982188,0.06034718699811492,1.73806470099953,,,,,,,False,False,
refinement,rg_gamma60__raw,train,305,rg_gamma60,gamma60,region_growing,raw,0,0,both_tolerable,True,1.625675941147251,0.0,0.3721669008491661,0.3721669008491661,0.3721669008491661,0.0,6558,6558,6558,0,0.23269671504965622,0.23269671504965622,0.9289417505336993,0.9289417505336993,0.4060346929982188,0.06034718699811492,0.22613009300039266,,,,,,,False,False,
refinement,rg_gamma65__closing_c3_d1,train,305,rg_gamma65,gamma65,region_growing,closing_c3_d1,3,1,both_tolerable,True,1.625675941147251,0.0,0.6148113417071787,0.36379851159357895,0.6148113417071787,0.2510128301135997,14343,6338,14343,8005,0.22593582887700533,0.47582123758594347,0.9332597033764595,0.8685072857840062,0.3957813199995144,0.05804134299978614,1.5053930370013404,,,,,,,False,False,
refinement,rg_gamma65__conservative_c2_d1,train,305,rg_gamma65,gamma65,region_growing,conservative_c2_d1,2,1,both_tolerable,True,1.625675941147251,0.0,0.6138952164009112,0.36379851159357895,0.6138952164009112,0.2500967048073322,14208,6338,14208,7870,0.22593582887700533,0.47352941176470587,0.9332597033764595,0.8725365990990991,0.3957813199995144,0.05804134299978614,0.6125620160019025,,,,,,,False,False,
refinement,rg_gamma65__current_c3_d2,train,305,rg_gamma65,gamma65,region_growing,current_c3_d2,3,2,both_tolerable,True,1.625675941147251,0.0,0.6916690415123017,0.36379851159357895,0.6916690415123017,0.32787052991872273,26455,6338,26455,20117,0.22593582887700533,0.6953017570664629,0.9332597033764595,0.6880740880740881,0.3957813199995144,0.05804134299978614,1.7546088980016066,,,,,,,False,False,
refinement,rg_gamma65__raw,train,305,rg_gamma65,gamma65,region_growing,raw,0,0,both_tolerable,True,1.625675941147251,0.0,0.36379851159357895,0.36379851159357895,0.36379851159357895,0.0,6338,6338,6338,0,0.22593582887700533,0.22593582887700533,0.9332597033764595,0.9332597033764595,0.3957813199995144,0.05804134299978614,0.22826673999952618,,,,,,,False,False,
refinement,rg_gamma70__closing_c3_d1,train,305,rg_gamma70,gamma70,region_growing,closing_c3_d1,3,1,both_tolerable,True,1.625675941147251,0.0,0.605421611492817,0.3541150223103619,0.605421611492817,0.25130658918245513,13845,6092,13845,7753,0.21825821237585943,0.46279602750190985,0.937951411687459,0.8751173708920188,0.39391131900265464,0.05580933699820889,1.490050444001099,,,,,,,False,False,
refinement,rg_gamma70__conservative_c2_d1,train,305,rg_gamma70,gamma70,region_growing,conservative_c2_d1,2,1,both_tolerable,True,1.625675941147251,0.0,0.6042674823859789,0.3541150223103619,0.6042674823859789,0.25015246007561703,13703,6092,13703,7611,0.21825821237585943,0.4602750190985485,0.937951411687459,0.8793694811355177,0.39391131900265464,0.05580933699820889,0.6105547570005001,,,,,,,False,False,
refinement,rg_gamma70__current_c3_d2,train,305,rg_gamma70,gamma70,region_growing,current_c3_d2,3,2,both_tolerable,True,1.625675941147251,0.0,0.6876171701358691,0.3541150223103619,0.6876171701358691,0.3335021478255072,25561,6092,25561,19469,0.21825821237585943,0.6794881588999236,0.937951411687459,0.6959430382222918,0.39391131900265464,0.05580933699820889,1.737584530001186,,,,,,,False,False,
refinement,rg_gamma70__raw,train,305,rg_gamma70,gamma70,region_growing,raw,0,0,both_tolerable,True,1.625675941147251,0.0,0.3541150223103619,0.3541150223103619,0.3541150223103619,0.0,6092,6092,6092,0,0.21825821237585943,0.21825821237585943,0.937951411687459,0.937951411687459,0.39391131900265464,0.05580933699820889,0.22581747799995355,,,,,,,False,False,
refinement,fc_alpha_018__closing_c3_d1,train,315,fc_alpha_018,current,fuzzy_connectedness,closing_c3_d1,3,1,both_tolerable,True,0.0,1.3908992882585443,0.5820851421687843,0.33474707187596553,0.5820851421687843,0.24733807029281873,14782,6388,14782,8394,0.2039705630669177,0.4383022419989731,0.9328428303068252,0.8662562576106075,0.39864149800268933,1.4594463400026143,1.584819135001453,6388.0,566628.0,500000.0,0.18,8.0,False,False,True,
refinement,fc_alpha_018__conservative_c2_d1,train,315,fc_alpha_018,current,fuzzy_connectedness,conservative_c2_d1,2,1,both_tolerable,True,0.0,1.3908992882585443,0.5782796534619516,0.33474707187596553,0.5782796534619516,0.24353258158598612,14532,6388,14532,8144,0.2039705630669177,0.43296251925380796,0.9328428303068252,0.8704238921001927,0.39864149800268933,1.4594463400026143,0.614844613999594,6388.0,566628.0,500000.0,0.18,8.0,False,False,True,
refinement,fc_alpha_018__current_c3_d2,train,315,fc_alpha_018,current,fuzzy_connectedness,current_c3_d2,3,2,both_tolerable,True,0.0,1.3908992882585443,0.64207135690775,0.33474707187596553,0.64207135690775,0.30732428503178444,27598,6388,27598,21210,0.2039705630669177,0.6243025842888927,0.9328428303068252,0.660881223277049,0.39864149800268933,1.4594463400026143,1.8407882930005144,6388.0,566628.0,500000.0,0.18,8.0,False,False,True,
refinement,fc_alpha_018__raw,train,315,fc_alpha_018,current,fuzzy_connectedness,raw,0,0,both_tolerable,True,0.0,1.3908992882585443,0.33474707187596553,0.33474707187596553,0.33474707187596553,0.0,6388,6388,6388,0,0.2039705630669177,0.2039705630669177,0.9328428303068252,0.9328428303068252,0.39864149800268933,1.4594463400026143,0.24405673500223202,6388.0,566628.0,500000.0,0.18,8.0,False,False,True,
refinement,fc_current__closing_c3_d1,train,315,fc_current,current,fuzzy_connectedness,closing_c3_d1,3,1,both_tolerable,True,0.0,1.3908992882585443,0.5984677383641114,0.3566559024040187,0.5984677383641114,0.2418118359600927,15947,7016,15947,8931,0.2211535170289235,0.46257059729590966,0.9208950969213227,0.8474321188938359,0.39864149800268933,1.5324755439978617,1.6023939919978147,7016.0,566628.0,500000.0,0.16,8.0,False,False,True,
refinement,fc_current__conservative_c2_d1,train,315,fc_current,current,fuzzy_connectedness,conservative_c2_d1,2,1,both_tolerable,True,0.0,1.3908992882585443,0.5952264327381217,0.3566559024040187,0.5952264327381217,0.23857053033410303,15699,7016,15699,8683,0.2211535170289235,0.4575389354783502,0.9208950969213227,0.8514555067201732,0.39864149800268933,1.5324755439978617,0.6542250410020642,7016.0,566628.0,500000.0,0.16,8.0,False,False,True,
refinement,fc_current__current_c3_d2,train,315,fc_current,current,fuzzy_connectedness,current_c3_d2,3,2,both_tolerable,True,0.0,1.3908992882585443,0.6397695506920297,0.3566559024040187,0.6397695506920297,0.283113648288011,29453,7016,29453,22437,0.2211535170289235,0.6423754920417594,0.9208950969213227,0.6371846670967304,0.39864149800268933,1.5324755439978617,1.8635710470007325,7016.0,566628.0,500000.0,0.16,8.0,False,False,True,
refinement,fc_current__raw,train,315,fc_current,current,fuzzy_connectedness,raw,0,0,both_tolerable,True,0.0,1.3908992882585443,0.3566559024040187,0.3566559024040187,0.3566559024040187,0.0,7016,7016,7016,0,0.2211535170289235,0.2211535170289235,0.9208950969213227,0.9208950969213227,0.39864149800268933,1.5324755439978617,0.2499115120008355,7016.0,566628.0,500000.0,0.16,8.0,False,False,True,
refinement,fc_floor_020__closing_c3_d1,train,315,fc_floor_020,current,fuzzy_connectedness,closing_c3_d1,3,1,both_tolerable,True,0.0,1.3908992882585443,0.5989389920424403,0.35798759476223296,0.5989389920424403,0.2409513972802073,16025,7060,16025,8965,0.2222488447715215,0.46373438302242,0.9196883852691218,0.8454290171606864,0.39864149800268933,1.5919946869980777,1.5871016250021057,7060.0,528870.0,500000.0,0.16,8.0,False,False,True,
refinement,fc_floor_020__conservative_c2_d1,train,315,fc_floor_020,current,fuzzy_connectedness,conservative_c2_d1,2,1,both_tolerable,True,0.0,1.3908992882585443,0.5958922379301147,0.35798759476223296,0.5958922379301147,0.23790464316788174,15773,7060,15773,8713,0.2222488447715215,0.45880540818072907,0.9196883852691218,0.849806631585621,0.39864149800268933,1.5919946869980777,0.6202951469967957,7060.0,528870.0,500000.0,0.16,8.0,False,False,True,
refinement,fc_floor_020__current_c3_d2,train,315,fc_floor_020,current,fuzzy_connectedness,current_c3_d2,3,2,both_tolerable,True,0.0,1.3908992882585443,0.6394106438001905,0.35798759476223296,0.6394106438001905,0.28142304903795756,29561,7060,29561,22501,0.2222488447715215,0.6431969878487078,0.9196883852691218,0.6356686174351341,0.39864149800268933,1.5919946869980777,1.8482906600002025,7060.0,528870.0,500000.0,0.16,8.0,False,False,True,
refinement,fc_floor_020__raw,train,315,fc_floor_020,current,fuzzy_connectedness,raw,0,0,both_tolerable,True,0.0,1.3908992882585443,0.35798759476223296,0.35798759476223296,0.35798759476223296,0.0,7060,7060,7060,0,0.2222488447715215,0.2222488447715215,0.9196883852691218,0.9196883852691218,0.39864149800268933,1.5919946869980777,0.23954266600048868,7060.0,528870.0,500000.0,0.16,8.0,False,False,True,
refinement,fc_floor_022__closing_c3_d1,train,315,fc_floor_022,current,fuzzy_connectedness,closing_c3_d1,3,1,both_tolerable,True,0.0,1.3908992882585443,0.5993995850072844,0.3588896232650364,0.5993995850072844,0.24050996174224804,16087,7097,16087,8990,0.22303611158651376,0.46472702378914943,0.918134422995632,0.8439733946665009,0.39864149800268933,1.500404720998631,1.5941548150003655,7097.0,496649.0,496649.0,0.16,8.0,False,False,False,
refinement,fc_floor_022__conservative_c2_d1,train,315,fc_floor_022,current,fuzzy_connectedness,conservative_c2_d1,2,1,both_tolerable,True,0.0,1.3908992882585443,0.5963681569950717,0.3588896232650364,0.5963681569950717,0.23747853373003536,15831,7097,15831,8734,0.22303611158651376,0.4597638199555023,0.918134422995632,0.8484618785926347,0.39864149800268933,1.500404720998631,0.614113384999655,7097.0,496649.0,496649.0,0.16,8.0,False,False,False,
refinement,fc_floor_022__current_c3_d2,train,315,fc_floor_022,current,fuzzy_connectedness,current_c3_d2,3,2,both_tolerable,True,0.0,1.3908992882585443,0.6389360690264284,0.3588896232650364,0.6389360690264284,0.28004644576139204,29661,7097,29661,22564,0.22303611158651376,0.6438131097039193,0.918134422995632,0.63413236236135,0.39864149800268933,1.500404720998631,1.9073771510011284,7097.0,496649.0,496649.0,0.16,8.0,False,False,False,
refinement,fc_floor_022__raw,train,315,fc_floor_022,current,fuzzy_connectedness,raw,0,0,both_tolerable,True,0.0,1.3908992882585443,0.3588896232650364,0.3588896232650364,0.3588896232650364,0.0,7097,7097,7097,0,0.22303611158651376,0.22303611158651376,0.918134422995632,0.918134422995632,0.39864149800268933,1.500404720998631,0.23811075900084688,7097.0,496649.0,496649.0,0.16,8.0,False,False,False,
refinement,fc_floor_022_alpha_018__closing_c3_d1,train,315,fc_floor_022_alpha_018,current,fuzzy_connectedness,closing_c3_d1,3,1,both_tolerable,True,0.0,1.3908992882585443,0.5841826335099878,0.33762084909625895,0.5841826335099878,0.24656178441372884,14939,6470,14939,8469,0.20619544754406982,0.4414513092589423,0.9310664605873261,0.8633107972421179,0.39864149800268933,1.466528469001787,1.5876883509990876,6470.0,496649.0,496649.0,0.18,8.0,False,False,False,
refinement,fc_floor_022_alpha_018__conservative_c2_d1,train,315,fc_floor_022_alpha_018,current,fuzzy_connectedness,conservative_c2_d1,2,1,both_tolerable,True,0.0,1.3908992882585443,0.5805261359754015,0.33762084909625895,0.5805261359754015,0.24290528687914253,14690,6470,14690,8220,0.20619544754406982,0.43621427348964575,0.9310664605873261,0.8675289312457454,0.39864149800268933,1.466528469001787,0.6148126750013034,6470.0,496649.0,496649.0,0.18,8.0,False,False,False,
refinement,fc_floor_022_alpha_018__current_c3_d2,train,315,fc_floor_022_alpha_018,current,fuzzy_connectedness,current_c3_d2,3,2,both_tolerable,True,0.0,1.3908992882585443,0.641492233792644,0.33762084909625895,0.641492233792644,0.303871384696385,27827,6470,27827,21357,0.20619544754406982,0.6262536368303954,0.9310664605873261,0.6574909260789881,0.39864149800268933,1.466528469001787,1.914725171001919,6470.0,496649.0,496649.0,0.18,8.0,False,False,False,
refinement,fc_floor_022_alpha_018__raw,train,315,fc_floor_022_alpha_018,current,fuzzy_connectedness,raw,0,0,both_tolerable,True,0.0,1.3908992882585443,0.33762084909625895,0.33762084909625895,0.33762084909625895,0.0,6470,6470,6470,0,0.20619544754406982,0.20619544754406982,0.9310664605873261,0.9310664605873261,0.39864149800268933,1.466528469001787,0.23826629699760815,6470.0,496649.0,496649.0,0.18,8.0,False,False,False,
refinement,fc_floor_024__closing_c3_d1,train,315,fc_floor_024,current,fuzzy_connectedness,closing_c3_d1,3,1,both_tolerable,True,0.0,1.3908992882585443,0.6002863751514484,0.3605511399576469,0.6002863751514484,0.23973523519380152,16180,7146,16180,9034,0.22437104227280508,0.4663700154030464,0.9172963895885811,0.8420889987639061,0.39864149800268933,1.5577951390005182,1.6315521569995326,7146.0,468952.0,468952.0,0.16,8.0,False,False,False,
refinement,fc_floor_024__conservative_c2_d1,train,315,fc_floor_024,current,fuzzy_connectedness,conservative_c2_d1,2,1,both_tolerable,True,0.0,1.3908992882585443,0.5972391482572954,0.3605511399576469,0.5972391482572954,0.23668800829964848,15916,7146,15916,8770,0.22437104227280508,0.4613041245935307,0.9172963895885811,0.846757979391807,0.39864149800268933,1.5577951390005182,0.63905516199884,7146.0,468952.0,468952.0,0.16,8.0,False,False,False,
refinement,fc_floor_024__current_c3_d2,train,315,fc_floor_024,current,fuzzy_connectedness,current_c3_d2,3,2,both_tolerable,True,0.0,1.3908992882585443,0.6380519876639441,0.3605511399576469,0.6380519876639441,0.2775008477062972,29799,7146,29799,22653,0.22437104227280508,0.6444292315591306,0.9172963895885811,0.6317997248229806,0.39864149800268933,1.5577951390005182,1.8796147799985192,7146.0,468952.0,468952.0,0.16,8.0,False,False,False,
refinement,fc_floor_024__raw,train,315,fc_floor_024,current,fuzzy_connectedness,raw,0,0,both_tolerable,True,0.0,1.3908992882585443,0.3605511399576469,0.3605511399576469,0.3605511399576469,0.0,7146,7146,7146,0,0.22437104227280508,0.22437104227280508,0.9172963895885811,0.9172963895885811,0.39864149800268933,1.5577951390005182,0.24432999099735753,7146.0,468952.0,468952.0,0.16,8.0,False,False,False,
refinement,rg_gamma55__closing_c3_d1,train,315,rg_gamma55,current,region_growing,closing_c3_d1,3,1,both_tolerable,True,0.0,1.3908992882585443,0.5795600387273996,0.3275556928954687,0.5795600387273996,0.2520043458319309,15198,6382,15198,8816,0.19955502310456957,0.4405271264761253,0.9135067376997806,0.8468219502566127,0.39864149800268933,0.060378988997399574,1.6001986049996049,,,,,,,False,False,
refinement,rg_gamma55__conservative_c2_d1,train,315,rg_gamma55,current,region_growing,conservative_c2_d1,2,1,both_tolerable,True,0.0,1.3908992882585443,0.5748901671271344,0.3275556928954687,0.5748901671271344,0.24733447423166566,14943,6382,14943,8561,0.19955502310456957,0.4344685948998802,0.9135067376997806,0.8494278257378036,0.39864149800268933,0.060378988997399574,0.6207677189995593,,,,,,,False,False,
refinement,rg_gamma55__current_c3_d2,train,315,rg_gamma55,current,region_growing,current_c3_d2,3,2,both_tolerable,True,0.0,1.3908992882585443,0.6453802943102319,0.3275556928954687,0.6453802943102319,0.3178246014147632,28819,6382,28819,22437,0.19955502310456957,0.6410063323635119,0.9135067376997806,0.6498143585828794,0.39864149800268933,0.060378988997399574,1.8373103989979427,,,,,,,False,False,
refinement,rg_gamma55__raw,train,315,rg_gamma55,current,region_growing,raw,0,0,both_tolerable,True,0.0,1.3908992882585443,0.3275556928954687,0.3275556928954687,0.3275556928954687,0.0,6382,6382,6382,0,0.19955502310456957,0.19955502310456957,0.9135067376997806,0.9135067376997806,0.39864149800268933,0.060378988997399574,0.2392233300015505,,,,,,,False,False,
refinement,rg_gamma60__closing_c3_d1,train,315,rg_gamma60,gamma60,region_growing,closing_c3_d1,3,1,both_tolerable,True,0.0,1.3908992882585443,0.5667878341692357,0.31165651158817836,0.5667878341692357,0.25513132258105736,14251,5907,14251,8344,0.18733527297621086,0.4216327229163101,0.9265278483155578,0.864360395761701,0.40339536600004067,0.056885623998823576,1.5884552399984386,,,,,,,False,False,
refinement,rg_gamma60__conservative_c2_d1,train,315,rg_gamma60,gamma60,region_growing,conservative_c2_d1,2,1,both_tolerable,True,0.0,1.3908992882585443,0.5618507807981492,0.31165651158817836,0.5618507807981492,0.25019426920997084,14010,5907,14010,8103,0.18733527297621086,0.41564264932397743,0.9265278483155578,0.8667380442541042,0.40339536600004067,0.056885623998823576,0.6430267310024647,,,,,,,False,False,
refinement,rg_gamma60__current_c3_d2,train,315,rg_gamma60,gamma60,region_growing,current_c3_d2,3,2,both_tolerable,True,0.0,1.3908992882585443,0.6461407642296586,0.31165651158817836,0.6461407642296586,0.33448425264148024,27234,5907,27234,21327,0.18733527297621086,0.6242341263049803,0.9265278483155578,0.6696408900638907,0.40339536600004067,0.056885623998823576,1.8883485869992,,,,,,,False,False,
refinement,rg_gamma60__raw,train,315,rg_gamma60,gamma60,region_growing,raw,0,0,both_tolerable,True,0.0,1.3908992882585443,0.31165651158817836,0.31165651158817836,0.31165651158817836,0.0,5907,5907,5907,0,0.18733527297621086,0.18733527297621086,0.9265278483155578,0.9265278483155578,0.40339536600004067,0.056885623998823576,0.23830331700082752,,,,,,,False,False,
refinement,rg_gamma65__closing_c3_d1,train,315,rg_gamma65,gamma65,region_growing,closing_c3_d1,3,1,both_tolerable,True,0.0,1.3908992882585443,0.5560487827671604,0.29840612233154956,0.5560487827671604,0.25764266043561085,13587,5543,13587,8044,0.1775115522847852,0.407325004278624,0.9355944434421793,0.8758371973209685,0.3902753529982874,0.05362190599771566,1.5783003510005074,,,,,,,False,False,
refinement,rg_gamma65__conservative_c2_d1,train,315,rg_gamma65,gamma65,region_growing,conservative_c2_d1,2,1,both_tolerable,True,0.0,1.3908992882585443,0.5513338343039639,0.29840612233154956,0.5513338343039639,0.2529277119724143,13369,5543,13369,7826,0.1775115522847852,0.4018141365736779,0.9355944434421793,0.8780761463086244,0.3902753529982874,0.05362190599771566,0.6147913770000741,,,,,,,False,False,
refinement,rg_gamma65__current_c3_d2,train,315,rg_gamma65,gamma65,region_growing,current_c3_d2,3,2,both_tolerable,True,0.0,1.3908992882585443,0.6480225173210161,0.29840612233154956,0.6480225173210161,0.34961639498946656,26209,5543,26209,20666,0.1775115522847852,0.6146842375492042,0.9355944434421793,0.6851844786142165,0.3902753529982874,0.05362190599771566,1.853145532997587,,,,,,,False,False,
refinement,rg_gamma65__raw,train,315,rg_gamma65,gamma65,region_growing,raw,0,0,both_tolerable,True,0.0,1.3908992882585443,0.29840612233154956,0.29840612233154956,0.29840612233154956,0.0,5543,5543,5543,0,0.1775115522847852,0.1775115522847852,0.9355944434421793,0.9355944434421793,0.3902753529982874,0.05362190599771566,0.24326838799970574,,,,,,,False,False,
refinement,rg_gamma70__closing_c3_d1,train,315,rg_gamma70,gamma70,region_growing,closing_c3_d1,3,1,both_tolerable,True,0.0,1.3908992882585443,0.5440205254905687,0.2850665581584607,0.5440205254905687,0.25895396733210796,12879,5191,12879,7688,0.1678589765531405,0.3919219578983399,0.9447120015411289,0.8890441804487926,0.38950065500102937,0.05236699499801034,1.6000379800025257,,,,,,,False,False,
refinement,rg_gamma70__conservative_c2_d1,train,315,rg_gamma70,gamma70,region_growing,conservative_c2_d1,2,1,both_tolerable,True,0.0,1.3908992882585443,0.5396203891607975,0.2850665581584607,0.5396203891607975,0.25455383100233675,12670,5191,12670,7479,0.1678589765531405,0.38682183809686804,0.9447120015411289,0.8919494869771113,0.38950065500102937,0.05236699499801034,0.6245233340014238,,,,,,,False,False,
refinement,rg_gamma70__current_c3_d2,train,315,rg_gamma70,gamma70,region_growing,current_c3_d2,3,2,both_tolerable,True,0.0,1.3908992882585443,0.6485759056134206,0.2850665581584607,0.6485759056134206,0.3635093474549599,25030,5191,25030,19839,0.1678589765531405,0.6021221975012836,0.9447120015411289,0.7027966440271673,0.38950065500102937,0.05236699499801034,1.8562284750005347,,,,,,,False,False,
refinement,rg_gamma70__raw,train,315,rg_gamma70,gamma70,region_growing,raw,0,0,both_tolerable,True,0.0,1.3908992882585443,0.2850665581584607,0.2850665581584607,0.2850665581584607,0.0,5191,5191,5191,0,0.1678589765531405,0.1678589765531405,0.9447120015411289,0.9447120015411289,0.38950065500102937,0.05236699499801034,0.24100807499780785,,,,,,,False,False,
refinement,fc_alpha_018__closing_c3_d1,train,330,fc_alpha_018,current,fuzzy_connectedness,closing_c3_d1,3,1,both_tolerable,True,0.0,1.739843048383334,0.5353931567195703,0.33017022109176286,0.5353931567195703,0.20522293562780747,16453,7628,16453,8825,0.20294648226097414,0.40012026458208055,0.8848977451494494,0.8088494499483377,0.42117281399987405,1.8036104990023887,1.551689396997972,7628.0,533252.0,500000.0,0.18,8.0,False,False,True,
refinement,fc_alpha_018__conservative_c2_d1,train,330,fc_alpha_018,current,fuzzy_connectedness,conservative_c2_d1,2,1,both_tolerable,True,0.0,1.739843048383334,0.5344879791679283,0.33017022109176286,0.5344879791679283,0.20431775807616548,16279,7628,16279,8651,0.20294648226097414,0.3980457005411906,0.8848977451494494,0.8132563425271823,0.42117281399987405,1.8036104990023887,0.5985769920007442,7628.0,533252.0,500000.0,0.18,8.0,False,False,True,
refinement,fc_alpha_018__current_c3_d2,train,330,fc_alpha_018,current,fuzzy_connectedness,current_c3_d2,3,2,both_tolerable,True,0.0,1.739843048383334,0.5977551052992927,0.33017022109176286,0.5977551052992927,0.2675848842075298,29371,7628,29371,21743,0.20294648226097414,0.5628081779915814,0.8848977451494494,0.6373293384631099,0.42117281399987405,1.8036104990023887,1.7860976379997737,7628.0,533252.0,500000.0,0.18,8.0,False,False,True,
refinement,fc_alpha_018__raw,train,330,fc_alpha_018,current,fuzzy_connectedness,raw,0,0,both_tolerable,True,0.0,1.739843048383334,0.33017022109176286,0.33017022109176286,0.33017022109176286,0.0,7628,7628,7628,0,0.20294648226097414,0.20294648226097414,0.8848977451494494,0.8848977451494494,0.42117281399987405,1.8036104990023887,0.23708927199913887,7628.0,533252.0,500000.0,0.18,8.0,False,False,True,
refinement,fc_current__closing_c3_d1,train,330,fc_current,current,fuzzy_connectedness,closing_c3_d1,3,1,both_tolerable,True,0.0,1.739843048383334,0.5609516574329708,0.3630412419339755,0.5609516574329708,0.1979104154989953,20709,9512,20709,11197,0.23343355381840047,0.4551112447384245,0.8162321278385197,0.7309382394128157,0.42117281399987405,2.177052762002859,1.5342896090005524,9512.0,533252.0,500000.0,0.16,8.0,False,False,True,
refinement,fc_current__conservative_c2_d1,train,330,fc_current,current,fuzzy_connectedness,conservative_c2_d1,2,1,both_tolerable,True,0.0,1.739843048383334,0.5597745974287687,0.3630412419339755,0.5597745974287687,0.19673335549479315,20333,9512,20333,10821,0.23343355381840047,0.45099218280216474,0.8162321278385197,0.737717011754291,0.42117281399987405,2.177052762002859,0.5986703090020455,9512.0,533252.0,500000.0,0.16,8.0,False,False,True,
refinement,fc_current__current_c3_d2,train,330,fc_current,current,fuzzy_connectedness,current_c3_d2,3,2,both_tolerable,True,0.0,1.739843048383334,0.5990502617501502,0.3630412419339755,0.5990502617501502,0.23600901981617467,36654,9512,36654,27142,0.23343355381840047,0.6296151533373422,0.8162321278385197,0.5713155453702188,0.42117281399987405,2.177052762002859,1.7885318560001906,9512.0,533252.0,500000.0,0.16,8.0,False,False,True,
refinement,fc_current__raw,train,330,fc_current,current,fuzzy_connectedness,raw,0,0,both_tolerable,True,0.0,1.739843048383334,0.3630412419339755,0.3630412419339755,0.3630412419339755,0.0,9512,9512,9512,0,0.23343355381840047,0.23343355381840047,0.8162321278385197,0.8162321278385197,0.42117281399987405,2.177052762002859,0.23312690400052816,9512.0,533252.0,500000.0,0.16,8.0,False,False,True,
refinement,fc_floor_020__closing_c3_d1,train,330,fc_floor_020,current,fuzzy_connectedness,closing_c3_d1,3,1,both_tolerable,True,0.0,1.739843048383334,0.5599852344038391,0.3634242516157633,0.5599852344038391,0.19656098278807577,20920,9599,20920,11321,0.23415514131088394,0.4561034275405893,0.8113345140118763,0.7251434034416826,0.42117281399987405,2.1924180239984707,1.5341690460008977,9599.0,496236.0,496236.0,0.16,8.0,False,False,False,
refinement,fc_floor_020__conservative_c2_d1,train,330,fc_floor_020,current,fuzzy_connectedness,conservative_c2_d1,2,1,both_tolerable,True,0.0,1.739843048383334,0.5588043942970797,0.3634242516157633,0.5588043942970797,0.19538014268131643,20537,9599,20537,10938,0.23415514131088394,0.45192423331328924,0.8113345140118763,0.7318985246141111,0.42117281399987405,2.1924180239984707,0.5993054969985678,9599.0,496236.0,496236.0,0.16,8.0,False,False,False,
refinement,fc_floor_020__current_c3_d2,train,330,fc_floor_020,current,fuzzy_connectedness,current_c3_d2,3,2,both_tolerable,True,0.0,1.739843048383334,0.5963160514899367,0.3634242516157633,0.5963160514899367,0.2328917998741734,37045,9599,37045,27446,0.23415514131088394,0.6302465423932652,0.8113345140118763,0.5658523417465245,0.42117281399987405,2.1924180239984707,1.8029364840003836,9599.0,496236.0,496236.0,0.16,8.0,False,False,False,
refinement,fc_floor_020__raw,train,330,fc_floor_020,current,fuzzy_connectedness,raw,0,0,both_tolerable,True,0.0,1.739843048383334,0.3634242516157633,0.3634242516157633,0.3634242516157633,0.0,9599,9599,9599,0,0.23415514131088394,0.23415514131088394,0.8113345140118763,0.8113345140118763,0.42117281399987405,2.1924180239984707,0.23416240799997468,9599.0,496236.0,496236.0,0.16,8.0,False,False,False,
refinement,fc_floor_022__closing_c3_d1,train,330,fc_floor_022,current,fuzzy_connectedness,closing_c3_d1,3,1,both_tolerable,True,0.0,1.739843048383334,0.5728783276755405,0.3725982005200543,0.5728783276755405,0.20028012715548615,22710,10197,22710,12513,0.2434155141310884,0.4820204449789537,0.7939590075512406,0.7059445178335535,0.42117281399987405,2.242761423000047,1.5348496389997308,10197.0,464569.0,464569.0,0.16,8.0,False,False,False,
refinement,fc_floor_022__conservative_c2_d1,train,330,fc_floor_022,current,fuzzy_connectedness,conservative_c2_d1,2,1,both_tolerable,True,0.0,1.739843048383334,0.5690606735066862,0.3725982005200543,0.5690606735066862,0.1964624729866319,22003,10197,22003,11806,0.2434155141310884,0.47276007215874927,0.7939590075512406,0.7146298232059265,0.42117281399987405,2.242761423000047,0.6011167079996085,10197.0,464569.0,464569.0,0.16,8.0,False,False,False,
refinement,fc_floor_022__current_c3_d2,train,330,fc_floor_022,current,fuzzy_connectedness,current_c3_d2,3,2,both_tolerable,True,0.0,1.739843048383334,0.5997155672245925,0.3725982005200543,0.5997155672245925,0.2271173667045382,39868,10197,39868,29671,0.2434155141310884,0.6592904389657246,0.7939590075512406,0.5500150496638908,0.42117281399987405,2.242761423000047,1.8090946349984733,10197.0,464569.0,464569.0,0.16,8.0,False,False,False,
refinement,fc_floor_022__raw,train,330,fc_floor_022,current,fuzzy_connectedness,raw,0,0,both_tolerable,True,0.0,1.739843048383334,0.3725982005200543,0.3725982005200543,0.3725982005200543,0.0,10197,10197,10197,0,0.2434155141310884,0.2434155141310884,0.7939590075512406,0.7939590075512406,0.42117281399987405,2.242761423000047,0.23448744200140936,10197.0,464569.0,464569.0,0.16,8.0,False,False,False,
refinement,fc_floor_022_alpha_018__closing_c3_d1,train,330,fc_floor_022_alpha_018,current,fuzzy_connectedness,closing_c3_d1,3,1,both_tolerable,True,0.0,1.739843048383334,0.5352877740943404,0.33209846453814285,0.5352877740943404,0.20318930955619752,16814,7770,16814,9044,0.20484064942874325,0.4029464822609741,0.8768339768339768,0.7970738670155822,0.42117281399987405,1.7849130329996115,1.534309762002522,7770.0,464569.0,464569.0,0.18,8.0,False,False,False,
refinement,fc_floor_022_alpha_018__conservative_c2_d1,train,330,fc_floor_022_alpha_018,current,fuzzy_connectedness,conservative_c2_d1,2,1,both_tolerable,True,0.0,1.739843048383334,0.534871126266172,0.33209846453814285,0.534871126266172,0.2027726617280291,16595,7770,16595,8825,0.20484064942874325,0.40087191822008417,0.8768339768339768,0.8034347695088883,0.42117281399987405,1.7849130329996115,0.597978089001117,7770.0,464569.0,464569.0,0.18,8.0,False,False,False,
refinement,fc_floor_022_alpha_018__current_c3_d2,train,330,fc_floor_022_alpha_018,current,fuzzy_connectedness,current_c3_d2,3,2,both_tolerable,True,0.0,1.739843048383334,0.5950389659760502,0.33209846453814285,0.5950389659760502,0.26294050143790737,29872,7770,29872,22102,0.20484064942874325,0.5647324113048707,0.8768339768339768,0.6287828066416711,0.42117281399987405,1.7849130329996115,1.7940801420008938,7770.0,464569.0,464569.0,0.18,8.0,False,False,False,
refinement,fc_floor_022_alpha_018__raw,train,330,fc_floor_022_alpha_018,current,fuzzy_connectedness,raw,0,0,both_tolerable,True,0.0,1.739843048383334,0.33209846453814285,0.33209846453814285,0.33209846453814285,0.0,7770,7770,7770,0,0.20484064942874325,0.20484064942874325,0.8768339768339768,0.8768339768339768,0.42117281399987405,1.7849130329996115,0.2330041519999213,7770.0,464569.0,464569.0,0.18,8.0,False,False,False,
refinement,fc_floor_024__closing_c3_d1,train,330,fc_floor_024,current,fuzzy_connectedness,closing_c3_d1,3,1,both_tolerable,True,0.0,1.739843048383334,0.5737850933447343,0.3740927882406982,0.5737850933447343,0.19969230510403607,22876,10280,22876,12596,0.24485868911605532,0.48421527360192423,0.7922178988326848,0.7040129393250568,0.42117281399987405,2.232484318999923,1.5369704119984817,10280.0,437250.0,437250.0,0.16,8.0,False,False,False,
refinement,fc_floor_024__conservative_c2_d1,train,330,fc_floor_024,current,fuzzy_connectedness,conservative_c2_d1,2,1,both_tolerable,True,0.0,1.739843048383334,0.5700055939513146,0.3740927882406982,0.5700055939513146,0.19591280571061637,22157,10280,22157,11877,0.24485868911605532,0.4748647023451594,0.7922178988326848,0.7128221329602383,0.42117281399987405,2.232484318999923,0.5982315590008511,10280.0,437250.0,437250.0,0.16,8.0,False,False,False,
refinement,fc_floor_024__current_c3_d2,train,330,fc_floor_024,current,fuzzy_connectedness,current_c3_d2,3,2,both_tolerable,True,0.0,1.739843048383334,0.5987867221048326,0.3740927882406982,0.5987867221048326,0.22469393386413444,40095,10280,40095,29815,0.24485868911605532,0.6603126879134095,0.7922178988326848,0.5477490958972441,0.42117281399987405,2.232484318999923,1.787148237999645,10280.0,437250.0,437250.0,0.16,8.0,False,False,False,
refinement,fc_floor_024__raw,train,330,fc_floor_024,current,fuzzy_connectedness,raw,0,0,both_tolerable,True,0.0,1.739843048383334,0.3740927882406982,0.3740927882406982,0.3740927882406982,0.0,10280,10280,10280,0,0.24485868911605532,0.24485868911605532,0.7922178988326848,0.7922178988326848,0.42117281399987405,2.232484318999923,0.23571423300018068,10280.0,437250.0,437250.0,0.16,8.0,False,False,False,
refinement,rg_gamma55__closing_c3_d1,train,330,rg_gamma55,current,region_growing,closing_c3_d1,3,1,both_tolerable,True,0.0,1.739843048383334,0.6038310623996291,0.38527855936972427,0.6038310623996291,0.21855250302990487,27141,11165,27141,15976,0.25730607336139505,0.5482862297053518,0.7665024630541872,0.6718986035886666,0.42117281399987405,0.09434307999981684,1.5334114170000248,,,,,,,False,False,
refinement,rg_gamma55__conservative_c2_d1,train,330,rg_gamma55,current,region_growing,conservative_c2_d1,2,1,both_tolerable,True,0.0,1.739843048383334,0.5977695167286246,0.38527855936972427,0.5977695167286246,0.21249095735890028,25920,11165,25920,14755,0.25730607336139505,0.5318099819603127,0.7665024630541872,0.6824074074074075,0.42117281399987405,0.09434307999981684,0.5998807130017667,,,,,,,False,False,
refinement,rg_gamma55__current_c3_d2,train,330,rg_gamma55,current,region_growing,current_c3_d2,3,2,both_tolerable,True,0.0,1.739843048383334,0.6411528409640886,0.38527855936972427,0.6411528409640886,0.2558742815943644,49388,11165,49388,38223,0.25730607336139505,0.7966025255562237,0.7665024630541872,0.5364663481007532,0.42117281399987405,0.09434307999981684,1.7835393969980942,,,,,,,False,False,
refinement,rg_gamma55__raw,train,330,rg_gamma55,current,region_growing,raw,0,0,both_tolerable,True,0.0,1.739843048383334,0.38527855936972427,0.38527855936972427,0.38527855936972427,0.0,11165,11165,11165,0,0.25730607336139505,0.25730607336139505,0.7665024630541872,0.7665024630541872,0.42117281399987405,0.09434307999981684,0.23280494999926304,,,,,,,False,False,
refinement,rg_gamma60__closing_c3_d1,train,330,rg_gamma60,gamma60,region_growing,closing_c3_d1,3,1,both_tolerable,True,0.0,1.739843048383334,0.571768677267478,0.3509912100243127,0.571768677267478,0.22077746724316533,23025,9516,23025,13509,0.2257065544197234,0.48379434756464224,0.7888818831441782,0.6988490770901195,0.4222800780007674,0.08163829800105304,1.5331550359987887,,,,,,,False,False,
refinement,rg_gamma60__conservative_c2_d1,train,330,rg_gamma60,gamma60,region_growing,conservative_c2_d1,2,1,both_tolerable,True,0.0,1.739843048383334,0.5664656386551588,0.3509912100243127,0.5664656386551588,0.21547442863084604,22122,9516,22122,12606,0.2257065544197234,0.47161755862898375,0.7888818831441782,0.7090678962119158,0.4222800780007674,0.08163829800105304,0.6011295499993139,,,,,,,False,False,
refinement,rg_gamma60__current_c3_d2,train,330,rg_gamma60,gamma60,region_growing,current_c3_d2,3,2,both_tolerable,True,0.0,1.739843048383334,0.6294732103848649,0.3509912100243127,0.6294732103848649,0.2784820003605522,42273,9516,42273,32757,0.2257065544197234,0.7147624774503909,0.7888818831441782,0.5623684148274313,0.4222800780007674,0.08163829800105304,1.8052499309997074,,,,,,,False,False,
refinement,rg_gamma60__raw,train,330,rg_gamma60,gamma60,region_growing,raw,0,0,both_tolerable,True,0.0,1.739843048383334,0.3509912100243127,0.3509912100243127,0.3509912100243127,0.0,9516,9516,9516,0,0.2257065544197234,0.2257065544197234,0.7888818831441782,0.7888818831441782,0.4222800780007674,0.08163829800105304,0.2345112289985991,,,,,,,False,False,
refinement,rg_gamma65__closing_c3_d1,train,330,rg_gamma65,gamma65,region_growing,closing_c3_d1,3,1,both_tolerable,True,0.0,1.739843048383334,0.5456624921370161,0.32366449117718155,0.5456624921370161,0.22199800095983457,19201,8110,19201,11091,0.2012928442573662,0.4303367408298256,0.8255240443896424,0.7454299255247122,0.4035775669981376,0.07264702300017234,1.5338139419982326,,,,,,,False,False,
refinement,rg_gamma65__conservative_c2_d1,train,330,rg_gamma65,gamma65,region_growing,conservative_c2_d1,2,1,both_tolerable,True,0.0,1.739843048383334,0.5393579256058033,0.32366449117718155,0.5393579256058033,0.21569343442862177,18572,8110,18572,10462,0.2012928442573662,0.42026458208057726,0.8255240443896424,0.7526383803575275,0.4035775669981376,0.07264702300017234,0.5973518650025653,,,,,,,False,False,
refinement,rg_gamma65__current_c3_d2,train,330,rg_gamma65,gamma65,region_growing,current_c3_d2,3,2,both_tolerable,True,0.0,1.739843048383334,0.6182937683295154,0.32366449117718155,0.6182937683295154,0.2946292771523339,35277,8110,35277,27167,0.2012928442573662,0.6370414912808178,0.8255240443896424,0.6006179663803611,0.4035775669981376,0.07264702300017234,1.7856612389987276,,,,,,,False,False,
refinement,rg_gamma65__raw,train,330,rg_gamma65,gamma65,region_growing,raw,0,0,both_tolerable,True,0.0,1.739843048383334,0.32366449117718155,0.32366449117718155,0.32366449117718155,0.0,8110,8110,8110,0,0.2012928442573662,0.2012928442573662,0.8255240443896424,0.8255240443896424,0.4035775669981376,0.07264702300017234,0.23274862399921403,,,,,,,False,False,
refinement,rg_gamma70__closing_c3_d1,train,330,rg_gamma70,gamma70,region_growing,closing_c3_d1,3,1,both_tolerable,True,0.0,1.739843048383334,0.5153632426248264,0.2999326162369912,0.5153632426248264,0.21543062638783517,15688,6809,15688,8879,0.1806674684305472,0.3792242934455803,0.8825084447055368,0.8039903110657828,0.40641048299949034,0.06166064700300922,1.5385612069985655,,,,,,,False,False,
refinement,rg_gamma70__conservative_c2_d1,train,330,rg_gamma70,gamma70,region_growing,conservative_c2_d1,2,1,both_tolerable,True,0.0,1.739843048383334,0.5140590314889418,0.2999326162369912,0.5140590314889418,0.21412641525195064,15392,6809,15392,8583,0.1806674684305472,0.3759771497294047,0.8825084447055368,0.8124350311850311,0.40641048299949034,0.06166064700300922,0.5956331599991245,,,,,,,False,False,
refinement,rg_gamma70__current_c3_d2,train,330,rg_gamma70,gamma70,region_growing,current_c3_d2,3,2,both_tolerable,True,0.0,1.739843048383334,0.6082600038538121,0.2999326162369912,0.6082600038538121,0.3083273876168209,29016,6809,29016,22207,0.1806674684305472,0.5694527961515333,0.8825084447055368,0.6527433140336366,0.40641048299949034,0.06166064700300922,1.784998284001631,,,,,,,False,False,
refinement,rg_gamma70__raw,train,330,rg_gamma70,gamma70,region_growing,raw,0,0,both_tolerable,True,0.0,1.739843048383334,0.2999326162369912,0.2999326162369912,0.2999326162369912,0.0,6809,6809,6809,0,0.1806674684305472,0.1806674684305472,0.8825084447055368,0.8825084447055368,0.40641048299949034,0.06166064700300922,0.23327959599919268,,,,,,,False,False,
refinement,fc_alpha_018__closing_c3_d1,train,344,fc_alpha_018,current,fuzzy_connectedness,closing_c3_d1,3,1,both_tolerable,True,1.7128449698162995,0.0,0.6685340081519114,0.43931521609002755,0.6685340081519114,0.2292187920618839,19667,9665,19667,10002,0.28579439252336447,0.5390654205607477,0.9491981376099328,0.8798494940763716,0.42030286700173747,2.2017577280021214,1.53513114299858,9665.0,625478.0,500000.0,0.18,8.0,False,False,True,
refinement,fc_alpha_018__conservative_c2_d1,train,344,fc_alpha_018,current,fuzzy_connectedness,conservative_c2_d1,2,1,both_tolerable,True,1.7128449698162995,0.0,0.6670024408198055,0.43931521609002755,0.6670024408198055,0.22768722472977798,19522,9665,19522,9857,0.28579439252336447,0.5363239875389408,0.9491981376099328,0.8818768568794181,0.42030286700173747,2.2017577280021214,0.6044560139998794,9665.0,625478.0,500000.0,0.18,8.0,False,False,True,
refinement,fc_alpha_018__current_c3_d2,train,344,fc_alpha_018,current,fuzzy_connectedness,current_c3_d2,3,2,both_tolerable,True,1.7128449698162995,0.0,0.7270539394121717,0.43931521609002755,0.7270539394121717,0.2877387233221441,34382,9665,34382,24717,0.28579439252336447,0.7528971962616823,0.9491981376099328,0.7029259496248037,0.42030286700173747,2.2017577280021214,1.800850284002081,9665.0,625478.0,500000.0,0.18,8.0,False,False,True,
refinement,fc_alpha_018__raw,train,344,fc_alpha_018,current,fuzzy_connectedness,raw,0,0,both_tolerable,True,1.7128449698162995,0.0,0.43931521609002755,0.43931521609002755,0.43931521609002755,0.0,9665,9665,9665,0,0.28579439252336447,0.28579439252336447,0.9491981376099328,0.9491981376099328,0.42030286700173747,2.2017577280021214,0.2339415550013655,9665.0,625478.0,500000.0,0.18,8.0,False,False,True,
refinement,fc_current__closing_c3_d1,train,344,fc_current,current,fuzzy_connectedness,closing_c3_d1,3,1,both_tolerable,True,1.7128449698162995,0.0,0.6793923456743411,0.45861792830561965,0.6793923456743411,0.2207744173687215,20759,10358,20759,10401,0.30330218068535825,0.5593769470404985,0.939949797258158,0.8649742280456669,0.42030286700173747,2.2491112999996403,1.536720776999573,10358.0,625478.0,500000.0,0.16,8.0,False,False,True,
refinement,fc_current__conservative_c2_d1,train,344,fc_current,current,fuzzy_connectedness,conservative_c2_d1,2,1,both_tolerable,True,1.7128449698162995,0.0,0.6781770576404963,0.45861792830561965,0.6781770576404963,0.21955912933487665,20606,10358,20606,10248,0.30330218068535825,0.5567601246105919,0.939949797258158,0.8673201980005824,0.42030286700173747,2.2491112999996403,0.5995194079987414,10358.0,625478.0,500000.0,0.16,8.0,False,False,True,
refinement,fc_current__current_c3_d2,train,344,fc_current,current,fuzzy_connectedness,current_c3_d2,3,2,both_tolerable,True,1.7128449698162995,0.0,0.7201963637432574,0.45861792830561965,0.7201963637432574,0.2615784354376377,35937,10358,35937,25579,0.30330218068535825,0.7632398753894081,0.939949797258158,0.6817486156329131,0.42030286700173747,2.2491112999996403,1.8092129719989316,10358.0,625478.0,500000.0,0.16,8.0,False,False,True,
refinement,fc_current__raw,train,344,fc_current,current,fuzzy_connectedness,raw,0,0,both_tolerable,True,1.7128449698162995,0.0,0.45861792830561965,0.45861792830561965,0.45861792830561965,0.0,10358,10358,10358,0,0.30330218068535825,0.30330218068535825,0.939949797258158,0.939949797258158,0.42030286700173747,2.2491112999996403,0.23369971799911582,10358.0,625478.0,500000.0,0.16,8.0,False,False,True,
refinement,fc_floor_020__closing_c3_d1,train,344,fc_floor_020,current,fuzzy_connectedness,closing_c3_d1,3,1,both_tolerable,True,1.7128449698162995,0.0,0.6798466738420288,0.46033015096646757,0.6798466738420288,0.21951652287556123,20859,10426,20859,10433,0.3049221183800623,0.560809968847352,0.9388068290811433,0.8630327436598111,0.42030286700173747,2.2660213120034314,1.5368050750003022,10426.0,579027.0,500000.0,0.16,8.0,False,False,True,
refinement,fc_floor_020__conservative_c2_d1,train,344,fc_floor_020,current,fuzzy_connectedness,conservative_c2_d1,2,1,both_tolerable,True,1.7128449698162995,0.0,0.6786613889888449,0.46033015096646757,0.6786613889888449,0.2183312380223773,20701,10426,20701,10275,0.3049221183800623,0.5581619937694704,0.9388068290811433,0.8655137432974253,0.42030286700173747,2.2660213120034314,0.6014570190018276,10426.0,579027.0,500000.0,0.16,8.0,False,False,True,
refinement,fc_floor_020__current_c3_d2,train,344,fc_floor_020,current,fuzzy_connectedness,current_c3_d2,3,2,both_tolerable,True,1.7128449698162995,0.0,0.7195728388904373,0.46033015096646757,0.7195728388904373,0.25924268792396976,36071,10426,36071,25645,0.3049221183800623,0.7640809968847352,0.9388068290811433,0.6799645144298744,0.42030286700173747,2.2660213120034314,1.7830754730021,10426.0,579027.0,500000.0,0.16,8.0,False,False,True,
refinement,fc_floor_020__raw,train,344,fc_floor_020,current,fuzzy_connectedness,raw,0,0,both_tolerable,True,1.7128449698162995,0.0,0.46033015096646757,0.46033015096646757,0.46033015096646757,0.0,10426,10426,10426,0,0.3049221183800623,0.3049221183800623,0.9388068290811433,0.9388068290811433,0.42030286700173747,2.2660213120034314,0.2333440350012097,10426.0,579027.0,500000.0,0.16,8.0,False,False,True,
refinement,fc_floor_022__closing_c3_d1,train,344,fc_floor_022,current,fuzzy_connectedness,closing_c3_d1,3,1,both_tolerable,True,1.7128449698162995,0.0,0.680778075168696,0.4620550389781159,0.680778075168696,0.21872303619058014,20954,10488,20954,10466,0.30651090342679127,0.5625856697819315,0.938119755911518,0.8618402214374343,0.42030286700173747,2.29450826700122,1.5388395660011156,10488.0,539822.0,500000.0,0.16,8.0,False,False,True,
refinement,fc_floor_022__conservative_c2_d1,train,344,fc_floor_022,current,fuzzy_connectedness,conservative_c2_d1,2,1,both_tolerable,True,1.7128449698162995,0.0,0.6794971169297666,0.4620550389781159,0.6794971169297666,0.21744207795165066,20795,10488,20795,10307,0.30651090342679127,0.5598442367601246,0.938119755911518,0.8641981245491704,0.42030286700173747,2.29450826700122,0.6284639260011318,10488.0,539822.0,500000.0,0.16,8.0,False,False,True,
refinement,fc_floor_022__current_c3_d2,train,344,fc_floor_022,current,fuzzy_connectedness,current_c3_d2,3,2,both_tolerable,True,1.7128449698162995,0.0,0.7189353010936882,0.4620550389781159,0.7189353010936882,0.2568802621155723,36201,10488,36201,25713,0.30651090342679127,0.7648598130841121,0.938119755911518,0.6782133090246126,0.42030286700173747,2.29450826700122,1.81399563100058,10488.0,539822.0,500000.0,0.16,8.0,False,False,True,
refinement,fc_floor_022__raw,train,344,fc_floor_022,current,fuzzy_connectedness,raw,0,0,both_tolerable,True,1.7128449698162995,0.0,0.4620550389781159,0.4620550389781159,0.4620550389781159,0.0,10488,10488,10488,0,0.30651090342679127,0.30651090342679127,0.938119755911518,0.938119755911518,0.42030286700173747,2.29450826700122,0.23352232199977152,10488.0,539822.0,500000.0,0.16,8.0,False,False,True,
refinement,fc_floor_022_alpha_018__closing_c3_d1,train,344,fc_floor_022_alpha_018,current,fuzzy_connectedness,closing_c3_d1,3,1,both_tolerable,True,1.7128449698162995,0.0,0.6708105611577245,0.4431183463025732,0.6708105611577245,0.22769221485515134,19864,9794,19864,10070,0.2891588785046729,0.5429595015576324,0.9477230957729222,0.8774164317358034,0.42030286700173747,2.2342322929980583,1.5403456050007662,9794.0,539822.0,500000.0,0.18,8.0,False,False,True,
refinement,fc_floor_022_alpha_018__conservative_c2_d1,train,344,fc_floor_022_alpha_018,current,fuzzy_connectedness,conservative_c2_d1,2,1,both_tolerable,True,1.7128449698162995,0.0,0.6692655061947586,0.4431183463025732,0.6692655061947586,0.22614715989218537,19718,9794,19718,9924,0.2891588785046729,0.5401869158878505,0.9477230957729222,0.8793995334212394,0.42030286700173747,2.2342322929980583,0.5999580129973765,9794.0,539822.0,500000.0,0.18,8.0,False,False,True,
refinement,fc_floor_022_alpha_018__current_c3_d2,train,344,fc_floor_022_alpha_018,current,fuzzy_connectedness,current_c3_d2,3,2,both_tolerable,True,1.7128449698162995,0.0,0.7261533852606351,0.4431183463025732,0.7261533852606351,0.2830350389580619,34660,9794,34660,24866,0.2891588785046729,0.7551090342679128,0.9477230957729222,0.69933641084824,0.42030286700173747,2.2342322929980583,1.7876662259986915,9794.0,539822.0,500000.0,0.18,8.0,False,False,True,
refinement,fc_floor_022_alpha_018__raw,train,344,fc_floor_022_alpha_018,current,fuzzy_connectedness,raw,0,0,both_tolerable,True,1.7128449698162995,0.0,0.4431183463025732,0.4431183463025732,0.4431183463025732,0.0,9794,9794,9794,0,0.2891588785046729,0.2891588785046729,0.9477230957729222,0.9477230957729222,0.42030286700173747,2.2342322929980583,0.23451775599824032,9794.0,539822.0,500000.0,0.18,8.0,False,False,True,
refinement,fc_floor_024__closing_c3_d1,train,344,fc_floor_024,current,fuzzy_connectedness,closing_c3_d1,3,1,both_tolerable,True,1.7128449698162995,0.0,0.6816796478157806,0.4638720870258358,0.6816796478157806,0.2178075607899448,21054,10554,21054,10500,0.3081931464174455,0.564392523364486,0.9373697176425999,0.8605015673981191,0.42030286700173747,2.286886466001306,1.55098979000104,10554.0,505880.0,500000.0,0.16,8.0,False,False,True,
refinement,fc_floor_024__conservative_c2_d1,train,344,fc_floor_024,current,fuzzy_connectedness,conservative_c2_d1,2,1,both_tolerable,True,1.7128449698162995,0.0,0.6804287116008756,0.4638720870258358,0.6804287116008756,0.21655662457503977,20896,10554,20896,10342,0.3081931464174455,0.5616822429906542,0.9373697176425999,0.8628445635528331,0.42030286700173747,2.286886466001306,0.6305808340002841,10554.0,505880.0,500000.0,0.16,8.0,False,False,True,
refinement,fc_floor_024__current_c3_d2,train,344,fc_floor_024,current,fuzzy_connectedness,current_c3_d2,3,2,both_tolerable,True,1.7128449698162995,0.0,0.7185495770573712,0.4638720870258358,0.7185495770573712,0.2546774900315354,36349,10554,36349,25795,0.3081931464174455,0.7661059190031153,0.9373697176425999,0.676552312305703,0.42030286700173747,2.286886466001306,1.7909963940001035,10554.0,505880.0,500000.0,0.16,8.0,False,False,True,
refinement,fc_floor_024__raw,train,344,fc_floor_024,current,fuzzy_connectedness,raw,0,0,both_tolerable,True,1.7128449698162995,0.0,0.4638720870258358,0.4638720870258358,0.4638720870258358,0.0,10554,10554,10554,0,0.3081931464174455,0.3081931464174455,0.9373697176425999,0.9373697176425999,0.42030286700173747,2.286886466001306,0.2332740659985575,10554.0,505880.0,500000.0,0.16,8.0,False,False,True,
refinement,rg_gamma55__closing_c3_d1,train,344,rg_gamma55,current,region_growing,closing_c3_d1,3,1,both_tolerable,True,1.7128449698162995,0.0,0.6536267318663407,0.4199661590524535,0.6536267318663407,0.2336605728138872,19434,9270,19434,10164,0.27062305295950156,0.5246728971962616,0.937108953613808,0.866625501698055,0.42030286700173747,0.08073329599938006,1.5408862420008518,,,,,,,False,False,
refinement,rg_gamma55__conservative_c2_d1,train,344,rg_gamma55,current,region_growing,conservative_c2_d1,2,1,both_tolerable,True,1.7128449698162995,0.0,0.652129896425512,0.4199661590524535,0.652129896425512,0.2321637373730585,19264,9270,19264,9994,0.27062305295950156,0.5217445482866043,0.937108953613808,0.8693936877076412,0.42030286700173747,0.08073329599938006,0.6003862350007694,,,,,,,False,False,
refinement,rg_gamma55__current_c3_d2,train,344,rg_gamma55,current,region_growing,current_c3_d2,3,2,both_tolerable,True,1.7128449698162995,0.0,0.7269565217391304,0.4199661590524535,0.7269565217391304,0.3069903626866769,34600,9270,34600,25330,0.27062305295950156,0.7552647975077882,0.937108953613808,0.7006936416184971,0.42030286700173747,0.08073329599938006,1.7930550279997988,,,,,,,False,False,
refinement,rg_gamma55__raw,train,344,rg_gamma55,current,region_growing,raw,0,0,both_tolerable,True,1.7128449698162995,0.0,0.4199661590524535,0.4199661590524535,0.4199661590524535,0.0,9270,9270,9270,0,0.27062305295950156,0.27062305295950156,0.937108953613808,0.937108953613808,0.42030286700173747,0.08073329599938006,0.23327163499925518,,,,,,,False,False,
refinement,rg_gamma60__closing_c3_d1,train,344,rg_gamma60,gamma60,region_growing,closing_c3_d1,3,1,both_tolerable,True,1.7128449698162995,0.0,0.6444694590911784,0.4061055257943788,0.6444694590911784,0.23836393329679956,18537,8781,18537,9756,0.2585981308411215,0.5083177570093458,0.9453365220362145,0.8802395209580839,0.41367435999927693,0.07483160700212466,1.5343635569988692,,,,,,,False,False,
refinement,rg_gamma60__conservative_c2_d1,train,344,rg_gamma60,gamma60,region_growing,conservative_c2_d1,2,1,both_tolerable,True,1.7128449698162995,0.0,0.6429265006044033,0.4061055257943788,0.6429265006044033,0.23682097481002445,18363,8781,18363,9582,0.2585981308411215,0.5053582554517134,0.9453365220362145,0.8834068507324512,0.41367435999927693,0.07483160700212466,0.5997089469965431,,,,,,,False,False,
refinement,rg_gamma60__current_c3_d2,train,344,rg_gamma60,gamma60,region_growing,current_c3_d2,3,2,both_tolerable,True,1.7128449698162995,0.0,0.7304014710389213,0.4061055257943788,0.7304014710389213,0.32429594524454247,33160,8781,33160,24379,0.2585981308411215,0.7424610591900311,0.9453365220362145,0.7187273823884198,0.41367435999927693,0.07483160700212466,1.7911695939983474,,,,,,,False,False,
refinement,rg_gamma60__raw,train,344,rg_gamma60,gamma60,region_growing,raw,0,0,both_tolerable,True,1.7128449698162995,0.0,0.4061055257943788,0.4061055257943788,0.4061055257943788,0.0,8781,8781,8781,0,0.2585981308411215,0.2585981308411215,0.9453365220362145,0.9453365220362145,0.41367435999927693,0.07483160700212466,0.23413700200035237,,,,,,,False,False,
refinement,rg_gamma65__closing_c3_d1,train,344,rg_gamma65,gamma65,region_growing,closing_c3_d1,3,1,both_tolerable,True,1.7128449698162995,0.0,0.6341786373485274,0.3923023646977342,0.6341786373485274,0.2418762726507932,17744,8328,17744,9416,0.2470404984423676,0.4923676012461059,0.9522094140249759,0.8907236248872858,0.40510731099857367,0.0722308559998055,1.537213324001641,,,,,,,False,False,
refinement,rg_gamma65__conservative_c2_d1,train,344,rg_gamma65,gamma65,region_growing,conservative_c2_d1,2,1,both_tolerable,True,1.7128449698162995,0.0,0.6326805804335138,0.3923023646977342,0.6326805804335138,0.2403782157357796,17587,8328,17587,9259,0.2470404984423676,0.48965732087227415,0.9522094140249759,0.8937283220560641,0.40510731099857367,0.0722308559998055,0.5993697230005637,,,,,,,False,False,
refinement,rg_gamma65__current_c3_d2,train,344,rg_gamma65,gamma65,region_growing,current_c3_d2,3,2,both_tolerable,True,1.7128449698162995,0.0,0.7299667088666948,0.3923023646977342,0.7299667088666948,0.3376643441689606,31881,8328,31881,23553,0.2470404984423676,0.7274766355140186,0.9522094140249759,0.7324738872682789,0.40510731099857367,0.0722308559998055,1.7931073340005241,,,,,,,False,False,
refinement,rg_gamma65__raw,train,344,rg_gamma65,gamma65,region_growing,raw,0,0,both_tolerable,True,1.7128449698162995,0.0,0.3923023646977342,0.3923023646977342,0.3923023646977342,0.0,8328,8328,8328,0,0.2470404984423676,0.2470404984423676,0.9522094140249759,0.9522094140249759,0.40510731099857367,0.0722308559998055,0.23466871500204434,,,,,,,False,False,
refinement,rg_gamma70__closing_c3_d1,train,344,rg_gamma70,gamma70,region_growing,closing_c3_d1,3,1,both_tolerable,True,1.7128449698162995,0.0,0.6255259467040674,0.38001298506717274,0.6255259467040674,0.24551296163689462,17097,7946,17097,9151,0.2370404984423676,0.47934579439252334,0.9575887238862321,0.8999824530619407,0.4071899289992871,0.0683520260026853,1.5353250930020295,,,,,,,False,False,
refinement,rg_gamma70__conservative_c2_d1,train,344,rg_gamma70,gamma70,region_growing,conservative_c2_d1,2,1,both_tolerable,True,1.7128449698162995,0.0,0.6242791057854945,0.38001298506717274,0.6242791057854945,0.24426612071832177,16971,7946,16971,9025,0.2370404984423676,0.4771651090342679,0.9575887238862321,0.9025396264215426,0.4071899289992871,0.0683520260026853,0.5999720340005297,,,,,,,False,False,
refinement,rg_gamma70__current_c3_d2,train,344,rg_gamma70,gamma70,region_growing,current_c3_d2,3,2,both_tolerable,True,1.7128449698162995,0.0,0.7323241939578573,0.38001298506717274,0.7323241939578573,0.35231120889068457,30924,7946,30924,22978,0.2370404984423676,0.7189096573208723,0.9575887238862321,0.7462488681929893,0.4071899289992871,0.0683520260026853,1.7980673890015169,,,,,,,False,False,
refinement,rg_gamma70__raw,train,344,rg_gamma70,gamma70,region_growing,raw,0,0,both_tolerable,True,1.7128449698162995,0.0,0.38001298506717274,0.38001298506717274,0.38001298506717274,0.0,7946,7946,7946,0,0.2370404984423676,0.2370404984423676,0.9575887238862321,0.9575887238862321,0.4071899289992871,0.0683520260026853,0.2330569789992296,,,,,,,False,False,
refinement,fc_alpha_018__closing_c3_d1,train,380,fc_alpha_018,current,fuzzy_connectedness,closing_c3_d1,3,1,both_tolerable,True,2.059923817235118,3.4990407446631,0.4992606074394267,0.2992878474615208,0.4992606074394267,0.19997275997790587,17268,8052,17268,9216,0.1836067422064378,0.3711314053779807,0.8089915548931942,0.7625086865879083,0.2977869179994741,1.9848069690015109,1.1765054739989864,8052.0,451983.0,451983.0,0.18,8.0,False,False,False,
refinement,fc_alpha_018__conservative_c2_d1,train,380,fc_alpha_018,current,fuzzy_connectedness,conservative_c2_d1,2,1,both_tolerable,True,2.059923817235118,3.4990407446631,0.4918045313873075,0.2992878474615208,0.4918045313873075,0.1925166839257867,16868,8052,16868,8816,0.1836067422064378,0.3628163932577936,0.8089915548931942,0.7631017310884515,0.2977869179994741,1.9848069690015109,0.47363138000218896,8052.0,451983.0,451983.0,0.18,8.0,False,False,False,
refinement,fc_alpha_018__current_c3_d2,train,380,fc_alpha_018,current,fuzzy_connectedness,current_c3_d2,3,2,both_tolerable,True,2.059923817235118,3.4990407446631,0.5892764818588242,0.2992878474615208,0.5892764818588242,0.2899886343973034,30284,8052,30284,22232,0.1836067422064378,0.5461412706465979,0.8089915548931942,0.6398098005547483,0.2977869179994741,1.9848069690015109,1.3603416759979154,8052.0,451983.0,451983.0,0.18,8.0,False,False,False,
refinement,fc_alpha_018__raw,train,380,fc_alpha_018,current,fuzzy_connectedness,raw,0,0,both_tolerable,True,2.059923817235118,3.4990407446631,0.2992878474615208,0.2992878474615208,0.2992878474615208,0.0,8052,8052,8052,0,0.1836067422064378,0.1836067422064378,0.8089915548931942,0.8089915548931942,0.2977869179994741,1.9848069690015109,0.17554515300071216,8052.0,451983.0,451983.0,0.18,8.0,False,False,False,
refinement,fc_current__closing_c3_d1,train,380,fc_current,current,fuzzy_connectedness,closing_c3_d1,3,1,both_tolerable,True,2.059923817235118,3.4990407446631,0.5066779654772212,0.3151512419420277,0.5066779654772212,0.1915267235351935,18805,8888,18805,9917,0.19705169400755398,0.3876204972095383,0.7865661566156615,0.7312948683860675,0.2977869179994741,2.0907744399992225,1.1534118410017982,8888.0,451983.0,451983.0,0.16,8.0,False,False,False,
refinement,fc_current__conservative_c2_d1,train,380,fc_current,current,fuzzy_connectedness,conservative_c2_d1,2,1,both_tolerable,True,2.059923817235118,3.4990407446631,0.49924700195221716,0.3151512419420277,0.49924700195221716,0.18409576001018946,18307,8888,18307,9419,0.19705169400755398,0.3784317041546874,0.7865661566156615,0.7333806740591031,0.2977869179994741,2.0907744399992225,0.44945920900136116,8888.0,451983.0,451983.0,0.16,8.0,False,False,False,
refinement,fc_current__current_c3_d2,train,380,fc_current,current,fuzzy_connectedness,current_c3_d2,3,2,both_tolerable,True,2.059923817235118,3.4990407446631,0.5820943762120233,0.3151512419420277,0.5820943762120233,0.2669431342699956,32590,8888,32590,23702,0.19705169400755398,0.5584023902136536,0.7865661566156615,0.6078858545566125,0.2977869179994741,2.0907744399992225,1.3446278170013102,8888.0,451983.0,451983.0,0.16,8.0,False,False,False,
refinement,fc_current__raw,train,380,fc_current,current,fuzzy_connectedness,raw,0,0,both_tolerable,True,2.059923817235118,3.4990407446631,0.3151512419420277,0.3151512419420277,0.3151512419420277,0.0,8888,8888,8888,0,0.19705169400755398,0.19705169400755398,0.7865661566156615,0.7865661566156615,0.2977869179994741,2.0907744399992225,0.17676818300242303,8888.0,451983.0,451983.0,0.16,8.0,False,False,False,
refinement,fc_floor_020__closing_c3_d1,train,380,fc_floor_020,current,fuzzy_connectedness,closing_c3_d1,3,1,both_tolerable,True,2.059923817235118,3.4990407446631,0.5075701896222254,0.31705396711133105,0.5075701896222254,0.1905162225108944,18946,8975,18946,9971,0.19863013698630136,0.38931168611533906,0.7851810584958218,0.72901931806186,0.2977869179994741,2.058602452998457,1.154197051000665,8975.0,413514.0,413514.0,0.16,8.0,False,False,False,
refinement,fc_floor_020__conservative_c2_d1,train,380,fc_floor_020,current,fuzzy_connectedness,conservative_c2_d1,2,1,both_tolerable,True,2.059923817235118,3.4990407446631,0.5003059918773065,0.31705396711133105,0.5003059918773065,0.18325202476597546,18445,8975,18445,9470,0.19863013698630136,0.38020745250577825,0.7851810584958218,0.7313092979127135,0.2977869179994741,2.058602452998457,0.45393097899795976,8975.0,413514.0,413514.0,0.16,8.0,False,False,False,
refinement,fc_floor_020__current_c3_d2,train,380,fc_floor_020,current,fuzzy_connectedness,current_c3_d2,3,2,both_tolerable,True,2.059923817235118,3.4990407446631,0.5817366848303744,0.31705396711133105,0.5817366848303744,0.2646827177190434,32790,8975,32790,23815,0.19863013698630136,0.5596989683747675,0.7851810584958218,0.6055809698078682,0.2977869179994741,2.058602452998457,1.3649710270001378,8975.0,413514.0,413514.0,0.16,8.0,False,False,False,
refinement,fc_floor_020__raw,train,380,fc_floor_020,current,fuzzy_connectedness,raw,0,0,both_tolerable,True,2.059923817235118,3.4990407446631,0.31705396711133105,0.31705396711133105,0.31705396711133105,0.0,8975,8975,8975,0,0.19863013698630136,0.19863013698630136,0.7851810584958218,0.7851810584958218,0.2977869179994741,2.058602452998457,0.17669209400264663,8975.0,413514.0,413514.0,0.16,8.0,False,False,False,
refinement,fc_floor_022__closing_c3_d1,train,380,fc_floor_022,current,fuzzy_connectedness,closing_c3_d1,3,1,both_tolerable,True,2.059923817235118,3.4990407446631,0.504559602468192,0.3170873612602936,0.504559602468192,0.1874722412078984,19461,9210,19461,10251,0.19970122329330853,0.3906646372399797,0.7692725298588491,0.7121936180052413,0.2977869179994741,2.09860300299988,1.1528957730006368,9210.0,381242.0,381242.0,0.16,8.0,False,False,False,
refinement,fc_floor_022__conservative_c2_d1,train,380,fc_floor_022,current,fuzzy_connectedness,conservative_c2_d1,2,1,both_tolerable,True,2.059923817235118,3.4990407446631,0.49728994800374815,0.3170873612602936,0.49728994800374815,0.18020258674345457,18949,9210,18949,9739,0.19970122329330853,0.3814476577033655,0.7692725298588491,0.7141801678188823,0.2977869179994741,2.09860300299988,0.44912206499793683,9210.0,381242.0,381242.0,0.16,8.0,False,False,False,
refinement,fc_floor_022__current_c3_d2,train,380,fc_floor_022,current,fuzzy_connectedness,current_c3_d2,3,2,both_tolerable,True,2.059923817235118,3.4990407446631,0.5750925283368031,0.3170873612602936,0.5750925283368031,0.25800516707650956,33690,9210,33690,24480,0.19970122329330853,0.5606009357911945,0.7692725298588491,0.5903532205402197,0.2977869179994741,2.09860300299988,1.3530544479981472,9210.0,381242.0,381242.0,0.16,8.0,False,False,False,
refinement,fc_floor_022__raw,train,380,fc_floor_022,current,fuzzy_connectedness,raw,0,0,both_tolerable,True,2.059923817235118,3.4990407446631,0.3170873612602936,0.3170873612602936,0.3170873612602936,0.0,9210,9210,9210,0,0.19970122329330853,0.19970122329330853,0.7692725298588491,0.7692725298588491,0.2977869179994741,2.09860300299988,0.1760821850002685,9210.0,381242.0,381242.0,0.16,8.0,False,False,False,
refinement,fc_floor_022_alpha_018__closing_c3_d1,train,380,fc_floor_022_alpha_018,current,fuzzy_connectedness,closing_c3_d1,3,1,both_tolerable,True,2.059923817235118,3.4990407446631,0.5005282221551464,0.3019852991687848,0.5005282221551464,0.19854292298636156,17530,8193,17530,9337,0.18586166074750549,0.373921867072552,0.80483339436104,0.7567598402738163,0.2977869179994741,1.9399409210018348,1.1662378779983555,8193.0,381242.0,381242.0,0.18,8.0,False,False,False,
refinement,fc_floor_022_alpha_018__conservative_c2_d1,train,380,fc_floor_022_alpha_018,current,fuzzy_connectedness,conservative_c2_d1,2,1,both_tolerable,True,2.059923817235118,3.4990407446631,0.4932090545938748,0.3019852991687848,0.4932090545938748,0.19122375542509001,17092,8193,17092,8899,0.18586166074750549,0.3654095495800214,0.80483339436104,0.7584835010531242,0.2977869179994741,1.9399409210018348,0.45429314600187354,8193.0,381242.0,381242.0,0.18,8.0,False,False,False,
refinement,fc_floor_022_alpha_018__current_c3_d2,train,380,fc_floor_022_alpha_018,current,fuzzy_connectedness,current_c3_d2,3,2,both_tolerable,True,2.059923817235118,3.4990407446631,0.5885733297038986,0.3019852991687848,0.5885733297038986,0.28658803053511384,30648,8193,30648,22455,0.18586166074750549,0.548508935114719,0.80483339436104,0.6349517097363613,0.2977869179994741,1.9399409210018348,1.3647407490025216,8193.0,381242.0,381242.0,0.18,8.0,False,False,False,
refinement,fc_floor_022_alpha_018__raw,train,380,fc_floor_022_alpha_018,current,fuzzy_connectedness,raw,0,0,both_tolerable,True,2.059923817235118,3.4990407446631,0.3019852991687848,0.3019852991687848,0.3019852991687848,0.0,8193,8193,8193,0,0.18586166074750549,0.18586166074750549,0.80483339436104,0.80483339436104,0.2977869179994741,1.9399409210018348,0.1808764390007127,8193.0,381242.0,381242.0,0.18,8.0,False,False,False,
refinement,fc_floor_024__closing_c3_d1,train,380,fc_floor_024,current,fuzzy_connectedness,closing_c3_d1,3,1,both_tolerable,True,2.059923817235118,3.4990407446631,0.5085738033717001,0.3206226028008206,0.5085738033717001,0.1879512005708795,19865,9366,19865,10499,0.20263261739669655,0.3966683578555725,0.7675635276532138,0.7084319154291467,0.2977869179994741,2.072269952001079,1.1661922250023053,9366.0,353608.0,353608.0,0.16,8.0,False,False,False,
refinement,fc_floor_024__conservative_c2_d1,train,380,fc_floor_024,current,fuzzy_connectedness,conservative_c2_d1,2,1,both_tolerable,True,2.059923817235118,3.4990407446631,0.5013688629311919,0.3206226028008206,0.5013688629311919,0.18074626013037126,19312,9366,19312,9946,0.20263261739669655,0.38714132701956144,0.7675635276532138,0.7112158243579122,0.2977869179994741,2.072269952001079,0.4527763389996835,9366.0,353608.0,353608.0,0.16,8.0,False,False,False,
refinement,fc_floor_024__current_c3_d2,train,380,fc_floor_024,current,fuzzy_connectedness,current_c3_d2,3,2,both_tolerable,True,2.059923817235118,3.4990407446631,0.5773553032797446,0.3206226028008206,0.5773553032797446,0.256732700478924,34375,9366,34375,25009,0.20263261739669655,0.5683804047578781,0.7675635276532138,0.5866181818181818,0.2977869179994741,2.072269952001079,1.3479989999977988,9366.0,353608.0,353608.0,0.16,8.0,False,False,False,
refinement,fc_floor_024__raw,train,380,fc_floor_024,current,fuzzy_connectedness,raw,0,0,both_tolerable,True,2.059923817235118,3.4990407446631,0.3206226028008206,0.3206226028008206,0.3206226028008206,0.0,9366,9366,9366,0,0.20263261739669655,0.20263261739669655,0.7675635276532138,0.7675635276532138,0.2977869179994741,2.072269952001079,0.17711337899891078,9366.0,353608.0,353608.0,0.16,8.0,False,False,False,
refinement,rg_gamma55__closing_c3_d1,train,380,rg_gamma55,current,region_growing,closing_c3_d1,3,1,both_tolerable,True,2.059923817235118,3.4990407446631,0.4911018618433448,0.2980767102671359,0.4911018618433448,0.19302515157620892,22905,9705,22905,13200,0.18980776819437398,0.40408140255933256,0.6938691396187532,0.6258895437677363,0.2977869179994741,0.07862162600213196,1.1811222710020957,,,,,,,False,False,
refinement,rg_gamma55__conservative_c2_d1,train,380,rg_gamma55,current,region_growing,conservative_c2_d1,2,1,both_tolerable,True,2.059923817235118,3.4990407446631,0.4827310493473084,0.2980767102671359,0.4827310493473084,0.18465433908017254,22053,9705,22053,12348,0.18980776819437398,0.3913974857658267,0.6938691396187532,0.6296648981997914,0.2977869179994741,0.07862162600213196,0.46175442399908206,,,,,,,False,False,
refinement,rg_gamma55__current_c3_d2,train,380,rg_gamma55,current,region_growing,current_c3_d2,3,2,both_tolerable,True,2.059923817235118,3.4990407446631,0.5563931198839499,0.2980767102671359,0.5563931198839499,0.258316409616814,41730,9705,41730,32025,0.18980776819437398,0.6054174417949152,0.6938691396187532,0.514713635274383,0.2977869179994741,0.07862162600213196,1.3626639699978114,,,,,,,False,False,
refinement,rg_gamma55__raw,train,380,rg_gamma55,current,region_growing,raw,0,0,both_tolerable,True,2.059923817235118,3.4990407446631,0.2980767102671359,0.2980767102671359,0.2980767102671359,0.0,9705,9705,9705,0,0.18980776819437398,0.18980776819437398,0.6938691396187532,0.6938691396187532,0.2977869179994741,0.07862162600213196,0.17691417999958503,,,,,,,False,False,
refinement,rg_gamma60__closing_c3_d1,train,380,rg_gamma60,gamma60,region_growing,closing_c3_d1,3,1,both_tolerable,True,2.059923817235118,3.4990407446631,0.4814350817945785,0.2807017543859649,0.4814350817945785,0.2007333274086136,19599,8412,19599,11187,0.1736287276622132,0.37369637521844523,0.7322872087494056,0.6764630848512679,0.30154714200034505,0.07037397699969006,1.1756643689986959,,,,,,,False,False,
refinement,rg_gamma60__conservative_c2_d1,train,380,rg_gamma60,gamma60,region_growing,conservative_c2_d1,2,1,both_tolerable,True,2.059923817235118,3.4990407446631,0.47378847353167763,0.2807017543859649,0.47378847353167763,0.19308671914571274,19040,8412,19040,10628,0.1736287276622132,0.36402841197361746,0.7322872087494056,0.6783088235294118,0.30154714200034505,0.07037397699969006,0.4674589179994655,,,,,,,False,False,
refinement,rg_gamma60__current_c3_d2,train,380,rg_gamma60,gamma60,region_growing,current_c3_d2,3,2,both_tolerable,True,2.059923817235118,3.4990407446631,0.5690308456594347,0.2807017543859649,0.5690308456594347,0.28832909127346984,35780,8412,35780,27368,0.1736287276622132,0.5714527312700829,0.7322872087494056,0.566629401900503,0.30154714200034505,0.07037397699969006,1.3869271900002786,,,,,,,False,False,
refinement,rg_gamma60__raw,train,380,rg_gamma60,gamma60,region_growing,raw,0,0,both_tolerable,True,2.059923817235118,3.4990407446631,0.2807017543859649,0.2807017543859649,0.2807017543859649,0.0,8412,8412,8412,0,0.1736287276622132,0.1736287276622132,0.7322872087494056,0.7322872087494056,0.30154714200034505,0.07037397699969006,0.180515045998618,,,,,,,False,False,
refinement,rg_gamma65__closing_c3_d1,train,380,rg_gamma65,gamma65,region_growing,closing_c3_d1,3,1,both_tolerable,True,2.059923817235118,3.4990407446631,0.47820343461030385,0.27223364680329953,0.47820343461030385,0.2059697878070043,18269,7801,18269,10468,0.16604656406787305,0.3622244771407633,0.7551595949237278,0.7034320433521265,0.29627838500164216,0.06584195899995393,1.171391487998335,,,,,,,False,False,
refinement,rg_gamma65__conservative_c2_d1,train,380,rg_gamma65,gamma65,region_growing,conservative_c2_d1,2,1,both_tolerable,True,2.059923817235118,3.4990407446631,0.47082238077356364,0.27223364680329953,0.47082238077356364,0.1985887339702641,17782,7801,17782,9981,0.16604656406787305,0.3534021083488359,0.7551595949237278,0.7050950399280171,0.29627838500164216,0.06584195899995393,0.4573974470004032,,,,,,,False,False,
refinement,rg_gamma65__current_c3_d2,train,380,rg_gamma65,gamma65,region_growing,current_c3_d2,3,2,both_tolerable,True,2.059923817235118,3.4990407446631,0.5764007528594179,0.27223364680329953,0.5764007528594179,0.3041671060561184,33592,7801,33592,25791,0.16604656406787305,0.5610801059811714,0.7551595949237278,0.5925815670397714,0.29627838500164216,0.06584195899995393,1.375671849000355,,,,,,,False,False,
refinement,rg_gamma65__raw,train,380,rg_gamma65,gamma65,region_growing,raw,0,0,both_tolerable,True,2.059923817235118,3.4990407446631,0.27223364680329953,0.27223364680329953,0.27223364680329953,0.0,7801,7801,7801,0,0.16604656406787305,0.16604656406787305,0.7551595949237278,0.7551595949237278,0.29627838500164216,0.06584195899995393,0.17802506500083837,,,,,,,False,False,
refinement,rg_gamma70__closing_c3_d1,train,380,rg_gamma70,gamma70,region_growing,closing_c3_d1,3,1,both_tolerable,True,2.059923817235118,3.4990407446631,0.46082694284133136,0.2531579322977377,0.46082694284133136,0.20766901054359366,15118,6559,15118,8559,0.14998026946276566,0.32859800439709114,0.8112517152004879,0.7711337478502447,0.29409241000030306,0.05677491199821816,1.1571655240004475,,,,,,,False,False,
refinement,rg_gamma70__conservative_c2_d1,train,380,rg_gamma70,gamma70,region_growing,conservative_c2_d1,2,1,both_tolerable,True,2.059923817235118,3.4990407446631,0.4533338637810312,0.2531579322977377,0.4533338637810312,0.2001759314832935,14794,6559,14794,8235,0.14998026946276566,0.32118495969333105,0.8112517152004879,0.7702446937947817,0.29409241000030306,0.05677491199821816,0.47881087999849115,,,,,,,False,False,
refinement,rg_gamma70__current_c3_d2,train,380,rg_gamma70,gamma70,region_growing,current_c3_d2,3,2,both_tolerable,True,2.059923817235118,3.4990407446631,0.5786774714317369,0.2531579322977377,0.5786774714317369,0.32551953913399917,27704,6559,27704,21145,0.14998026946276566,0.5152770731157337,0.8112517152004879,0.6598686110308981,0.29409241000030306,0.05677491199821816,1.3595952139985457,,,,,,,False,False,
refinement,rg_gamma70__raw,train,380,rg_gamma70,gamma70,region_growing,raw,0,0,both_tolerable,True,2.059923817235118,3.4990407446631,0.2531579322977377,0.2531579322977377,0.2531579322977377,0.0,6559,6559,6559,0,0.14998026946276566,0.14998026946276566,0.8112517152004879,0.8112517152004879,0.29409241000030306,0.05677491199821816,0.17581955999776255,,,,,,,False,False,
refinement,fc_alpha_018__closing_c3_d1,train,428,fc_alpha_018,current,fuzzy_connectedness,closing_c3_d1,3,1,both_tolerable,True,0.0,0.8595969173697416,0.538077064337384,0.33422826352252033,0.538077064337384,0.20384880081486367,18581,9221,18581,9360,0.20210253848599063,0.38254393533445347,0.9652966055742327,0.906732683924439,0.39796788599778665,2.2590448939990893,1.6961276619986165,9221.0,667665.0,500000.0,0.18,8.0,False,False,True,
refinement,fc_alpha_018__conservative_c2_d1,train,428,fc_alpha_018,current,fuzzy_connectedness,conservative_c2_d1,2,1,both_tolerable,True,0.0,0.8595969173697416,0.5352613374327441,0.33422826352252033,0.5352613374327441,0.20103307391022374,18406,9221,18406,9185,0.20210253848599063,0.3794786794423505,0.9652966055742327,0.9080191241986308,0.39796788599778665,2.2590448939990893,0.6399790300019959,9221.0,667665.0,500000.0,0.18,8.0,False,False,True,
refinement,fc_alpha_018__current_c3_d2,train,428,fc_alpha_018,current,fuzzy_connectedness,current_c3_d2,3,2,both_tolerable,True,0.0,0.8595969173697416,0.633199446895371,0.33422826352252033,0.633199446895371,0.29897118337285067,31893,9221,31893,22672,0.20210253848599063,0.5458653103855411,0.9652966055742327,0.7538017746840999,0.39796788599778665,2.2590448939990893,1.9365061200005584,9221.0,667665.0,500000.0,0.18,8.0,False,False,True,
refinement,fc_alpha_018__raw,train,428,fc_alpha_018,current,fuzzy_connectedness,raw,0,0,both_tolerable,True,0.0,0.8595969173697416,0.33422826352252033,0.33422826352252033,0.33422826352252033,0.0,9221,9221,9221,0,0.20210253848599063,0.20210253848599063,0.9652966055742327,0.9652966055742327,0.39796788599778665,2.2590448939990893,0.2462426450001658,9221.0,667665.0,500000.0,0.18,8.0,False,False,True,
refinement,fc_current__closing_c3_d1,train,428,fc_current,current,fuzzy_connectedness,closing_c3_d1,3,1,both_tolerable,True,0.0,0.8595969173697416,0.552428143571731,0.3522657826996796,0.552428143571731,0.20016236087205136,19731,9957,19731,9774,0.21595295399845602,0.3999591299214386,0.9552073917846741,0.892757589579849,0.39796788599778665,2.3074171950029267,1.6018962989983265,9957.0,667665.0,500000.0,0.16,8.0,False,False,True,
refinement,fc_current__conservative_c2_d1,train,428,fc_current,current,fuzzy_connectedness,conservative_c2_d1,2,1,both_tolerable,True,0.0,0.8595969173697416,0.5491411313156735,0.3522657826996796,0.5491411313156735,0.19687534861599393,19530,9957,19530,9573,0.21595295399845602,0.39632623404931655,0.9552073917846741,0.8937532002048131,0.39796788599778665,2.3074171950029267,0.6164218590020027,9957.0,667665.0,500000.0,0.16,8.0,False,False,True,
refinement,fc_current__current_c3_d2,train,428,fc_current,current,fuzzy_connectedness,current_c3_d2,3,2,both_tolerable,True,0.0,0.8595969173697416,0.6330165198663967,0.3522657826996796,0.6330165198663967,0.2807507371667171,33501,9957,33501,23544,0.21595295399845602,0.5572635211843241,0.9552073917846741,0.7326049968657652,0.39796788599778665,2.3074171950029267,1.8800149930029875,9957.0,667665.0,500000.0,0.16,8.0,False,False,True,
refinement,fc_current__raw,train,428,fc_current,current,fuzzy_connectedness,raw,0,0,both_tolerable,True,0.0,0.8595969173697416,0.3522657826996796,0.3522657826996796,0.3522657826996796,0.0,9957,9957,9957,0,0.21595295399845602,0.21595295399845602,0.9552073917846741,0.9552073917846741,0.39796788599778665,2.3074171950029267,0.24408479900012026,9957.0,667665.0,500000.0,0.16,8.0,False,False,True,
refinement,fc_floor_020__closing_c3_d1,train,428,fc_floor_020,current,fuzzy_connectedness,closing_c3_d1,3,1,both_tolerable,True,0.0,0.8595969173697416,0.5549594080933535,0.35432925250582537,0.5549594080933535,0.20063015558752817,19887,10032,19887,9855,0.21751964034330867,0.40277462422233323,0.9549441786283892,0.8919897420425403,0.39796788599778665,2.2983905390028667,1.5890664819999074,10032.0,608256.0,500000.0,0.16,8.0,False,False,True,
refinement,fc_floor_020__conservative_c2_d1,train,428,fc_floor_020,current,fuzzy_connectedness,conservative_c2_d1,2,1,both_tolerable,True,0.0,0.8595969173697416,0.551796642083791,0.35432925250582537,0.551796642083791,0.1974673895779656,19688,10032,19688,9656,0.21751964034330867,0.3992325507470142,0.9549441786283892,0.8930820804550995,0.39796788599778665,2.2983905390028667,0.6641374880018702,10032.0,608256.0,500000.0,0.16,8.0,False,False,True,
refinement,fc_floor_020__current_c3_d2,train,428,fc_floor_020,current,fuzzy_connectedness,current_c3_d2,3,2,both_tolerable,True,0.0,0.8595969173697416,0.6353497455928457,0.35432925250582537,0.6353497455928457,0.2810204930870204,33786,10032,33786,23754,0.21751964034330867,0.5613732346396622,0.9549441786283892,0.7317823950748831,0.39796788599778665,2.2983905390028667,1.8521637320009177,10032.0,608256.0,500000.0,0.16,8.0,False,False,True,
refinement,fc_floor_020__raw,train,428,fc_floor_020,current,fuzzy_connectedness,raw,0,0,both_tolerable,True,0.0,0.8595969173697416,0.35432925250582537,0.35432925250582537,0.35432925250582537,0.0,10032,10032,10032,0,0.21751964034330867,0.21751964034330867,0.9549441786283892,0.9549441786283892,0.39796788599778665,2.2983905390028667,0.24501390399746015,10032.0,608256.0,500000.0,0.16,8.0,False,False,True,
refinement,fc_floor_022__closing_c3_d1,train,428,fc_floor_022,current,fuzzy_connectedness,closing_c3_d1,3,1,both_tolerable,True,0.0,0.8595969173697416,0.5553614326272112,0.35564583140984213,0.5553614326272112,0.19971560121736903,20064,10113,20064,9951,0.2186549203033468,0.4041823713727805,0.9522396914862059,0.8872109250398724,0.39796788599778665,2.315313333998347,1.6341262950008968,10113.0,558843.0,500000.0,0.16,8.0,False,False,True,
refinement,fc_floor_022__conservative_c2_d1,train,428,fc_floor_022,current,fuzzy_connectedness,conservative_c2_d1,2,1,both_tolerable,True,0.0,0.8595969173697416,0.5521332206466961,0.35564583140984213,0.5521332206466961,0.196487389236854,19852,10113,19852,9739,0.2186549203033468,0.40050406430225693,0.9522396914862059,0.8885250856336893,0.39796788599778665,2.315313333998347,0.610975484996743,10113.0,558843.0,500000.0,0.16,8.0,False,False,True,
refinement,fc_floor_022__current_c3_d2,train,428,fc_floor_022,current,fuzzy_connectedness,current_c3_d2,3,2,both_tolerable,True,0.0,0.8595969173697416,0.6337054485866448,0.35564583140984213,0.6337054485866448,0.27805961717680266,34070,10113,34070,23957,0.2186549203033468,0.5619635802188819,0.9522396914862059,0.7264455532726739,0.39796788599778665,2.315313333998347,1.8467700990004232,10113.0,558843.0,500000.0,0.16,8.0,False,False,True,
refinement,fc_floor_022__raw,train,428,fc_floor_022,current,fuzzy_connectedness,raw,0,0,both_tolerable,True,0.0,0.8595969173697416,0.35564583140984213,0.35564583140984213,0.35564583140984213,0.0,10113,10113,10113,0,0.2186549203033468,0.2186549203033468,0.9522396914862059,0.9522396914862059,0.39796788599778665,2.315313333998347,0.24031892899802187,10113.0,558843.0,500000.0,0.16,8.0,False,False,True,
refinement,fc_floor_022_alpha_018__closing_c3_d1,train,428,fc_floor_022_alpha_018,current,fuzzy_connectedness,closing_c3_d1,3,1,both_tolerable,True,0.0,0.8595969173697416,0.5400732367457411,0.3368117353916481,0.5400732367457411,0.20326150135409304,18768,9335,18768,9433,0.20410063121565777,0.3851096680441397,0.962935190144617,0.9037190963341859,0.39796788599778665,2.2620967969996855,1.5989047520015447,9335.0,558843.0,500000.0,0.18,8.0,False,False,True,
refinement,fc_floor_022_alpha_018__conservative_c2_d1,train,428,fc_floor_022_alpha_018,current,fuzzy_connectedness,conservative_c2_d1,2,1,both_tolerable,True,0.0,0.8595969173697416,0.5371570913039313,0.3368117353916481,0.5371570913039313,0.2003453559122832,18584,9335,18584,9249,0.20410063121565777,0.3819081785568321,0.962935190144617,0.9050796383986225,0.39796788599778665,2.2620967969996855,0.655117602997052,9335.0,558843.0,500000.0,0.18,8.0,False,False,True,
refinement,fc_floor_022_alpha_018__current_c3_d2,train,428,fc_floor_022_alpha_018,current,fuzzy_connectedness,current_c3_d2,3,2,both_tolerable,True,0.0,0.8595969173697416,0.6328389552434702,0.3368117353916481,0.6328389552434702,0.2960272198518221,32148,9335,32148,22813,0.20410063121565777,0.5473865855319922,0.962935190144617,0.7499066815976111,0.39796788599778665,2.2620967969996855,1.9041322299999592,9335.0,558843.0,500000.0,0.18,8.0,False,False,True,
refinement,fc_floor_022_alpha_018__raw,train,428,fc_floor_022_alpha_018,current,fuzzy_connectedness,raw,0,0,both_tolerable,True,0.0,0.8595969173697416,0.3368117353916481,0.3368117353916481,0.3368117353916481,0.0,9335,9335,9335,0,0.20410063121565777,0.20410063121565777,0.962935190144617,0.962935190144617,0.39796788599778665,2.2620967969996855,0.257016546001978,9335.0,558843.0,500000.0,0.18,8.0,False,False,True,
refinement,fc_floor_024__closing_c3_d1,train,428,fc_floor_024,current,fuzzy_connectedness,closing_c3_d1,3,1,both_tolerable,True,0.0,0.8595969173697416,0.5560522749575538,0.35702692733308744,0.5560522749575538,0.1990253476244664,20157,10178,20157,9979,0.2197674946641842,0.40527224013441715,0.9509726861858911,0.8854988341519076,0.39796788599778665,2.3205979430022126,1.6009431179991225,10178.0,516425.0,500000.0,0.16,8.0,False,False,True,
refinement,fc_floor_024__conservative_c2_d1,train,428,fc_floor_024,current,fuzzy_connectedness,conservative_c2_d1,2,1,both_tolerable,True,0.0,0.8595969173697416,0.5529441180147519,0.35702692733308744,0.5529441180147519,0.1959171906816644,19950,10178,19950,9772,0.2197674946641842,0.40170746105989735,0.9509726861858911,0.8868170426065163,0.39796788599778665,2.3205979430022126,0.6168684529984603,10178.0,516425.0,500000.0,0.16,8.0,False,False,True,
refinement,fc_floor_024__current_c3_d2,train,428,fc_floor_024,current,fuzzy_connectedness,current_c3_d2,3,2,both_tolerable,True,0.0,0.8595969173697416,0.633640081799591,0.35702692733308744,0.633640081799591,0.27661315446650353,34198,10178,34198,24020,0.2197674946641842,0.562826392988511,0.9509726861858911,0.7248377098075911,0.39796788599778665,2.3205979430022126,1.862578972002666,10178.0,516425.0,500000.0,0.16,8.0,False,False,True,
refinement,fc_floor_024__raw,train,428,fc_floor_024,current,fuzzy_connectedness,raw,0,0,both_tolerable,True,0.0,0.8595969173697416,0.35702692733308744,0.35702692733308744,0.35702692733308744,0.0,10178,10178,10178,0,0.2197674946641842,0.2197674946641842,0.9509726861858911,0.9509726861858911,0.39796788599778665,2.3205979430022126,0.24321066300035454,10178.0,516425.0,500000.0,0.16,8.0,False,False,True,
refinement,rg_gamma55__closing_c3_d1,train,428,rg_gamma55,current,region_growing,closing_c3_d1,3,1,both_tolerable,True,0.0,0.8595969173697416,0.5302267002518891,0.32528923140387395,0.5302267002518891,0.20493746884801517,19478,9289,19478,10189,0.19694836746741748,0.38236229054084736,0.9337926579825601,0.8645651504261218,0.39796788599778665,0.07927408199975616,1.549659321000945,,,,,,,False,False,
refinement,rg_gamma55__conservative_c2_d1,train,428,rg_gamma55,current,region_growing,conservative_c2_d1,2,1,both_tolerable,True,0.0,0.8595969173697416,0.5270545833926116,0.32528923140387395,0.5270545833926116,0.20176535198873763,19219,9289,19219,9930,0.19694836746741748,0.37852504427591843,0.9337926579825601,0.8674228627920287,0.39796788599778665,0.07927408199975616,0.6139592769977753,,,,,,,False,False,
refinement,rg_gamma55__current_c3_d2,train,428,rg_gamma55,current,region_growing,current_c3_d2,3,2,both_tolerable,True,0.0,0.8595969173697416,0.6281641932105545,0.32528923140387395,0.6281641932105545,0.30287496180668055,34256,9289,34256,24967,0.19694836746741748,0.5583760955451614,0.9337926579825601,0.7178888369920597,0.39796788599778665,0.07927408199975616,1.812647871000081,,,,,,,False,False,
refinement,rg_gamma55__raw,train,428,rg_gamma55,current,region_growing,raw,0,0,both_tolerable,True,0.0,0.8595969173697416,0.32528923140387395,0.32528923140387395,0.32528923140387395,0.0,9289,9289,9289,0,0.19694836746741748,0.19694836746741748,0.9337926579825601,0.9337926579825601,0.39796788599778665,0.07927408199975616,0.23736762400221778,,,,,,,False,False,
refinement,rg_gamma60__closing_c3_d1,train,428,rg_gamma60,gamma60,region_growing,closing_c3_d1,3,1,both_tolerable,True,0.0,0.8595969173697416,0.5131865824706472,0.30770401659151014,0.5131865824706472,0.20548256587913705,17877,8515,17877,9362,0.18359747513736888,0.36074656010172107,0.9496183206106871,0.8887397214297701,0.4241662770000403,0.07527051500073867,1.6202021690005495,,,,,,,False,False,
refinement,rg_gamma60__conservative_c2_d1,train,428,rg_gamma60,gamma60,region_growing,conservative_c2_d1,2,1,both_tolerable,True,0.0,0.8595969173697416,0.5098687408847836,0.30770401659151014,0.5098687408847836,0.20216472429327348,17668,8515,17668,9153,0.18359747513736888,0.3572044866264021,0.9496183206106871,0.8904233642743944,0.4241662770000403,0.07527051500073867,0.6506759520016203,,,,,,,False,False,
refinement,rg_gamma60__current_c3_d2,train,428,rg_gamma60,gamma60,region_growing,current_c3_d2,3,2,both_tolerable,True,0.0,0.8595969173697416,0.6239765076257623,0.30770401659151014,0.6239765076257623,0.31627249103425215,31557,8515,31557,23042,0.18359747513736888,0.5355342627491939,0.9496183206106871,0.7474094495674494,0.4241662770000403,0.07527051500073867,1.8930456659982156,,,,,,,False,False,
refinement,rg_gamma60__raw,train,428,rg_gamma60,gamma60,region_growing,raw,0,0,both_tolerable,True,0.0,0.8595969173697416,0.30770401659151014,0.30770401659151014,0.30770401659151014,0.0,8515,8515,8515,0,0.18359747513736888,0.18359747513736888,0.9496183206106871,0.9496183206106871,0.4241662770000403,0.07527051500073867,0.24254968400055077,,,,,,,False,False,
refinement,rg_gamma65__closing_c3_d1,train,428,rg_gamma65,gamma65,region_growing,closing_c3_d1,3,1,both_tolerable,True,0.0,0.8595969173697416,0.5042708316189661,0.2951602039834504,0.5042708316189661,0.20911062763551574,16719,7923,16719,8796,0.17412924027065074,0.34784977975568776,0.9679414363246245,0.9163227465757522,0.4437025289989833,0.07125310899937176,1.559212268999545,,,,,,,False,False,
refinement,rg_gamma65__conservative_c2_d1,train,428,rg_gamma65,gamma65,region_growing,conservative_c2_d1,2,1,both_tolerable,True,0.0,0.8595969173697416,0.5004789113848797,0.2951602039834504,0.5004789113848797,0.20531870740142927,16512,7923,16512,8589,0.17412924027065074,0.34405794468916034,0.9679414363246245,0.9176962209302325,0.4437025289989833,0.07125310899937176,0.6167198670009384,,,,,,,False,False,
refinement,rg_gamma65__current_c3_d2,train,428,rg_gamma65,gamma65,region_growing,current_c3_d2,3,2,both_tolerable,True,0.0,0.8595969173697416,0.6276779285704582,0.2951602039834504,0.6276779285704582,0.33251772458700785,29569,7923,29569,21646,0.17412924027065074,0.5245447527360247,0.9679414363246245,0.7812912171530996,0.4437025289989833,0.07125310899937176,1.8461063350005134,,,,,,,False,False,
refinement,rg_gamma65__raw,train,428,rg_gamma65,gamma65,region_growing,raw,0,0,both_tolerable,True,0.0,0.8595969173697416,0.2951602039834504,0.2951602039834504,0.2951602039834504,0.0,7923,7923,7923,0,0.17412924027065074,0.17412924027065074,0.9679414363246245,0.9679414363246245,0.4437025289989833,0.07125310899937176,0.2507820040009392,,,,,,,False,False,
refinement,rg_gamma70__closing_c3_d1,train,428,rg_gamma70,gamma70,region_growing,closing_c3_d1,3,1,both_tolerable,True,0.0,0.8595969173697416,0.49197700574856285,0.2824365245748894,0.49197700574856285,0.20954048117367347,15973,7474,15973,8499,0.16518323418555014,0.3352027610008628,0.9733743644634734,0.924247167094472,0.391068337001343,0.06578440600060276,1.5867866260014125,,,,,,,False,False,
refinement,rg_gamma70__conservative_c2_d1,train,428,rg_gamma70,gamma70,region_growing,conservative_c2_d1,2,1,both_tolerable,True,0.0,0.8595969173697416,0.48818976613563797,0.2824365245748894,0.48818976613563797,0.2057532415607486,15779,7474,15779,8305,0.16518323418555014,0.33154715952954,0.9733743644634734,0.9254071867672222,0.391068337001343,0.06578440600060276,0.6165328600000066,,,,,,,False,False,
refinement,rg_gamma70__current_c3_d2,train,428,rg_gamma70,gamma70,region_growing,current_c3_d2,3,2,both_tolerable,True,0.0,0.8595969173697416,0.6225337343745688,0.2824365245748894,0.6225337343745688,0.34009720979967945,28436,7474,28436,20962,0.16518323418555014,0.5122383179692112,0.9733743644634734,0.7933605289070192,0.391068337001343,0.06578440600060276,1.8441923960017448,,,,,,,False,False,
refinement,rg_gamma70__raw,train,428,rg_gamma70,gamma70,region_growing,raw,0,0,both_tolerable,True,0.0,0.8595969173697416,0.2824365245748894,0.2824365245748894,0.2824365245748894,0.0,7474,7474,7474,0,0.16518323418555014,0.16518323418555014,0.9733743644634734,0.9733743644634734,0.391068337001343,0.06578440600060276,0.24480202800259576,,,,,,,False,False,
refinement,fc_alpha_018__closing_c3_d1,train,447,fc_alpha_018,current,fuzzy_connectedness,closing_c3_d1,3,1,found_but_wrong,False,0.0,10.795136550527337,0.39983779399837793,0.22700848981640248,0.39983779399837793,0.17282930418197545,6219,3004,6219,3215,0.12981298129812982,0.259386808246042,0.903462050599201,0.8720051455217881,0.34995945900300285,0.6955864989977272,1.3724918609987071,3004.0,672032.0,500000.0,0.18,8.0,False,False,True,
refinement,fc_alpha_018__conservative_c2_d1,train,447,fc_alpha_018,current,fuzzy_connectedness,conservative_c2_d1,2,1,found_but_wrong,False,0.0,10.795136550527337,0.3992177987676641,0.22700848981640248,0.3992177987676641,0.17220930895126163,6196,3004,6196,3192,0.12981298129812982,0.25876500693547616,0.903462050599201,0.8731439638476436,0.34995945900300285,0.6955864989977272,0.5368249220009602,3004.0,672032.0,500000.0,0.18,8.0,False,False,True,
refinement,fc_alpha_018__current_c3_d2,train,447,fc_alpha_018,current,fuzzy_connectedness,current_c3_d2,3,2,found_but_wrong,False,0.0,10.795136550527337,0.48144903960457985,0.22700848981640248,0.48144903960457985,0.2544405497881774,11059,3004,11059,8055,0.12981298129812982,0.3680585449849333,0.903462050599201,0.6958133646803508,0.34995945900300285,0.6955864989977272,1.6045202750028693,3004.0,672032.0,500000.0,0.18,8.0,False,False,True,
refinement,fc_alpha_018__raw,train,447,fc_alpha_018,current,fuzzy_connectedness,raw,0,0,found_but_wrong,False,0.0,10.795136550527337,0.22700848981640248,0.22700848981640248,0.22700848981640248,0.0,3004,3004,3004,0,0.12981298129812982,0.12981298129812982,0.903462050599201,0.903462050599201,0.34995945900300285,0.6955864989977272,0.2086476299991773,3004.0,672032.0,500000.0,0.18,8.0,False,False,True,
refinement,fc_current__closing_c3_d1,train,447,fc_current,current,fuzzy_connectedness,closing_c3_d1,3,1,found_but_wrong,False,0.0,10.795136550527337,0.40735749408122385,0.2357237715803453,0.40735749408122385,0.17163372250087855,6548,3189,6548,3359,0.1358396709236141,0.2674702252833979,0.8905613044841643,0.8540012217470984,0.34995945900300285,0.7165503010000975,1.3783323419993394,3189.0,672032.0,500000.0,0.16,8.0,False,False,True,
refinement,fc_current__conservative_c2_d1,train,447,fc_current,current,fuzzy_connectedness,conservative_c2_d1,2,1,found_but_wrong,False,0.0,10.795136550527337,0.4070848062976056,0.2357237715803453,0.4070848062976056,0.17136103471726027,6532,3189,6532,3343,0.1358396709236141,0.2671354091930932,0.8905613044841643,0.855021432945499,0.34995945900300285,0.7165503010000975,0.5353701970016118,3189.0,672032.0,500000.0,0.16,8.0,False,False,True,
refinement,fc_current__current_c3_d2,train,447,fc_current,current,fuzzy_connectedness,current_c3_d2,3,2,found_but_wrong,False,0.0,10.795136550527337,0.47778188084687345,0.2357237715803453,0.47778188084687345,0.24205810926652815,11589,3189,11589,8400,0.1358396709236141,0.37131104414789307,0.8905613044841643,0.6698593493830356,0.34995945900300285,0.7165503010000975,1.6079188629992132,3189.0,672032.0,500000.0,0.16,8.0,False,False,True,
refinement,fc_current__raw,train,447,fc_current,current,fuzzy_connectedness,raw,0,0,found_but_wrong,False,0.0,10.795136550527337,0.2357237715803453,0.2357237715803453,0.2357237715803453,0.0,3189,3189,3189,0,0.1358396709236141,0.1358396709236141,0.8905613044841643,0.8905613044841643,0.34995945900300285,0.7165503010000975,0.208242249002069,3189.0,672032.0,500000.0,0.16,8.0,False,False,True,
refinement,fc_floor_020__closing_c3_d1,train,447,fc_floor_020,current,fuzzy_connectedness,closing_c3_d1,3,1,found_but_wrong,False,0.0,10.795136550527337,0.40772391723335394,0.23639152605613367,0.40772391723335394,0.17133239117722027,6592,3214,6592,3378,0.13636581049409288,0.26813985746400726,0.8870566272557561,0.8504247572815534,0.34995945900300285,0.7263620980011183,1.382154717000958,3214.0,629532.0,500000.0,0.16,8.0,False,False,True,
refinement,fc_floor_020__conservative_c2_d1,train,447,fc_floor_020,current,fuzzy_connectedness,conservative_c2_d1,2,1,found_but_wrong,False,0.0,10.795136550527337,0.4074815326953168,0.23639152605613367,0.4074815326953168,0.1710900066391831,6574,3214,6574,3360,0.13636581049409288,0.2678050413737026,0.8870566272557561,0.8516884697292364,0.34995945900300285,0.7263620980011183,0.5378404850016523,3214.0,629532.0,500000.0,0.16,8.0,False,False,True,
refinement,fc_floor_020__current_c3_d2,train,447,fc_floor_020,current,fuzzy_connectedness,current_c3_d2,3,2,found_but_wrong,False,0.0,10.795136550527337,0.4770856370561494,0.23639152605613367,0.4770856370561494,0.24069411100001575,11649,3214,11649,8435,0.13636581049409288,0.37145453675802365,0.8870566272557561,0.6666666666666666,0.34995945900300285,0.7263620980011183,1.6207494740010588,3214.0,629532.0,500000.0,0.16,8.0,False,False,True,
refinement,fc_floor_020__raw,train,447,fc_floor_020,current,fuzzy_connectedness,raw,0,0,found_but_wrong,False,0.0,10.795136550527337,0.23639152605613367,0.23639152605613367,0.23639152605613367,0.0,3214,3214,3214,0,0.13636581049409288,0.13636581049409288,0.8870566272557561,0.8870566272557561,0.34995945900300285,0.7263620980011183,0.20962726699872292,3214.0,629532.0,500000.0,0.16,8.0,False,False,True,
refinement,fc_floor_022__closing_c3_d1,train,447,fc_floor_022,current,fuzzy_connectedness,closing_c3_d1,3,1,found_but_wrong,False,0.0,10.795136550527337,0.40789951354098597,0.23722355669676137,0.40789951354098597,0.1706759568442246,6639,3239,6639,3400,0.13698761180465874,0.2687138279045296,0.8842235257795616,0.8462117788823618,0.34995945900300285,0.733089725003083,1.3881327039998723,3239.0,592756.0,500000.0,0.16,8.0,False,False,True,
refinement,fc_floor_022__conservative_c2_d1,train,447,fc_floor_022,current,fuzzy_connectedness,conservative_c2_d1,2,1,found_but_wrong,False,0.0,10.795136550527337,0.40761461890576184,0.23722355669676137,0.40761461890576184,0.17039106220900047,6619,3239,6619,3380,0.13698761180465874,0.2683311809441814,0.8842235257795616,0.8475600543888805,0.34995945900300285,0.733089725003083,0.5454551039983926,3239.0,592756.0,500000.0,0.16,8.0,False,False,True,
refinement,fc_floor_022__current_c3_d2,train,447,fc_floor_022,current,fuzzy_connectedness,current_c3_d2,3,2,found_but_wrong,False,0.0,10.795136550527337,0.47624008088483105,0.23722355669676137,0.47624008088483105,0.23901652418806968,11732,3239,11732,8493,0.13698761180465874,0.3717415219782848,0.8842235257795616,0.6624616433685646,0.34995945900300285,0.733089725003083,1.6217486749992531,3239.0,592756.0,500000.0,0.16,8.0,False,False,True,
refinement,fc_floor_022__raw,train,447,fc_floor_022,current,fuzzy_connectedness,raw,0,0,found_but_wrong,False,0.0,10.795136550527337,0.23722355669676137,0.23722355669676137,0.23722355669676137,0.0,3239,3239,3239,0,0.13698761180465874,0.13698761180465874,0.8842235257795616,0.8842235257795616,0.34995945900300285,0.733089725003083,0.21035232299982454,3239.0,592756.0,500000.0,0.16,8.0,False,False,True,
refinement,fc_floor_022_alpha_018__closing_c3_d1,train,447,fc_floor_022_alpha_018,current,fuzzy_connectedness,closing_c3_d1,3,1,found_but_wrong,False,0.0,10.795136550527337,0.4007354293068579,0.22834711434059968,0.4007354293068579,0.17238831496625823,6288,3039,6288,3249,0.13076959869900034,0.2606304108671737,0.8996380388285621,0.8665712468193384,0.34995945900300285,0.6995204140002897,1.3794316460007394,3039.0,592756.0,500000.0,0.18,8.0,False,False,True,
refinement,fc_floor_022_alpha_018__conservative_c2_d1,train,447,fc_floor_022_alpha_018,current,fuzzy_connectedness,conservative_c2_d1,2,1,found_but_wrong,False,0.0,10.795136550527337,0.4000883197173769,0.22834711434059968,0.4000883197173769,0.17174120537677723,6267,3039,6267,3228,0.13076959869900034,0.2600086095566078,0.8996380388285621,0.8674006701771182,0.34995945900300285,0.6995204140002897,0.5482128299991018,3039.0,592756.0,500000.0,0.18,8.0,False,False,True,
refinement,fc_floor_022_alpha_018__current_c3_d2,train,447,fc_floor_022_alpha_018,current,fuzzy_connectedness,current_c3_d2,3,2,found_but_wrong,False,0.0,10.795136550527337,0.48035886732500543,0.22834711434059968,0.48035886732500543,0.25201175298440576,11194,3039,11194,8155,0.13076959869900034,0.3687760080355862,0.8996380388285621,0.6887618366982312,0.34995945900300285,0.6995204140002897,1.6344055739973555,3039.0,592756.0,500000.0,0.18,8.0,False,False,True,
refinement,fc_floor_022_alpha_018__raw,train,447,fc_floor_022_alpha_018,current,fuzzy_connectedness,raw,0,0,found_but_wrong,False,0.0,10.795136550527337,0.22834711434059968,0.22834711434059968,0.22834711434059968,0.0,3039,3039,3039,0,0.13076959869900034,0.13076959869900034,0.8996380388285621,0.8996380388285621,0.34995945900300285,0.6995204140002897,0.21619211500001256,3039.0,592756.0,500000.0,0.18,8.0,False,False,True,
refinement,fc_floor_024__closing_c3_d1,train,447,fc_floor_024,current,fuzzy_connectedness,closing_c3_d1,3,1,found_but_wrong,False,0.0,10.795136550527337,0.4084430421064084,0.23790406026240635,0.4084430421064084,0.17053898184400207,6666,3254,6666,3412,0.13746592050509399,0.2693356292150954,0.883220651505839,0.8447344734473448,0.34995945900300285,0.7528700469993055,1.4195192369988945,3254.0,561455.0,500000.0,0.16,8.0,False,False,True,
refinement,fc_floor_024__conservative_c2_d1,train,447,fc_floor_024,current,fuzzy_connectedness,conservative_c2_d1,2,1,found_but_wrong,False,0.0,10.795136550527337,0.40805807622504536,0.23790406026240635,0.40805807622504536,0.17015401596263902,6643,3254,6643,3389,0.13746592050509399,0.26885732051466016,0.883220651505839,0.8461538461538461,0.34995945900300285,0.7528700469993055,0.5602674849978939,3254.0,561455.0,500000.0,0.16,8.0,False,False,True,
refinement,fc_floor_024__current_c3_d2,train,447,fc_floor_024,current,fuzzy_connectedness,current_c3_d2,3,2,found_but_wrong,False,0.0,10.795136550527337,0.4758057111376366,0.23790406026240635,0.4758057111376366,0.23790165087523024,11766,3254,11766,8512,0.13746592050509399,0.3717893528483283,0.883220651505839,0.6606323304436512,0.34995945900300285,0.7528700469993055,1.6152364959998522,3254.0,561455.0,500000.0,0.16,8.0,False,False,True,
refinement,fc_floor_024__raw,train,447,fc_floor_024,current,fuzzy_connectedness,raw,0,0,found_but_wrong,False,0.0,10.795136550527337,0.23790406026240635,0.23790406026240635,0.23790406026240635,0.0,3254,3254,3254,0,0.13746592050509399,0.13746592050509399,0.883220651505839,0.883220651505839,0.34995945900300285,0.7528700469993055,0.2147213699972781,3254.0,561455.0,500000.0,0.16,8.0,False,False,True,
refinement,rg_gamma55__closing_c3_d1,train,447,rg_gamma55,current,region_growing,closing_c3_d1,3,1,found_but_wrong,False,0.0,10.795136550527337,0.3765119859247856,0.21021298004360223,0.3765119859247856,0.16629900588118335,6375,2945,6375,3430,0.11991199119911991,0.24565934854355,0.8512733446519525,0.8056470588235294,0.34995945900300285,0.033840004998637596,1.3627453529988998,,,,,,,False,False,
refinement,rg_gamma55__conservative_c2_d1,train,447,rg_gamma55,current,region_growing,conservative_c2_d1,2,1,found_but_wrong,False,0.0,10.795136550527337,0.3763480302252219,0.21021298004360223,0.3763480302252219,0.16613505018161967,6355,2945,6355,3410,0.11991199119911991,0.24537236332328885,0.8512733446519525,0.8072383949645948,0.34995945900300285,0.033840004998637596,0.5345374869975785,,,,,,,False,False,
refinement,rg_gamma55__current_c3_d2,train,447,rg_gamma55,current,region_growing,current_c3_d2,3,2,found_but_wrong,False,0.0,10.795136550527337,0.46742070322104745,0.21021298004360223,0.46742070322104745,0.2572077231774452,11629,2945,11629,8684,0.11991199119911991,0.3637059358109724,0.8512733446519525,0.6538825350417061,0.34995945900300285,0.033840004998637596,1.6034595200035255,,,,,,,False,False,
refinement,rg_gamma55__raw,train,447,rg_gamma55,current,region_growing,raw,0,0,found_but_wrong,False,0.0,10.795136550527337,0.21021298004360223,0.21021298004360223,0.21021298004360223,0.0,2945,2945,2945,0,0.11991199119911991,0.11991199119911991,0.8512733446519525,0.8512733446519525,0.34995945900300285,0.033840004998637596,0.20918259899917757,,,,,,,False,False,
refinement,rg_gamma60__closing_c3_d1,train,447,rg_gamma60,gamma60,region_growing,closing_c3_d1,3,1,found_but_wrong,False,0.0,10.795136550527337,0.37114928909952605,0.20393514609018748,0.37114928909952605,0.16721414300933857,6101,2777,6101,3324,0.11551155115511551,0.23972832065815278,0.8696435001800504,0.82150467136535,0.35483401300007245,0.03121458700115909,1.385515502999624,,,,,,,False,False,
refinement,rg_gamma60__conservative_c2_d1,train,447,rg_gamma60,gamma60,region_growing,conservative_c2_d1,2,1,found_but_wrong,False,0.0,10.795136550527337,0.37073821523865996,0.20393514609018748,0.37073821523865996,0.16680306914847248,6077,2777,6077,3300,0.11551155115511551,0.2392500119577175,0.8696435001800504,0.8231035050189238,0.35483401300007245,0.03121458700115909,0.5359317780021229,,,,,,,False,False,
refinement,rg_gamma60__current_c3_d2,train,447,rg_gamma60,gamma60,region_growing,current_c3_d2,3,2,found_but_wrong,False,0.0,10.795136550527337,0.4692010950721752,0.20393514609018748,0.4692010950721752,0.26526594898198774,11237,2777,11237,8460,0.11551155115511551,0.36069259099823026,0.8696435001800504,0.671086588947228,0.35483401300007245,0.03121458700115909,1.6214744169992628,,,,,,,False,False,
refinement,rg_gamma60__raw,train,447,rg_gamma60,gamma60,region_growing,raw,0,0,found_but_wrong,False,0.0,10.795136550527337,0.20393514609018748,0.20393514609018748,0.20393514609018748,0.0,2777,2777,2777,0,0.11551155115511551,0.11551155115511551,0.8696435001800504,0.8696435001800504,0.35483401300007245,0.03121458700115909,0.20939711299797636,,,,,,,False,False,
refinement,rg_gamma65__closing_c3_d1,train,447,rg_gamma65,gamma65,region_growing,closing_c3_d1,3,1,found_but_wrong,False,0.0,10.795136550527337,0.367585504732456,0.19771603886142833,0.367585504732456,0.16986946587102766,5612,2561,5612,3051,0.11096761850098054,0.23312766059214618,0.9058961343225302,0.868496079828938,0.34918994500185363,0.0295467190007912,1.393387136002275,,,,,,,False,False,
refinement,rg_gamma65__conservative_c2_d1,train,447,rg_gamma65,gamma65,region_growing,conservative_c2_d1,2,1,found_but_wrong,False,0.0,10.795136550527337,0.366690574157261,0.19771603886142833,0.366690574157261,0.16897453529583265,5584,2561,5584,3023,0.11096761850098054,0.23231453580140624,0.9058961343225302,0.8698065902578797,0.34918994500185363,0.0295467190007912,0.5423443940017023,,,,,,,False,False,
refinement,rg_gamma65__current_c3_d2,train,447,rg_gamma65,gamma65,region_growing,current_c3_d2,3,2,found_but_wrong,False,0.0,10.795136550527337,0.47743422316112927,0.19771603886142833,0.47743422316112927,0.27971818429970097,10335,2561,10335,7774,0.11096761850098054,0.3567226287846176,0.9058961343225302,0.7216255442670537,0.34918994500185363,0.0295467190007912,1.6173646899987943,,,,,,,False,False,
refinement,rg_gamma65__raw,train,447,rg_gamma65,gamma65,region_growing,raw,0,0,found_but_wrong,False,0.0,10.795136550527337,0.19771603886142833,0.19771603886142833,0.19771603886142833,0.0,2561,2561,2561,0,0.11096761850098054,0.11096761850098054,0.9058961343225302,0.9058961343225302,0.34918994500185363,0.0295467190007912,0.20984042399868486,,,,,,,False,False,
refinement,rg_gamma70__closing_c3_d1,train,447,rg_gamma70,gamma70,region_growing,closing_c3_d1,3,1,found_but_wrong,False,0.0,10.795136550527337,0.36281299946723494,0.19242631939684715,0.36281299946723494,0.1703866800703878,5371,2437,5371,2934,0.1074281341177596,0.2280097574974889,0.9216249487074272,0.8875442189536399,0.3495775749979657,0.028817868998885388,1.3902972180003417,,,,,,,False,False,
refinement,rg_gamma70__conservative_c2_d1,train,447,rg_gamma70,gamma70,region_growing,conservative_c2_d1,2,1,found_but_wrong,False,0.0,10.795136550527337,0.36214775323686216,0.19242631939684715,0.36214775323686216,0.169721433840015,5353,2437,5353,2916,0.1074281341177596,0.22743578705696657,0.9216249487074272,0.8882869419017373,0.3495775749979657,0.028817868998885388,0.5389679220024846,,,,,,,False,False,
refinement,rg_gamma70__current_c3_d2,train,447,rg_gamma70,gamma70,region_growing,current_c3_d2,3,2,found_but_wrong,False,0.0,10.795136550527337,0.48010885058960734,0.19242631939684715,0.48010885058960734,0.2876825311927602,9961,2437,9961,7524,0.1074281341177596,0.35442674702252835,0.9216249487074272,0.7439012147374762,0.3495775749979657,0.028817868998885388,1.6436627590010175,,,,,,,False,False,
refinement,rg_gamma70__raw,train,447,rg_gamma70,gamma70,region_growing,raw,0,0,found_but_wrong,False,0.0,10.795136550527337,0.19242631939684715,0.19242631939684715,0.19242631939684715,0.0,2437,2437,2437,0,0.1074281341177596,0.1074281341177596,0.9216249487074272,0.9216249487074272,0.3495775749979657,0.028817868998885388,0.2104896019991429,,,,,,,False,False,
refinement,fc_alpha_018__closing_c3_d1,train,518,fc_alpha_018,current,fuzzy_connectedness,closing_c3_d1,3,1,both_tolerable,True,0.0,1.0982191061341653,0.6333653900548736,0.3922657835701314,0.6333653900548736,0.24109960648474216,13347,6076,13347,7271,0.25028400054528105,0.5087472167946563,0.9065174456879526,0.8388401888064734,0.3671144890031428,1.3615524169981654,1.4143047199977445,6076.0,373270.0,373270.0,0.18,8.0,False,False,False,
refinement,fc_alpha_018__conservative_c2_d1,train,518,fc_alpha_018,current,fuzzy_connectedness,conservative_c2_d1,2,1,both_tolerable,True,0.0,1.0982191061341653,0.6318509683648549,0.3922657835701314,0.6318509683648549,0.23958518479472346,13207,6076,13207,7131,0.25028400054528105,0.5055209706002636,0.9065174456879526,0.8423563261906565,0.3671144890031428,1.3615524169981654,0.5325020419986686,6076.0,373270.0,373270.0,0.18,8.0,False,False,False,
refinement,fc_alpha_018__current_c3_d2,train,518,fc_alpha_018,current,fuzzy_connectedness,current_c3_d2,3,2,both_tolerable,True,0.0,1.0982191061341653,0.6777152747728257,0.3922657835701314,0.6777152747728257,0.28544949120269425,24213,6076,24213,18137,0.25028400054528105,0.7116826464306811,0.9065174456879526,0.6468426052120761,0.3671144890031428,1.3615524169981654,1.6010291889979271,6076.0,373270.0,373270.0,0.18,8.0,False,False,False,
refinement,fc_alpha_018__raw,train,518,fc_alpha_018,current,fuzzy_connectedness,raw,0,0,both_tolerable,True,0.0,1.0982191061341653,0.3922657835701314,0.3922657835701314,0.3922657835701314,0.0,6076,6076,6076,0,0.25028400054528105,0.25028400054528105,0.9065174456879526,0.9065174456879526,0.3671144890031428,1.3615524169981654,0.2074011589975271,6076.0,373270.0,373270.0,0.18,8.0,False,False,False,
refinement,fc_current__closing_c3_d1,train,518,fc_current,current,fuzzy_connectedness,closing_c3_d1,3,1,both_tolerable,True,0.0,1.0982191061341653,0.6494428394552209,0.4150745695225455,0.6494428394552209,0.23436826993267534,14338,6624,14338,7714,0.27000499840959696,0.5362839096651065,0.8970410628019324,0.8231273538847818,0.3671144890031428,1.4562618449999718,1.4113907069986453,6624.0,373270.0,373270.0,0.16,8.0,False,False,False,
refinement,fc_current__conservative_c2_d1,train,518,fc_current,current,fuzzy_connectedness,conservative_c2_d1,2,1,both_tolerable,True,0.0,1.0982191061341653,0.648491879350348,0.4150745695225455,0.648491879350348,0.2334173098278025,14197,6624,14197,7573,0.27000499840959696,0.5334211841686736,0.8970410628019324,0.8268648305980136,0.3671144890031428,1.4562618449999718,0.5541329279985803,6624.0,373270.0,373270.0,0.16,8.0,False,False,False,
refinement,fc_current__current_c3_d2,train,518,fc_current,current,fuzzy_connectedness,current_c3_d2,3,2,both_tolerable,True,0.0,1.0982191061341653,0.6775341089813343,0.4150745695225455,0.6775341089813343,0.26245953945878875,25781,6624,25781,19157,0.27000499840959696,0.735629572408779,0.8970410628019324,0.6279430588417827,0.3671144890031428,1.4562618449999718,1.6144614609984274,6624.0,373270.0,373270.0,0.16,8.0,False,False,False,
refinement,fc_current__raw,train,518,fc_current,current,fuzzy_connectedness,raw,0,0,both_tolerable,True,0.0,1.0982191061341653,0.4150745695225455,0.4150745695225455,0.4150745695225455,0.0,6624,6624,6624,0,0.27000499840959696,0.27000499840959696,0.8970410628019324,0.8970410628019324,0.3671144890031428,1.4562618449999718,0.2065919960004976,6624.0,373270.0,373270.0,0.16,8.0,False,False,False,
refinement,fc_floor_020__closing_c3_d1,train,518,fc_floor_020,current,fuzzy_connectedness,closing_c3_d1,3,1,both_tolerable,True,0.0,1.0982191061341653,0.6500810061235137,0.41658529781001535,0.6500810061235137,0.23349570831349836,14410,6669,14410,7741,0.2714136411141909,0.5378743127186805,0.8956365272154746,0.8214434420541291,0.3671144890031428,1.428488561999984,1.3670786779985065,6669.0,345594.0,345594.0,0.16,8.0,False,False,False,
refinement,fc_floor_020__conservative_c2_d1,train,518,fc_floor_020,current,fuzzy_connectedness,conservative_c2_d1,2,1,both_tolerable,True,0.0,1.0982191061341653,0.6491508601676224,0.41658529781001535,0.6491508601676224,0.232565562357607,14265,6669,14265,7596,0.2714136411141909,0.5349661471350025,0.8956365272154746,0.8253066947073256,0.3671144890031428,1.428488561999984,0.556291302000318,6669.0,345594.0,345594.0,0.16,8.0,False,False,False,
refinement,fc_floor_020__current_c3_d2,train,518,fc_floor_020,current,fuzzy_connectedness,current_c3_d2,3,2,both_tolerable,True,0.0,1.0982191061341653,0.6765510472570844,0.41658529781001535,0.6765510472570844,0.259965749447069,25880,6669,25880,19211,0.2714136411141909,0.7360839732812287,0.8956365272154746,0.6259273570324575,0.3671144890031428,1.428488561999984,1.584375951999391,6669.0,345594.0,345594.0,0.16,8.0,False,False,False,
refinement,fc_floor_020__raw,train,518,fc_floor_020,current,fuzzy_connectedness,raw,0,0,both_tolerable,True,0.0,1.0982191061341653,0.41658529781001535,0.41658529781001535,0.41658529781001535,0.0,6669,6669,6669,0,0.2714136411141909,0.2714136411141909,0.8956365272154746,0.8956365272154746,0.3671144890031428,1.428488561999984,0.207439202000387,6669.0,345594.0,345594.0,0.16,8.0,False,False,False,
refinement,fc_floor_022__closing_c3_d1,train,518,fc_floor_022,current,fuzzy_connectedness,closing_c3_d1,3,1,both_tolerable,True,0.0,1.0982191061341653,0.6455692781666351,0.41736123119488155,0.6455692781666351,0.22820804697175356,14996,6908,14996,8088,0.27418548643613394,0.542736402053892,0.8734800231615518,0.7964790610829554,0.3671144890031428,1.4199635380027757,1.3755450749995362,6908.0,321778.0,321778.0,0.16,8.0,False,False,False,
refinement,fc_floor_022__conservative_c2_d1,train,518,fc_floor_022,current,fuzzy_connectedness,conservative_c2_d1,2,1,both_tolerable,True,0.0,1.0982191061341653,0.6447043499497979,0.41736123119488155,0.6447043499497979,0.2273431187549163,14844,6908,14844,7936,0.27418548643613394,0.5397827963829691,0.8734800231615518,0.8002559956884937,0.3671144890031428,1.4199635380027757,0.5318583180014684,6908.0,321778.0,321778.0,0.16,8.0,False,False,False,
refinement,fc_floor_022__current_c3_d2,train,518,fc_floor_022,current,fuzzy_connectedness,current_c3_d2,3,2,both_tolerable,True,0.0,1.0982191061341653,0.6663129540445678,0.41736123119488155,0.6663129540445678,0.24895172284968625,26997,6908,26997,20089,0.27418548643613394,0.7418548643613396,0.8734800231615518,0.604733859317702,0.3671144890031428,1.4199635380027757,1.6007987819975824,6908.0,321778.0,321778.0,0.16,8.0,False,False,False,
refinement,fc_floor_022__raw,train,518,fc_floor_022,current,fuzzy_connectedness,raw,0,0,both_tolerable,True,0.0,1.0982191061341653,0.41736123119488155,0.41736123119488155,0.41736123119488155,0.0,6908,6908,6908,0,0.27418548643613394,0.27418548643613394,0.8734800231615518,0.8734800231615518,0.3671144890031428,1.4199635380027757,0.20589685300001292,6908.0,321778.0,321778.0,0.16,8.0,False,False,False,
refinement,fc_floor_022_alpha_018__closing_c3_d1,train,518,fc_floor_022_alpha_018,current,fuzzy_connectedness,closing_c3_d1,3,1,both_tolerable,True,0.0,1.0982191061341653,0.6348232380094573,0.3959967349256486,0.6348232380094573,0.2388265030838087,13521,6170,13521,7351,0.25351024673967376,0.5124278638614986,0.9042139384116694,0.8340359440869758,0.3671144890031428,1.351896100997692,1.4052380840003025,6170.0,321778.0,321778.0,0.18,8.0,False,False,False,
refinement,fc_floor_022_alpha_018__conservative_c2_d1,train,518,fc_floor_022_alpha_018,current,fuzzy_connectedness,conservative_c2_d1,2,1,both_tolerable,True,0.0,1.0982191061341653,0.6333399270918699,0.3959967349256486,0.6333399270918699,0.23734319216622135,13380,6170,13380,7210,0.25351024673967376,0.5092016176671059,0.9042139384116694,0.8375186846038863,0.3671144890031428,1.351896100997692,0.5310290100023849,6170.0,321778.0,321778.0,0.18,8.0,False,False,False,
refinement,fc_floor_022_alpha_018__current_c3_d2,train,518,fc_floor_022_alpha_018,current,fuzzy_connectedness,current_c3_d2,3,2,both_tolerable,True,0.0,1.0982191061341653,0.6754408602150538,0.3959967349256486,0.6754408602150538,0.2794441252894052,24493,6170,24493,18323,0.25351024673967376,0.7135911300949698,0.9042139384116694,0.6411627812027927,0.3671144890031428,1.351896100997692,1.58112278200133,6170.0,321778.0,321778.0,0.18,8.0,False,False,False,
refinement,fc_floor_022_alpha_018__raw,train,518,fc_floor_022_alpha_018,current,fuzzy_connectedness,raw,0,0,both_tolerable,True,0.0,1.0982191061341653,0.3959967349256486,0.3959967349256486,0.3959967349256486,0.0,6170,6170,6170,0,0.25351024673967376,0.25351024673967376,0.9042139384116694,0.9042139384116694,0.3671144890031428,1.351896100997692,0.20634373299981235,6170.0,321778.0,321778.0,0.18,8.0,False,False,False,
refinement,fc_floor_024__closing_c3_d1,train,518,fc_floor_024,current,fuzzy_connectedness,closing_c3_d1,3,1,both_tolerable,True,0.0,1.0982191061341653,0.6459288836130146,0.4184568626096567,0.6459288836130146,0.2274720210033579,15059,6947,15059,8112,0.2752760485300132,0.543963284409506,0.8720310925579386,0.7949399030480112,0.3671144890031428,1.427618417001213,1.36037411900179,6947.0,301353.0,301353.0,0.16,8.0,False,False,False,
refinement,fc_floor_024__conservative_c2_d1,train,518,fc_floor_024,current,fuzzy_connectedness,conservative_c2_d1,2,1,both_tolerable,True,0.0,1.0982191061341653,0.6453779691774328,0.4184568626096567,0.6453779691774328,0.22692110656777614,14914,6947,14914,7967,0.2752760485300132,0.5413731994365429,0.8720310925579386,0.7988467212015555,0.3671144890031428,1.427618417001213,0.5294003300004988,6947.0,301353.0,301353.0,0.16,8.0,False,False,False,
refinement,fc_floor_024__current_c3_d2,train,518,fc_floor_024,current,fuzzy_connectedness,current_c3_d2,3,2,both_tolerable,True,0.0,1.0982191061341653,0.6653768608842637,0.4184568626096567,0.6653768608842637,0.24691999827460703,27096,6947,27096,20149,0.2752760485300132,0.7423092652337893,0.8720310925579386,0.602893416002362,0.3671144890031428,1.427618417001213,1.5815828929989948,6947.0,301353.0,301353.0,0.16,8.0,False,False,False,
refinement,fc_floor_024__raw,train,518,fc_floor_024,current,fuzzy_connectedness,raw,0,0,both_tolerable,True,0.0,1.0982191061341653,0.4184568626096567,0.4184568626096567,0.4184568626096567,0.0,6947,6947,6947,0,0.2752760485300132,0.2752760485300132,0.8720310925579386,0.8720310925579386,0.3671144890031428,1.427618417001213,0.20637076599814463,6947.0,301353.0,301353.0,0.16,8.0,False,False,False,
refinement,rg_gamma55__closing_c3_d1,train,518,rg_gamma55,current,region_growing,closing_c3_d1,3,1,both_tolerable,True,0.0,1.0982191061341653,0.654060606060606,0.40120557930889467,0.654060606060606,0.25285502675171134,15118,6527,15118,8591,0.260099059390194,0.5516880992411506,0.876972575455799,0.8030824183093002,0.3671144890031428,0.05940171100155567,1.3623506840012851,,,,,,,False,False,
refinement,rg_gamma55__conservative_c2_d1,train,518,rg_gamma55,current,region_growing,conservative_c2_d1,2,1,both_tolerable,True,0.0,1.0982191061341653,0.6524596370716932,0.40120557930889467,0.6524596370716932,0.2512540577627985,14970,6527,14970,8443,0.260099059390194,0.5481437724360431,0.876972575455799,0.805811623246493,0.3671144890031428,0.05940171100155567,0.5287263940008415,,,,,,,False,False,
refinement,rg_gamma55__current_c3_d2,train,518,rg_gamma55,current,region_growing,current_c3_d2,3,2,both_tolerable,True,0.0,1.0982191061341653,0.7037697704840052,0.40120557930889467,0.7037697704840052,0.3025641911751106,28447,6527,28447,21920,0.260099059390194,0.8067433089471532,0.876972575455799,0.6241079902977467,0.3671144890031428,0.05940171100155567,1.5977967550024914,,,,,,,False,False,
refinement,rg_gamma55__raw,train,518,rg_gamma55,current,region_growing,raw,0,0,both_tolerable,True,0.0,1.0982191061341653,0.40120557930889467,0.40120557930889467,0.40120557930889467,0.0,6527,6527,6527,0,0.260099059390194,0.260099059390194,0.876972575455799,0.876972575455799,0.3671144890031428,0.05940171100155567,0.20624160199804464,,,,,,,False,False,
refinement,rg_gamma60__closing_c3_d1,train,518,rg_gamma60,gamma60,region_growing,closing_c3_d1,3,1,both_tolerable,True,0.0,1.0982191061341653,0.6241063449508489,0.3756479462338684,0.6241063449508489,0.24845839871698056,13801,5966,13801,7835,0.2387422183850593,0.5077475348752669,0.8806570566543748,0.8096514745308311,0.36314488200150663,0.05472894700142206,1.3732716670019727,,,,,,,False,False,
refinement,rg_gamma60__conservative_c2_d1,train,518,rg_gamma60,gamma60,region_growing,conservative_c2_d1,2,1,both_tolerable,True,0.0,1.0982191061341653,0.6218756136561281,0.3756479462338684,0.6218756136561281,0.2462276674222597,13640,5966,13640,7674,0.2387422183850593,0.5036579270232199,0.8806570566543748,0.8126099706744868,0.36314488200150663,0.05472894700142206,0.5516284349978378,,,,,,,False,False,
refinement,rg_gamma60__current_c3_d2,train,518,rg_gamma60,gamma60,region_growing,current_c3_d2,3,2,both_tolerable,True,0.0,1.0982191061341653,0.6897919145117192,0.3756479462338684,0.6897919145117192,0.3141439682778508,25906,5966,25906,19940,0.2387422183850593,0.7508974417230881,0.8806570566543748,0.637883115880491,0.36314488200150663,0.05472894700142206,1.5863026570004877,,,,,,,False,False,
refinement,rg_gamma60__raw,train,518,rg_gamma60,gamma60,region_growing,raw,0,0,both_tolerable,True,0.0,1.0982191061341653,0.3756479462338684,0.3756479462338684,0.3756479462338684,0.0,5966,5966,5966,0,0.2387422183850593,0.2387422183850593,0.8806570566543748,0.8806570566543748,0.36314488200150663,0.05472894700142206,0.20687588399960077,,,,,,,False,False,
refinement,rg_gamma65__closing_c3_d1,train,518,rg_gamma65,gamma65,region_growing,closing_c3_d1,3,1,both_tolerable,True,0.0,1.0982191061341653,0.6106719367588933,0.35714285714285715,0.6106719367588933,0.25352907961603616,12401,5377,12401,7024,0.22220202662789112,0.47739355659562865,0.909429049655942,0.8471897427626804,0.3646565870003542,0.051583192998805316,1.3524707359974855,,,,,,,False,False,
refinement,rg_gamma65__conservative_c2_d1,train,518,rg_gamma65,gamma65,region_growing,conservative_c2_d1,2,1,both_tolerable,True,0.0,1.0982191061341653,0.6081700586912723,0.35714285714285715,0.6081700586912723,0.2510272015484151,12240,5377,12240,6863,0.22220202662789112,0.4732130685690917,0.909429049655942,0.8508169934640523,0.3646565870003542,0.051583192998805316,0.5336039269968751,,,,,,,False,False,
refinement,rg_gamma65__current_c3_d2,train,518,rg_gamma65,gamma65,region_growing,current_c3_d2,3,2,both_tolerable,True,0.0,1.0982191061341653,0.6934193662438679,0.35714285714285715,0.6934193662438679,0.33627650910101076,23247,5377,23247,17870,0.22220202662789112,0.7129549688735403,0.909429049655942,0.6749257968770164,0.3646565870003542,0.051583192998805316,1.5832839750000858,,,,,,,False,False,
refinement,rg_gamma65__raw,train,518,rg_gamma65,gamma65,region_growing,raw,0,0,both_tolerable,True,0.0,1.0982191061341653,0.35714285714285715,0.35714285714285715,0.35714285714285715,0.0,5377,5377,5377,0,0.22220202662789112,0.22220202662789112,0.909429049655942,0.909429049655942,0.3646565870003542,0.051583192998805316,0.20580072899974766,,,,,,,False,False,
refinement,rg_gamma70__closing_c3_d1,train,518,rg_gamma70,gamma70,region_growing,closing_c3_d1,3,1,both_tolerable,True,0.0,1.0982191061341653,0.6033043273753528,0.3478708917595966,0.6033043273753528,0.25543343561575615,12009,5164,12009,6845,0.21474985231971647,0.4662607352206116,0.9151820294345469,0.8544425014572404,0.3580711619979411,0.048199862001638394,1.4069974590020138,,,,,,,False,False,
refinement,rg_gamma70__conservative_c2_d1,train,518,rg_gamma70,gamma70,region_growing,conservative_c2_d1,2,1,both_tolerable,True,0.0,1.0982191061341653,0.6012342398204742,0.3478708917595966,0.6012342398204742,0.25336334806087757,11860,5164,11860,6696,0.21474985231971647,0.4626255282410142,0.9151820294345469,0.8584317032040473,0.3580711619979411,0.048199862001638394,0.532990764000715,,,,,,,False,False,
refinement,rg_gamma70__current_c3_d2,train,518,rg_gamma70,gamma70,region_growing,current_c3_d2,3,2,both_tolerable,True,0.0,1.0982191061341653,0.6953406622931734,0.3478708917595966,0.6953406622931734,0.34746977053357675,22656,5164,22656,17492,0.21474985231971647,0.7055936747398555,0.9151820294345469,0.6853813559322034,0.3580711619979411,0.048199862001638394,1.57784620700113,,,,,,,False,False,
refinement,rg_gamma70__raw,train,518,rg_gamma70,gamma70,region_growing,raw,0,0,both_tolerable,True,0.0,1.0982191061341653,0.3478708917595966,0.3478708917595966,0.3478708917595966,0.0,5164,5164,5164,0,0.21474985231971647,0.21474985231971647,0.9151820294345469,0.9151820294345469,0.3580711619979411,0.048199862001638394,0.2061893330028397,,,,,,,False,False,
refinement,fc_alpha_018__closing_c3_d1,train,538,fc_alpha_018,current,fuzzy_connectedness,closing_c3_d1,3,1,both_tolerable,True,0.0,0.8095744354916121,0.34889321413255037,0.198432852064137,0.34889321413255037,0.15046036206841337,5599,2852,5599,2747,0.11066601926033827,0.21396779153516227,0.958976157082749,0.9444543668512234,0.40146603099856293,0.7430909289978445,1.53819498500161,2852.0,438847.0,438847.0,0.18,8.0,False,False,False,
refinement,fc_alpha_018__conservative_c2_d1,train,538,fc_alpha_018,current,fuzzy_connectedness,conservative_c2_d1,2,1,both_tolerable,True,0.0,0.8095744354916121,0.3489047242016363,0.198432852064137,0.3489047242016363,0.15047187213749932,5598,2852,5598,2746,0.11066601926033827,0.21396779153516227,0.958976157082749,0.9446230796713112,0.40146603099856293,0.7430909289978445,0.6237624650020734,2852.0,438847.0,438847.0,0.18,8.0,False,False,False,
refinement,fc_alpha_018__current_c3_d2,train,538,fc_alpha_018,current,fuzzy_connectedness,current_c3_d2,3,2,both_tolerable,True,0.0,0.8095744354916121,0.44046960118856876,0.198432852064137,0.44046960118856876,0.24203674912443177,9613,2852,9613,6761,0.11066601926033827,0.3058994901675164,0.958976157082749,0.7864350358889004,0.40146603099856293,0.7430909289978445,1.796985492001113,2852.0,438847.0,438847.0,0.18,8.0,False,False,False,
refinement,fc_alpha_018__raw,train,538,fc_alpha_018,current,fuzzy_connectedness,raw,0,0,both_tolerable,True,0.0,0.8095744354916121,0.198432852064137,0.198432852064137,0.198432852064137,0.0,2852,2852,2852,0,0.11066601926033827,0.11066601926033827,0.958976157082749,0.958976157082749,0.40146603099856293,0.7430909289978445,0.23407631000009133,2852.0,438847.0,438847.0,0.18,8.0,False,False,False,
refinement,fc_current__closing_c3_d1,train,538,fc_current,current,fuzzy_connectedness,closing_c3_d1,3,1,both_tolerable,True,0.0,0.8095744354916121,0.3613437163989443,0.20991295590245307,0.3613437163989443,0.15143076049649123,5977,3088,5977,2889,0.11807072914137735,0.22436675568503683,0.9449481865284974,0.9277229379287267,0.40146603099856293,0.7703127749991836,1.5373269759984396,3088.0,438847.0,438847.0,0.16,8.0,False,False,False,
refinement,fc_current__conservative_c2_d1,train,538,fc_current,current,fuzzy_connectedness,conservative_c2_d1,2,1,both_tolerable,True,0.0,0.8095744354916121,0.3614504935978888,0.20991295590245307,0.3614504935978888,0.1515375376954357,5979,3088,5979,2891,0.11807072914137735,0.22444768147608643,0.9449481865284974,0.9277471149021576,0.40146603099856293,0.7703127749991836,0.6139422579981328,3088.0,438847.0,438847.0,0.16,8.0,False,False,False,
refinement,fc_current__current_c3_d2,train,538,fc_current,current,fuzzy_connectedness,current_c3_d2,3,2,both_tolerable,True,0.0,0.8095744354916121,0.4424443934877322,0.20991295590245307,0.4424443934877322,0.2325314375852791,10174,3088,10174,7086,0.11807072914137735,0.31229262766043536,0.9449481865284974,0.7586003538431295,0.40146603099856293,0.7703127749991836,1.7910677840009157,3088.0,438847.0,438847.0,0.16,8.0,False,False,False,
refinement,fc_current__raw,train,538,fc_current,current,fuzzy_connectedness,raw,0,0,both_tolerable,True,0.0,0.8095744354916121,0.20991295590245307,0.20991295590245307,0.20991295590245307,0.0,3088,3088,3088,0,0.11807072914137735,0.11807072914137735,0.9449481865284974,0.9449481865284974,0.40146603099856293,0.7703127749991836,0.23452710999845294,3088.0,438847.0,438847.0,0.16,8.0,False,False,False,
refinement,fc_floor_020__closing_c3_d1,train,538,fc_floor_020,current,fuzzy_connectedness,closing_c3_d1,3,1,both_tolerable,True,0.0,0.8095744354916121,0.5101994171761614,0.31669454667112745,0.5101994171761614,0.1935048705050339,10288,5176,10288,5112,0.19151088451889617,0.3612931941409727,0.9144126738794436,0.8679043545878694,0.40146603099856293,1.230222138998215,1.5409633859999303,5176.0,409382.0,409382.0,0.16,8.0,False,False,False,
refinement,fc_floor_020__conservative_c2_d1,train,538,fc_floor_020,current,fuzzy_connectedness,conservative_c2_d1,2,1,both_tolerable,True,0.0,0.8095744354916121,0.5097388668020478,0.31669454667112745,0.5097388668020478,0.19304432013092038,10249,5176,10249,5073,0.19151088451889617,0.36056486202152627,0.9144126738794436,0.869450678114938,0.40146603099856293,1.230222138998215,0.6024502979998942,5176.0,409382.0,409382.0,0.16,8.0,False,False,False,
refinement,fc_floor_020__current_c3_d2,train,538,fc_floor_020,current,fuzzy_connectedness,current_c3_d2,3,2,both_tolerable,True,0.0,0.8095744354916121,0.5763415497110508,0.31669454667112745,0.5763415497110508,0.25964700303992333,17681,5176,17681,12505,0.19151088451889617,0.4943351946265275,0.9144126738794436,0.6909677054465245,0.40146603099856293,1.230222138998215,1.7912416719991597,5176.0,409382.0,409382.0,0.16,8.0,False,False,False,
refinement,fc_floor_020__raw,train,538,fc_floor_020,current,fuzzy_connectedness,raw,0,0,both_tolerable,True,0.0,0.8095744354916121,0.31669454667112745,0.31669454667112745,0.31669454667112745,0.0,5176,5176,5176,0,0.19151088451889617,0.19151088451889617,0.9144126738794436,0.9144126738794436,0.40146603099856293,1.230222138998215,0.23346791700168978,5176.0,409382.0,409382.0,0.16,8.0,False,False,False,
refinement,fc_floor_022__closing_c3_d1,train,538,fc_floor_022,current,fuzzy_connectedness,closing_c3_d1,3,1,both_tolerable,True,0.0,0.8095744354916121,0.5114077116130504,0.31839898433062713,0.5114077116130504,0.1930087272824233,10350,5217,10350,5133,0.1928056971756899,0.36279032127539046,0.9133601686793176,0.866280193236715,0.40146603099856293,1.2280100930001936,1.5390794679988176,5217.0,384412.0,384412.0,0.16,8.0,False,False,False,
refinement,fc_floor_022__conservative_c2_d1,train,538,fc_floor_022,current,fuzzy_connectedness,conservative_c2_d1,2,1,both_tolerable,True,0.0,0.8095744354916121,0.5112202363958203,0.31839898433062713,0.5112202363958203,0.19282125206519313,10312,5217,10312,5095,0.1928056971756899,0.36226430363356804,0.9133601686793176,0.868211792086889,0.40146603099856293,1.2280100930001936,0.59932358000151,5217.0,384412.0,384412.0,0.16,8.0,False,False,False,
refinement,fc_floor_022__current_c3_d2,train,538,fc_floor_022,current,fuzzy_connectedness,current_c3_d2,3,2,both_tolerable,True,0.0,0.8095744354916121,0.5759280619571102,0.31839898433062713,0.5759280619571102,0.2575290776264831,17767,5217,17767,12550,0.1928056971756899,0.49498260095492436,0.9133601686793176,0.6885236674734058,0.40146603099856293,1.2280100930001936,1.790995016002853,5217.0,384412.0,384412.0,0.16,8.0,False,False,False,
refinement,fc_floor_022__raw,train,538,fc_floor_022,current,fuzzy_connectedness,raw,0,0,both_tolerable,True,0.0,0.8095744354916121,0.31839898433062713,0.31839898433062713,0.31839898433062713,0.0,5217,5217,5217,0,0.1928056971756899,0.1928056971756899,0.9133601686793176,0.9133601686793176,0.40146603099856293,1.2280100930001936,0.23303955699884682,5217.0,384412.0,384412.0,0.16,8.0,False,False,False,
refinement,fc_floor_022_alpha_018__closing_c3_d1,train,538,fc_floor_022_alpha_018,current,fuzzy_connectedness,closing_c3_d1,3,1,both_tolerable,True,0.0,0.8095744354916121,0.35145892957005165,0.20095589832717792,0.35145892957005165,0.15050303124287373,5685,2904,5685,2781,0.11228453508133042,0.21615278789350165,0.9555785123966942,0.9396657871591908,0.40146603099856293,0.7450895550027781,1.559450476001075,2904.0,384412.0,384412.0,0.18,8.0,False,False,False,
refinement,fc_floor_022_alpha_018__conservative_c2_d1,train,538,fc_floor_022_alpha_018,current,fuzzy_connectedness,conservative_c2_d1,2,1,both_tolerable,True,0.0,0.8095744354916121,0.3513931379321688,0.20095589832717792,0.3513931379321688,0.1504372396049909,5685,2904,5685,2781,0.11228453508133042,0.21611232499797686,0.9555785123966942,0.9394898856640281,0.40146603099856293,0.7450895550027781,0.6018442599997798,2904.0,384412.0,384412.0,0.18,8.0,False,False,False,
refinement,fc_floor_022_alpha_018__current_c3_d2,train,538,fc_floor_022_alpha_018,current,fuzzy_connectedness,current_c3_d2,3,2,both_tolerable,True,0.0,0.8095744354916121,0.44030413837135063,0.20095589832717792,0.44030413837135063,0.2393482400441727,9744,2904,9744,6840,0.11228453508133042,0.3069515254511613,0.9555785123966942,0.7785303776683087,0.40146603099856293,0.7450895550027781,1.7965899739974702,2904.0,384412.0,384412.0,0.18,8.0,False,False,False,
refinement,fc_floor_022_alpha_018__raw,train,538,fc_floor_022_alpha_018,current,fuzzy_connectedness,raw,0,0,both_tolerable,True,0.0,0.8095744354916121,0.20095589832717792,0.20095589832717792,0.20095589832717792,0.0,2904,2904,2904,0,0.11228453508133042,0.11228453508133042,0.9555785123966942,0.9555785123966942,0.40146603099856293,0.7450895550027781,0.23310851700080093,2904.0,384412.0,384412.0,0.18,8.0,False,False,False,
refinement,fc_floor_024__closing_c3_d1,train,538,fc_floor_024,current,fuzzy_connectedness,closing_c3_d1,3,1,both_tolerable,True,0.0,0.8095744354916121,0.46726696258719086,0.3041638140287546,0.46726696258719086,0.16310314855843627,14711,7420,14711,7291,0.19774217042971595,0.3727037306789674,0.6586253369272237,0.6261301067228604,0.40146603099856293,1.6387728379995679,1.536316727000667,7420.0,362959.0,362959.0,0.16,8.0,False,False,False,
refinement,fc_floor_024__conservative_c2_d1,train,538,fc_floor_024,current,fuzzy_connectedness,conservative_c2_d1,2,1,both_tolerable,True,0.0,0.8095744354916121,0.4679174293268253,0.3041638140287546,0.4679174293268253,0.1637536152980707,14622,7420,14622,7202,0.19774217042971595,0.37238002751476895,0.6586253369272237,0.6293940637395705,0.40146603099856293,1.6387728379995679,0.6012340790002781,7420.0,362959.0,362959.0,0.16,8.0,False,False,False,
refinement,fc_floor_024__current_c3_d2,train,538,fc_floor_024,current,fuzzy_connectedness,current_c3_d2,3,2,both_tolerable,True,0.0,0.8095744354916121,0.5038782995610607,0.3041638140287546,0.5038782995610607,0.19971448553230609,25179,7420,25179,17759,0.19774217042971595,0.5086185967467832,0.6586253369272237,0.4992255450971047,0.40146603099856293,1.6387728379995679,1.793965445998765,7420.0,362959.0,362959.0,0.16,8.0,False,False,False,
refinement,fc_floor_024__raw,train,538,fc_floor_024,current,fuzzy_connectedness,raw,0,0,both_tolerable,True,0.0,0.8095744354916121,0.3041638140287546,0.3041638140287546,0.3041638140287546,0.0,7420,7420,7420,0,0.19774217042971595,0.19774217042971595,0.6586253369272237,0.6586253369272237,0.40146603099856293,1.6387728379995679,0.2334956129998318,7420.0,362959.0,362959.0,0.16,8.0,False,False,False,
refinement,rg_gamma55__closing_c3_d1,train,538,rg_gamma55,current,region_growing,closing_c3_d1,3,1,both_tolerable,True,0.0,0.8095744354916121,0.4367375124683496,0.2676596418951038,0.4367375124683496,0.1690778705732458,14385,6841,14385,7544,0.17087480780124625,0.34547220199077444,0.6173074111971933,0.5935349322210636,0.40146603099856293,0.05958631400062586,1.5455742110025312,,,,,,,False,False,
refinement,rg_gamma55__conservative_c2_d1,train,538,rg_gamma55,current,region_growing,conservative_c2_d1,2,1,both_tolerable,True,0.0,0.8095744354916121,0.4363972571076354,0.2676596418951038,0.4363972571076354,0.1687376152125316,14223,6841,14223,7382,0.17087480780124625,0.3437727603787327,0.6173074111971933,0.5973423328411728,0.40146603099856293,0.05958631400062586,0.5989005850024114,,,,,,,False,False,
refinement,rg_gamma55__current_c3_d2,train,538,rg_gamma55,current,region_growing,current_c3_d2,3,2,both_tolerable,True,0.0,0.8095744354916121,0.5052235520153705,0.2676596418951038,0.5052235520153705,0.23756391012026673,25252,6841,25252,18411,0.17087480780124625,0.510722667314073,0.6173074111971933,0.49984159670521144,0.40146603099856293,0.05958631400062586,1.7927592890009691,,,,,,,False,False,
refinement,rg_gamma55__raw,train,538,rg_gamma55,current,region_growing,raw,0,0,both_tolerable,True,0.0,0.8095744354916121,0.2676596418951038,0.2676596418951038,0.2676596418951038,0.0,6841,6841,6841,0,0.17087480780124625,0.17087480780124625,0.6173074111971933,0.6173074111971933,0.40146603099856293,0.05958631400062586,0.2324237529974198,,,,,,,False,False,
refinement,rg_gamma60__closing_c3_d1,train,538,rg_gamma60,gamma60,region_growing,closing_c3_d1,3,1,both_tolerable,True,0.0,0.8095744354916121,0.4212812728985659,0.2529112783889854,0.4212812728985659,0.16836999450958046,13498,6372,13498,7126,0.15905964230800357,0.3256858460791454,0.61691776522285,0.5963105645280782,0.39658714899996994,0.05797079400144867,1.5497534749993065,,,,,,,False,False,
refinement,rg_gamma60__conservative_c2_d1,train,538,rg_gamma60,gamma60,region_growing,conservative_c2_d1,2,1,both_tolerable,True,0.0,0.8095744354916121,0.4205106651255648,0.2529112783889854,0.4205106651255648,0.16759938673657937,13354,6372,13354,6982,0.15905964230800357,0.32386501578052923,0.61691776522285,0.5993709749887675,0.39658714899996994,0.05797079400144867,0.5994838580008945,,,,,,,False,False,
refinement,rg_gamma60__current_c3_d2,train,538,rg_gamma60,gamma60,region_growing,current_c3_d2,3,2,both_tolerable,True,0.0,0.8095744354916121,0.49996910719802284,0.2529112783889854,0.49996910719802284,0.24705782880903743,23841,6372,23841,17469,0.15905964230800357,0.49113862588006796,0.61691776522285,0.5091229394740153,0.39658714899996994,0.05797079400144867,1.7988177129991527,,,,,,,False,False,
refinement,rg_gamma60__raw,train,538,rg_gamma60,gamma60,region_growing,raw,0,0,both_tolerable,True,0.0,0.8095744354916121,0.2529112783889854,0.2529112783889854,0.2529112783889854,0.0,6372,6372,6372,0,0.15905964230800357,0.15905964230800357,0.61691776522285,0.61691776522285,0.39658714899996994,0.05797079400144867,0.23452195400022902,,,,,,,False,False,
refinement,rg_gamma65__closing_c3_d1,train,538,rg_gamma65,gamma65,region_growing,closing_c3_d1,3,1,both_tolerable,True,0.0,0.8095744354916121,0.4126289965600917,0.24198222251164003,0.4126289965600917,0.1706467740484517,12787,5999,12787,6788,0.15036011977017075,0.31306142267540665,0.619436572762127,0.6050676468288105,0.38951999100027024,0.05495762200007448,1.534961650002515,,,,,,,False,False,
refinement,rg_gamma65__conservative_c2_d1,train,538,rg_gamma65,gamma65,region_growing,conservative_c2_d1,2,1,both_tolerable,True,0.0,0.8095744354916121,0.41234356615680823,0.24198222251164003,0.41234356615680823,0.1703613436451682,12682,5999,12682,6683,0.15036011977017075,0.311968924496237,0.619436572762127,0.6079482731430373,0.38951999100027024,0.05495762200007448,0.5977254459976393,,,,,,,False,False,
refinement,rg_gamma65__current_c3_d2,train,538,rg_gamma65,gamma65,region_growing,current_c3_d2,3,2,both_tolerable,True,0.0,0.8095744354916121,0.503765266732761,0.24198222251164003,0.503765266732761,0.261783044221121,22693,5999,22693,16694,0.15036011977017075,0.4831674354616816,0.619436572762127,0.5261975058388049,0.38951999100027024,0.05495762200007448,1.7959895889980544,,,,,,,False,False,
refinement,rg_gamma65__raw,train,538,rg_gamma65,gamma65,region_growing,raw,0,0,both_tolerable,True,0.0,0.8095744354916121,0.24198222251164003,0.24198222251164003,0.24198222251164003,0.0,5999,5999,5999,0,0.15036011977017075,0.15036011977017075,0.619436572762127,0.619436572762127,0.38951999100027024,0.05495762200007448,0.23372707900125533,,,,,,,False,False,
refinement,rg_gamma70__closing_c3_d1,train,538,rg_gamma70,gamma70,region_growing,closing_c3_d1,3,1,both_tolerable,True,0.0,0.8095744354916121,0.30607881071174015,0.16110019646365423,0.30607881071174015,0.14497861424808592,4749,2263,4749,2486,0.08792587197539856,0.18244719592134012,0.9602297834732656,0.9494630448515476,0.3923115060024429,0.028322584999841638,1.5412517840013606,,,,,,,False,False,
refinement,rg_gamma70__conservative_c2_d1,train,538,rg_gamma70,gamma70,region_growing,conservative_c2_d1,2,1,both_tolerable,True,0.0,0.8095744354916121,0.30605803495672834,0.16110019646365423,0.30605803495672834,0.14495783849307411,4751,2263,4751,2488,0.08792587197539856,0.18244719592134012,0.9602297834732656,0.9490633550831404,0.3923115060024429,0.028322584999841638,0.5978631119978672,,,,,,,False,False,
refinement,rg_gamma70__current_c3_d2,train,538,rg_gamma70,gamma70,region_growing,current_c3_d2,3,2,both_tolerable,True,0.0,0.8095744354916121,0.4321132700707938,0.16110019646365423,0.4321132700707938,0.27101307360713955,8481,2263,8481,6218,0.08792587197539856,0.2901998867038925,0.9602297834732656,0.8456549935149157,0.3923115060024429,0.028322584999841638,1.7926097429990477,,,,,,,False,False,
refinement,rg_gamma70__raw,train,538,rg_gamma70,gamma70,region_growing,raw,0,0,both_tolerable,True,0.0,0.8095744354916121,0.16110019646365423,0.16110019646365423,0.16110019646365423,0.0,2263,2263,2263,0,0.08792587197539856,0.08792587197539856,0.9602297834732656,0.9602297834732656,0.3923115060024429,0.028322584999841638,0.23570919699704973,,,,,,,False,False,
refinement,fc_alpha_018__closing_c3_d1,train,550,fc_alpha_018,current,fuzzy_connectedness,closing_c3_d1,3,1,both_tolerable,True,0.0,1.6331862610496237,0.47964291673619225,0.28228549217763094,0.47964291673619225,0.1973574245585613,6528,3138,6528,3390,0.16653290529695025,0.32956890621417106,0.925748884639898,0.8806678921568627,0.4189825760004169,0.7616152750015317,1.53853687100127,3138.0,572778.0,500000.0,0.18,8.0,False,False,True,
refinement,fc_alpha_018__conservative_c2_d1,train,550,fc_alpha_018,current,fuzzy_connectedness,conservative_c2_d1,2,1,both_tolerable,True,0.0,1.6331862610496237,0.47973959854776116,0.28228549217763094,0.47973959854776116,0.19745410637013022,6519,3138,6519,3381,0.16653290529695025,0.329511579912864,0.925748884639898,0.8817303267372296,0.4189825760004169,0.7616152750015317,0.6319775539996044,3138.0,572778.0,500000.0,0.18,8.0,False,False,True,
refinement,fc_alpha_018__current_c3_d2,train,550,fc_alpha_018,current,fuzzy_connectedness,current_c3_d2,3,2,both_tolerable,True,0.0,1.6331862610496237,0.5415137693336535,0.28228549217763094,0.5415137693336535,0.25922827715602254,11715,3138,11715,8577,0.16653290529695025,0.4525911488190782,0.925748884639898,0.6739223218096457,0.4189825760004169,0.7616152750015317,1.7975198940002883,3138.0,572778.0,500000.0,0.18,8.0,False,False,True,
refinement,fc_alpha_018__raw,train,550,fc_alpha_018,current,fuzzy_connectedness,raw,0,0,both_tolerable,True,0.0,1.6331862610496237,0.28228549217763094,0.28228549217763094,0.28228549217763094,0.0,3138,3138,3138,0,0.16653290529695025,0.16653290529695025,0.925748884639898,0.925748884639898,0.4189825760004169,0.7616152750015317,0.23358359200210543,3138.0,572778.0,500000.0,0.18,8.0,False,False,True,
refinement,fc_current__closing_c3_d1,train,550,fc_current,current,fuzzy_connectedness,closing_c3_d1,3,1,both_tolerable,True,0.0,1.6331862610496237,0.4896869093598488,0.29620374819798173,0.4896869093598488,0.1934831611618671,6894,3366,6894,3528,0.17667966062829626,0.3416074294886494,0.9156268568033273,0.8643748186829127,0.4189825760004169,0.7820097180010634,1.5332170969995786,3366.0,572778.0,500000.0,0.16,8.0,False,False,True,
refinement,fc_current__conservative_c2_d1,train,550,fc_current,current,fuzzy_connectedness,conservative_c2_d1,2,1,both_tolerable,True,0.0,1.6331862610496237,0.4895392330140984,0.29620374819798173,0.4895392330140984,0.19333548481611668,6885,3366,6885,3519,0.17667966062829626,0.34137812428342124,0.9156268568033273,0.8649237472766884,0.4189825760004169,0.7820097180010634,0.5979585679997399,3366.0,572778.0,500000.0,0.16,8.0,False,False,True,
refinement,fc_current__current_c3_d2,train,550,fc_current,current,fuzzy_connectedness,current_c3_d2,3,2,both_tolerable,True,0.0,1.6331862610496237,0.5369584259820767,0.29620374819798173,0.5369584259820767,0.24075467778409493,12238,3366,12238,8872,0.17667966062829626,0.4568332951157991,0.9156268568033273,0.6511684915835921,0.4189825760004169,0.7820097180010634,1.7947997459996259,3366.0,572778.0,500000.0,0.16,8.0,False,False,True,
refinement,fc_current__raw,train,550,fc_current,current,fuzzy_connectedness,raw,0,0,both_tolerable,True,0.0,1.6331862610496237,0.29620374819798173,0.29620374819798173,0.29620374819798173,0.0,3366,3366,3366,0,0.17667966062829626,0.17667966062829626,0.9156268568033273,0.9156268568033273,0.4189825760004169,0.7820097180010634,0.2332871199978399,3366.0,572778.0,500000.0,0.16,8.0,False,False,True,
refinement,fc_floor_020__closing_c3_d1,train,550,fc_floor_020,current,fuzzy_connectedness,closing_c3_d1,3,1,both_tolerable,True,0.0,1.6331862610496237,0.4908509067038648,0.29763333493351257,0.4908509067038648,0.1932175717703522,6930,3387,6930,3543,0.17771153405182297,0.34292593441871133,0.9152642456451137,0.8632034632034632,0.4189825760004169,0.7982638030007365,1.5406824790006795,3387.0,534294.0,500000.0,0.16,8.0,False,False,True,
refinement,fc_floor_020__conservative_c2_d1,train,550,fc_floor_020,current,fuzzy_connectedness,conservative_c2_d1,2,1,both_tolerable,True,0.0,1.6331862610496237,0.4905582922824302,0.29763333493351257,0.4905582922824302,0.19292495734891763,6916,3387,6916,3529,0.17771153405182297,0.34252465030956203,0.9152642456451137,0.8639386928860613,0.4189825760004169,0.7982638030007365,0.6304527850006707,3387.0,534294.0,500000.0,0.16,8.0,False,False,True,
refinement,fc_floor_020__current_c3_d2,train,550,fc_floor_020,current,fuzzy_connectedness,current_c3_d2,3,2,both_tolerable,True,0.0,1.6331862610496237,0.536440991490936,0.29763333493351257,0.536440991490936,0.23880765655742348,12289,3387,12289,8902,0.17771153405182297,0.45717725292364136,0.9152642456451137,0.6489543494181789,0.4189825760004169,0.7982638030007365,1.797019994999573,3387.0,534294.0,500000.0,0.16,8.0,False,False,True,
refinement,fc_floor_020__raw,train,550,fc_floor_020,current,fuzzy_connectedness,raw,0,0,both_tolerable,True,0.0,1.6331862610496237,0.29763333493351257,0.29763333493351257,0.29763333493351257,0.0,3387,3387,3387,0,0.17771153405182297,0.17771153405182297,0.9152642456451137,0.9152642456451137,0.4189825760004169,0.7982638030007365,0.23327638000046136,3387.0,534294.0,500000.0,0.16,8.0,False,False,True,
refinement,fc_floor_022__closing_c3_d1,train,550,fc_floor_022,current,fuzzy_connectedness,closing_c3_d1,3,1,both_tolerable,True,0.0,1.6331862610496237,0.49100372966105166,0.29847452748728776,0.49100372966105166,0.1925292021737639,6955,3402,6955,3553,0.17834212336620042,0.34338454482916764,0.9144620811287478,0.8612508986340762,0.4189825760004169,0.7860895089979749,1.5335360889985168,3402.0,501564.0,500000.0,0.16,8.0,False,False,True,
refinement,fc_floor_022__conservative_c2_d1,train,550,fc_floor_022,current,fuzzy_connectedness,conservative_c2_d1,2,1,both_tolerable,True,0.0,1.6331862610496237,0.4907115029731392,0.29847452748728776,0.4907115029731392,0.19223697548585145,6941,3402,6941,3539,0.17834212336620042,0.34298326072001833,0.9144620811287478,0.8619795418527589,0.4189825760004169,0.7860895089979749,0.6012993730000744,3402.0,501564.0,500000.0,0.16,8.0,False,False,True,
refinement,fc_floor_022__current_c3_d2,train,550,fc_floor_022,current,fuzzy_connectedness,current_c3_d2,3,2,both_tolerable,True,0.0,1.6331862610496237,0.5358054547897353,0.29847452748728776,0.5358054547897353,0.23733092730244754,12328,3402,12328,8926,0.17834212336620042,0.4572345792249484,0.9144620811287478,0.6469824789097989,0.4189825760004169,0.7860895089979749,1.8073724640016735,3402.0,501564.0,500000.0,0.16,8.0,False,False,True,
refinement,fc_floor_022__raw,train,550,fc_floor_022,current,fuzzy_connectedness,raw,0,0,both_tolerable,True,0.0,1.6331862610496237,0.29847452748728776,0.29847452748728776,0.29847452748728776,0.0,3402,3402,3402,0,0.17834212336620042,0.17834212336620042,0.9144620811287478,0.9144620811287478,0.4189825760004169,0.7860895089979749,0.23329220899904612,3402.0,501564.0,500000.0,0.16,8.0,False,False,True,
refinement,fc_floor_022_alpha_018__closing_c3_d1,train,550,fc_floor_022_alpha_018,current,fuzzy_connectedness,closing_c3_d1,3,1,both_tolerable,True,0.0,1.6331862610496237,0.481388958281289,0.284480667539902,0.481388958281289,0.19690829074138705,6574,3169,6574,3405,0.16808071543224032,0.33140334785599634,0.9252130009466709,0.8793732887131123,0.4189825760004169,0.7727499370012083,1.5395083090006665,3169.0,501564.0,500000.0,0.18,8.0,False,False,True,
refinement,fc_floor_022_alpha_018__conservative_c2_d1,train,550,fc_floor_022_alpha_018,current,fuzzy_connectedness,conservative_c2_d1,2,1,both_tolerable,True,0.0,1.6331862610496237,0.48142285904698434,0.284480667539902,0.48142285904698434,0.19694219150708236,6564,3169,6564,3395,0.16808071543224032,0.3312886952533822,0.9252130009466709,0.8804082876294942,0.4189825760004169,0.7727499370012083,0.6003814989999228,3169.0,501564.0,500000.0,0.18,8.0,False,False,True,
refinement,fc_floor_022_alpha_018__current_c3_d2,train,550,fc_floor_022_alpha_018,current,fuzzy_connectedness,current_c3_d2,3,2,both_tolerable,True,0.0,1.6331862610496237,0.5409437771618246,0.284480667539902,0.5409437771618246,0.25646310962192265,11779,3169,11779,8610,0.16808071543224032,0.45310708553084156,0.9252130009466709,0.6710247049834451,0.4189825760004169,0.7727499370012083,1.7881897749975906,3169.0,501564.0,500000.0,0.18,8.0,False,False,True,
refinement,fc_floor_022_alpha_018__raw,train,550,fc_floor_022_alpha_018,current,fuzzy_connectedness,raw,0,0,both_tolerable,True,0.0,1.6331862610496237,0.284480667539902,0.284480667539902,0.284480667539902,0.0,3169,3169,3169,0,0.16808071543224032,0.16808071543224032,0.9252130009466709,0.9252130009466709,0.4189825760004169,0.7727499370012083,0.2339434550012811,3169.0,501564.0,500000.0,0.18,8.0,False,False,True,
refinement,fc_floor_024__closing_c3_d1,train,550,fc_floor_024,current,fuzzy_connectedness,closing_c3_d1,3,1,both_tolerable,True,0.0,1.6331862610496237,0.4914290389886675,0.2992956059226604,0.4914290389886675,0.1921334330660071,6999,3425,6999,3574,0.17903003898188488,0.34430176565008025,0.9118248175182482,0.8581225889412774,0.4189825760004169,0.7623304779990576,1.5385757369986095,3425.0,472811.0,472811.0,0.16,8.0,False,False,False,
refinement,fc_floor_024__conservative_c2_d1,train,550,fc_floor_024,current,fuzzy_connectedness,conservative_c2_d1,2,1,both_tolerable,True,0.0,1.6331862610496237,0.4910140418389487,0.2992956059226604,0.4910140418389487,0.1917184359162883,6983,3425,6983,3558,0.17903003898188488,0.3437858289383169,0.9118248175182482,0.8587999427180295,0.4189825760004169,0.7623304779990576,0.6042936660014675,3425.0,472811.0,472811.0,0.16,8.0,False,False,False,
refinement,fc_floor_024__current_c3_d2,train,550,fc_floor_024,current,fuzzy_connectedness,current_c3_d2,3,2,both_tolerable,True,0.0,1.6331862610496237,0.5348704715305472,0.2992956059226604,0.5348704715305472,0.23557486560788682,12395,3425,12395,8970,0.17903003898188488,0.45746388443017655,0.9118248175182482,0.6438079870915692,0.4189825760004169,0.7623304779990576,1.7857921050017467,3425.0,472811.0,472811.0,0.16,8.0,False,False,False,
refinement,fc_floor_024__raw,train,550,fc_floor_024,current,fuzzy_connectedness,raw,0,0,both_tolerable,True,0.0,1.6331862610496237,0.2992956059226604,0.2992956059226604,0.2992956059226604,0.0,3425,3425,3425,0,0.17903003898188488,0.17903003898188488,0.9118248175182482,0.9118248175182482,0.4189825760004169,0.7623304779990576,0.23337019600148778,3425.0,472811.0,472811.0,0.16,8.0,False,False,False,
refinement,rg_gamma55__closing_c3_d1,train,550,rg_gamma55,current,region_growing,closing_c3_d1,3,1,both_tolerable,True,0.0,1.6331862610496237,0.4561462919065357,0.25720053173157403,0.4561462919065357,0.19894576017496168,6180,2867,6180,3313,0.1497362990139876,0.30887411144232974,0.911056853854203,0.8718446601941747,0.4189825760004169,0.034357753000222147,1.5330266969976947,,,,,,,False,False,
refinement,rg_gamma55__conservative_c2_d1,train,550,rg_gamma55,current,region_growing,conservative_c2_d1,2,1,both_tolerable,True,0.0,1.6331862610496237,0.4557122887279197,0.25720053173157403,0.4557122887279197,0.19851175699634566,6163,2867,6163,3296,0.1497362990139876,0.30835817473056637,0.911056853854203,0.872789226026286,0.4189825760004169,0.034357753000222147,0.5978189230008866,,,,,,,False,False,
refinement,rg_gamma55__current_c3_d2,train,550,rg_gamma55,current,region_growing,current_c3_d2,3,2,both_tolerable,True,0.0,1.6331862610496237,0.5425920133458451,0.25720053173157403,0.5425920133458451,0.285391481614271,11329,2867,11329,8462,0.1497362990139876,0.44748910800275166,0.911056853854203,0.6890281578250508,0.4189825760004169,0.034357753000222147,1.7884889880006085,,,,,,,False,False,
refinement,rg_gamma55__raw,train,550,rg_gamma55,current,region_growing,raw,0,0,both_tolerable,True,0.0,1.6331862610496237,0.25720053173157403,0.25720053173157403,0.25720053173157403,0.0,2867,2867,2867,0,0.1497362990139876,0.1497362990139876,0.911056853854203,0.911056853854203,0.4189825760004169,0.034357753000222147,0.23498389599990332,,,,,,,False,False,
refinement,rg_gamma60__closing_c3_d1,train,550,rg_gamma60,gamma60,region_growing,closing_c3_d1,3,1,both_tolerable,True,0.0,1.6331862610496237,0.45006407518154634,0.24964089355589678,0.45006407518154634,0.20042318162564957,5966,2745,5966,3221,0.14446227929373998,0.301994955285485,0.9180327868852459,0.8830036875628562,0.4169190440006787,0.03287542399993981,1.5348442329996033,,,,,,,False,False,
refinement,rg_gamma60__conservative_c2_d1,train,550,rg_gamma60,gamma60,region_growing,conservative_c2_d1,2,1,both_tolerable,True,0.0,1.6331862610496237,0.44978203265236344,0.24964089355589678,0.44978203265236344,0.20014113909646666,5954,2745,5954,3209,0.14446227929373998,0.30165099747764273,0.9180327868852459,0.8837756130332549,0.4169190440006787,0.03287542399993981,0.5991944640009024,,,,,,,False,False,
refinement,rg_gamma60__current_c3_d2,train,550,rg_gamma60,gamma60,region_growing,current_c3_d2,3,2,both_tolerable,True,0.0,1.6331862610496237,0.544323374340949,0.24964089355589678,0.544323374340949,0.2946824807850522,11006,2745,11006,8261,0.14446227929373998,0.44387755102040816,0.9180327868852459,0.703525349809195,0.4169190440006787,0.03287542399993981,1.7969337680005992,,,,,,,False,False,
refinement,rg_gamma60__raw,train,550,rg_gamma60,gamma60,region_growing,raw,0,0,both_tolerable,True,0.0,1.6331862610496237,0.24964089355589678,0.24964089355589678,0.24964089355589678,0.0,2745,2745,2745,0,0.14446227929373998,0.14446227929373998,0.9180327868852459,0.9180327868852459,0.4169190440006787,0.03287542399993981,0.23400725299870828,,,,,,,False,False,
refinement,rg_gamma65__closing_c3_d1,train,550,rg_gamma65,gamma65,region_growing,closing_c3_d1,3,1,both_tolerable,True,0.0,1.6331862610496237,0.4453054371690559,0.24280163395436882,0.4453054371690559,0.20250380321468708,5785,2630,5785,3155,0.13970419628525568,0.2964916303600092,0.9266159695817491,0.8940363007778738,0.4112014479978825,0.03209132399933878,1.5401343580015237,,,,,,,False,False,
refinement,rg_gamma65__conservative_c2_d1,train,550,rg_gamma65,gamma65,region_growing,conservative_c2_d1,2,1,both_tolerable,True,0.0,1.6331862610496237,0.4449612403100775,0.24280163395436882,0.4449612403100775,0.20215960635570868,5776,2630,5776,3146,0.13970419628525568,0.29614767255216695,0.9266159695817491,0.8943905817174516,0.4112014479978825,0.03209132399933878,0.6161960289973649,,,,,,,False,False,
refinement,rg_gamma65__current_c3_d2,train,550,rg_gamma65,gamma65,region_growing,current_c3_d2,3,2,both_tolerable,True,0.0,1.6331862610496237,0.5461196945480377,0.24280163395436882,0.5461196945480377,0.30331806059366884,10711,2630,10711,8081,0.13970419628525568,0.44072460444852096,0.9266159695817491,0.7177667818130894,0.4112014479978825,0.03209132399933878,1.78358260800087,,,,,,,False,False,
refinement,rg_gamma65__raw,train,550,rg_gamma65,gamma65,region_growing,raw,0,0,both_tolerable,True,0.0,1.6331862610496237,0.24280163395436882,0.24280163395436882,0.24280163395436882,0.0,2630,2630,2630,0,0.13970419628525568,0.13970419628525568,0.9266159695817491,0.9266159695817491,0.4112014479978825,0.03209132399933878,0.23249130499971216,,,,,,,False,False,
refinement,rg_gamma70__closing_c3_d1,train,550,rg_gamma70,gamma70,region_growing,closing_c3_d1,3,1,both_tolerable,True,0.0,1.6331862610496237,0.4378497982558896,0.23519390720513078,0.4378497982558896,0.20265589105075882,5605,2514,5605,3091,0.13454482916762212,0.2892685163953222,0.9335719968178202,0.9002676181980375,0.405184815001121,0.03202499499820988,1.5337860159997945,,,,,,,False,False,
refinement,rg_gamma70__conservative_c2_d1,train,550,rg_gamma70,gamma70,region_growing,conservative_c2_d1,2,1,both_tolerable,True,0.0,1.6331862610496237,0.43782821926131676,0.23519390720513078,0.43782821926131676,0.20263431205618598,5597,2514,5597,3083,0.13454482916762212,0.2891538637927081,0.9335719968178202,0.901197069858853,0.405184815001121,0.03202499499820988,0.6001092260012229,,,,,,,False,False,
refinement,rg_gamma70__current_c3_d2,train,550,rg_gamma70,gamma70,region_growing,current_c3_d2,3,2,both_tolerable,True,0.0,1.6331862610496237,0.54649037944749,0.23519390720513078,0.54649037944749,0.31129647224235923,10465,2514,10465,7951,0.13454482916762212,0.4371703737674845,0.9335719968178202,0.7287147634973722,0.405184815001121,0.03202499499820988,1.7907590050017461,,,,,,,False,False,
refinement,rg_gamma70__raw,train,550,rg_gamma70,gamma70,region_growing,raw,0,0,both_tolerable,True,0.0,1.6331862610496237,0.23519390720513078,0.23519390720513078,0.23519390720513078,0.0,2514,2514,2514,0,0.13454482916762212,0.13454482916762212,0.9335719968178202,0.9335719968178202,0.405184815001121,0.03202499499820988,0.23258986300061224,,,,,,,False,False,
refinement,fc_alpha_018__closing_c3_d1,train,603,fc_alpha_018,current,fuzzy_connectedness,closing_c3_d1,3,1,both_tolerable,True,0.63671875,0.0,0.6421295406496252,0.4341535409256974,0.6421295406496252,0.20797599972392783,21069,10370,21069,10699,0.2897839217079552,0.5395497561448274,0.8651880424300867,0.7928710427642508,0.3019104829982098,2.321297897000477,1.1688353469980939,10370.0,631461.0,500000.0,0.18,8.0,False,False,True,
refinement,fc_alpha_018__conservative_c2_d1,train,603,fc_alpha_018,current,fuzzy_connectedness,conservative_c2_d1,2,1,both_tolerable,True,0.63671875,0.0,0.6425953786213016,0.4341535409256974,0.6425953786213016,0.20844183769560415,20885,10370,20885,10515,0.2897839217079552,0.5380317173217919,0.8651880424300867,0.7976059372755566,0.3019104829982098,2.321297897000477,0.47406392399716424,10370.0,631461.0,500000.0,0.18,8.0,False,False,True,
refinement,fc_alpha_018__current_c3_d2,train,603,fc_alpha_018,current,fuzzy_connectedness,current_c3_d2,3,2,both_tolerable,True,0.63671875,0.0,0.7124105717495418,0.4341535409256974,0.7124105717495418,0.2782570308238444,36691,10370,36691,26321,0.2897839217079552,0.7783340331384645,0.8651880424300867,0.6567823171895015,0.3019104829982098,2.321297897000477,1.4046592119993875,10370.0,631461.0,500000.0,0.18,8.0,False,False,True,
refinement,fc_alpha_018__raw,train,603,fc_alpha_018,current,fuzzy_connectedness,raw,0,0,both_tolerable,True,0.63671875,0.0,0.4341535409256974,0.4341535409256974,0.4341535409256974,0.0,10370,10370,10370,0,0.2897839217079552,0.2897839217079552,0.8651880424300867,0.8651880424300867,0.3019104829982098,2.321297897000477,0.17730353099977947,10370.0,631461.0,500000.0,0.18,8.0,False,False,True,
refinement,fc_current__closing_c3_d1,train,603,fc_current,current,fuzzy_connectedness,closing_c3_d1,3,1,both_tolerable,True,0.63671875,0.0,0.6320725679419167,0.44314650842230685,0.6320725679419167,0.18892605951960983,24270,11842,24270,12428,0.3063208552695326,0.5637737799166693,0.8008782300287114,0.719200659250103,0.3019104829982098,2.5067702370033658,1.1877801379996527,11842.0,631461.0,500000.0,0.16,8.0,False,False,True,
refinement,fc_current__conservative_c2_d1,train,603,fc_current,current,fuzzy_connectedness,conservative_c2_d1,2,1,both_tolerable,True,0.63671875,0.0,0.6333053599445397,0.44314650842230685,0.6333053599445397,0.19015885152223289,23853,11842,23853,12011,0.3063208552695326,0.5606085074771486,0.8008782300287114,0.7276652831928898,0.3019104829982098,2.5067702370033658,0.455386281999381,11842.0,631461.0,500000.0,0.16,8.0,False,False,True,
refinement,fc_current__current_c3_d2,train,603,fc_current,current,fuzzy_connectedness,current_c3_d2,3,2,both_tolerable,True,0.63671875,0.0,0.6776657752177193,0.44314650842230685,0.6776657752177193,0.23451926679541246,41954,11842,41954,30112,0.3063208552695326,0.7979716417428377,0.8008782300287114,0.588883062401678,0.3019104829982098,2.5067702370033658,1.3674577009987843,11842.0,631461.0,500000.0,0.16,8.0,False,False,True,
refinement,fc_current__raw,train,603,fc_current,current,fuzzy_connectedness,raw,0,0,both_tolerable,True,0.63671875,0.0,0.44314650842230685,0.44314650842230685,0.44314650842230685,0.0,11842,11842,11842,0,0.3063208552695326,0.3063208552695326,0.8008782300287114,0.8008782300287114,0.3019104829982098,2.5067702370033658,0.17873698100083857,11842.0,631461.0,500000.0,0.16,8.0,False,False,True,
refinement,fc_floor_020__closing_c3_d1,train,603,fc_floor_020,current,fuzzy_connectedness,closing_c3_d1,3,1,both_tolerable,True,0.63671875,0.0,0.6323720728534259,0.44425265907818623,0.6323720728534259,0.18811941377523966,24383,11911,24383,12472,0.30758050450566843,0.5651949226446175,0.7995130551590967,0.7176721486281425,0.3019104829982098,2.56023061200176,1.165463462999469,11911.0,582743.0,500000.0,0.16,8.0,False,False,True,
refinement,fc_floor_020__conservative_c2_d1,train,603,fc_floor_020,current,fuzzy_connectedness,conservative_c2_d1,2,1,both_tolerable,True,0.63671875,0.0,0.6336374064565466,0.44425265907818623,0.6336374064565466,0.18938474737836042,23960,11911,23960,12049,0.30758050450566843,0.5619973515067342,0.7995130551590967,0.7262103505843072,0.3019104829982098,2.56023061200176,0.4576137439980812,11911.0,582743.0,500000.0,0.16,8.0,False,False,True,
refinement,fc_floor_020__current_c3_d2,train,603,fc_floor_020,current,fuzzy_connectedness,current_c3_d2,3,2,both_tolerable,True,0.63671875,0.0,0.6767925561029009,0.44425265907818623,0.6767925561029009,0.23253989702471467,42119,11911,42119,30208,0.30758050450566843,0.7987468105035367,0.7995130551590967,0.5871459436358888,0.3019104829982098,2.56023061200176,1.3530052440000873,11911.0,582743.0,500000.0,0.16,8.0,False,False,True,
refinement,fc_floor_020__raw,train,603,fc_floor_020,current,fuzzy_connectedness,raw,0,0,both_tolerable,True,0.63671875,0.0,0.44425265907818623,0.44425265907818623,0.44425265907818623,0.0,11911,11911,11911,0,0.30758050450566843,0.30758050450566843,0.7995130551590967,0.7995130551590967,0.3019104829982098,2.56023061200176,0.18002079000143567,11911.0,582743.0,500000.0,0.16,8.0,False,False,True,
refinement,fc_floor_022__closing_c3_d1,train,603,fc_floor_022,current,fuzzy_connectedness,closing_c3_d1,3,1,both_tolerable,True,0.63671875,0.0,0.6326236535898268,0.44574780058651026,0.6326236535898268,0.1868758530033165,24557,12005,24557,12552,0.3092923355188786,0.5671974419430897,0.797667638483965,0.7151117807549782,0.3019104829982098,2.5330092269978195,1.183175198999379,12005.0,541360.0,500000.0,0.16,8.0,False,False,True,
refinement,fc_floor_022__conservative_c2_d1,train,603,fc_floor_022,current,fuzzy_connectedness,conservative_c2_d1,2,1,both_tolerable,True,0.63671875,0.0,0.6337550138846035,0.44574780058651026,0.6337550138846035,0.18800721329809328,24136,12005,24136,12131,0.3092923355188786,0.5639029747101192,0.797667638483965,0.7233592973152138,0.3019104829982098,2.5330092269978195,0.4574692390015116,12005.0,541360.0,500000.0,0.16,8.0,False,False,True,
refinement,fc_floor_022__current_c3_d2,train,603,fc_floor_022,current,fuzzy_connectedness,current_c3_d2,3,2,both_tolerable,True,0.63671875,0.0,0.6751192910702113,0.44574780058651026,0.6751192910702113,0.22937149048370103,42389,12005,42389,30384,0.3092923355188786,0.7997157714544104,0.797667638483965,0.5841138031092972,0.3019104829982098,2.5330092269978195,1.3791955380002037,12005.0,541360.0,500000.0,0.16,8.0,False,False,True,
refinement,fc_floor_022__raw,train,603,fc_floor_022,current,fuzzy_connectedness,raw,0,0,both_tolerable,True,0.63671875,0.0,0.44574780058651026,0.44574780058651026,0.44574780058651026,0.0,12005,12005,12005,0,0.3092923355188786,0.3092923355188786,0.797667638483965,0.797667638483965,0.3019104829982098,2.5330092269978195,0.17933308700230555,12005.0,541360.0,500000.0,0.16,8.0,False,False,True,
refinement,fc_floor_022_alpha_018__closing_c3_d1,train,603,fc_floor_022_alpha_018,current,fuzzy_connectedness,closing_c3_d1,3,1,both_tolerable,True,0.63671875,0.0,0.639665176448207,0.43521970225354145,0.639665176448207,0.20444547419466552,21604,10618,21604,10986,0.2922386227835018,0.5430057168696102,0.8521378790732718,0.7781892242177375,0.3019104829982098,2.3486097130007693,1.163377748001949,10618.0,541360.0,500000.0,0.18,8.0,False,False,True,
refinement,fc_floor_022_alpha_018__conservative_c2_d1,train,603,fc_floor_022_alpha_018,current,fuzzy_connectedness,conservative_c2_d1,2,1,both_tolerable,True,0.63671875,0.0,0.6404217523351098,0.43521970225354145,0.6404217523351098,0.20520205008156833,21392,10618,21392,10774,0.2922386227835018,0.5414553793482123,0.8521378790732718,0.7836574420344053,0.3019104829982098,2.3486097130007693,0.4568617990007624,10618.0,541360.0,500000.0,0.18,8.0,False,False,True,
refinement,fc_floor_022_alpha_018__current_c3_d2,train,603,fc_floor_022_alpha_018,current,fuzzy_connectedness,current_c3_d2,3,2,both_tolerable,True,0.63671875,0.0,0.7054173108900493,0.43521970225354145,0.7054173108900493,0.2701976086365079,37597,10618,37597,26979,0.2922386227835018,0.7810148251025484,0.8521378790732718,0.6431630183259303,0.3019104829982098,2.3486097130007693,1.362435145998461,10618.0,541360.0,500000.0,0.18,8.0,False,False,True,
refinement,fc_floor_022_alpha_018__raw,train,603,fc_floor_022_alpha_018,current,fuzzy_connectedness,raw,0,0,both_tolerable,True,0.63671875,0.0,0.43521970225354145,0.43521970225354145,0.43521970225354145,0.0,10618,10618,10618,0,0.2922386227835018,0.2922386227835018,0.8521378790732718,0.8521378790732718,0.3019104829982098,2.3486097130007693,0.17948444700232358,10618.0,541360.0,500000.0,0.18,8.0,False,False,True,
refinement,fc_floor_024__closing_c3_d1,train,603,fc_floor_024,current,fuzzy_connectedness,closing_c3_d1,3,1,both_tolerable,True,0.63671875,0.0,0.633203384654079,0.44719602285926685,0.633203384654079,0.18600736179481214,24702,12085,24702,12617,0.3108749717386389,0.5691999612415619,0.7964418700868846,0.7134240142498584,0.3019104829982098,2.5828820419992553,1.2043015350027417,12085.0,505739.0,500000.0,0.16,8.0,False,False,True,
refinement,fc_floor_024__conservative_c2_d1,train,603,fc_floor_024,current,fuzzy_connectedness,conservative_c2_d1,2,1,both_tolerable,True,0.63671875,0.0,0.6344130800847381,0.44719602285926685,0.6344130800847381,0.18721705722547122,24268,12085,24268,12183,0.3108749717386389,0.5658408966118665,0.7964418700868846,0.7218971485083238,0.3019104829982098,2.5828820419992553,0.46059177899951464,12085.0,505739.0,500000.0,0.16,8.0,False,False,True,
refinement,fc_floor_024__current_c3_d2,train,603,fc_floor_024,current,fuzzy_connectedness,current_c3_d2,3,2,both_tolerable,True,0.63671875,0.0,0.6743534658581024,0.44719602285926685,0.6743534658581024,0.22715744299883556,42585,12085,42585,30500,0.3108749717386389,0.8009431219921838,0.7964418700868846,0.5823177175061641,0.3019104829982098,2.5828820419992553,1.4021238460009045,12085.0,505739.0,500000.0,0.16,8.0,False,False,True,
refinement,fc_floor_024__raw,train,603,fc_floor_024,current,fuzzy_connectedness,raw,0,0,both_tolerable,True,0.63671875,0.0,0.44719602285926685,0.44719602285926685,0.44719602285926685,0.0,12085,12085,12085,0,0.3108749717386389,0.3108749717386389,0.7964418700868846,0.7964418700868846,0.3019104829982098,2.5828820419992553,0.17929381499925512,12085.0,505739.0,500000.0,0.16,8.0,False,False,True,
refinement,rg_gamma55__closing_c3_d1,train,603,rg_gamma55,current,region_growing,closing_c3_d1,3,1,both_tolerable,True,0.63671875,0.0,0.5927542077664919,0.39998088273950344,0.5927542077664919,0.19277332502698846,23581,10886,23581,12695,0.2703078065953942,0.5221084590291011,0.768785596178578,0.6855095203765743,0.3019104829982098,0.08724810200146749,1.1736020729986194,,,,,,,False,False,
refinement,rg_gamma55__conservative_c2_d1,train,603,rg_gamma55,current,region_growing,conservative_c2_d1,2,1,both_tolerable,True,0.63671875,0.0,0.593167701863354,0.39998088273950344,0.593167701863354,0.19318681912385055,23135,10886,23135,12249,0.2703078065953942,0.518200316527244,0.768785596178578,0.6934947049924357,0.3019104829982098,0.08724810200146749,0.4532334690011339,,,,,,,False,False,
refinement,rg_gamma55__current_c3_d2,train,603,rg_gamma55,current,region_growing,current_c3_d2,3,2,both_tolerable,True,0.63671875,0.0,0.6601540021373962,0.39998088273950344,0.6601540021373962,0.2601731193978927,42025,10886,42025,31139,0.2703078065953942,0.7781079422499273,0.768785596178578,0.573254015466984,0.3019104829982098,0.08724810200146749,1.371088490002876,,,,,,,False,False,
refinement,rg_gamma55__raw,train,603,rg_gamma55,current,region_growing,raw,0,0,both_tolerable,True,0.63671875,0.0,0.39998088273950344,0.39998088273950344,0.39998088273950344,0.0,10886,10886,10886,0,0.2703078065953942,0.2703078065953942,0.768785596178578,0.768785596178578,0.3019104829982098,0.08724810200146749,0.17859324500022922,,,,,,,False,False,
refinement,rg_gamma60__closing_c3_d1,train,603,rg_gamma60,gamma60,region_growing,closing_c3_d1,3,1,both_tolerable,True,0.63671875,0.0,0.591962121639141,0.39104463114953136,0.591962121639141,0.2009174904896096,22262,10221,22262,12041,0.26006911921449566,0.5088013953037692,0.7877898444379219,0.7076183631299973,0.2999279929972545,0.0822224939984153,1.1573892420019547,,,,,,,False,False,
refinement,rg_gamma60__conservative_c2_d1,train,603,rg_gamma60,gamma60,region_growing,conservative_c2_d1,2,1,both_tolerable,True,0.63671875,0.0,0.5922311736449941,0.39104463114953136,0.5922311736449941,0.20118654249546275,21917,10221,21917,11696,0.26006911921449566,0.505733018959336,0.7877898444379219,0.714422594333166,0.2999279929972545,0.0822224939984153,0.47871178800050984,,,,,,,False,False,
refinement,rg_gamma60__current_c3_d2,train,603,rg_gamma60,gamma60,region_growing,current_c3_d2,3,2,both_tolerable,True,0.63671875,0.0,0.6713941324912241,0.39104463114953136,0.6713941324912241,0.2803495013416928,39972,10221,39972,29751,0.26006911921449566,0.7690966054068021,0.7877898444379219,0.5957170019013309,0.2999279929972545,0.0822224939984153,1.35574915899997,,,,,,,False,False,
refinement,rg_gamma60__raw,train,603,rg_gamma60,gamma60,region_growing,raw,0,0,both_tolerable,True,0.63671875,0.0,0.39104463114953136,0.39104463114953136,0.39104463114953136,0.0,10221,10221,10221,0,0.26006911921449566,0.26006911921449566,0.7877898444379219,0.7877898444379219,0.2999279929972545,0.0822224939984153,0.178454271001101,,,,,,,False,False,
refinement,rg_gamma65__closing_c3_d1,train,603,rg_gamma65,gamma65,region_growing,closing_c3_d1,3,1,both_tolerable,True,0.63671875,0.0,0.5918888587902945,0.38151318719382454,0.5918888587902945,0.21037567159646997,20721,9457,20721,11264,0.2490229643745357,0.4940085914537644,0.8152691128264777,0.7381400511558323,0.293258503999823,0.07650396300232387,1.1689326599989727,,,,,,,False,False,
refinement,rg_gamma65__conservative_c2_d1,train,603,rg_gamma65,gamma65,region_growing,conservative_c2_d1,2,1,both_tolerable,True,0.63671875,0.0,0.5922190201729106,0.38151318719382454,0.5922190201729106,0.21070583297908607,20395,9457,20395,10938,0.2490229643745357,0.4911663059978683,0.8152691128264777,0.7456239274331944,0.293258503999823,0.07650396300232387,0.47608719100026065,,,,,,,False,False,
refinement,rg_gamma65__current_c3_d2,train,603,rg_gamma65,gamma65,region_growing,current_c3_d2,3,2,both_tolerable,True,0.63671875,0.0,0.6873344164873607,0.38151318719382454,0.6873344164873607,0.30582122929353617,37358,9457,37358,27901,0.2490229643745357,0.7583411388521043,0.8152691128264777,0.6284865356817817,0.293258503999823,0.07650396300232387,1.356448727001407,,,,,,,False,False,
refinement,rg_gamma65__raw,train,603,rg_gamma65,gamma65,region_growing,raw,0,0,both_tolerable,True,0.63671875,0.0,0.38151318719382454,0.38151318719382454,0.38151318719382454,0.0,9457,9457,9457,0,0.2490229643745357,0.2490229643745357,0.8152691128264777,0.8152691128264777,0.293258503999823,0.07650396300232387,0.177121688000625,,,,,,,False,False,
refinement,rg_gamma70__closing_c3_d1,train,603,rg_gamma70,gamma70,region_growing,closing_c3_d1,3,1,both_tolerable,True,0.63671875,0.0,0.583244502349086,0.36973146453376127,0.583244502349086,0.2135130378153247,19697,8922,19697,10775,0.23813830302638803,0.4771486709085624,0.8263842187850258,0.7500126922881657,0.29293133600003785,0.07098337999923388,1.1677942959977372,,,,,,,False,False,
refinement,rg_gamma70__conservative_c2_d1,train,603,rg_gamma70,gamma70,region_growing,conservative_c2_d1,2,1,both_tolerable,True,0.63671875,0.0,0.5828864259325468,0.36973146453376127,0.5828864259325468,0.21315496139878554,19385,8922,19385,10463,0.23813830302638803,0.47391880107231676,0.8263842187850258,0.7569254578282177,0.29293133600003785,0.07098337999923388,0.4524090199993225,,,,,,,False,False,
refinement,rg_gamma70__current_c3_d2,train,603,rg_gamma70,gamma70,region_growing,current_c3_d2,3,2,both_tolerable,True,0.63671875,0.0,0.6866598655784926,0.36973146453376127,0.6866598655784926,0.3169284010447313,35695,8922,35695,26773,0.23813830302638803,0.7391557120248055,0.8263842187850258,0.6411262081524023,0.29293133600003785,0.07098337999923388,1.3615562539998791,,,,,,,False,False,
refinement,rg_gamma70__raw,train,603,rg_gamma70,gamma70,region_growing,raw,0,0,both_tolerable,True,0.63671875,0.0,0.36973146453376127,0.36973146453376127,0.36973146453376127,0.0,8922,8922,8922,0,0.23813830302638803,0.23813830302638803,0.8263842187850258,0.8263842187850258,0.29293133600003785,0.07098337999923388,0.17743196199808153,,,,,,,False,False,
refinement,fc_alpha_018__closing_c3_d1,train,608,fc_alpha_018,current,fuzzy_connectedness,closing_c3_d1,3,1,found_but_wrong,False,16.718666946347447,32.327828584310495,0.0,0.0,0.0,0.0,43,8,43,35,0.0,0.0,0.0,0.0,0.31373294399963925,0.08397814500131062,1.1686945499968715,8.0,323812.0,323812.0,0.18,8.0,False,False,False,
refinement,fc_alpha_018__conservative_c2_d1,train,608,fc_alpha_018,current,fuzzy_connectedness,conservative_c2_d1,2,1,found_but_wrong,False,16.718666946347447,32.327828584310495,0.0,0.0,0.0,0.0,43,8,43,35,0.0,0.0,0.0,0.0,0.31373294399963925,0.08397814500131062,0.47015535600075964,8.0,323812.0,323812.0,0.18,8.0,False,False,False,
refinement,fc_alpha_018__current_c3_d2,train,608,fc_alpha_018,current,fuzzy_connectedness,current_c3_d2,3,2,found_but_wrong,False,16.718666946347447,32.327828584310495,0.0,0.0,0.0,0.0,154,8,154,146,0.0,0.0,0.0,0.0,0.31373294399963925,0.08397814500131062,1.3572147979975853,8.0,323812.0,323812.0,0.18,8.0,False,False,False,
refinement,fc_alpha_018__raw,train,608,fc_alpha_018,current,fuzzy_connectedness,raw,0,0,found_but_wrong,False,16.718666946347447,32.327828584310495,0.0,0.0,0.0,0.0,8,8,8,0,0.0,0.0,0.0,0.0,0.31373294399963925,0.08397814500131062,0.17547674600064056,8.0,323812.0,323812.0,0.18,8.0,False,False,False,
refinement,fc_current__closing_c3_d1,train,608,fc_current,current,fuzzy_connectedness,closing_c3_d1,3,1,found_but_wrong,False,16.718666946347447,32.327828584310495,0.0,0.0,0.0,0.0,43,8,43,35,0.0,0.0,0.0,0.0,0.31373294399963925,0.08528348499748972,1.149826179997035,8.0,323812.0,323812.0,0.16,8.0,False,False,False,
refinement,fc_current__conservative_c2_d1,train,608,fc_current,current,fuzzy_connectedness,conservative_c2_d1,2,1,found_but_wrong,False,16.718666946347447,32.327828584310495,0.0,0.0,0.0,0.0,43,8,43,35,0.0,0.0,0.0,0.0,0.31373294399963925,0.08528348499748972,0.4502153780013032,8.0,323812.0,323812.0,0.16,8.0,False,False,False,
refinement,fc_current__current_c3_d2,train,608,fc_current,current,fuzzy_connectedness,current_c3_d2,3,2,found_but_wrong,False,16.718666946347447,32.327828584310495,0.0,0.0,0.0,0.0,154,8,154,146,0.0,0.0,0.0,0.0,0.31373294399963925,0.08528348499748972,1.3895518270001048,8.0,323812.0,323812.0,0.16,8.0,False,False,False,
refinement,fc_current__raw,train,608,fc_current,current,fuzzy_connectedness,raw,0,0,found_but_wrong,False,16.718666946347447,32.327828584310495,0.0,0.0,0.0,0.0,8,8,8,0,0.0,0.0,0.0,0.0,0.31373294399963925,0.08528348499748972,0.17551363600068726,8.0,323812.0,323812.0,0.16,8.0,False,False,False,
refinement,fc_floor_020__closing_c3_d1,train,608,fc_floor_020,current,fuzzy_connectedness,closing_c3_d1,3,1,found_but_wrong,False,16.718666946347447,32.327828584310495,0.0,0.0,0.0,0.0,43,8,43,35,0.0,0.0,0.0,0.0,0.31373294399963925,0.08529096499842126,1.155475973002467,8.0,297153.0,297153.0,0.16,8.0,False,False,False,
refinement,fc_floor_020__conservative_c2_d1,train,608,fc_floor_020,current,fuzzy_connectedness,conservative_c2_d1,2,1,found_but_wrong,False,16.718666946347447,32.327828584310495,0.0,0.0,0.0,0.0,43,8,43,35,0.0,0.0,0.0,0.0,0.31373294399963925,0.08529096499842126,0.4715857359988149,8.0,297153.0,297153.0,0.16,8.0,False,False,False,
refinement,fc_floor_020__current_c3_d2,train,608,fc_floor_020,current,fuzzy_connectedness,current_c3_d2,3,2,found_but_wrong,False,16.718666946347447,32.327828584310495,0.0,0.0,0.0,0.0,154,8,154,146,0.0,0.0,0.0,0.0,0.31373294399963925,0.08529096499842126,1.3472887630014156,8.0,297153.0,297153.0,0.16,8.0,False,False,False,
refinement,fc_floor_020__raw,train,608,fc_floor_020,current,fuzzy_connectedness,raw,0,0,found_but_wrong,False,16.718666946347447,32.327828584310495,0.0,0.0,0.0,0.0,8,8,8,0,0.0,0.0,0.0,0.0,0.31373294399963925,0.08529096499842126,0.1762346850009635,8.0,297153.0,297153.0,0.16,8.0,False,False,False,
refinement,fc_floor_022__closing_c3_d1,train,608,fc_floor_022,current,fuzzy_connectedness,closing_c3_d1,3,1,found_but_wrong,False,16.718666946347447,32.327828584310495,0.0,0.0,0.0,0.0,43,8,43,35,0.0,0.0,0.0,0.0,0.31373294399963925,0.0866254749998916,1.1529065700015053,8.0,274651.0,274651.0,0.16,8.0,False,False,False,
refinement,fc_floor_022__conservative_c2_d1,train,608,fc_floor_022,current,fuzzy_connectedness,conservative_c2_d1,2,1,found_but_wrong,False,16.718666946347447,32.327828584310495,0.0,0.0,0.0,0.0,43,8,43,35,0.0,0.0,0.0,0.0,0.31373294399963925,0.0866254749998916,0.47060045000034734,8.0,274651.0,274651.0,0.16,8.0,False,False,False,
refinement,fc_floor_022__current_c3_d2,train,608,fc_floor_022,current,fuzzy_connectedness,current_c3_d2,3,2,found_but_wrong,False,16.718666946347447,32.327828584310495,0.0,0.0,0.0,0.0,154,8,154,146,0.0,0.0,0.0,0.0,0.31373294399963925,0.0866254749998916,1.3401569289999316,8.0,274651.0,274651.0,0.16,8.0,False,False,False,
refinement,fc_floor_022__raw,train,608,fc_floor_022,current,fuzzy_connectedness,raw,0,0,found_but_wrong,False,16.718666946347447,32.327828584310495,0.0,0.0,0.0,0.0,8,8,8,0,0.0,0.0,0.0,0.0,0.31373294399963925,0.0866254749998916,0.17579752199890208,8.0,274651.0,274651.0,0.16,8.0,False,False,False,
refinement,fc_floor_022_alpha_018__closing_c3_d1,train,608,fc_floor_022_alpha_018,current,fuzzy_connectedness,closing_c3_d1,3,1,found_but_wrong,False,16.718666946347447,32.327828584310495,0.0,0.0,0.0,0.0,43,8,43,35,0.0,0.0,0.0,0.0,0.31373294399963925,0.08376202699946589,1.1541446179980994,8.0,274651.0,274651.0,0.18,8.0,False,False,False,
refinement,fc_floor_022_alpha_018__conservative_c2_d1,train,608,fc_floor_022_alpha_018,current,fuzzy_connectedness,conservative_c2_d1,2,1,found_but_wrong,False,16.718666946347447,32.327828584310495,0.0,0.0,0.0,0.0,43,8,43,35,0.0,0.0,0.0,0.0,0.31373294399963925,0.08376202699946589,0.4487869880031212,8.0,274651.0,274651.0,0.18,8.0,False,False,False,
refinement,fc_floor_022_alpha_018__current_c3_d2,train,608,fc_floor_022_alpha_018,current,fuzzy_connectedness,current_c3_d2,3,2,found_but_wrong,False,16.718666946347447,32.327828584310495,0.0,0.0,0.0,0.0,154,8,154,146,0.0,0.0,0.0,0.0,0.31373294399963925,0.08376202699946589,1.353685210000549,8.0,274651.0,274651.0,0.18,8.0,False,False,False,
refinement,fc_floor_022_alpha_018__raw,train,608,fc_floor_022_alpha_018,current,fuzzy_connectedness,raw,0,0,found_but_wrong,False,16.718666946347447,32.327828584310495,0.0,0.0,0.0,0.0,8,8,8,0,0.0,0.0,0.0,0.0,0.31373294399963925,0.08376202699946589,0.17544775599890272,8.0,274651.0,274651.0,0.18,8.0,False,False,False,
refinement,fc_floor_024__closing_c3_d1,train,608,fc_floor_024,current,fuzzy_connectedness,closing_c3_d1,3,1,found_but_wrong,False,16.718666946347447,32.327828584310495,0.0,0.0,0.0,0.0,43,8,43,35,0.0,0.0,0.0,0.0,0.31373294399963925,0.08595636500103865,1.1610037070022372,8.0,255577.0,255577.0,0.16,8.0,False,False,False,
refinement,fc_floor_024__conservative_c2_d1,train,608,fc_floor_024,current,fuzzy_connectedness,conservative_c2_d1,2,1,found_but_wrong,False,16.718666946347447,32.327828584310495,0.0,0.0,0.0,0.0,43,8,43,35,0.0,0.0,0.0,0.0,0.31373294399963925,0.08595636500103865,0.4473643589990388,8.0,255577.0,255577.0,0.16,8.0,False,False,False,
refinement,fc_floor_024__current_c3_d2,train,608,fc_floor_024,current,fuzzy_connectedness,current_c3_d2,3,2,found_but_wrong,False,16.718666946347447,32.327828584310495,0.0,0.0,0.0,0.0,154,8,154,146,0.0,0.0,0.0,0.0,0.31373294399963925,0.08595636500103865,1.3380751389995567,8.0,255577.0,255577.0,0.16,8.0,False,False,False,
refinement,fc_floor_024__raw,train,608,fc_floor_024,current,fuzzy_connectedness,raw,0,0,found_but_wrong,False,16.718666946347447,32.327828584310495,0.0,0.0,0.0,0.0,8,8,8,0,0.0,0.0,0.0,0.0,0.31373294399963925,0.08595636500103865,0.17677098700005445,8.0,255577.0,255577.0,0.16,8.0,False,False,False,
refinement,rg_gamma55__closing_c3_d1,train,608,rg_gamma55,current,region_growing,closing_c3_d1,3,1,found_but_wrong,False,16.718666946347447,32.327828584310495,0.0,0.0,0.0,0.0,16,3,16,13,0.0,0.0,0.0,0.0,0.31373294399963925,0.010241195999697084,1.1678761889997986,,,,,,,False,False,
refinement,rg_gamma55__conservative_c2_d1,train,608,rg_gamma55,current,region_growing,conservative_c2_d1,2,1,found_but_wrong,False,16.718666946347447,32.327828584310495,0.0,0.0,0.0,0.0,16,3,16,13,0.0,0.0,0.0,0.0,0.31373294399963925,0.010241195999697084,0.45311746500010486,,,,,,,False,False,
refinement,rg_gamma55__current_c3_d2,train,608,rg_gamma55,current,region_growing,current_c3_d2,3,2,found_but_wrong,False,16.718666946347447,32.327828584310495,0.0,0.0,0.0,0.0,57,3,57,54,0.0,0.0,0.0,0.0,0.31373294399963925,0.010241195999697084,1.3481157030000759,,,,,,,False,False,
refinement,rg_gamma55__raw,train,608,rg_gamma55,current,region_growing,raw,0,0,found_but_wrong,False,16.718666946347447,32.327828584310495,0.0,0.0,0.0,0.0,3,3,3,0,0.0,0.0,0.0,0.0,0.31373294399963925,0.010241195999697084,0.17574979300115956,,,,,,,False,False,
refinement,rg_gamma60__closing_c3_d1,train,608,rg_gamma60,gamma60,region_growing,closing_c3_d1,3,1,found_but_wrong,False,16.718666946347447,32.327828584310495,0.0,0.0,0.0,0.0,12,2,12,10,0.0,0.0,0.0,0.0,0.31581806000031065,0.00978904300063732,1.1533711580013914,,,,,,,False,False,
refinement,rg_gamma60__conservative_c2_d1,train,608,rg_gamma60,gamma60,region_growing,conservative_c2_d1,2,1,found_but_wrong,False,16.718666946347447,32.327828584310495,0.0,0.0,0.0,0.0,12,2,12,10,0.0,0.0,0.0,0.0,0.31581806000031065,0.00978904300063732,0.4582256440007768,,,,,,,False,False,
refinement,rg_gamma60__current_c3_d2,train,608,rg_gamma60,gamma60,region_growing,current_c3_d2,3,2,found_but_wrong,False,16.718666946347447,32.327828584310495,0.0,0.0,0.0,0.0,46,2,46,44,0.0,0.0,0.0,0.0,0.31581806000031065,0.00978904300063732,1.3459615350002423,,,,,,,False,False,
refinement,rg_gamma60__raw,train,608,rg_gamma60,gamma60,region_growing,raw,0,0,found_but_wrong,False,16.718666946347447,32.327828584310495,0.0,0.0,0.0,0.0,2,2,2,0,0.0,0.0,0.0,0.0,0.31581806000031065,0.00978904300063732,0.1814596049989632,,,,,,,False,False,
refinement,rg_gamma65__closing_c3_d1,train,608,rg_gamma65,gamma65,region_growing,closing_c3_d1,3,1,found_but_wrong,False,16.718666946347447,32.327828584310495,0.0,0.0,0.0,0.0,12,2,12,10,0.0,0.0,0.0,0.0,0.3067489070017473,0.009894561000692192,1.166998942000646,,,,,,,False,False,
refinement,rg_gamma65__conservative_c2_d1,train,608,rg_gamma65,gamma65,region_growing,conservative_c2_d1,2,1,found_but_wrong,False,16.718666946347447,32.327828584310495,0.0,0.0,0.0,0.0,12,2,12,10,0.0,0.0,0.0,0.0,0.3067489070017473,0.009894561000692192,0.4480761570011964,,,,,,,False,False,
refinement,rg_gamma65__current_c3_d2,train,608,rg_gamma65,gamma65,region_growing,current_c3_d2,3,2,found_but_wrong,False,16.718666946347447,32.327828584310495,0.0,0.0,0.0,0.0,46,2,46,44,0.0,0.0,0.0,0.0,0.3067489070017473,0.009894561000692192,1.34822641899882,,,,,,,False,False,
refinement,rg_gamma65__raw,train,608,rg_gamma65,gamma65,region_growing,raw,0,0,found_but_wrong,False,16.718666946347447,32.327828584310495,0.0,0.0,0.0,0.0,2,2,2,0,0.0,0.0,0.0,0.0,0.3067489070017473,0.009894561000692192,0.17652470000030007,,,,,,,False,False,
refinement,rg_gamma70__closing_c3_d1,train,608,rg_gamma70,gamma70,region_growing,closing_c3_d1,3,1,found_but_wrong,False,16.718666946347447,32.327828584310495,0.0,0.0,0.0,0.0,0,0,0,0,0.0,0.0,0.0,0.0,0.309305178001523,0.009969860002456699,1.1734293129993603,,,,,,,False,False,
refinement,rg_gamma70__conservative_c2_d1,train,608,rg_gamma70,gamma70,region_growing,conservative_c2_d1,2,1,found_but_wrong,False,16.718666946347447,32.327828584310495,0.0,0.0,0.0,0.0,0,0,0,0,0.0,0.0,0.0,0.0,0.309305178001523,0.009969860002456699,0.47076168400235474,,,,,,,False,False,
refinement,rg_gamma70__current_c3_d2,train,608,rg_gamma70,gamma70,region_growing,current_c3_d2,3,2,found_but_wrong,False,16.718666946347447,32.327828584310495,0.0,0.0,0.0,0.0,0,0,0,0,0.0,0.0,0.0,0.0,0.309305178001523,0.009969860002456699,1.3458363839999947,,,,,,,False,False,
refinement,rg_gamma70__raw,train,608,rg_gamma70,gamma70,region_growing,raw,0,0,found_but_wrong,False,16.718666946347447,32.327828584310495,0.0,0.0,0.0,0.0,0,0,0,0,0.0,0.0,0.0,0.0,0.309305178001523,0.009969860002456699,0.17559519299902604,,,,,,,False,False,
refinement,fc_alpha_018__closing_c3_d1,train,631,fc_alpha_018,current,fuzzy_connectedness,closing_c3_d1,3,1,both_tolerable,True,0.0,1.113000238656758,0.6379259952066405,0.3928014222996263,0.6379259952066405,0.24512457290701423,12226,5573,12226,6653,0.24617973440058213,0.4963161724577042,0.9712901489323524,0.8926059218059872,0.41702789400005713,1.3203061869971862,1.5421524640005373,5573.0,371872.0,371872.0,0.18,8.0,False,False,False,
refinement,fc_alpha_018__conservative_c2_d1,train,631,fc_alpha_018,current,fuzzy_connectedness,conservative_c2_d1,2,1,both_tolerable,True,0.0,1.113000238656758,0.6377201708701504,0.3928014222996263,0.6377201708701504,0.24491874857052415,12190,5573,12190,6617,0.24617973440058213,0.49563398217209387,0.9712901489323524,0.8940114848236259,0.41702789400005713,1.3203061869971862,0.5994568509995588,5573.0,371872.0,371872.0,0.18,8.0,False,False,False,
refinement,fc_alpha_018__current_c3_d2,train,631,fc_alpha_018,current,fuzzy_connectedness,current_c3_d2,3,2,both_tolerable,True,0.0,1.113000238656758,0.6977989827609489,0.3928014222996263,0.6977989827609489,0.3049975604613226,22446,5573,22446,16873,0.24617973440058213,0.7050663998544661,0.9712901489323524,0.6906798538715139,0.41702789400005713,1.3203061869971862,1.7876405589995557,5573.0,371872.0,371872.0,0.18,8.0,False,False,False,
refinement,fc_alpha_018__raw,train,631,fc_alpha_018,current,fuzzy_connectedness,raw,0,0,both_tolerable,True,0.0,1.113000238656758,0.3928014222996263,0.3928014222996263,0.3928014222996263,0.0,5573,5573,5573,0,0.24617973440058213,0.24617973440058213,0.9712901489323524,0.9712901489323524,0.41702789400005713,1.3203061869971862,0.2328292860001966,5573.0,371872.0,371872.0,0.18,8.0,False,False,False,
refinement,fc_current__closing_c3_d1,train,631,fc_current,current,fuzzy_connectedness,closing_c3_d1,3,1,both_tolerable,True,0.0,1.113000238656758,0.6711910036736869,0.42838947070478345,0.6711910036736869,0.24280153296890344,13671,6276,13671,7395,0.2753319992723304,0.5442514098599236,0.9646271510516252,0.8753565942506034,0.41702789400005713,1.4022606010003074,1.544299597000645,6276.0,371872.0,371872.0,0.16,8.0,False,False,False,
refinement,fc_current__conservative_c2_d1,train,631,fc_current,current,fuzzy_connectedness,conservative_c2_d1,2,1,both_tolerable,True,0.0,1.113000238656758,0.6705225032989864,0.42838947070478345,0.6705225032989864,0.242133032594203,13629,6276,13629,7353,0.2753319992723304,0.543068946698199,0.9646271510516252,0.8761464524176389,0.41702789400005713,1.4022606010003074,0.5982267889994546,6276.0,371872.0,371872.0,0.16,8.0,False,False,False,
refinement,fc_current__current_c3_d2,train,631,fc_current,current,fuzzy_connectedness,current_c3_d2,3,2,both_tolerable,True,0.0,1.113000238656758,0.7088375660473837,0.42838947070478345,0.7088375660473837,0.28044809534260023,24948,6276,24948,18672,0.2753319992723304,0.7565490267418592,0.9646271510516252,0.6667869167869168,0.41702789400005713,1.4022606010003074,1.7922322999984317,6276.0,371872.0,371872.0,0.16,8.0,False,False,False,
refinement,fc_current__raw,train,631,fc_current,current,fuzzy_connectedness,raw,0,0,both_tolerable,True,0.0,1.113000238656758,0.42838947070478345,0.42838947070478345,0.42838947070478345,0.0,6276,6276,6276,0,0.2753319992723304,0.2753319992723304,0.9646271510516252,0.9646271510516252,0.41702789400005713,1.4022606010003074,0.23309418599819764,6276.0,371872.0,371872.0,0.16,8.0,False,False,False,
refinement,fc_floor_020__closing_c3_d1,train,631,fc_floor_020,current,fuzzy_connectedness,closing_c3_d1,3,1,both_tolerable,True,0.0,1.113000238656758,0.6721540959740187,0.4300703006323524,0.6721540959740187,0.24208379534166624,13730,6319,13730,7411,0.2768328179006731,0.5459341458977625,0.9632853299572717,0.8742898761835397,0.41702789400005713,1.3751460380008211,1.536817312000494,6319.0,335839.0,335839.0,0.16,8.0,False,False,False,
refinement,fc_floor_020__conservative_c2_d1,train,631,fc_floor_020,current,fuzzy_connectedness,conservative_c2_d1,2,1,both_tolerable,True,0.0,1.113000238656758,0.6715623073042211,0.4300703006323524,0.6715623073042211,0.24149200667186865,13690,6319,13690,7371,0.2768328179006731,0.5448426414407859,0.9632853299572717,0.87509130752374,0.41702789400005713,1.3751460380008211,0.5973354099987773,6319.0,335839.0,335839.0,0.16,8.0,False,False,False,
refinement,fc_floor_020__current_c3_d2,train,631,fc_floor_020,current,fuzzy_connectedness,current_c3_d2,3,2,both_tolerable,True,0.0,1.113000238656758,0.708419284180082,0.4300703006323524,0.708419284180082,0.27834898354772963,25035,6319,25035,18716,0.2768328179006731,0.7575040931417136,0.9632853299572717,0.6653085680047933,0.41702789400005713,1.3751460380008211,1.7889904909970937,6319.0,335839.0,335839.0,0.16,8.0,False,False,False,
refinement,fc_floor_020__raw,train,631,fc_floor_020,current,fuzzy_connectedness,raw,0,0,both_tolerable,True,0.0,1.113000238656758,0.4300703006323524,0.4300703006323524,0.4300703006323524,0.0,6319,6319,6319,0,0.2768328179006731,0.2768328179006731,0.9632853299572717,0.9632853299572717,0.41702789400005713,1.3751460380008211,0.233743045002484,6319.0,335839.0,335839.0,0.16,8.0,False,False,False,
refinement,fc_floor_022__closing_c3_d1,train,631,fc_floor_022,current,fuzzy_connectedness,closing_c3_d1,3,1,both_tolerable,True,0.0,1.113000238656758,0.6733171263307905,0.43202821869488534,0.6733171263307905,0.24128890763590521,13799,6362,13799,7437,0.2785155539385119,0.5479352374022194,0.9625903803835272,0.8731067468657149,0.41702789400005713,1.3740270089983824,1.537925558997813,6362.0,306511.0,306511.0,0.16,8.0,False,False,False,
refinement,fc_floor_022__conservative_c2_d1,train,631,fc_floor_022,current,fuzzy_connectedness,conservative_c2_d1,2,1,both_tolerable,True,0.0,1.113000238656758,0.6728020364205992,0.43202821869488534,0.6728020364205992,0.24077381772571388,13761,6362,13761,7399,0.2785155539385119,0.5469346916499909,0.9625903803835272,0.8739190465809171,0.41702789400005713,1.3740270089983824,0.5976619020002545,6362.0,306511.0,306511.0,0.16,8.0,False,False,False,
refinement,fc_floor_022__current_c3_d2,train,631,fc_floor_022,current,fuzzy_connectedness,current_c3_d2,3,2,both_tolerable,True,0.0,1.113000238656758,0.708029197080292,0.43202821869488534,0.708029197080292,0.27600097838540666,25140,6362,25140,18778,0.2785155539385119,0.7587775150081862,0.9625903803835272,0.6636435958631662,0.41702789400005713,1.3740270089983824,1.7914237470031367,6362.0,306511.0,306511.0,0.16,8.0,False,False,False,
refinement,fc_floor_022__raw,train,631,fc_floor_022,current,fuzzy_connectedness,raw,0,0,both_tolerable,True,0.0,1.113000238656758,0.43202821869488534,0.43202821869488534,0.43202821869488534,0.0,6362,6362,6362,0,0.2785155539385119,0.2785155539385119,0.9625903803835272,0.9625903803835272,0.41702789400005713,1.3740270089983824,0.23310793400014518,6362.0,306511.0,306511.0,0.16,8.0,False,False,False,
refinement,fc_floor_022_alpha_018__closing_c3_d1,train,631,fc_floor_022_alpha_018,current,fuzzy_connectedness,closing_c3_d1,3,1,both_tolerable,True,0.0,1.113000238656758,0.6594319092887413,0.40830400114934273,0.6594319092887413,0.25112790813939856,12936,5854,12936,7082,0.25850463889394215,0.5236947425868655,0.970960027331739,0.8901515151515151,0.41702789400005713,1.3278199589985888,1.5459881399983715,5854.0,306511.0,306511.0,0.18,8.0,False,False,False,
refinement,fc_floor_022_alpha_018__conservative_c2_d1,train,631,fc_floor_022_alpha_018,current,fuzzy_connectedness,conservative_c2_d1,2,1,both_tolerable,True,0.0,1.113000238656758,0.6593097913322632,0.40830400114934273,0.6593097913322632,0.25100579018292046,12900,5854,12900,7046,0.25850463889394215,0.5230580316536293,0.970960027331739,0.8915503875968992,0.41702789400005713,1.3278199589985888,0.5995648170028289,5854.0,306511.0,306511.0,0.18,8.0,False,False,False,
refinement,fc_floor_022_alpha_018__current_c3_d2,train,631,fc_floor_022_alpha_018,current,fuzzy_connectedness,current_c3_d2,3,2,both_tolerable,True,0.0,1.113000238656758,0.7127694353028354,0.40830400114934273,0.7127694353028354,0.3044654341534927,23895,5854,23895,18041,0.25850463889394215,0.7436783700200109,0.970960027331739,0.6843272651182256,0.41702789400005713,1.3278199589985888,1.7979696679976769,5854.0,306511.0,306511.0,0.18,8.0,False,False,False,
refinement,fc_floor_022_alpha_018__raw,train,631,fc_floor_022_alpha_018,current,fuzzy_connectedness,raw,0,0,both_tolerable,True,0.0,1.113000238656758,0.40830400114934273,0.40830400114934273,0.40830400114934273,0.0,5854,5854,5854,0,0.25850463889394215,0.25850463889394215,0.970960027331739,0.970960027331739,0.41702789400005713,1.3278199589985888,0.2325452290024259,5854.0,306511.0,306511.0,0.18,8.0,False,False,False,
refinement,fc_floor_024__closing_c3_d1,train,631,fc_floor_024,current,fuzzy_connectedness,closing_c3_d1,3,1,both_tolerable,True,0.0,1.113000238656758,0.6746746188790725,0.4344856720411181,0.6746746188790725,0.24018894683795444,13893,6418,13893,7475,0.28065308350009094,0.5504820811351646,0.9615144904954814,0.8712301158856979,0.41702789400005713,1.3600881499987736,1.5331259340018732,6418.0,282249.0,282249.0,0.16,8.0,False,False,False,
refinement,fc_floor_024__conservative_c2_d1,train,631,fc_floor_024,current,fuzzy_connectedness,conservative_c2_d1,2,1,both_tolerable,True,0.0,1.113000238656758,0.6741798705646062,0.4344856720411181,0.6741798705646062,0.23969419852348806,13860,6418,13860,7442,0.28065308350009094,0.5495724940876842,0.9615144904954814,0.8718614718614719,0.41702789400005713,1.3600881499987736,0.5980085949995555,6418.0,282249.0,282249.0,0.16,8.0,False,False,False,
refinement,fc_floor_024__current_c3_d2,train,631,fc_floor_024,current,fuzzy_connectedness,current_c3_d2,3,2,both_tolerable,True,0.0,1.113000238656758,0.7075425790754258,0.4344856720411181,0.7075425790754258,0.27305690703430774,25277,6418,25277,18859,0.28065308350009094,0.7604602510460251,0.9615144904954814,0.6615104640582348,0.41702789400005713,1.3600881499987736,1.7897965640004259,6418.0,282249.0,282249.0,0.16,8.0,False,False,False,
refinement,fc_floor_024__raw,train,631,fc_floor_024,current,fuzzy_connectedness,raw,0,0,both_tolerable,True,0.0,1.113000238656758,0.4344856720411181,0.4344856720411181,0.4344856720411181,0.0,6418,6418,6418,0,0.28065308350009094,0.28065308350009094,0.9615144904954814,0.9615144904954814,0.41702789400005713,1.3600881499987736,0.23450701199908508,6418.0,282249.0,282249.0,0.16,8.0,False,False,False,
refinement,rg_gamma55__closing_c3_d1,train,631,rg_gamma55,current,region_growing,closing_c3_d1,3,1,both_tolerable,True,0.0,1.113000238656758,0.6533207320216513,0.3878343556055602,0.6533207320216513,0.26548637641609113,12929,5565,12929,7364,0.24299617973440057,0.5187374931780971,0.9601078167115903,0.8822027999071854,0.41702789400005713,0.05339827699935995,1.5628059989976464,,,,,,,False,False,
refinement,rg_gamma55__conservative_c2_d1,train,631,rg_gamma55,current,region_growing,conservative_c2_d1,2,1,both_tolerable,True,0.0,1.113000238656758,0.6520466157643952,0.3878343556055602,0.6520466157643952,0.264212260158835,12850,5565,12850,7285,0.24299617973440057,0.5165544842641441,0.9601078167115903,0.8838910505836576,0.41702789400005713,0.05339827699935995,0.6118629789998522,,,,,,,False,False,
refinement,rg_gamma55__current_c3_d2,train,631,rg_gamma55,current,region_growing,current_c3_d2,3,2,both_tolerable,True,0.0,1.113000238656758,0.7281377825618945,0.3878343556055602,0.7281377825618945,0.34030342695633437,24462,5565,24462,18897,0.24299617973440057,0.7691013279970893,0.9601078167115903,0.6913171449595291,0.41702789400005713,0.05339827699935995,1.8014703299995745,,,,,,,False,False,
refinement,rg_gamma55__raw,train,631,rg_gamma55,current,region_growing,raw,0,0,both_tolerable,True,0.0,1.113000238656758,0.3878343556055602,0.3878343556055602,0.3878343556055602,0.0,5565,5565,5565,0,0.24299617973440057,0.24299617973440057,0.9601078167115903,0.9601078167115903,0.41702789400005713,0.05339827699935995,0.235526939999545,,,,,,,False,False,
refinement,rg_gamma60__closing_c3_d1,train,631,rg_gamma60,gamma60,region_growing,closing_c3_d1,3,1,both_tolerable,True,0.0,1.113000238656758,0.6337139334879216,0.3672116659301812,0.6337139334879216,0.2665022675577404,12081,5168,12081,6913,0.22676005093687465,0.4909496088775696,0.9647832817337462,0.8935518582898767,0.4177393320023839,0.05082258299808018,1.5343496889981907,,,,,,,False,False,
refinement,rg_gamma60__conservative_c2_d1,train,631,rg_gamma60,gamma60,region_growing,conservative_c2_d1,2,1,both_tolerable,True,0.0,1.113000238656758,0.6329463629684056,0.3672116659301812,0.6329463629684056,0.2657346970382244,12037,5168,12037,6869,0.22676005093687465,0.489721666363471,0.9647832817337462,0.8945750602309546,0.4177393320023839,0.05082258299808018,0.6015280059982615,,,,,,,False,False,
refinement,rg_gamma60__current_c3_d2,train,631,rg_gamma60,gamma60,region_growing,current_c3_d2,3,2,both_tolerable,True,0.0,1.113000238656758,0.7231970111415038,0.3672116659301812,0.7231970111415038,0.35598534521132263,22979,5168,22979,17811,0.22676005093687465,0.7394942696016009,0.9647832817337462,0.7076025936724836,0.4177393320023839,0.05082258299808018,1.806386816999293,,,,,,,False,False,
refinement,rg_gamma60__raw,train,631,rg_gamma60,gamma60,region_growing,raw,0,0,both_tolerable,True,0.0,1.113000238656758,0.3672116659301812,0.3672116659301812,0.3672116659301812,0.0,5168,5168,5168,0,0.22676005093687465,0.22676005093687465,0.9647832817337462,0.9647832817337462,0.4177393320023839,0.05082258299808018,0.2330015520019515,,,,,,,False,False,
refinement,rg_gamma65__closing_c3_d1,train,631,rg_gamma65,gamma65,region_growing,closing_c3_d1,3,1,both_tolerable,True,0.0,1.113000238656758,0.6229605989202732,0.3536721482253144,0.6229605989202732,0.2692884506949588,11539,4890,11539,6649,0.21616336183372747,0.4749408768419138,0.9719836400817996,0.9050177658375942,0.4071960270011914,0.04844128900003852,1.5308039960000315,,,,,,,False,False,
refinement,rg_gamma65__conservative_c2_d1,train,631,rg_gamma65,gamma65,region_growing,conservative_c2_d1,2,1,both_tolerable,True,0.0,1.113000238656758,0.6221558674231114,0.3536721482253144,0.6221558674231114,0.26848371919779696,11502,4890,11502,6612,0.21616336183372747,0.4738038930325632,0.9719836400817996,0.9057555207789949,0.4071960270011914,0.04844128900003852,0.5978701680032827,,,,,,,False,False,
refinement,rg_gamma65__current_c3_d2,train,631,rg_gamma65,gamma65,region_growing,current_c3_d2,3,2,both_tolerable,True,0.0,1.113000238656758,0.7227257240204429,0.3536721482253144,0.7227257240204429,0.3690535757951285,22037,4890,22037,17147,0.21616336183372747,0.7235310169183191,0.9719836400817996,0.7219222217180197,0.4071960270011914,0.04844128900003852,1.786523976999888,,,,,,,False,False,
refinement,rg_gamma65__raw,train,631,rg_gamma65,gamma65,region_growing,raw,0,0,both_tolerable,True,0.0,1.113000238656758,0.3536721482253144,0.3536721482253144,0.3536721482253144,0.0,4890,4890,4890,0,0.21616336183372747,0.21616336183372747,0.9719836400817996,0.9719836400817996,0.4071960270011914,0.04844128900003852,0.23294483200152172,,,,,,,False,False,
refinement,rg_gamma70__closing_c3_d1,train,631,rg_gamma70,gamma70,region_growing,closing_c3_d1,3,1,both_tolerable,True,0.0,1.113000238656758,0.6147439572708893,0.342848568963577,0.6147439572708893,0.27189538830731225,11151,4671,11151,6480,0.20784064034928143,0.4632526832817901,0.9783772211517876,0.9134606761725406,0.41005399400091846,0.047008559999085264,1.5440160739999556,,,,,,,False,False,
refinement,rg_gamma70__conservative_c2_d1,train,631,rg_gamma70,gamma70,region_growing,conservative_c2_d1,2,1,both_tolerable,True,0.0,1.113000238656758,0.614069532123116,0.342848568963577,0.614069532123116,0.271220963159539,11119,4671,11119,6448,0.20784064034928143,0.4622976168819356,0.9783772211517876,0.9142009173486825,0.41005399400091846,0.047008559999085264,0.5985116769988963,,,,,,,False,False,
refinement,rg_gamma70__current_c3_d2,train,631,rg_gamma70,gamma70,region_growing,current_c3_d2,3,2,both_tolerable,True,0.0,1.113000238656758,0.7235815398780067,0.342848568963577,0.7235815398780067,0.38073297091442965,21457,4671,21457,16786,0.20784064034928143,0.7148444606148808,0.9783772211517876,0.7325348371160927,0.41005399400091846,0.047008559999085264,1.783746410997992,,,,,,,False,False,
refinement,rg_gamma70__raw,train,631,rg_gamma70,gamma70,region_growing,raw,0,0,both_tolerable,True,0.0,1.113000238656758,0.342848568963577,0.342848568963577,0.342848568963577,0.0,4671,4671,4671,0,0.20784064034928143,0.20784064034928143,0.9783772211517876,0.9783772211517876,0.41005399400091846,0.047008559999085264,0.23519411699817283,,,,,,,False,False,
refinement,fc_alpha_018__closing_c3_d1,train,676,fc_alpha_018,current,fuzzy_connectedness,closing_c3_d1,3,1,both_tolerable,True,1.1576348337032387,0.8916609243998318,0.3352941176470588,0.19022020055825495,0.3352941176470588,0.14507391708880385,4141,2067,4141,2074,0.10648764396087737,0.20782452688234274,0.8901790033865505,0.867181840135233,0.40021329400042305,0.5977502620007726,1.5557794790001935,2067.0,602572.0,500000.0,0.18,8.0,False,False,True,
refinement,fc_alpha_018__conservative_c2_d1,train,676,fc_alpha_018,current,fuzzy_connectedness,conservative_c2_d1,2,1,both_tolerable,True,1.1576348337032387,0.8916609243998318,0.33484374270098566,0.19022020055825495,0.33484374270098566,0.1446235421427307,4128,2067,4128,2061,0.10648764396087737,0.20741941084553503,0.8901790033865505,0.8682170542635659,0.40021329400042305,0.5977502620007726,0.636138273999677,2067.0,602572.0,500000.0,0.18,8.0,False,False,True,
refinement,fc_alpha_018__current_c3_d2,train,676,fc_alpha_018,current,fuzzy_connectedness,current_c3_d2,3,2,both_tolerable,True,1.1576348337032387,0.8916609243998318,0.43724729426179293,0.19022020055825495,0.43724729426179293,0.24702709370353798,7206,2067,7206,5139,0.10648764396087737,0.3097980207187916,0.8901790033865505,0.7428531779072994,0.40021329400042305,0.5977502620007726,1.813273558000219,2067.0,602572.0,500000.0,0.18,8.0,False,False,True,
refinement,fc_alpha_018__raw,train,676,fc_alpha_018,current,fuzzy_connectedness,raw,0,0,both_tolerable,True,1.1576348337032387,0.8916609243998318,0.19022020055825495,0.19022020055825495,0.19022020055825495,0.0,2067,2067,2067,0,0.10648764396087737,0.10648764396087737,0.8901790033865505,0.8901790033865505,0.40021329400042305,0.5977502620007726,0.2395112810008868,2067.0,602572.0,500000.0,0.18,8.0,False,False,True,
refinement,fc_current__closing_c3_d1,train,676,fc_current,current,fuzzy_connectedness,closing_c3_d1,3,1,both_tolerable,True,1.1576348337032387,0.8916609243998318,0.40640099295181525,0.23717240686815946,0.40640099295181525,0.1692285860836558,5280,2639,5280,2641,0.13669772556282192,0.26529313038949015,0.8950359984842744,0.8681818181818182,0.40021329400042305,0.6864516979985638,1.5598424359995988,2639.0,602572.0,500000.0,0.16,8.0,False,False,True,
refinement,fc_current__conservative_c2_d1,train,676,fc_current,current,fuzzy_connectedness,conservative_c2_d1,2,1,both_tolerable,True,1.1576348337032387,0.8916609243998318,0.4063843937042784,0.23717240686815946,0.4063843937042784,0.16921198683611896,5276,2639,5276,2637,0.13669772556282192,0.2652352566699462,0.8950359984842744,0.8686504927975739,0.40021329400042305,0.6864516979985638,0.6072529209995992,2639.0,602572.0,500000.0,0.16,8.0,False,False,True,
refinement,fc_current__current_c3_d2,train,676,fc_current,current,fuzzy_connectedness,current_c3_d2,3,2,both_tolerable,True,1.1576348337032387,0.8916609243998318,0.5024344215889791,0.23717240686815946,0.5024344215889791,0.26526201472081967,9216,2639,9216,6577,0.13669772556282192,0.38520747728456506,0.8950359984842744,0.7222222222222222,0.40021329400042305,0.6864516979985638,1.843366414999764,2639.0,602572.0,500000.0,0.16,8.0,False,False,True,
refinement,fc_current__raw,train,676,fc_current,current,fuzzy_connectedness,raw,0,0,both_tolerable,True,1.1576348337032387,0.8916609243998318,0.23717240686815946,0.23717240686815946,0.23717240686815946,0.0,2639,2639,2639,0,0.13669772556282192,0.13669772556282192,0.8950359984842744,0.8950359984842744,0.40021329400042305,0.6864516979985638,0.2397448979972978,2639.0,602572.0,500000.0,0.16,8.0,False,False,True,
refinement,fc_floor_020__closing_c3_d1,train,676,fc_floor_020,current,fuzzy_connectedness,closing_c3_d1,3,1,both_tolerable,True,1.1576348337032387,0.8916609243998318,0.40735163861824625,0.2381740657135691,0.40735163861824625,0.16917757290467714,5301,2656,5301,2645,0.13739221019734937,0.2661612361826495,0.8938253012048193,0.8675721561969439,0.40021329400042305,0.6923084079971886,1.5504564530019707,2656.0,565082.0,500000.0,0.16,8.0,False,False,True,
refinement,fc_floor_020__conservative_c2_d1,train,676,fc_floor_020,current,fuzzy_connectedness,conservative_c2_d1,2,1,both_tolerable,True,1.1576348337032387,0.8916609243998318,0.4073007575421964,0.2381740657135691,0.4073007575421964,0.1691266918286273,5294,2656,5294,2638,0.13739221019734937,0.26604548874356154,0.8938253012048193,0.8683415187004155,0.40021329400042305,0.6923084079971886,0.6063629370000854,2656.0,565082.0,500000.0,0.16,8.0,False,False,True,
refinement,fc_floor_020__current_c3_d2,train,676,fc_floor_020,current,fuzzy_connectedness,current_c3_d2,3,2,both_tolerable,True,1.1576348337032387,0.8916609243998318,0.5023378582202112,0.2381740657135691,0.5023378582202112,0.264163792506642,9241,2656,9241,6585,0.13739221019734937,0.38549684588228483,0.8938253012048193,0.7208094362082026,0.40021329400042305,0.6923084079971886,1.8203934019984445,2656.0,565082.0,500000.0,0.16,8.0,False,False,True,
refinement,fc_floor_020__raw,train,676,fc_floor_020,current,fuzzy_connectedness,raw,0,0,both_tolerable,True,1.1576348337032387,0.8916609243998318,0.2381740657135691,0.2381740657135691,0.2381740657135691,0.0,2656,2656,2656,0,0.13739221019734937,0.13739221019734937,0.8938253012048193,0.8938253012048193,0.40021329400042305,0.6923084079971886,0.23781053200218594,2656.0,565082.0,500000.0,0.16,8.0,False,False,True,
refinement,fc_floor_022__closing_c3_d1,train,676,fc_floor_022,current,fuzzy_connectedness,closing_c3_d1,3,1,both_tolerable,True,1.1576348337032387,0.8916609243998318,0.40889596321351196,0.23975553551748321,0.40889596321351196,0.16914042769602874,5338,2683,5338,2655,0.13849181086868453,0.26760807917124835,0.8919120387625792,0.8662420382165605,0.40021329400042305,0.694526349001535,1.5501356019995,2683.0,533349.0,500000.0,0.16,8.0,False,False,True,
refinement,fc_floor_022__conservative_c2_d1,train,676,fc_floor_022,current,fuzzy_connectedness,conservative_c2_d1,2,1,both_tolerable,True,1.1576348337032387,0.8916609243998318,0.40916327613656467,0.23975553551748321,0.40916327613656467,0.16940774061908145,5333,2683,5333,2650,0.13849181086868453,0.2677238266103362,0.8919120387625792,0.8674292143258954,0.40021329400042305,0.694526349001535,0.6032702450029319,2683.0,533349.0,500000.0,0.16,8.0,False,False,True,
refinement,fc_floor_022__current_c3_d2,train,676,fc_floor_022,current,fuzzy_connectedness,current_c3_d2,3,2,both_tolerable,True,1.1576348337032387,0.8916609243998318,0.5028795121767606,0.23975553551748321,0.5028795121767606,0.26312397665927745,9288,2683,9288,6605,0.13849181086868453,0.38659644655362,0.8919120387625792,0.719207579672696,0.40021329400042305,0.694526349001535,1.8133371730000363,2683.0,533349.0,500000.0,0.16,8.0,False,False,True,
refinement,fc_floor_022__raw,train,676,fc_floor_022,current,fuzzy_connectedness,raw,0,0,both_tolerable,True,1.1576348337032387,0.8916609243998318,0.23975553551748321,0.23975553551748321,0.23975553551748321,0.0,2683,2683,2683,0,0.13849181086868453,0.13849181086868453,0.8919120387625792,0.8919120387625792,0.40021329400042305,0.694526349001535,0.23483236199899693,2683.0,533349.0,500000.0,0.16,8.0,False,False,True,
refinement,fc_floor_022_alpha_018__closing_c3_d1,train,676,fc_floor_022_alpha_018,current,fuzzy_connectedness,closing_c3_d1,3,1,both_tolerable,True,1.1576348337032387,0.8916609243998318,0.33684406748065987,0.192,0.33684406748065987,0.14484406748065987,4179,2096,4179,2083,0.10764511835175647,0.2091556224318537,0.8874045801526718,0.8648001914333573,0.40021329400042305,0.582160718000523,1.5379283989968826,2096.0,533349.0,500000.0,0.18,8.0,False,False,True,
refinement,fc_floor_022_alpha_018__conservative_c2_d1,train,676,fc_floor_022_alpha_018,current,fuzzy_connectedness,conservative_c2_d1,2,1,both_tolerable,True,1.1576348337032387,0.8916609243998318,0.3363335354194842,0.192,0.3363335354194842,0.14433353541948418,4164,2096,4164,2068,0.10764511835175647,0.20869263267550206,0.8874045801526718,0.8659942363112392,0.40021329400042305,0.582160718000523,0.6315861030016094,2096.0,533349.0,500000.0,0.18,8.0,False,False,True,
refinement,fc_floor_022_alpha_018__current_c3_d2,train,676,fc_floor_022_alpha_018,current,fuzzy_connectedness,current_c3_d2,3,2,both_tolerable,True,1.1576348337032387,0.8916609243998318,0.4372453137734311,0.192,0.4372453137734311,0.24524531377343112,7261,2096,7261,5165,0.10764511835175647,0.31049250535331907,0.8874045801526718,0.7388789422944498,0.40021329400042305,0.582160718000523,1.8077697879998595,2096.0,533349.0,500000.0,0.18,8.0,False,False,True,
refinement,fc_floor_022_alpha_018__raw,train,676,fc_floor_022_alpha_018,current,fuzzy_connectedness,raw,0,0,both_tolerable,True,1.1576348337032387,0.8916609243998318,0.192,0.192,0.192,0.0,2096,2096,2096,0,0.10764511835175647,0.10764511835175647,0.8874045801526718,0.8874045801526718,0.40021329400042305,0.582160718000523,0.2371461820002878,2096.0,533349.0,500000.0,0.18,8.0,False,False,True,
refinement,fc_floor_024__closing_c3_d1,train,676,fc_floor_024,current,fuzzy_connectedness,closing_c3_d1,3,1,both_tolerable,True,1.1576348337032387,0.8916609243998318,0.40929369671805294,0.2406767782950393,0.40929369671805294,0.16861691842301363,5360,2698,5360,2662,0.13912842178366805,0.26812894264714393,0.8910303928836175,0.864365671641791,0.40021329400042305,0.6930305429996224,1.5536528849988827,2698.0,505530.0,500000.0,0.16,8.0,False,False,True,
refinement,fc_floor_024__conservative_c2_d1,train,676,fc_floor_024,current,fuzzy_connectedness,conservative_c2_d1,2,1,both_tolerable,True,1.1576348337032387,0.8916609243998318,0.4094905668713825,0.2406767782950393,0.4094905668713825,0.16881378857634322,5354,2698,5354,2656,0.13912842178366805,0.2681868163666879,0.8910303928836175,0.865521105715353,0.40021329400042305,0.6930305429996224,0.6112315949976619,2698.0,505530.0,500000.0,0.16,8.0,False,False,True,
refinement,fc_floor_024__current_c3_d2,train,676,fc_floor_024,current,fuzzy_connectedness,current_c3_d2,3,2,both_tolerable,True,1.1576348337032387,0.8916609243998318,0.5025748975679435,0.2406767782950393,0.5025748975679435,0.2618981192729042,9324,2698,9324,6626,0.13912842178366805,0.3868858151513398,0.8910303928836175,0.7169669669669669,0.40021329400042305,0.6930305429996224,1.8511575060001633,2698.0,505530.0,500000.0,0.16,8.0,False,False,True,
refinement,fc_floor_024__raw,train,676,fc_floor_024,current,fuzzy_connectedness,raw,0,0,both_tolerable,True,1.1576348337032387,0.8916609243998318,0.2406767782950393,0.2406767782950393,0.2406767782950393,0.0,2698,2698,2698,0,0.13912842178366805,0.13912842178366805,0.8910303928836175,0.8910303928836175,0.40021329400042305,0.6930305429996224,0.2390348599983554,2698.0,505530.0,500000.0,0.16,8.0,False,False,True,
refinement,rg_gamma55__closing_c3_d1,train,676,rg_gamma55,current,region_growing,closing_c3_d1,3,1,both_tolerable,True,1.1576348337032387,0.8916609243998318,0.3788606104519518,0.20946153060181874,0.3788606104519518,0.16939907985013306,4803,2295,4803,2508,0.11864112506510793,0.24208576885236413,0.8932461873638344,0.870914012075786,0.40021329400042305,0.02884915100003127,1.5711088829993969,,,,,,,False,False,
refinement,rg_gamma55__conservative_c2_d1,train,676,rg_gamma55,current,region_growing,conservative_c2_d1,2,1,both_tolerable,True,1.1576348337032387,0.8916609243998318,0.37796917497733457,0.20946153060181874,0.37796917497733457,0.16850764437551582,4781,2295,4781,2486,0.11864112506510793,0.24127553677874877,0.8932461873638344,0.8719933068395733,0.40021329400042305,0.02884915100003127,0.6053401440003654,,,,,,,False,False,
refinement,rg_gamma55__current_c3_d2,train,676,rg_gamma55,current,region_growing,current_c3_d2,3,2,both_tolerable,True,1.1576348337032387,0.8916609243998318,0.49860810392824,0.20946153060181874,0.49860810392824,0.28914657332642124,8585,2295,8585,6290,0.11864112506510793,0.3731697436194224,0.8932461873638344,0.7510774606872452,0.40021329400042305,0.02884915100003127,1.8262566170014907,,,,,,,False,False,
refinement,rg_gamma55__raw,train,676,rg_gamma55,current,region_growing,raw,0,0,both_tolerable,True,1.1576348337032387,0.8916609243998318,0.20946153060181874,0.20946153060181874,0.20946153060181874,0.0,2295,2295,2295,0,0.11864112506510793,0.11864112506510793,0.8932461873638344,0.8932461873638344,0.40021329400042305,0.02884915100003127,0.23607155199715635,,,,,,,False,False,
refinement,rg_gamma60__closing_c3_d1,train,676,rg_gamma60,gamma60,region_growing,closing_c3_d1,3,1,both_tolerable,True,1.1576348337032387,0.8916609243998318,0.3705361220202758,0.2019215948209423,0.3705361220202758,0.1686145271993335,4619,2184,4619,2435,0.11372185890387175,0.2347936801898258,0.8997252747252747,0.8783286425633254,0.40040410299843643,0.028378664999763714,1.552731332998519,,,,,,,False,False,
refinement,rg_gamma60__conservative_c2_d1,train,676,rg_gamma60,gamma60,region_growing,conservative_c2_d1,2,1,both_tolerable,True,1.1576348337032387,0.8916609243998318,0.3701503450166796,0.2019215948209423,0.3701503450166796,0.1682287501957373,4604,2184,4604,2420,0.11372185890387175,0.23438856415301812,0.8997252747252747,0.8796698523023457,0.40040410299843643,0.028378664999763714,0.604893837000418,,,,,,,False,False,
refinement,rg_gamma60__current_c3_d2,train,676,rg_gamma60,gamma60,region_growing,current_c3_d2,3,2,both_tolerable,True,1.1576348337032387,0.8916609243998318,0.49755792599538934,0.2019215948209423,0.49755792599538934,0.29563633117444704,8314,2184,8314,6130,0.11372185890387175,0.36848197233636204,0.8997252747252747,0.7658166947317777,0.40040410299843643,0.028378664999763714,1.803880195999227,,,,,,,False,False,
refinement,rg_gamma60__raw,train,676,rg_gamma60,gamma60,region_growing,raw,0,0,both_tolerable,True,1.1576348337032387,0.8916609243998318,0.2019215948209423,0.2019215948209423,0.2019215948209423,0.0,2184,2184,2184,0,0.11372185890387175,0.11372185890387175,0.8997252747252747,0.8997252747252747,0.40040410299843643,0.028378664999763714,0.23820358499870053,,,,,,,False,False,
refinement,rg_gamma65__closing_c3_d1,train,676,rg_gamma65,gamma65,region_growing,closing_c3_d1,3,1,both_tolerable,True,1.1576348337032387,0.8916609243998318,0.30571060541004724,0.16373285691766065,0.30571060541004724,0.1419777484923866,3682,1752,3682,1930,0.09016725504948203,0.1854273974188321,0.889269406392694,0.8701792504073873,0.3939714810003352,0.02546976699886727,1.5460386439990543,,,,,,,False,False,
refinement,rg_gamma65__conservative_c2_d1,train,676,rg_gamma65,gamma65,region_growing,conservative_c2_d1,2,1,both_tolerable,True,1.1576348337032387,0.8916609243998318,0.3052917879467481,0.16373285691766065,0.3052917879467481,0.14155893102908745,3678,1752,3678,1926,0.09016725504948203,0.18513802882111233,0.889269406392694,0.8697661772702556,0.3939714810003352,0.02546976699886727,0.6029281100018125,,,,,,,False,False,
refinement,rg_gamma65__current_c3_d2,train,676,rg_gamma65,gamma65,region_growing,current_c3_d2,3,2,both_tolerable,True,1.1576348337032387,0.8916609243998318,0.4276081584788709,0.16373285691766065,0.4276081584788709,0.26387530156121025,6598,1752,6598,4846,0.09016725504948203,0.29544533827189073,0.889269406392694,0.7737193088814792,0.3939714810003352,0.02546976699886727,1.8166695369982335,,,,,,,False,False,
refinement,rg_gamma65__raw,train,676,rg_gamma65,gamma65,region_growing,raw,0,0,both_tolerable,True,1.1576348337032387,0.8916609243998318,0.16373285691766065,0.16373285691766065,0.16373285691766065,0.0,1752,1752,1752,0,0.09016725504948203,0.09016725504948203,0.889269406392694,0.889269406392694,0.3939714810003352,0.02546976699886727,0.2351640659981058,,,,,,,False,False,
refinement,rg_gamma70__closing_c3_d1,train,676,rg_gamma70,gamma70,region_growing,closing_c3_d1,3,1,both_tolerable,True,1.1576348337032387,0.8916609243998318,0.2987567801084817,0.1582612365477949,0.2987567801084817,0.14049554356068683,3554,1677,3554,1877,0.08681057931593264,0.18010301522078823,0.8944543828264758,0.8756330894766461,0.3938457490003202,0.024785615998553112,1.549636409003142,,,,,,,False,False,
refinement,rg_gamma70__conservative_c2_d1,train,676,rg_gamma70,gamma70,region_growing,conservative_c2_d1,2,1,both_tolerable,True,1.1576348337032387,0.8916609243998318,0.2983197311569851,0.1582612365477949,0.2983197311569851,0.14005849460919023,3551,1677,3551,1874,0.08681057931593264,0.17981364662306845,0.8944543828264758,0.874964798648268,0.3938457490003202,0.024785615998553112,0.6025295299987192,,,,,,,False,False,
refinement,rg_gamma70__current_c3_d2,train,676,rg_gamma70,gamma70,region_growing,current_c3_d2,3,2,both_tolerable,True,1.1576348337032387,0.8916609243998318,0.4256252372316646,0.1582612365477949,0.4256252372316646,0.26736400068386973,6432,1677,6432,4755,0.08681057931593264,0.2920307888187974,0.8944543828264758,0.7845149253731343,0.3938457490003202,0.024785615998553112,1.7939995050001016,,,,,,,False,False,
refinement,rg_gamma70__raw,train,676,rg_gamma70,gamma70,region_growing,raw,0,0,both_tolerable,True,1.1576348337032387,0.8916609243998318,0.1582612365477949,0.1582612365477949,0.1582612365477949,0.0,1677,1677,1677,0,0.08681057931593264,0.08681057931593264,0.8944543828264758,0.8944543828264758,0.3938457490003202,0.024785615998553112,0.23575668600096833,,,,,,,False,False,
refinement,fc_alpha_018__closing_c3_d1,train,696,fc_alpha_018,current,fuzzy_connectedness,closing_c3_d1,3,1,both_tolerable,True,0.0,1.739843048383334,0.5430783784730738,0.3169326424870466,0.5430783784730738,0.22614573598602722,8458,4042,8458,4416,0.19036000597520292,0.3858985211372803,0.9458189015338941,0.9162922676755734,0.33879963900108123,0.9243535459972918,1.2491401950028376,4042.0,583239.0,500000.0,0.18,8.0,False,False,True,
refinement,fc_alpha_018__conservative_c2_d1,train,696,fc_alpha_018,current,fuzzy_connectedness,conservative_c2_d1,2,1,both_tolerable,True,0.0,1.739843048383334,0.5425155159718082,0.3169326424870466,0.5425155159718082,0.22558287348476164,8436,4042,8436,4394,0.19036000597520292,0.3852014141313549,0.9458189015338941,0.9170222854433381,0.33879963900108123,0.9243535459972918,0.48589663799793925,4042.0,583239.0,500000.0,0.18,8.0,False,False,True,
refinement,fc_alpha_018__current_c3_d2,train,696,fc_alpha_018,current,fuzzy_connectedness,current_c3_d2,3,2,both_tolerable,True,0.0,1.739843048383334,0.6426635038969841,0.3169326424870466,0.6426635038969841,0.3257308614099375,15329,4042,15329,11287,0.19036000597520292,0.5665986157446596,0.9458189015338941,0.7423184813099354,0.33879963900108123,0.9243535459972918,1.4513914010021836,4042.0,583239.0,500000.0,0.18,8.0,False,False,True,
refinement,fc_alpha_018__raw,train,696,fc_alpha_018,current,fuzzy_connectedness,raw,0,0,both_tolerable,True,0.0,1.739843048383334,0.3169326424870466,0.3169326424870466,0.3169326424870466,0.0,4042,4042,4042,0,0.19036000597520292,0.19036000597520292,0.9458189015338941,0.9458189015338941,0.33879963900108123,0.9243535459972918,0.19016292900050757,4042.0,583239.0,500000.0,0.18,8.0,False,False,True,
refinement,fc_current__closing_c3_d1,train,696,fc_current,current,fuzzy_connectedness,closing_c3_d1,3,1,both_tolerable,True,0.0,1.739843048383334,0.5725303094670109,0.3489750160153748,0.5725303094670109,0.2235552934516361,10518,4893,10518,5625,0.21699945227306677,0.43618981227904197,0.8906601267116289,0.8328579577866515,0.33879963900108123,1.09365412400075,1.251487992998591,4893.0,583239.0,500000.0,0.16,8.0,False,False,True,
refinement,fc_current__conservative_c2_d1,train,696,fc_current,current,fuzzy_connectedness,conservative_c2_d1,2,1,both_tolerable,True,0.0,1.739843048383334,0.5714659857264454,0.3489750160153748,0.5714659857264454,0.22249096971107057,10463,4893,10463,5570,0.21699945227306677,0.43459642483692673,0.8906601267116289,0.8341775781324667,0.33879963900108123,1.09365412400075,0.48526468999989447,4893.0,583239.0,500000.0,0.16,8.0,False,False,True,
refinement,fc_current__current_c3_d2,train,696,fc_current,current,fuzzy_connectedness,current_c3_d2,3,2,both_tolerable,True,0.0,1.739843048383334,0.6411281085346298,0.3489750160153748,0.6411281085346298,0.292153092519255,19204,4893,19204,14311,0.21699945227306677,0.627097545187472,0.8906601267116289,0.6558008748177463,0.33879963900108123,1.09365412400075,1.451724380000087,4893.0,583239.0,500000.0,0.16,8.0,False,False,True,
refinement,fc_current__raw,train,696,fc_current,current,fuzzy_connectedness,raw,0,0,both_tolerable,True,0.0,1.739843048383334,0.3489750160153748,0.3489750160153748,0.3489750160153748,0.0,4893,4893,4893,0,0.21699945227306677,0.21699945227306677,0.8906601267116289,0.8906601267116289,0.33879963900108123,1.09365412400075,0.19001208200279507,4893.0,583239.0,500000.0,0.16,8.0,False,False,True,
refinement,fc_floor_020__closing_c3_d1,train,696,fc_floor_020,current,fuzzy_connectedness,closing_c3_d1,3,1,both_tolerable,True,0.0,1.739843048383334,0.5727705655946246,0.34996801023672425,0.5727705655946246,0.22280255535790033,10575,4925,10575,5650,0.21789573270925658,0.437185679430364,0.8885279187817259,0.8302600472813239,0.33879963900108123,1.0915324950001377,1.2492623159996583,4925.0,547749.0,500000.0,0.16,8.0,False,False,True,
refinement,fc_floor_020__conservative_c2_d1,train,696,fc_floor_020,current,fuzzy_connectedness,conservative_c2_d1,2,1,both_tolerable,True,0.0,1.739843048383334,0.5717086560141162,0.34996801023672425,0.5717086560141162,0.221740645777392,10520,4925,10520,5595,0.21789573270925658,0.4355922919882488,0.8885279187817259,0.8315589353612167,0.33879963900108123,1.0915324950001377,0.48513125099998433,4925.0,547749.0,500000.0,0.16,8.0,False,False,True,
refinement,fc_floor_020__current_c3_d2,train,696,fc_floor_020,current,fuzzy_connectedness,current_c3_d2,3,2,both_tolerable,True,0.0,1.739843048383334,0.6400101613108091,0.34996801023672425,0.6400101613108091,0.2900421510740849,19282,4925,19282,14357,0.21789573270925658,0.6272469252601703,0.8885279187817259,0.6533035992117,0.33879963900108123,1.0915324950001377,1.4552120260013908,4925.0,547749.0,500000.0,0.16,8.0,False,False,True,
refinement,fc_floor_020__raw,train,696,fc_floor_020,current,fuzzy_connectedness,raw,0,0,both_tolerable,True,0.0,1.739843048383334,0.34996801023672425,0.34996801023672425,0.34996801023672425,0.0,4925,4925,4925,0,0.21789573270925658,0.21789573270925658,0.8885279187817259,0.8885279187817259,0.33879963900108123,1.0915324950001377,0.1898606340000697,4925.0,547749.0,500000.0,0.16,8.0,False,False,True,
refinement,fc_floor_022__closing_c3_d1,train,696,fc_floor_022,current,fuzzy_connectedness,closing_c3_d1,3,1,both_tolerable,True,0.0,1.739843048383334,0.5732956207939139,0.3512413187514968,0.5732956207939139,0.22205430204241716,10676,4971,10676,5705,0.219090773290843,0.43902803366030974,0.8851337759002212,0.8258711127763207,0.33879963900108123,1.0946228180000617,1.2593424019978556,4971.0,517092.0,500000.0,0.16,8.0,False,False,True,
refinement,fc_floor_022__conservative_c2_d1,train,696,fc_floor_022,current,fuzzy_connectedness,conservative_c2_d1,2,1,both_tolerable,True,0.0,1.739843048383334,0.5720799947886132,0.3512413187514968,0.5720799947886132,0.22083867603711638,10619,4971,10619,5648,0.219090773290843,0.4372852661454962,0.8851337759002212,0.8270081928618513,0.33879963900108123,1.0946228180000617,0.48622241400153143,4971.0,517092.0,500000.0,0.16,8.0,False,False,True,
refinement,fc_floor_022__current_c3_d2,train,696,fc_floor_022,current,fuzzy_connectedness,current_c3_d2,3,2,both_tolerable,True,0.0,1.739843048383334,0.6376481888728799,0.3512413187514968,0.6376481888728799,0.2864068701213831,19478,4971,19478,14507,0.219090773290843,0.628043618981228,0.8851337759002212,0.6475510832734367,0.33879963900108123,1.0946228180000617,1.4640407510014484,4971.0,517092.0,500000.0,0.16,8.0,False,False,True,
refinement,fc_floor_022__raw,train,696,fc_floor_022,current,fuzzy_connectedness,raw,0,0,both_tolerable,True,0.0,1.739843048383334,0.3512413187514968,0.3512413187514968,0.3512413187514968,0.0,4971,4971,4971,0,0.219090773290843,0.219090773290843,0.8851337759002212,0.8851337759002212,0.33879963900108123,1.0946228180000617,0.18980674399790587,4971.0,517092.0,500000.0,0.16,8.0,False,False,True,
refinement,fc_floor_022_alpha_018__closing_c3_d1,train,696,fc_floor_022_alpha_018,current,fuzzy_connectedness,closing_c3_d1,3,1,both_tolerable,True,0.0,1.739843048383334,0.5456324932713482,0.31923522595596754,0.5456324932713482,0.22639726731538068,8526,4081,8526,4445,0.19205298013245034,0.38863715580341585,0.9451114922813036,0.9154351395730707,0.33879963900108123,0.9421935350001149,1.2497799140001007,4081.0,517092.0,500000.0,0.18,8.0,False,False,True,
refinement,fc_floor_022_alpha_018__conservative_c2_d1,train,696,fc_floor_022_alpha_018,current,fuzzy_connectedness,conservative_c2_d1,2,1,both_tolerable,True,0.0,1.739843048383334,0.54509200307843,0.31923522595596754,0.54509200307843,0.22585677712246244,8503,4081,8503,4422,0.19205298013245034,0.3879400487974904,0.9451114922813036,0.9162648477008115,0.33879963900108123,0.9421935350001149,0.5094225920001918,4081.0,517092.0,500000.0,0.18,8.0,False,False,True,
refinement,fc_floor_022_alpha_018__current_c3_d2,train,696,fc_floor_022_alpha_018,current,fuzzy_connectedness,current_c3_d2,3,2,both_tolerable,True,0.0,1.739843048383334,0.6436412768113494,0.31923522595596754,0.6436412768113494,0.3244060508553819,15443,4081,15443,11362,0.19205298013245034,0.5692874570532291,0.9451114922813036,0.7403354270543289,0.33879963900108123,0.9421935350001149,1.4530824439971184,4081.0,517092.0,500000.0,0.18,8.0,False,False,True,
refinement,fc_floor_022_alpha_018__raw,train,696,fc_floor_022_alpha_018,current,fuzzy_connectedness,raw,0,0,both_tolerable,True,0.0,1.739843048383334,0.31923522595596754,0.31923522595596754,0.31923522595596754,0.0,4081,4081,4081,0,0.19205298013245034,0.19205298013245034,0.9451114922813036,0.9451114922813036,0.33879963900108123,0.9421935350001149,0.1902668469992932,4081.0,517092.0,500000.0,0.18,8.0,False,False,True,
refinement,fc_floor_024__closing_c3_d1,train,696,fc_floor_024,current,fuzzy_connectedness,closing_c3_d1,3,1,both_tolerable,True,0.0,1.739843048383334,0.5740608577175111,0.35264583997449794,0.5740608577175111,0.2214150177430132,10743,5013,10743,5730,0.2203356072299955,0.44057162774485886,0.8827049670855776,0.8236060690682305,0.33879963900108123,1.0883214820023568,1.248889419999614,5013.0,490612.0,490612.0,0.16,8.0,False,False,False,
refinement,fc_floor_024__conservative_c2_d1,train,696,fc_floor_024,current,fuzzy_connectedness,conservative_c2_d1,2,1,both_tolerable,True,0.0,1.739843048383334,0.5727379095163807,0.35264583997449794,0.5727379095163807,0.22009206954188276,10685,5013,10685,5672,0.2203356072299955,0.4387292735149131,0.8827049670855776,0.8246139447824052,0.33879963900108123,1.0883214820023568,0.48718892900069477,5013.0,490612.0,490612.0,0.16,8.0,False,False,False,
refinement,fc_floor_024__current_c3_d2,train,696,fc_floor_024,current,fuzzy_connectedness,current_c3_d2,3,2,both_tolerable,True,0.0,1.739843048383334,0.6364782411376129,0.35264583997449794,0.6364782411376129,0.2838324011631149,19579,5013,19579,14566,0.2203356072299955,0.6284917591993228,0.8827049670855776,0.6446703100260484,0.33879963900108123,1.0883214820023568,1.4602232969991746,5013.0,490612.0,490612.0,0.16,8.0,False,False,False,
refinement,fc_floor_024__raw,train,696,fc_floor_024,current,fuzzy_connectedness,raw,0,0,both_tolerable,True,0.0,1.739843048383334,0.35264583997449794,0.35264583997449794,0.35264583997449794,0.0,5013,5013,5013,0,0.2203356072299955,0.2203356072299955,0.8827049670855776,0.8827049670855776,0.33879963900108123,1.0883214820023568,0.18979372499961755,5013.0,490612.0,490612.0,0.16,8.0,False,False,False,
refinement,rg_gamma55__closing_c3_d1,train,696,rg_gamma55,current,region_growing,closing_c3_d1,3,1,both_tolerable,True,0.0,1.739843048383334,0.5387846174038587,0.3153705583756345,0.5387846174038587,0.22341405902822425,10393,4542,10393,5851,0.19334760742916896,0.4088034656176866,0.8549097313958609,0.7899547772539209,0.33879963900108123,0.044581694000953576,1.2446284580000793,,,,,,,False,False,
refinement,rg_gamma55__conservative_c2_d1,train,696,rg_gamma55,current,region_growing,conservative_c2_d1,2,1,both_tolerable,True,0.0,1.739843048383334,0.5372820006581113,0.3153705583756345,0.5372820006581113,0.22191144228247678,10307,4542,10307,5765,0.19334760742916896,0.40651297116964596,0.8549097313958609,0.7920830503541283,0.33879963900108123,0.044581694000953576,0.48726712000279804,,,,,,,False,False,
refinement,rg_gamma55__current_c3_d2,train,696,rg_gamma55,current,region_growing,current_c3_d2,3,2,both_tolerable,True,0.0,1.739843048383334,0.6271896612650816,0.3153705583756345,0.6271896612650816,0.3118191028894471,19535,4542,19535,14993,0.19334760742916896,0.6186326744012349,0.8549097313958609,0.6359866905554133,0.33879963900108123,0.044581694000953576,1.4635075020014483,,,,,,,False,False,
refinement,rg_gamma55__raw,train,696,rg_gamma55,current,region_growing,raw,0,0,both_tolerable,True,0.0,1.739843048383334,0.3153705583756345,0.3153705583756345,0.3153705583756345,0.0,4542,4542,4542,0,0.19334760742916896,0.19334760742916896,0.8549097313958609,0.8549097313958609,0.33879963900108123,0.044581694000953576,0.18919606499912334,,,,,,,False,False,
refinement,rg_gamma60__closing_c3_d1,train,696,rg_gamma60,gamma60,region_growing,closing_c3_d1,3,1,both_tolerable,True,0.0,1.739843048383334,0.5363396660131161,0.30648087071240104,0.5363396660131161,0.22985879530071507,9499,4173,9499,5326,0.18508191007319624,0.39501070557187673,0.8907260963335729,0.8351405411095905,0.3455763540005137,0.04134255299868528,1.2553170099999988,,,,,,,False,False,
refinement,rg_gamma60__conservative_c2_d1,train,696,rg_gamma60,gamma60,region_growing,conservative_c2_d1,2,1,both_tolerable,True,0.0,1.739843048383334,0.534850640113798,0.30648087071240104,0.534850640113798,0.22836976940139697,9443,4173,9443,5270,0.18508191007319624,0.393168351341931,0.8907260963335729,0.8361749444032617,0.3455763540005137,0.04134255299868528,0.5131735739996657,,,,,,,False,False,
refinement,rg_gamma60__current_c3_d2,train,696,rg_gamma60,gamma60,region_growing,current_c3_d2,3,2,both_tolerable,True,0.0,1.739843048383334,0.6408160046268303,0.30648087071240104,0.6408160046268303,0.33433513391442926,17956,4173,17956,13783,0.18508191007319624,0.6068814420156351,0.8907260963335729,0.6787703274671419,0.3455763540005137,0.04134255299868528,1.4625238690023252,,,,,,,False,False,
refinement,rg_gamma60__raw,train,696,rg_gamma60,gamma60,region_growing,raw,0,0,both_tolerable,True,0.0,1.739843048383334,0.30648087071240104,0.30648087071240104,0.30648087071240104,0.0,4173,4173,4173,0,0.18508191007319624,0.18508191007319624,0.8907260963335729,0.8907260963335729,0.3455763540005137,0.04134255299868528,0.1895568979998643,,,,,,,False,False,
refinement,rg_gamma65__closing_c3_d1,train,696,rg_gamma65,gamma65,region_growing,closing_c3_d1,3,1,both_tolerable,True,0.0,1.739843048383334,0.5291818119470544,0.297217485338768,0.5291818119470544,0.23196432660828636,9079,3960,9079,5119,0.17791166658367774,0.38420554698003284,0.9022727272727272,0.8498733340676285,0.33183683099923655,0.03973442799906479,1.248135417001322,,,,,,,False,False,
refinement,rg_gamma65__conservative_c2_d1,train,696,rg_gamma65,gamma65,region_growing,conservative_c2_d1,2,1,both_tolerable,True,0.0,1.739843048383334,0.528274678111588,0.297217485338768,0.528274678111588,0.23105719277282,9042,3960,9042,5082,0.17791166658367774,0.3830602997560125,0.9022727272727272,0.8508073435080734,0.33183683099923655,0.03973442799906479,0.4859089080018748,,,,,,,False,False,
refinement,rg_gamma65__current_c3_d2,train,696,rg_gamma65,gamma65,region_growing,current_c3_d2,3,2,both_tolerable,True,0.0,1.739843048383334,0.6453667282117149,0.297217485338768,0.6453667282117149,0.3481492428729469,17288,3960,17288,13328,0.17791166658367774,0.6004580988896081,0.9022727272727272,0.6975358630263767,0.33183683099923655,0.03973442799906479,1.4530376820002857,,,,,,,False,False,
refinement,rg_gamma65__raw,train,696,rg_gamma65,gamma65,region_growing,raw,0,0,both_tolerable,True,0.0,1.739843048383334,0.297217485338768,0.297217485338768,0.297217485338768,0.0,3960,3960,3960,0,0.17791166658367774,0.17791166658367774,0.9022727272727272,0.9022727272727272,0.33183683099923655,0.03973442799906479,0.18911468499936746,,,,,,,False,False,
refinement,rg_gamma70__closing_c3_d1,train,696,rg_gamma70,gamma70,region_growing,closing_c3_d1,3,1,both_tolerable,True,0.0,1.739843048383334,0.5197716513505988,0.28652982411954836,0.5197716513505988,0.2332418272310504,8645,3740,8645,4905,0.16994472937310162,0.37175720758850767,0.9125668449197861,0.8636205899363794,0.3328733859998465,0.03835206900112098,1.2619861370003491,,,,,,,False,False,
refinement,rg_gamma70__conservative_c2_d1,train,696,rg_gamma70,gamma70,region_growing,conservative_c2_d1,2,1,both_tolerable,True,0.0,1.739843048383334,0.5187147138774657,0.28652982411954836,0.5187147138774657,0.23218488975791735,8611,3740,8611,4871,0.16994472937310162,0.3705621670069213,0.9125668449197861,0.8642434095923819,0.3328733859998465,0.03835206900112098,0.48393487700013793,,,,,,,False,False,
refinement,rg_gamma70__current_c3_d2,train,696,rg_gamma70,gamma70,region_growing,current_c3_d2,3,2,both_tolerable,True,0.0,1.739843048383334,0.6484673284607833,0.28652982411954836,0.6484673284607833,0.3619375043412349,16585,3740,16585,12845,0.16994472937310162,0.591993228103371,0.9125668449197861,0.7168525776303889,0.3328733859998465,0.03835206900112098,1.4655269920003775,,,,,,,False,False,
refinement,rg_gamma70__raw,train,696,rg_gamma70,gamma70,region_growing,raw,0,0,both_tolerable,True,0.0,1.739843048383334,0.28652982411954836,0.28652982411954836,0.28652982411954836,0.0,3740,3740,3740,0,0.16994472937310162,0.16994472937310162,0.9125668449197861,0.9125668449197861,0.3328733859998465,0.03835206900112098,0.1892287730006501,,,,,,,False,False,
refinement,fc_alpha_018__closing_c3_d1,train,752,fc_alpha_018,current,fuzzy_connectedness,closing_c3_d1,3,1,both_tolerable,True,0.63671875,0.8095744354916121,0.6489143192488263,0.40082711085583,0.6489143192488263,0.24808720839299625,20309,9306,20309,11003,0.254916859054911,0.5170227066834215,0.9373522458628841,0.8711408735043576,0.397707125001034,2.1491203449986642,1.5578816929992172,9306.0,549113.0,500000.0,0.18,8.0,False,False,True,
refinement,fc_alpha_018__conservative_c2_d1,train,752,fc_alpha_018,current,fuzzy_connectedness,conservative_c2_d1,2,1,both_tolerable,True,0.63671875,0.8095744354916121,0.6454002653693056,0.40082711085583,0.6454002653693056,0.2445731545134756,20045,9306,20045,10739,0.254916859054911,0.5117332476109764,0.9373522458628841,0.8735844350212023,0.397707125001034,2.1491203449986642,0.6116497159964638,9306.0,549113.0,500000.0,0.18,8.0,False,False,True,
refinement,fc_alpha_018__current_c3_d2,train,752,fc_alpha_018,current,fuzzy_connectedness,current_c3_d2,3,2,both_tolerable,True,0.63671875,0.8095744354916121,0.7223548355202757,0.40082711085583,0.7223548355202757,0.3215277246644457,36580,9306,36580,27274,0.254916859054911,0.7472749057541133,0.9373522458628841,0.6990431930016402,0.397707125001034,2.1491203449986642,1.850128111000231,9306.0,549113.0,500000.0,0.18,8.0,False,False,True,
refinement,fc_alpha_018__raw,train,752,fc_alpha_018,current,fuzzy_connectedness,raw,0,0,both_tolerable,True,0.63671875,0.8095744354916121,0.40082711085583,0.40082711085583,0.40082711085583,0.0,9306,9306,9306,0,0.254916859054911,0.254916859054911,0.9373522458628841,0.9373522458628841,0.397707125001034,2.1491203449986642,0.23408334500345518,9306.0,549113.0,500000.0,0.18,8.0,False,False,True,
refinement,fc_current__closing_c3_d1,train,752,fc_current,current,fuzzy_connectedness,closing_c3_d1,3,1,both_tolerable,True,0.63671875,0.8095744354916121,0.6582287481779073,0.41886537595677625,0.6582287481779073,0.23936337222113108,22035,10201,22035,11834,0.27186650691136505,0.541044448990327,0.9119694147632585,0.8402087587928296,0.397707125001034,2.2963240450008016,1.6898715200004517,10201.0,549113.0,500000.0,0.16,8.0,False,False,True,
refinement,fc_current__conservative_c2_d1,train,752,fc_current,current,fuzzy_connectedness,conservative_c2_d1,2,1,both_tolerable,True,0.63671875,0.8095744354916121,0.6537518127942993,0.41886537595677625,0.6537518127942993,0.23488643683752303,21634,10201,21634,11433,0.27186650691136505,0.5335340015780706,0.9119694147632585,0.8439031154663955,0.397707125001034,2.2963240450008016,0.6726206329985871,10201.0,549113.0,500000.0,0.16,8.0,False,False,True,
refinement,fc_current__current_c3_d2,train,752,fc_current,current,fuzzy_connectedness,current_c3_d2,3,2,both_tolerable,True,0.63671875,0.8095744354916121,0.7099709821124477,0.41886537595677625,0.7099709821124477,0.29110560615567144,39184,10201,39184,28983,0.27186650691136505,0.7614775417165902,0.9119694147632585,0.6649908125765619,0.397707125001034,2.2963240450008016,1.8740285960011533,10201.0,549113.0,500000.0,0.16,8.0,False,False,True,
refinement,fc_current__raw,train,752,fc_current,current,fuzzy_connectedness,raw,0,0,both_tolerable,True,0.63671875,0.8095744354916121,0.41886537595677625,0.41886537595677625,0.41886537595677625,0.0,10201,10201,10201,0,0.27186650691136505,0.27186650691136505,0.9119694147632585,0.9119694147632585,0.397707125001034,2.2963240450008016,0.23997752200011746,10201.0,549113.0,500000.0,0.16,8.0,False,False,True,
refinement,fc_floor_020__closing_c3_d1,train,752,fc_floor_020,current,fuzzy_connectedness,closing_c3_d1,3,1,both_tolerable,True,0.63671875,0.8095744354916121,0.6737558931377685,0.4318141277202997,0.6737558931377685,0.2419417654174688,23051,10629,23051,12422,0.2829714486104211,0.5638095794733919,0.9109982124376705,0.8369701965207583,0.397707125001034,2.505703712999093,1.7029276319990458,10629.0,510122.0,500000.0,0.16,8.0,False,False,True,
refinement,fc_floor_020__conservative_c2_d1,train,752,fc_floor_020,current,fuzzy_connectedness,conservative_c2_d1,2,1,both_tolerable,True,0.63671875,0.8095744354916121,0.6692114197259407,0.4318141277202997,0.6692114197259407,0.23739729200564097,22630,10629,22630,12001,0.2829714486104211,0.5558900026301178,0.9109982124376705,0.8405656208572692,0.397707125001034,2.505703712999093,0.6257913279987406,10629.0,510122.0,500000.0,0.16,8.0,False,False,True,
refinement,fc_floor_020__current_c3_d2,train,752,fc_floor_020,current,fuzzy_connectedness,current_c3_d2,3,2,both_tolerable,True,0.63671875,0.8095744354916121,0.7193413451962021,0.4318141277202997,0.7193413451962021,0.2875272174759024,41086,10629,41086,30457,0.2829714486104211,0.7915193313656156,0.9109982124376705,0.6592269872949423,0.397707125001034,2.505703712999093,1.897022131997801,10629.0,510122.0,500000.0,0.16,8.0,False,False,True,
refinement,fc_floor_020__raw,train,752,fc_floor_020,current,fuzzy_connectedness,raw,0,0,both_tolerable,True,0.63671875,0.8095744354916121,0.4318141277202997,0.4318141277202997,0.4318141277202997,0.0,10629,10629,10629,0,0.2829714486104211,0.2829714486104211,0.9109982124376705,0.9109982124376705,0.397707125001034,2.505703712999093,0.24724160400000983,10629.0,510122.0,500000.0,0.16,8.0,False,False,True,
refinement,fc_floor_022__closing_c3_d1,train,752,fc_floor_022,current,fuzzy_connectedness,closing_c3_d1,3,1,both_tolerable,True,0.63671875,0.8095744354916121,0.6742966640536538,0.4338593718699223,0.6742966640536538,0.24043729218373155,23186,10708,23186,12478,0.2848125310500015,0.5655922148513983,0.9101606275681733,0.8347278530147503,0.397707125001034,2.473783061999711,1.615726045001793,10708.0,476969.0,476969.0,0.16,8.0,False,False,False,
refinement,fc_floor_022__conservative_c2_d1,train,752,fc_floor_022,current,fuzzy_connectedness,conservative_c2_d1,2,1,both_tolerable,True,0.63671875,0.8095744354916121,0.6698133071308254,0.4338593718699223,0.6698133071308254,0.23595393526090314,22773,10708,22773,12065,0.2848125310500015,0.5577895321312721,0.9101606275681733,0.838141658982128,0.397707125001034,2.473783061999711,0.6453362459978962,10708.0,476969.0,476969.0,0.16,8.0,False,False,False,
refinement,fc_floor_022__current_c3_d2,train,752,fc_floor_022,current,fuzzy_connectedness,current_c3_d2,3,2,both_tolerable,True,0.63671875,0.8095744354916121,0.7180920094287152,0.4338593718699223,0.7180920094287152,0.2842326375587929,41295,10708,41295,30587,0.2848125310500015,0.7923375902276513,0.9101606275681733,0.6565685918392057,0.397707125001034,2.473783061999711,1.8857954410013917,10708.0,476969.0,476969.0,0.16,8.0,False,False,False,
refinement,fc_floor_022__raw,train,752,fc_floor_022,current,fuzzy_connectedness,raw,0,0,both_tolerable,True,0.63671875,0.8095744354916121,0.4338593718699223,0.4338593718699223,0.4338593718699223,0.0,10708,10708,10708,0,0.2848125310500015,0.2848125310500015,0.9101606275681733,0.9101606275681733,0.397707125001034,2.473783061999711,0.24836785899969982,10708.0,476969.0,476969.0,0.16,8.0,False,False,False,
refinement,fc_floor_022_alpha_018__closing_c3_d1,train,752,fc_floor_022_alpha_018,current,fuzzy_connectedness,closing_c3_d1,3,1,both_tolerable,True,0.63671875,0.8095744354916121,0.6508737296190685,0.403557837788272,0.6508737296190685,0.24731589183079655,20489,9403,20489,11086,0.2572255179870832,0.5202957421315644,0.9360842284377326,0.8689540729171751,0.397707125001034,2.1683668220030086,1.5680501610004285,9403.0,476969.0,476969.0,0.18,8.0,False,False,False,
refinement,fc_floor_022_alpha_018__conservative_c2_d1,train,752,fc_floor_022_alpha_018,current,fuzzy_connectedness,conservative_c2_d1,2,1,both_tolerable,True,0.63671875,0.8095744354916121,0.6472922330810493,0.403557837788272,0.6472922330810493,0.24373439529277735,20217,9403,20217,10814,0.2572255179870832,0.5148601654051842,0.9360842284377326,0.8714448236632537,0.397707125001034,2.1683668220030086,0.6365616129987757,9403.0,476969.0,476969.0,0.18,8.0,False,False,False,
refinement,fc_floor_022_alpha_018__current_c3_d2,train,752,fc_floor_022_alpha_018,current,fuzzy_connectedness,current_c3_d2,3,2,both_tolerable,True,0.63671875,0.8095744354916121,0.7219799082646255,0.403557837788272,0.7219799082646255,0.31842207047635357,36855,9403,36855,27452,0.2572255179870832,0.7497881294017943,0.9360842284377326,0.6961606294939628,0.397707125001034,2.1683668220030086,1.8261395569970773,9403.0,476969.0,476969.0,0.18,8.0,False,False,False,
refinement,fc_floor_022_alpha_018__raw,train,752,fc_floor_022_alpha_018,current,fuzzy_connectedness,raw,0,0,both_tolerable,True,0.63671875,0.8095744354916121,0.403557837788272,0.403557837788272,0.403557837788272,0.0,9403,9403,9403,0,0.2572255179870832,0.2572255179870832,0.9360842284377326,0.9360842284377326,0.397707125001034,2.1683668220030086,0.23847580100118648,9403.0,476969.0,476969.0,0.18,8.0,False,False,False,
refinement,fc_floor_024__closing_c3_d1,train,752,fc_floor_024,current,fuzzy_connectedness,closing_c3_d1,3,1,both_tolerable,True,0.63671875,0.8095744354916121,0.6480978939482228,0.4266138855054811,0.6480978939482228,0.2214840084427417,25846,11757,25846,14089,0.2865951664280078,0.5688068032379672,0.834141362592498,0.7530759111661379,0.397707125001034,2.5149911159969633,1.5599891760030005,11757.0,448231.0,448231.0,0.16,8.0,False,False,False,
refinement,fc_floor_024__conservative_c2_d1,train,752,fc_floor_024,current,fuzzy_connectedness,conservative_c2_d1,2,1,both_tolerable,True,0.63671875,0.8095744354916121,0.6463346861790809,0.4266138855054811,0.6463346861790809,0.21972080067359973,25162,11757,25162,13405,0.2865951664280078,0.560799555802332,0.834141362592498,0.7626579763134886,0.397707125001034,2.5149911159969633,0.6114824349970149,11757.0,448231.0,448231.0,0.16,8.0,False,False,False,
refinement,fc_floor_024__current_c3_d2,train,752,fc_floor_024,current,fuzzy_connectedness,current_c3_d2,3,2,both_tolerable,True,0.63671875,0.8095744354916121,0.6803154723961653,0.4266138855054811,0.6803154723961653,0.25370158689068417,45788,11757,45788,34031,0.2865951664280078,0.7953183903679243,0.834141362592498,0.5943697038525377,0.397707125001034,2.5149911159969633,1.8198233430011896,11757.0,448231.0,448231.0,0.16,8.0,False,False,False,
refinement,fc_floor_024__raw,train,752,fc_floor_024,current,fuzzy_connectedness,raw,0,0,both_tolerable,True,0.63671875,0.8095744354916121,0.4266138855054811,0.4266138855054811,0.4266138855054811,0.0,11757,11757,11757,0,0.2865951664280078,0.2865951664280078,0.834141362592498,0.834141362592498,0.397707125001034,2.5149911159969633,0.23500921400045627,11757.0,448231.0,448231.0,0.16,8.0,False,False,False,
refinement,rg_gamma55__closing_c3_d1,train,752,rg_gamma55,current,region_growing,closing_c3_d1,3,1,both_tolerable,True,0.63671875,0.8095744354916121,0.552148738866737,0.35900676059897646,0.552148738866737,0.19314197826776053,31238,13262,31238,17976,0.24907215289751308,0.5280984248516906,0.6426632483788267,0.5784941417504321,0.397707125001034,0.11022902600234374,1.5524083519994747,,,,,,,False,False,
refinement,rg_gamma55__conservative_c2_d1,train,752,rg_gamma55,current,region_growing,conservative_c2_d1,2,1,both_tolerable,True,0.63671875,0.8095744354916121,0.5508946723155951,0.35900676059897646,0.5508946723155951,0.19188791171661862,30218,13262,30218,16956,0.24907215289751308,0.51868844793828,0.6426632483788267,0.5873651466013634,0.397707125001034,0.11022902600234374,0.6355516929979785,,,,,,,False,False,
refinement,rg_gamma55__current_c3_d2,train,752,rg_gamma55,current,region_growing,current_c3_d2,3,2,both_tolerable,True,0.63671875,0.8095744354916121,0.5847562783445156,0.35900676059897646,0.5847562783445156,0.22574951774553914,56848,13262,56848,43586,0.24907215289751308,0.7781057307343874,0.6426632483788267,0.4683717984801576,0.397707125001034,0.11022902600234374,1.8073012830027437,,,,,,,False,False,
refinement,rg_gamma55__raw,train,752,rg_gamma55,current,region_growing,raw,0,0,both_tolerable,True,0.63671875,0.8095744354916121,0.35900676059897646,0.35900676059897646,0.35900676059897646,0.0,13262,13262,13262,0,0.24907215289751308,0.24907215289751308,0.6426632483788267,0.6426632483788267,0.397707125001034,0.11022902600234374,0.23921815699941362,,,,,,,False,False,
refinement,rg_gamma60__closing_c3_d1,train,752,rg_gamma60,gamma60,region_growing,closing_c3_d1,3,1,both_tolerable,True,0.63671875,0.8095744354916121,0.57314453125,0.35653123634775014,0.57314453125,0.21661329490224984,27221,11561,27221,15660,0.23849323475262282,0.5145387065665273,0.7059077934434738,0.6468167958561405,0.4016396490005718,0.09717534000083106,1.5464915980010119,,,,,,,False,False,
refinement,rg_gamma60__conservative_c2_d1,train,752,rg_gamma60,gamma60,region_growing,conservative_c2_d1,2,1,both_tolerable,True,0.63671875,0.8095744354916121,0.5707593078306198,0.35653123634775014,0.5707593078306198,0.21422807148286965,26402,11561,26402,14841,0.23849323475262282,0.5055670826149216,0.7059077934434738,0.6552533898947049,0.4016396490005718,0.09717534000083106,0.6060214970020752,,,,,,,False,False,
refinement,rg_gamma60__current_c3_d2,train,752,rg_gamma60,gamma60,region_growing,current_c3_d2,3,2,both_tolerable,True,0.63671875,0.8095744354916121,0.6275336429677266,0.35653123634775014,0.6275336429677266,0.2710024066199765,49751,11561,49751,38190,0.23849323475262282,0.7699523656448172,0.7059077934434738,0.5295772949287452,0.4016396490005718,0.09717534000083106,1.8097113439980603,,,,,,,False,False,
refinement,rg_gamma60__raw,train,752,rg_gamma60,gamma60,region_growing,raw,0,0,both_tolerable,True,0.63671875,0.8095744354916121,0.35653123634775014,0.35653123634775014,0.35653123634775014,0.0,11561,11561,11561,0,0.23849323475262282,0.23849323475262282,0.7059077934434738,0.7059077934434738,0.4016396490005718,0.09717534000083106,0.23416470500160358,,,,,,,False,False,
refinement,rg_gamma65__closing_c3_d1,train,752,rg_gamma65,gamma65,region_growing,closing_c3_d1,3,1,both_tolerable,True,0.63671875,0.8095744354916121,0.6306085730714299,0.36466808919736443,0.6306085730714299,0.2659404838740655,19694,8428,19694,11266,0.2272421753996318,0.4967707998480376,0.9226388229710489,0.8631562912562202,0.3897159879998071,0.07580040299944812,1.569675880997238,,,,,,,False,False,
refinement,rg_gamma65__conservative_c2_d1,train,752,rg_gamma65,gamma65,region_growing,conservative_c2_d1,2,1,both_tolerable,True,0.63671875,0.8095744354916121,0.6247456171468045,0.36466808919736443,0.6247456171468045,0.2600775279494401,19342,8428,19342,10914,0.2272421753996318,0.4889388935971244,0.9226388229710489,0.8650087891634785,0.3897159879998071,0.07580040299944812,0.6128840450001007,,,,,,,False,False,
refinement,rg_gamma65__current_c3_d2,train,752,rg_gamma65,gamma65,region_growing,current_c3_d2,3,2,both_tolerable,True,0.63671875,0.8095744354916121,0.7314429279171195,0.36466808919736443,0.7314429279171195,0.3667748387197551,36630,8428,36630,28202,0.2272421753996318,0.7572109062216897,0.9226388229710489,0.7073710073710073,0.3897159879998071,0.07580040299944812,1.8718412609996449,,,,,,,False,False,
refinement,rg_gamma65__raw,train,752,rg_gamma65,gamma65,region_growing,raw,0,0,both_tolerable,True,0.63671875,0.8095744354916121,0.36466808919736443,0.36466808919736443,0.36466808919736443,0.0,8428,8428,8428,0,0.2272421753996318,0.2272421753996318,0.9226388229710489,0.9226388229710489,0.3897159879998071,0.07580040299944812,0.2382852679984353,,,,,,,False,False,
refinement,rg_gamma70__closing_c3_d1,train,752,rg_gamma70,gamma70,region_growing,closing_c3_d1,3,1,both_tolerable,True,0.63671875,0.8095744354916121,0.6197379846717258,0.35153009220850023,0.6197379846717258,0.2682078924632256,18755,7968,18755,10787,0.2166924807855285,0.4797042578684357,0.9305973895582329,0.8752332711276993,0.3914697250002064,0.07305833300051745,1.6019144630008668,,,,,,,False,False,
refinement,rg_gamma70__conservative_c2_d1,train,752,rg_gamma70,gamma70,region_growing,conservative_c2_d1,2,1,both_tolerable,True,0.63671875,0.8095744354916121,0.613458469488563,0.35153009220850023,0.613458469488563,0.26192837728006274,18417,7968,18417,10449,0.2166924807855285,0.47181390455594846,0.9305973895582329,0.8766357170005973,0.3914697250002064,0.07305833300051745,0.6338648330020078,,,,,,,False,False,
refinement,rg_gamma70__current_c3_d2,train,752,rg_gamma70,gamma70,region_growing,current_c3_d2,3,2,both_tolerable,True,0.63671875,0.8095744354916121,0.7309824987003986,0.35153009220850023,0.7309824987003986,0.3794524064918983,35033,7968,35033,27065,0.2166924807855285,0.7396767877494959,0.9305973895582329,0.7224902235035537,0.3914697250002064,0.07305833300051745,1.8558211919989844,,,,,,,False,False,
refinement,rg_gamma70__raw,train,752,rg_gamma70,gamma70,region_growing,raw,0,0,both_tolerable,True,0.63671875,0.8095744354916121,0.35153009220850023,0.35153009220850023,0.35153009220850023,0.0,7968,7968,7968,0,0.2166924807855285,0.2166924807855285,0.9305973895582329,0.9305973895582329,0.3914697250002064,0.07305833300051745,0.2441465400006564,,,,,,,False,False,
refinement,fc_alpha_018__closing_c3_d1,train,760,fc_alpha_018,current,fuzzy_connectedness,closing_c3_d1,3,1,both_tolerable,True,0.65625,0.8250236739027553,0.6021106079839336,0.37764088523842115,0.6021106079839336,0.2244697227455124,17528,8577,17528,8951,0.23476016225569454,0.45074178084134686,0.9649061443395126,0.9065495207667732,0.41908379799860995,2.024234208998678,1.5364448519976577,8577.0,491816.0,491816.0,0.18,8.0,False,False,False,
refinement,fc_alpha_018__conservative_c2_d1,train,760,fc_alpha_018,current,fuzzy_connectedness,conservative_c2_d1,2,1,both_tolerable,True,0.65625,0.8250236739027553,0.5997645450402552,0.37764088523842115,0.5997645450402552,0.22212365980183407,17411,8577,17411,8834,0.23476016225569454,0.4479902419652228,0.9649061443395126,0.9070702429498593,0.41908379799860995,2.024234208998678,0.5980327969991777,8577.0,491816.0,491816.0,0.18,8.0,False,False,False,
refinement,fc_alpha_018__current_c3_d2,train,760,fc_alpha_018,current,fuzzy_connectedness,current_c3_d2,3,2,both_tolerable,True,0.65625,0.8250236739027553,0.6812201952918023,0.37764088523842115,0.6812201952918023,0.3035793100533812,30802,8577,30802,22225,0.23476016225569454,0.638215187359941,0.9649061443395126,0.7304395818453348,0.41908379799860995,2.024234208998678,1.7944796750016394,8577.0,491816.0,491816.0,0.18,8.0,False,False,False,
refinement,fc_alpha_018__raw,train,760,fc_alpha_018,current,fuzzy_connectedness,raw,0,0,both_tolerable,True,0.65625,0.8250236739027553,0.37764088523842115,0.37764088523842115,0.37764088523842115,0.0,8577,8577,8577,0,0.23476016225569454,0.23476016225569454,0.9649061443395126,0.9649061443395126,0.41908379799860995,2.024234208998678,0.23332279800160904,8577.0,491816.0,491816.0,0.18,8.0,False,False,False,
refinement,fc_current__closing_c3_d1,train,760,fc_current,current,fuzzy_connectedness,closing_c3_d1,3,1,both_tolerable,True,0.65625,0.8250236739027553,0.6223514901607055,0.3992822698216889,0.6223514901607055,0.22306922033901655,19070,9332,19070,9738,0.2524891498595864,0.479505290329901,0.9538148306900985,0.886418458311484,0.41908379799860995,2.136512210003275,1.5397405690018786,9332.0,491816.0,491816.0,0.16,8.0,False,False,False,
refinement,fc_current__conservative_c2_d1,train,760,fc_current,current,fuzzy_connectedness,conservative_c2_d1,2,1,both_tolerable,True,0.65625,0.8250236739027553,0.6200018468926032,0.3992822698216889,0.6200018468926032,0.22071957707091427,18892,9332,18892,9560,0.2524891498595864,0.47612969109012,0.9538148306900985,0.8884713106076646,0.41908379799860995,2.136512210003275,0.6014733580013853,9332.0,491816.0,491816.0,0.16,8.0,False,False,False,
refinement,fc_current__current_c3_d2,train,760,fc_current,current,fuzzy_connectedness,current_c3_d2,3,2,both_tolerable,True,0.65625,0.8250236739027553,0.6834800863024083,0.3992822698216889,0.6834800863024083,0.2841978164807194,33343,9332,33343,24011,0.2524891498595864,0.664964683856693,0.9538148306900985,0.7030561137270191,0.41908379799860995,2.136512210003275,1.8165997190008056,9332.0,491816.0,491816.0,0.16,8.0,False,False,False,
refinement,fc_current__raw,train,760,fc_current,current,fuzzy_connectedness,raw,0,0,both_tolerable,True,0.65625,0.8250236739027553,0.3992822698216889,0.3992822698216889,0.3992822698216889,0.0,9332,9332,9332,0,0.2524891498595864,0.2524891498595864,0.9538148306900985,0.9538148306900985,0.41908379799860995,2.136512210003275,0.23365416399974492,9332.0,491816.0,491816.0,0.16,8.0,False,False,False,
refinement,fc_floor_020__closing_c3_d1,train,760,fc_floor_020,current,fuzzy_connectedness,closing_c3_d1,3,1,both_tolerable,True,0.65625,0.8250236739027553,0.6233689859227405,0.400564617314931,0.6233689859227405,0.2228043686078095,19161,9379,19161,9782,0.25356707230590303,0.4810938076192097,0.9530866830152468,0.8851312561974845,0.41908379799860995,2.1021274170016113,1.5553989899999578,9379.0,454660.0,454660.0,0.16,8.0,False,False,False,
refinement,fc_floor_020__conservative_c2_d1,train,760,fc_floor_020,current,fuzzy_connectedness,conservative_c2_d1,2,1,both_tolerable,True,0.65625,0.8250236739027553,0.6209020171847919,0.400564617314931,0.6209020171847919,0.2203373998698609,18981,9379,18981,9602,0.25356707230590303,0.4776047428587638,0.9530866830152468,0.8870449396765187,0.41908379799860995,2.1021274170016113,0.5994310379974195,9379.0,454660.0,454660.0,0.16,8.0,False,False,False,
refinement,fc_floor_020__current_c3_d2,train,760,fc_floor_020,current,fuzzy_connectedness,current_c3_d2,3,2,both_tolerable,True,0.65625,0.8250236739027553,0.6832511383639565,0.400564617314931,0.6832511383639565,0.2826865210490255,33486,9379,33486,24107,0.25356707230590303,0.6661277054435083,0.9530866830152468,0.7012781460909037,0.41908379799860995,2.1021274170016113,1.7991194809983426,9379.0,454660.0,454660.0,0.16,8.0,False,False,False,
refinement,fc_floor_020__raw,train,760,fc_floor_020,current,fuzzy_connectedness,raw,0,0,both_tolerable,True,0.65625,0.8250236739027553,0.400564617314931,0.400564617314931,0.400564617314931,0.0,9379,9379,9379,0,0.25356707230590303,0.25356707230590303,0.9530866830152468,0.9530866830152468,0.41908379799860995,2.1021274170016113,0.2346548690002237,9379.0,454660.0,454660.0,0.16,8.0,False,False,False,
refinement,fc_floor_022__closing_c3_d1,train,760,fc_floor_022,current,fuzzy_connectedness,closing_c3_d1,3,1,both_tolerable,True,0.65625,0.8250236739027553,0.6431378203972746,0.41592547410446934,0.6431378203972746,0.2272123462928053,20225,9832,20225,10393,0.2659631804385442,0.5060562221654895,0.9536208299430431,0.8820766378244747,0.41908379799860995,2.117408781999984,1.5322623779975402,9832.0,423267.0,423267.0,0.16,8.0,False,False,False,
refinement,fc_floor_022__conservative_c2_d1,train,760,fc_floor_022,current,fuzzy_connectedness,conservative_c2_d1,2,1,both_tolerable,True,0.65625,0.8250236739027553,0.6409894759683195,0.41592547410446934,0.6409894759683195,0.22506400186385012,20049,9832,20049,10217,0.2659631804385442,0.5027657220662072,0.9536208299430431,0.8840341164147838,0.41908379799860995,2.117408781999984,0.6005058709997684,9832.0,423267.0,423267.0,0.16,8.0,False,False,False,
refinement,fc_floor_022__current_c3_d2,train,760,fc_floor_022,current,fuzzy_connectedness,current_c3_d2,3,2,both_tolerable,True,0.65625,0.8250236739027553,0.6944672189081451,0.41592547410446934,0.6944672189081451,0.2785417448036758,35489,9832,35489,25657,0.2659631804385442,0.6967917624031997,0.9536208299430431,0.6921581335061568,0.41908379799860995,2.117408781999984,1.7814262560023053,9832.0,423267.0,423267.0,0.16,8.0,False,False,False,
refinement,fc_floor_022__raw,train,760,fc_floor_022,current,fuzzy_connectedness,raw,0,0,both_tolerable,True,0.65625,0.8250236739027553,0.41592547410446934,0.41592547410446934,0.41592547410446934,0.0,9832,9832,9832,0,0.2659631804385442,0.2659631804385442,0.9536208299430431,0.9536208299430431,0.41908379799860995,2.117408781999984,0.23272072799954913,9832.0,423267.0,423267.0,0.16,8.0,False,False,False,
refinement,fc_floor_022_alpha_018__closing_c3_d1,train,760,fc_floor_022_alpha_018,current,fuzzy_connectedness,closing_c3_d1,3,1,both_tolerable,True,0.65625,0.8250236739027553,0.6036209698756473,0.3795836559923473,0.6036209698756473,0.2240373138833,17661,8653,17661,9008,0.23637704592516948,0.453011091254645,0.9630186062637236,0.904252307343865,0.41908379799860995,1.9667810660030227,1.5336642010006472,8653.0,423267.0,423267.0,0.18,8.0,False,False,False,
refinement,fc_floor_022_alpha_018__conservative_c2_d1,train,760,fc_floor_022_alpha_018,current,fuzzy_connectedness,conservative_c2_d1,2,1,both_tolerable,True,0.65625,0.8250236739027553,0.6014470793241913,0.3795836559923473,0.6014470793241913,0.221863423331844,17543,8653,17543,8890,0.23637704592516948,0.4503730178991859,0.9630186062637236,0.905033346633985,0.41908379799860995,1.9667810660030227,0.6014277649992437,8653.0,423267.0,423267.0,0.18,8.0,False,False,False,
refinement,fc_floor_022_alpha_018__current_c3_d2,train,760,fc_floor_022_alpha_018,current,fuzzy_connectedness,current_c3_d2,3,2,both_tolerable,True,0.65625,0.8250236739027553,0.6808041778609594,0.3795836559923473,0.6808041778609594,0.3012205218686121,31001,8653,31001,22348,0.23637704592516948,0.6397469718889173,0.9630186062637236,0.7274926615270475,0.41908379799860995,1.9667810660030227,1.8128404339986446,8653.0,423267.0,423267.0,0.18,8.0,False,False,False,
refinement,fc_floor_022_alpha_018__raw,train,760,fc_floor_022_alpha_018,current,fuzzy_connectedness,raw,0,0,both_tolerable,True,0.65625,0.8250236739027553,0.3795836559923473,0.3795836559923473,0.3795836559923473,0.0,8653,8653,8653,0,0.23637704592516948,0.23637704592516948,0.9630186062637236,0.9630186062637236,0.41908379799860995,1.9667810660030227,0.23326253900086158,8653.0,423267.0,423267.0,0.18,8.0,False,False,False,
refinement,fc_floor_024__closing_c3_d1,train,760,fc_floor_024,current,fuzzy_connectedness,closing_c3_d1,3,1,both_tolerable,True,0.65625,0.8250236739027553,0.6441501421528053,0.4172371773568184,0.6441501421528053,0.22691296479598688,20321,9882,20321,10439,0.2670978356451933,0.5077298385952969,0.9528435539364501,0.8808129521184981,0.41908379799860995,2.0956705900025554,1.5386344299986376,9882.0,396710.0,396710.0,0.16,8.0,False,False,False,
refinement,fc_floor_024__conservative_c2_d1,train,760,fc_floor_024,current,fuzzy_connectedness,conservative_c2_d1,2,1,both_tolerable,True,0.65625,0.8250236739027553,0.6418214975714569,0.4172371773568184,0.6418214975714569,0.22458432021463848,20130,9882,20130,10248,0.2670978356451933,0.5041556746943523,0.9528435539364501,0.8829110779930452,0.41908379799860995,2.0956705900025554,0.5987715660012327,9882.0,396710.0,396710.0,0.16,8.0,False,False,False,
refinement,fc_floor_024__current_c3_d2,train,760,fc_floor_024,current,fuzzy_connectedness,current_c3_d2,3,2,both_tolerable,True,0.65625,0.8250236739027553,0.6941476976051707,0.4172371773568184,0.6941476976051707,0.2769105202483523,35608,9882,35608,25726,0.2670978356451933,0.6976427538081865,0.9528435539364501,0.6906874859582116,0.41908379799860995,2.0956705900025554,1.7938701159982884,9882.0,396710.0,396710.0,0.16,8.0,False,False,False,
refinement,fc_floor_024__raw,train,760,fc_floor_024,current,fuzzy_connectedness,raw,0,0,both_tolerable,True,0.65625,0.8250236739027553,0.4172371773568184,0.4172371773568184,0.4172371773568184,0.0,9882,9882,9882,0,0.2670978356451933,0.2670978356451933,0.9528435539364501,0.9528435539364501,0.41908379799860995,2.0956705900025554,0.2355958840016683,9882.0,396710.0,396710.0,0.16,8.0,False,False,False,
refinement,rg_gamma55__closing_c3_d1,train,760,rg_gamma55,current,region_growing,closing_c3_d1,3,1,both_tolerable,True,0.65625,0.8250236739027553,0.6389024456374384,0.3893925043972399,0.6389024456374384,0.24950994124019849,20070,9093,20070,10977,0.2449153263552038,0.5013190366777296,0.9495216100296932,0.8805680119581465,0.41908379799860995,0.07828627599883475,1.5322704640020675,,,,,,,False,False,
refinement,rg_gamma55__conservative_c2_d1,train,760,rg_gamma55,current,region_growing,conservative_c2_d1,2,1,both_tolerable,True,0.65625,0.8250236739027553,0.6350008176912034,0.3893925043972399,0.6350008176912034,0.24560831329396354,19780,9093,19780,10687,0.2449153263552038,0.4956457606444842,0.9495216100296932,0.8833670374115268,0.41908379799860995,0.07828627599883475,0.6006929600007425,,,,,,,False,False,
refinement,rg_gamma55__current_c3_d2,train,760,rg_gamma55,current,region_growing,current_c3_d2,3,2,both_tolerable,True,0.65625,0.8250236739027553,0.7192718351871986,0.3893925043972399,0.7192718351871986,0.32987933078995874,36489,9093,36489,27396,0.2449153263552038,0.7318809746688225,0.9495216100296932,0.7070898078873085,0.41908379799860995,0.07828627599883475,1.7846802639978705,,,,,,,False,False,
refinement,rg_gamma55__raw,train,760,rg_gamma55,current,region_growing,raw,0,0,both_tolerable,True,0.65625,0.8250236739027553,0.3893925043972399,0.3893925043972399,0.3893925043972399,0.0,9093,9093,9093,0,0.2449153263552038,0.2449153263552038,0.9495216100296932,0.9495216100296932,0.41908379799860995,0.07828627599883475,0.23404864800249925,,,,,,,False,False,
refinement,rg_gamma60__closing_c3_d1,train,760,rg_gamma60,gamma60,region_growing,closing_c3_d1,3,1,both_tolerable,True,0.65625,0.8250236739027553,0.6110581684324607,0.36650919598220427,0.6110581684324607,0.24454897245025647,18264,8353,18264,9911,0.22667574390831985,0.4638186820979775,0.9566622770262181,0.8952584318878668,0.42574019499807036,0.07202435900035198,1.5356852900004014,,,,,,,False,False,
refinement,rg_gamma60__conservative_c2_d1,train,760,rg_gamma60,gamma60,region_growing,conservative_c2_d1,2,1,both_tolerable,True,0.65625,0.8250236739027553,0.6074610349419509,0.36650919598220427,0.6074610349419509,0.24095183895974664,18064,8353,18064,9711,0.22667574390831985,0.45936516041187986,0.9566622770262181,0.8964791851195748,0.42574019499807036,0.07202435900035198,0.600329002001672,,,,,,,False,False,
refinement,rg_gamma60__current_c3_d2,train,760,rg_gamma60,gamma60,region_growing,current_c3_d2,3,2,both_tolerable,True,0.65625,0.8250236739027553,0.7021401005730324,0.36650919598220427,0.7021401005730324,0.33563090459082817,33155,8353,33155,24802,0.22667574390831985,0.6812469860721073,0.9566622770262181,0.7243553008595989,0.42574019499807036,0.07202435900035198,1.7901511960008065,,,,,,,False,False,
refinement,rg_gamma60__raw,train,760,rg_gamma60,gamma60,region_growing,raw,0,0,both_tolerable,True,0.65625,0.8250236739027553,0.36650919598220427,0.36650919598220427,0.36650919598220427,0.0,8353,8353,8353,0,0.22667574390831985,0.22667574390831985,0.9566622770262181,0.9566622770262181,0.42574019499807036,0.07202435900035198,0.23304371199992602,,,,,,,False,False,
refinement,rg_gamma65__closing_c3_d1,train,760,rg_gamma65,gamma65,region_growing,closing_c3_d1,3,1,both_tolerable,True,0.65625,0.8250236739027553,0.6022781115554461,0.3550865500323984,0.6022781115554461,0.24719156152304766,17510,7959,17510,9551,0.21762686863529346,0.45071341446118063,0.9639401934916447,0.9074243289548829,0.40918818499994813,0.07117427199773374,1.553815143997781,,,,,,,False,False,
refinement,rg_gamma65__conservative_c2_d1,train,760,rg_gamma65,gamma65,region_growing,conservative_c2_d1,2,1,both_tolerable,True,0.65625,0.8250236739027553,0.5992166108913903,0.3550865500323984,0.5992166108913903,0.24413006085899192,17339,7959,17339,9380,0.21762686863529346,0.44696905227923867,0.9639401934916447,0.9087605974969721,0.40918818499994813,0.07117427199773374,0.6260193119996984,,,,,,,False,False,
refinement,rg_gamma65__current_c3_d2,train,760,rg_gamma65,gamma65,region_growing,current_c3_d2,3,2,both_tolerable,True,0.65625,0.8250236739027553,0.7042588627171068,0.3550865500323984,0.7042588627171068,0.3491723126847084,31995,7959,31995,24036,0.21762686863529346,0.6717158823362551,0.9639401934916447,0.7401156430692296,0.40918818499994813,0.07117427199773374,1.805232316000911,,,,,,,False,False,
refinement,rg_gamma65__raw,train,760,rg_gamma65,gamma65,region_growing,raw,0,0,both_tolerable,True,0.65625,0.8250236739027553,0.3550865500323984,0.3550865500323984,0.3550865500323984,0.0,7959,7959,7959,0,0.21762686863529346,0.21762686863529346,0.9639401934916447,0.9639401934916447,0.40918818499994813,0.07117427199773374,0.23275873599777697,,,,,,,False,False,
refinement,rg_gamma70__closing_c3_d1,train,760,rg_gamma70,gamma70,region_growing,closing_c3_d1,3,1,both_tolerable,True,0.65625,0.8250236739027553,0.5734892787524366,0.3330672426746807,0.5734892787524366,0.24042203607775592,16047,7339,16047,8708,0.20120273451904802,0.417269452245199,0.9664804469273743,0.9166822459026609,0.41404991099989275,0.06470871000055922,1.5389538769995852,,,,,,,False,False,
refinement,rg_gamma70__conservative_c2_d1,train,760,rg_gamma70,gamma70,region_growing,conservative_c2_d1,2,1,both_tolerable,True,0.65625,0.8250236739027553,0.5705684572679647,0.3330672426746807,0.5705684572679647,0.237501214593284,15903,7339,15903,8564,0.20120273451904802,0.4139789521459167,0.9664804469273743,0.9176884864490976,0.41404991099989275,0.06470871000055922,0.6298265139994328,,,,,,,False,False,
refinement,rg_gamma70__current_c3_d2,train,760,rg_gamma70,gamma70,region_growing,current_c3_d2,3,2,both_tolerable,True,0.65625,0.8250236739027553,0.6889460951553874,0.3330672426746807,0.6889460951553874,0.3558788524807067,29231,7339,29231,21892,0.20120273451904802,0.6301024026324,0.9664804469273743,0.7599124217440388,0.41404991099989275,0.06470871000055922,1.7884349189989734,,,,,,,False,False,
refinement,rg_gamma70__raw,train,760,rg_gamma70,gamma70,region_growing,raw,0,0,both_tolerable,True,0.65625,0.8250236739027553,0.3330672426746807,0.3330672426746807,0.3330672426746807,0.0,7339,7339,7339,0,0.20120273451904802,0.20120273451904802,0.9664804469273743,0.9664804469273743,0.41404991099989275,0.06470871000055922,0.23306366099859588,,,,,,,False,False,
refinement,fc_alpha_018__closing_c3_d1,train,793,fc_alpha_018,current,fuzzy_connectedness,closing_c3_d1,3,1,both_tolerable,True,0.5,2.7741306352170945,0.6562420544113908,0.3935994896603051,0.6562420544113908,0.2626425647510857,8676,3889,8676,4787,0.24809006835544833,0.5188982710092481,0.9519156595525842,0.8924619640387276,0.3134800379993976,0.9501688409982307,1.1663822039990919,3889.0,351007.0,351007.0,0.18,8.0,False,False,False,
refinement,fc_alpha_018__conservative_c2_d1,train,793,fc_alpha_018,current,fuzzy_connectedness,conservative_c2_d1,2,1,both_tolerable,True,0.5,2.7741306352170945,0.6556083488885118,0.3935994896603051,0.6556083488885118,0.2620088592282067,8650,3889,8650,4761,0.24809006835544833,0.5178260286824823,0.9519156595525842,0.8932947976878612,0.3134800379993976,0.9501688409982307,0.4705956059988239,3889.0,351007.0,351007.0,0.18,8.0,False,False,False,
refinement,fc_alpha_018__current_c3_d2,train,793,fc_alpha_018,current,fuzzy_connectedness,current_c3_d2,3,2,both_tolerable,True,0.5,2.7741306352170945,0.7248465266558967,0.3935994896603051,0.7248465266558967,0.33124703699559155,16028,3889,16028,12139,0.24809006835544833,0.751708886208283,0.9519156595525842,0.6998377838782132,0.3134800379993976,0.9501688409982307,1.3543745919996582,3889.0,351007.0,351007.0,0.18,8.0,False,False,False,
refinement,fc_alpha_018__raw,train,793,fc_alpha_018,current,fuzzy_connectedness,raw,0,0,both_tolerable,True,0.5,2.7741306352170945,0.3935994896603051,0.3935994896603051,0.3935994896603051,0.0,3889,3889,3889,0,0.24809006835544833,0.24809006835544833,0.9519156595525842,0.9519156595525842,0.3134800379993976,0.9501688409982307,0.17715800999940257,3889.0,351007.0,351007.0,0.18,8.0,False,False,False,
refinement,fc_current__closing_c3_d1,train,793,fc_current,current,fuzzy_connectedness,closing_c3_d1,3,1,both_tolerable,True,0.5,2.7741306352170945,0.6732910035458068,0.4196168263223657,0.6732910035458068,0.25367417722344116,9332,4286,9332,5046,0.27007103605414823,0.5471786623776974,0.9402706486234251,0.8749464209172739,0.3134800379993976,0.9923484969986021,1.152638545998343,4286.0,351007.0,351007.0,0.16,8.0,False,False,False,
refinement,fc_current__conservative_c2_d1,train,793,fc_current,current,fuzzy_connectedness,conservative_c2_d1,2,1,both_tolerable,True,0.5,2.7741306352170945,0.6734356942380717,0.4196168263223657,0.6734356942380717,0.253818867915706,9306,4286,9306,5020,0.27007103605414823,0.5467095563597373,0.9402706486234251,0.8766387277025575,0.3134800379993976,0.9923484969986021,0.44779591000042274,4286.0,351007.0,351007.0,0.16,8.0,False,False,False,
refinement,fc_current__current_c3_d2,train,793,fc_current,current,fuzzy_connectedness,current_c3_d2,3,2,both_tolerable,True,0.5,2.7741306352170945,0.7200476354633489,0.4196168263223657,0.7200476354633489,0.30043080914098325,16987,4286,16987,12701,0.27007103605414823,0.7698699906178796,0.9402706486234251,0.6762818626008124,0.3134800379993976,0.9923484969986021,1.3932063539978117,4286.0,351007.0,351007.0,0.16,8.0,False,False,False,
refinement,fc_current__raw,train,793,fc_current,current,fuzzy_connectedness,raw,0,0,both_tolerable,True,0.5,2.7741306352170945,0.4196168263223657,0.4196168263223657,0.4196168263223657,0.0,4286,4286,4286,0,0.27007103605414823,0.27007103605414823,0.9402706486234251,0.9402706486234251,0.3134800379993976,0.9923484969986021,0.17635138499827008,4286.0,351007.0,351007.0,0.16,8.0,False,False,False,
refinement,fc_floor_020__closing_c3_d1,train,793,fc_floor_020,current,fuzzy_connectedness,closing_c3_d1,3,1,both_tolerable,True,0.5,2.7741306352170945,0.6742913563993911,0.42176375824975315,0.6742913563993911,0.25252759814963793,9385,4321,9385,5064,0.27194746012598847,0.5491891167403833,0.9391344596158296,0.8732019179541822,0.3134800379993976,0.9699420719989575,1.1584237960014434,4321.0,326666.0,326666.0,0.16,8.0,False,False,False,
refinement,fc_floor_020__conservative_c2_d1,train,793,fc_floor_020,current,fuzzy_connectedness,conservative_c2_d1,2,1,both_tolerable,True,0.5,2.7741306352170945,0.6747097092975377,0.42176375824975315,0.6747097092975377,0.25294595104778456,9364,4321,9364,5043,0.27194746012598847,0.5490550864495376,0.9391344596158296,0.874946604015378,0.3134800379993976,0.9699420719989575,0.458363472000201,4321.0,326666.0,326666.0,0.16,8.0,False,False,False,
refinement,fc_floor_020__current_c3_d2,train,793,fc_floor_020,current,fuzzy_connectedness,current_c3_d2,3,2,both_tolerable,True,0.5,2.7741306352170945,0.7191748710736052,0.42176375824975315,0.7191748710736052,0.2974111128238521,17073,4321,17073,12752,0.27194746012598847,0.7710092480900683,0.9391344596158296,0.67387102442453,0.3134800379993976,0.9699420719989575,1.3531883969990304,4321.0,326666.0,326666.0,0.16,8.0,False,False,False,
refinement,fc_floor_020__raw,train,793,fc_floor_020,current,fuzzy_connectedness,raw,0,0,both_tolerable,True,0.5,2.7741306352170945,0.42176375824975315,0.42176375824975315,0.42176375824975315,0.0,4321,4321,4321,0,0.27194746012598847,0.27194746012598847,0.9391344596158296,0.9391344596158296,0.3134800379993976,0.9699420719989575,0.178810657998838,4321.0,326666.0,326666.0,0.16,8.0,False,False,False,
refinement,fc_floor_022__closing_c3_d1,train,793,fc_floor_022,current,fuzzy_connectedness,closing_c3_d1,3,1,both_tolerable,True,0.5,2.7741306352170945,0.6753150786157067,0.4235379585906284,0.6753150786157067,0.2517771200250783,9437,4349,9437,5088,0.2734888084707144,0.5511995711030693,0.9383766383076569,0.871569354667797,0.3134800379993976,0.953061667001748,1.1588144160014053,4349.0,305766.0,305766.0,0.16,8.0,False,False,False,
refinement,fc_floor_022__conservative_c2_d1,train,793,fc_floor_022,current,fuzzy_connectedness,conservative_c2_d1,2,1,both_tolerable,True,0.5,2.7741306352170945,0.6757634293699396,0.4235379585906284,0.6757634293699396,0.2522254707793112,9409,4349,9409,5060,0.2734888084707144,0.5509315105213778,0.9383766383076569,0.8737379105112126,0.3134800379993976,0.953061667001748,0.45318530700023985,4349.0,305766.0,305766.0,0.16,8.0,False,False,False,
refinement,fc_floor_022__current_c3_d2,train,793,fc_floor_022,current,fuzzy_connectedness,current_c3_d2,3,2,both_tolerable,True,0.5,2.7741306352170945,0.7186749430737078,0.4235379585906284,0.7186749430737078,0.2951369844830794,17137,4349,17137,12788,0.2734888084707144,0.7720144752714113,0.9383766383076569,0.6722296784734785,0.3134800379993976,0.953061667001748,1.343334417000733,4349.0,305766.0,305766.0,0.16,8.0,False,False,False,
refinement,fc_floor_022__raw,train,793,fc_floor_022,current,fuzzy_connectedness,raw,0,0,both_tolerable,True,0.5,2.7741306352170945,0.4235379585906284,0.4235379585906284,0.4235379585906284,0.0,4349,4349,4349,0,0.2734888084707144,0.2734888084707144,0.9383766383076569,0.9383766383076569,0.3134800379993976,0.953061667001748,0.17653526999856695,4349.0,305766.0,305766.0,0.16,8.0,False,False,False,
refinement,fc_floor_022_alpha_018__closing_c3_d1,train,793,fc_floor_022_alpha_018,current,fuzzy_connectedness,closing_c3_d1,3,1,both_tolerable,True,0.5,2.7741306352170945,0.659324894514768,0.3978591489587197,0.659324894514768,0.26146574555604823,8778,3949,8778,4829,0.25157485591743733,0.5235893311888487,0.9506204102304381,0.8900660742766006,0.3134800379993976,0.9167073999997228,1.1596926980018907,3949.0,305766.0,305766.0,0.18,8.0,False,False,False,
refinement,fc_floor_022_alpha_018__conservative_c2_d1,train,793,fc_floor_022_alpha_018,current,fuzzy_connectedness,conservative_c2_d1,2,1,both_tolerable,True,0.5,2.7741306352170945,0.6589795573576618,0.3978591489587197,0.6589795573576618,0.26112040839894207,8754,3949,8754,4805,0.25157485591743733,0.5227851494437743,0.9506204102304381,0.8911354809230067,0.3134800379993976,0.9167073999997228,0.44778300100006163,3949.0,305766.0,305766.0,0.18,8.0,False,False,False,
refinement,fc_floor_022_alpha_018__current_c3_d2,train,793,fc_floor_022_alpha_018,current,fuzzy_connectedness,current_c3_d2,3,2,both_tolerable,True,0.5,2.7741306352170945,0.7247597312847546,0.3978591489587197,0.7247597312847546,0.32690058232603486,16189,3949,16189,12240,0.25157485591743733,0.7555287494973865,0.9506204102304381,0.6963987893013774,0.3134800379993976,0.9167073999997228,1.3427941879999707,3949.0,305766.0,305766.0,0.18,8.0,False,False,False,
refinement,fc_floor_022_alpha_018__raw,train,793,fc_floor_022_alpha_018,current,fuzzy_connectedness,raw,0,0,both_tolerable,True,0.5,2.7741306352170945,0.3978591489587197,0.3978591489587197,0.3978591489587197,0.0,3949,3949,3949,0,0.25157485591743733,0.25157485591743733,0.9506204102304381,0.9506204102304381,0.3134800379993976,0.9167073999997228,0.17566218200227013,3949.0,305766.0,305766.0,0.18,8.0,False,False,False,
refinement,fc_floor_024__closing_c3_d1,train,793,fc_floor_024,current,fuzzy_connectedness,closing_c3_d1,3,1,both_tolerable,True,0.5,2.7741306352170945,0.6771447282252783,0.4260495936221981,0.6771447282252783,0.2510951346030802,9510,4395,9510,5115,0.2757673234150918,0.5543492829379439,0.9362912400455062,0.8698212407991588,0.3134800379993976,0.9346954329994333,1.145847990999755,4395.0,287827.0,287827.0,0.16,8.0,False,False,False,
refinement,fc_floor_024__conservative_c2_d1,train,793,fc_floor_024,current,fuzzy_connectedness,conservative_c2_d1,2,1,both_tolerable,True,0.5,2.7741306352170945,0.6776202573137753,0.4260495936221981,0.6776202573137753,0.2515706636915772,9484,4395,9484,5089,0.2757673234150918,0.5541482375016754,0.9362912400455062,0.8718894981020666,0.3134800379993976,0.9346954329994333,0.4496591669994814,4395.0,287827.0,287827.0,0.16,8.0,False,False,False,
refinement,fc_floor_024__current_c3_d2,train,793,fc_floor_024,current,fuzzy_connectedness,current_c3_d2,3,2,both_tolerable,True,0.5,2.7741306352170945,0.7179439368512648,0.4260495936221981,0.7179439368512648,0.2918943432290667,17256,4395,17256,12861,0.2757673234150918,0.7740919447795201,0.9362912400455062,0.6693903569772832,0.3134800379993976,0.9346954329994333,1.3524743760026467,4395.0,287827.0,287827.0,0.16,8.0,False,False,False,
refinement,fc_floor_024__raw,train,793,fc_floor_024,current,fuzzy_connectedness,raw,0,0,both_tolerable,True,0.5,2.7741306352170945,0.4260495936221981,0.4260495936221981,0.4260495936221981,0.0,4395,4395,4395,0,0.2757673234150918,0.2757673234150918,0.9362912400455062,0.9362912400455062,0.3134800379993976,0.9346954329994333,0.1762511840024672,4395.0,287827.0,287827.0,0.16,8.0,False,False,False,
refinement,rg_gamma55__closing_c3_d1,train,793,rg_gamma55,current,region_growing,closing_c3_d1,3,1,both_tolerable,True,0.5,2.7741306352170945,0.6529033276753642,0.3952851160626583,0.6529033276753642,0.25761821161270587,10411,4421,10411,5990,0.25619890095161507,0.5542152526470983,0.8647364849581543,0.7943521275573913,0.3134800379993976,0.04242475600040052,1.1670756290004647,,,,,,,False,False,
refinement,rg_gamma55__conservative_c2_d1,train,793,rg_gamma55,current,region_growing,conservative_c2_d1,2,1,both_tolerable,True,0.5,2.7741306352170945,0.6532835108920337,0.3952851160626583,0.6532835108920337,0.2579983948293754,10234,4421,10234,5813,0.25619890095161507,0.5506634499396864,0.8647364849581543,0.8029118624193864,0.3134800379993976,0.04242475600040052,0.44859225999971386,,,,,,,False,False,
refinement,rg_gamma55__current_c3_d2,train,793,rg_gamma55,current,region_growing,current_c3_d2,3,2,both_tolerable,True,0.5,2.7741306352170945,0.7189538676607642,0.3952851160626583,0.7189538676607642,0.3236687515981059,19414,4421,19414,14993,0.25619890095161507,0.8271679399544297,0.8647364849581543,0.6357783043164726,0.3134800379993976,0.04242475600040052,1.3489564709998376,,,,,,,False,False,
refinement,rg_gamma55__raw,train,793,rg_gamma55,current,region_growing,raw,0,0,both_tolerable,True,0.5,2.7741306352170945,0.3952851160626583,0.3952851160626583,0.3952851160626583,0.0,4421,4421,4421,0,0.25619890095161507,0.25619890095161507,0.8647364849581543,0.8647364849581543,0.3134800379993976,0.04242475600040052,0.17511047399966628,,,,,,,False,False,
refinement,rg_gamma60__closing_c3_d1,train,793,rg_gamma60,gamma60,region_growing,closing_c3_d1,3,1,both_tolerable,True,0.5,2.7741306352170945,0.6302484633365076,0.3575655573049568,0.6302484633365076,0.2726829060315508,8180,3497,8180,4683,0.22068087387749633,0.48787025867846134,0.9416642836717186,0.8899755501222494,0.3161406500003068,0.03476703699925565,1.1529424529981043,,,,,,,False,False,
refinement,rg_gamma60__conservative_c2_d1,train,793,rg_gamma60,gamma60,region_growing,conservative_c2_d1,2,1,both_tolerable,True,0.5,2.7741306352170945,0.6293888166449935,0.3575655573049568,0.6293888166449935,0.27182325934003665,8148,3497,8148,4651,0.22068087387749633,0.486529955770004,0.9416642836717186,0.8910162002945509,0.3161406500003068,0.03476703699925565,0.45008059500105446,,,,,,,False,False,
refinement,rg_gamma60__current_c3_d2,train,793,rg_gamma60,gamma60,region_growing,current_c3_d2,3,2,both_tolerable,True,0.5,2.7741306352170945,0.7309044318144485,0.3575655573049568,0.7309044318144485,0.3733388745094917,15517,3497,15517,12020,0.22068087387749633,0.7454764776839565,0.9416642836717186,0.7168911516401366,0.3161406500003068,0.03476703699925565,1.3417018380023364,,,,,,,False,False,
refinement,rg_gamma60__raw,train,793,rg_gamma60,gamma60,region_growing,raw,0,0,both_tolerable,True,0.5,2.7741306352170945,0.3575655573049568,0.3575655573049568,0.3575655573049568,0.0,3497,3497,3497,0,0.22068087387749633,0.22068087387749633,0.9416642836717186,0.9416642836717186,0.3161406500003068,0.03476703699925565,0.17735270600314834,,,,,,,False,False,
refinement,rg_gamma65__closing_c3_d1,train,793,rg_gamma65,gamma65,region_growing,closing_c3_d1,3,1,both_tolerable,True,0.5,2.7741306352170945,0.6176807255437176,0.34304846588726057,0.6176807255437176,0.274632259656457,7792,3297,7792,4495,0.2094223294464549,0.47011124514140196,0.9478313618441007,0.900282340862423,0.3095243470015703,0.04639747600231203,1.1637829290011723,,,,,,,False,False,
refinement,rg_gamma65__conservative_c2_d1,train,793,rg_gamma65,gamma65,region_growing,conservative_c2_d1,2,1,both_tolerable,True,0.5,2.7741306352170945,0.6168496230657321,0.34304846588726057,0.6168496230657321,0.27380115717847153,7761,3297,7761,4464,0.2094223294464549,0.46883795737836753,0.9478313618441007,0.9014302280633939,0.3095243470015703,0.04639747600231203,0.4736548960026994,,,,,,,False,False,
refinement,rg_gamma65__current_c3_d2,train,793,rg_gamma65,gamma65,region_growing,current_c3_d2,3,2,both_tolerable,True,0.5,2.7741306352170945,0.7312520980194697,0.34304846588726057,0.7312520980194697,0.3882036321322091,14868,3297,14868,11571,0.2094223294464549,0.7299289639458517,0.9478313618441007,0.7325800376647834,0.3095243470015703,0.04639747600231203,1.3441292180032178,,,,,,,False,False,
refinement,rg_gamma65__raw,train,793,rg_gamma65,gamma65,region_growing,raw,0,0,both_tolerable,True,0.5,2.7741306352170945,0.34304846588726057,0.34304846588726057,0.34304846588726057,0.0,3297,3297,3297,0,0.2094223294464549,0.2094223294464549,0.9478313618441007,0.9478313618441007,0.3095243470015703,0.04639747600231203,0.18933168800140265,,,,,,,False,False,
refinement,rg_gamma70__closing_c3_d1,train,793,rg_gamma70,gamma70,region_growing,closing_c3_d1,3,1,both_tolerable,True,0.5,2.7741306352170945,0.6034065441506051,0.32566155214587506,0.6034065441506051,0.2777449920047301,7388,3066,7388,4322,0.19628736094357324,0.45107894384130814,0.9553163731245923,0.9110720086626962,0.30934279799839715,0.03174574200238567,1.154896825999458,,,,,,,False,False,
refinement,rg_gamma70__conservative_c2_d1,train,793,rg_gamma70,gamma70,region_growing,conservative_c2_d1,2,1,both_tolerable,True,0.5,2.7741306352170945,0.6026204792246254,0.32566155214587506,0.6026204792246254,0.2769589270787503,7364,3066,7364,4298,0.19628736094357324,0.4500067015145423,0.9553163731245923,0.9118685497012493,0.30934279799839715,0.03174574200238567,0.4487537909990351,,,,,,,False,False,
refinement,rg_gamma70__current_c3_d2,train,793,rg_gamma70,gamma70,region_growing,current_c3_d2,3,2,both_tolerable,True,0.5,2.7741306352170945,0.7317658349328215,0.32566155214587506,0.7317658349328215,0.4061042827869465,14254,3066,14254,11188,0.19628736094357324,0.7153866773890899,0.9553163731245923,0.7489125859407886,0.30934279799839715,0.03174574200238567,1.3454117050023342,,,,,,,False,False,
refinement,rg_gamma70__raw,train,793,rg_gamma70,gamma70,region_growing,raw,0,0,both_tolerable,True,0.5,2.7741306352170945,0.32566155214587506,0.32566155214587506,0.32566155214587506,0.0,3066,3066,3066,0,0.19628736094357324,0.19628736094357324,0.9553163731245923,0.9553163731245923,0.30934279799839715,0.03174574200238567,0.1754372629984573,,,,,,,False,False,
refinement,fc_alpha_018__closing_c3_d1,train,836,fc_alpha_018,current,fuzzy_connectedness,closing_c3_d1,3,1,both_tolerable,True,1.029961908617559,0.5,0.6135732369785906,0.38539948149893943,0.6135732369785906,0.22817375547965113,13495,6756,13495,6739,0.24058408121229954,0.4590628218331617,0.9681764357608053,0.9248610596517228,0.39645695699800854,1.5737430610024603,1.573140936998243,6756.0,545218.0,500000.0,0.18,8.0,False,False,True,
refinement,fc_alpha_018__conservative_c2_d1,train,836,fc_alpha_018,current,fuzzy_connectedness,conservative_c2_d1,2,1,both_tolerable,True,1.029961908617559,0.5,0.6124689261365035,0.38539948149893943,0.6124689261365035,0.22706944463756407,13441,6756,13441,6685,0.24058408121229954,0.45762836545534796,0.9681764357608053,0.925675172978201,0.39645695699800854,1.5737430610024603,0.6113955610017001,6756.0,545218.0,500000.0,0.18,8.0,False,False,True,
refinement,fc_alpha_018__current_c3_d2,train,836,fc_alpha_018,current,fuzzy_connectedness,current_c3_d2,3,2,both_tolerable,True,1.029961908617559,0.5,0.7127279897466233,0.38539948149893943,0.7127279897466233,0.3273285082476839,23527,6756,23527,16771,0.24058408121229954,0.6647417978519935,0.9681764357608053,0.7681812385769541,0.39645695699800854,1.5737430610024603,1.7935144920011226,6756.0,545218.0,500000.0,0.18,8.0,False,False,True,
refinement,fc_alpha_018__raw,train,836,fc_alpha_018,current,fuzzy_connectedness,raw,0,0,both_tolerable,True,1.029961908617559,0.5,0.38539948149893943,0.38539948149893943,0.38539948149893943,0.0,6756,6756,6756,0,0.24058408121229954,0.24058408121229954,0.9681764357608053,0.9681764357608053,0.39645695699800854,1.5737430610024603,0.23921683500157087,6756.0,545218.0,500000.0,0.18,8.0,False,False,True,
refinement,fc_current__closing_c3_d1,train,836,fc_current,current,fuzzy_connectedness,closing_c3_d1,3,1,both_tolerable,True,1.029961908617559,0.5,0.6313185889585284,0.40523520705766275,0.6313185889585284,0.2260833819008657,14455,7271,14455,7184,0.25680447256142414,0.48348536118875973,0.9602530601017741,0.9093739190591491,0.39645695699800854,1.6633038580002903,1.5467325300014636,7271.0,545218.0,500000.0,0.16,8.0,False,False,True,
refinement,fc_current__conservative_c2_d1,train,836,fc_current,current,fuzzy_connectedness,conservative_c2_d1,2,1,both_tolerable,True,1.029961908617559,0.5,0.6301383042693927,0.40523520705766275,0.6301383042693927,0.2249030972117299,14387,7271,14387,7116,0.25680447256142414,0.4817934382815948,0.9602530601017741,0.9104747341349829,0.39645695699800854,1.6633038580002903,0.5982028650032589,7271.0,545218.0,500000.0,0.16,8.0,False,False,True,
refinement,fc_current__current_c3_d2,train,836,fc_current,current,fuzzy_connectedness,current_c3_d2,3,2,both_tolerable,True,1.029961908617559,0.5,0.7174465969287258,0.40523520705766275,0.7174465969287258,0.31221138987106306,25103,7271,25103,17832,0.25680447256142414,0.6899367367956452,0.9602530601017741,0.7472413655738358,0.39645695699800854,1.6633038580002903,1.8045434439991368,7271.0,545218.0,500000.0,0.16,8.0,False,False,True,
refinement,fc_current__raw,train,836,fc_current,current,fuzzy_connectedness,raw,0,0,both_tolerable,True,1.029961908617559,0.5,0.40523520705766275,0.40523520705766275,0.40523520705766275,0.0,7271,7271,7271,0,0.25680447256142414,0.25680447256142414,0.9602530601017741,0.9602530601017741,0.39645695699800854,1.6633038580002903,0.23605152499658288,7271.0,545218.0,500000.0,0.16,8.0,False,False,True,
refinement,fc_floor_020__closing_c3_d1,train,836,fc_floor_020,current,fuzzy_connectedness,closing_c3_d1,3,1,both_tolerable,True,1.029961908617559,0.5,0.6320915393288076,0.4062635928664637,0.6320915393288076,0.2258279464623439,14499,7297,14499,7202,0.25765043401500665,0.4845887891716934,0.9599835548855694,0.9086833574729292,0.39645695699800854,1.6260880699992413,1.5394683919985255,7297.0,510486.0,500000.0,0.16,8.0,False,False,True,
refinement,fc_floor_020__conservative_c2_d1,train,836,fc_floor_020,current,fuzzy_connectedness,conservative_c2_d1,2,1,both_tolerable,True,1.029961908617559,0.5,0.6309289249843818,0.4062635928664637,0.6309289249843818,0.22466533211791812,14430,7297,14430,7133,0.25765043401500665,0.4828968662645285,0.9599835548855694,0.9098406098406099,0.39645695699800854,1.6260880699992413,0.6286905950000801,7297.0,510486.0,500000.0,0.16,8.0,False,False,True,
refinement,fc_floor_020__current_c3_d2,train,836,fc_floor_020,current,fuzzy_connectedness,current_c3_d2,3,2,both_tolerable,True,1.029961908617559,0.5,0.7171771175437257,0.4062635928664637,0.7171771175437257,0.310913524677262,25184,7297,25184,17887,0.25765043401500665,0.6907459173164632,0.9599835548855694,0.7457115628970775,0.39645695699800854,1.6260880699992413,1.7904876960019465,7297.0,510486.0,500000.0,0.16,8.0,False,False,True,
refinement,fc_floor_020__raw,train,836,fc_floor_020,current,fuzzy_connectedness,raw,0,0,both_tolerable,True,1.029961908617559,0.5,0.4062635928664637,0.4062635928664637,0.4062635928664637,0.0,7297,7297,7297,0,0.25765043401500665,0.25765043401500665,0.9599835548855694,0.9599835548855694,0.39645695699800854,1.6260880699992413,0.23537479000151507,7297.0,510486.0,500000.0,0.16,8.0,False,False,True,
refinement,fc_floor_022__closing_c3_d1,train,836,fc_floor_022,current,fuzzy_connectedness,closing_c3_d1,3,1,both_tolerable,True,1.029961908617559,0.5,0.632865289691858,0.4075554783011762,0.632865289691858,0.22530981139068174,14546,7330,14546,7216,0.2587170810651758,0.4857289980873915,0.9596180081855389,0.9078784545579541,0.39645695699800854,1.5864718279990484,1.5342790859976958,7330.0,480618.0,480618.0,0.16,8.0,False,False,False,
refinement,fc_floor_022__conservative_c2_d1,train,836,fc_floor_022,current,fuzzy_connectedness,conservative_c2_d1,2,1,both_tolerable,True,1.029961908617559,0.5,0.6316724270353302,0.4075554783011762,0.6316724270353302,0.224116948734154,14476,7330,14476,7146,0.2587170810651758,0.4840002942474621,0.9596180081855389,0.9090218292345952,0.39645695699800854,1.5864718279990484,0.5999490900030651,7330.0,480618.0,480618.0,0.16,8.0,False,False,False,
refinement,fc_floor_022__current_c3_d2,train,836,fc_floor_022,current,fuzzy_connectedness,current_c3_d2,3,2,both_tolerable,True,1.029961908617559,0.5,0.717056703095497,0.4075554783011762,0.717056703095497,0.30950122479432074,25243,7330,25243,17913,0.2587170810651758,0.6914079741062233,0.9596180081855389,0.7446816939349523,0.39645695699800854,1.5864718279990484,1.7883431050031504,7330.0,480618.0,480618.0,0.16,8.0,False,False,False,
refinement,fc_floor_022__raw,train,836,fc_floor_022,current,fuzzy_connectedness,raw,0,0,both_tolerable,True,1.029961908617559,0.5,0.4075554783011762,0.4075554783011762,0.4075554783011762,0.0,7330,7330,7330,0,0.2587170810651758,0.2587170810651758,0.9596180081855389,0.9596180081855389,0.39645695699800854,1.5864718279990484,0.23716237200278556,7330.0,480618.0,480618.0,0.16,8.0,False,False,False,
refinement,fc_floor_022_alpha_018__closing_c3_d1,train,836,fc_floor_022_alpha_018,current,fuzzy_connectedness,closing_c3_d1,3,1,both_tolerable,True,1.029961908617559,0.5,0.6174447354892408,0.38853615520282186,0.6174447354892408,0.22890858028641897,13661,6832,13661,6829,0.24308518464028248,0.4638443430925408,0.9673594847775175,0.9231388624551643,0.39645695699800854,1.5657180849993892,1.5623468609992415,6832.0,480618.0,480618.0,0.18,8.0,False,False,False,
refinement,fc_floor_022_alpha_018__conservative_c2_d1,train,836,fc_floor_022_alpha_018,current,fuzzy_connectedness,conservative_c2_d1,2,1,both_tolerable,True,1.029961908617559,0.5,0.6163990685132982,0.38853615520282186,0.6163990685132982,0.2278629133104763,13607,6832,13607,6775,0.24308518464028248,0.46244666764749154,0.9673594847775175,0.9240097008892482,0.39645695699800854,1.5657180849993892,0.6049946610000916,6832.0,480618.0,480618.0,0.18,8.0,False,False,False,
refinement,fc_floor_022_alpha_018__current_c3_d2,train,836,fc_floor_022_alpha_018,current,fuzzy_connectedness,current_c3_d2,3,2,both_tolerable,True,1.029961908617559,0.5,0.7153050023522032,0.38853615520282186,0.7153050023522032,0.3267688471493813,23828,6832,23828,16996,0.24308518464028248,0.6711048992202442,0.9673594847775175,0.7657377874769179,0.39645695699800854,1.5657180849993892,1.818134392000502,6832.0,480618.0,480618.0,0.18,8.0,False,False,False,
refinement,fc_floor_022_alpha_018__raw,train,836,fc_floor_022_alpha_018,current,fuzzy_connectedness,raw,0,0,both_tolerable,True,1.029961908617559,0.5,0.38853615520282186,0.38853615520282186,0.38853615520282186,0.0,6832,6832,6832,0,0.24308518464028248,0.24308518464028248,0.9673594847775175,0.9673594847775175,0.39645695699800854,1.5657180849993892,0.2398702719983703,6832.0,480618.0,480618.0,0.18,8.0,False,False,False,
refinement,fc_floor_024__closing_c3_d1,train,836,fc_floor_024,current,fuzzy_connectedness,closing_c3_d1,3,1,both_tolerable,True,1.029961908617559,0.5,0.6339176811039628,0.4086818116046882,0.6339176811039628,0.22523586949927465,14625,7367,14625,7258,0.2597101662498161,0.48745770192732085,0.9584634179448893,0.9061880341880342,0.39645695699800854,1.577547233999212,1.5530920410019462,7367.0,455181.0,455181.0,0.16,8.0,False,False,False,
refinement,fc_floor_024__conservative_c2_d1,train,836,fc_floor_024,current,fuzzy_connectedness,conservative_c2_d1,2,1,both_tolerable,True,1.029961908617559,0.5,0.6324970646730406,0.4086818116046882,0.6324970646730406,0.22381525306835237,14545,7367,14545,7178,0.2597101662498161,0.48543475062527586,0.9584634179448893,0.9073908559642488,0.39645695699800854,1.577547233999212,0.5978640789981,7367.0,455181.0,455181.0,0.16,8.0,False,False,False,
refinement,fc_floor_024__current_c3_d2,train,836,fc_floor_024,current,fuzzy_connectedness,current_c3_d2,3,2,both_tolerable,True,1.029961908617559,0.5,0.716729784764116,0.4086818116046882,0.716729784764116,0.3080479731594278,25359,7367,25359,17992,0.2597101662498161,0.6926217448874503,0.9584634179448893,0.7425766000236602,0.39645695699800854,1.577547233999212,1.8234146110007714,7367.0,455181.0,455181.0,0.16,8.0,False,False,False,
refinement,fc_floor_024__raw,train,836,fc_floor_024,current,fuzzy_connectedness,raw,0,0,both_tolerable,True,1.029961908617559,0.5,0.4086818116046882,0.4086818116046882,0.4086818116046882,0.0,7367,7367,7367,0,0.2597101662498161,0.2597101662498161,0.9584634179448893,0.9584634179448893,0.39645695699800854,1.577547233999212,0.23519780499918852,7367.0,455181.0,455181.0,0.16,8.0,False,False,False,
refinement,rg_gamma55__closing_c3_d1,train,836,rg_gamma55,current,region_growing,closing_c3_d1,3,1,both_tolerable,True,1.029961908617559,0.5,0.630288370328211,0.3899459301475961,0.630288370328211,0.24034244018061485,14980,7027,14980,7953,0.24536560247167868,0.48878181550684124,0.9493382666856411,0.8871161548731642,0.39645695699800854,0.06292272600330762,1.5410478550002153,,,,,,,False,False,
refinement,rg_gamma55__conservative_c2_d1,train,836,rg_gamma55,current,region_growing,conservative_c2_d1,2,1,both_tolerable,True,1.029961908617559,0.5,0.6296234707209882,0.3899459301475961,0.6296234707209882,0.23967754057339213,14907,7027,14907,7880,0.24536560247167868,0.4874209209945564,0.9493382666856411,0.8889783323270947,0.39645695699800854,0.06292272600330762,0.630626960999507,,,,,,,False,False,
refinement,rg_gamma55__current_c3_d2,train,836,rg_gamma55,current,region_growing,current_c3_d2,3,2,both_tolerable,True,1.029961908617559,0.5,0.7369545596876094,0.3899459301475961,0.7369545596876094,0.34700862954001327,27103,7027,27103,20076,0.24536560247167868,0.7358025599529204,0.9493382666856411,0.7381101723056488,0.39645695699800854,0.06292272600330762,1.7931113129998266,,,,,,,False,False,
refinement,rg_gamma55__raw,train,836,rg_gamma55,current,region_growing,raw,0,0,both_tolerable,True,1.029961908617559,0.5,0.3899459301475961,0.3899459301475961,0.3899459301475961,0.0,7027,7027,7027,0,0.24536560247167868,0.24536560247167868,0.9493382666856411,0.9493382666856411,0.39645695699800854,0.06292272600330762,0.23473281699989457,,,,,,,False,False,
refinement,rg_gamma60__closing_c3_d1,train,836,rg_gamma60,gamma60,region_growing,closing_c3_d1,3,1,both_tolerable,True,1.029961908617559,0.5,0.601635687732342,0.35958688819039064,0.601635687732342,0.24204879954195135,13162,6217,13162,6945,0.22090628218331618,0.44644696189495364,0.9660608010294354,0.9222002735146634,0.3961044360003143,0.05718300800072029,1.5485178800008725,,,,,,,False,False,
refinement,rg_gamma60__conservative_c2_d1,train,836,rg_gamma60,gamma60,region_growing,conservative_c2_d1,2,1,both_tolerable,True,1.029961908617559,0.5,0.6006998734271461,0.35958688819039064,0.6006998734271461,0.2411129852367555,13105,6217,13105,6888,0.22090628218331618,0.4451228483154333,0.9660608010294354,0.9234643265929035,0.3961044360003143,0.05718300800072029,0.6033508049986267,,,,,,,False,False,
refinement,rg_gamma60__current_c3_d2,train,836,rg_gamma60,gamma60,region_growing,current_c3_d2,3,2,both_tolerable,True,1.029961908617559,0.5,0.7297975835556253,0.35958688819039064,0.7297975835556253,0.37021069536523465,23796,6217,23796,17579,0.22090628218331618,0.6842724731499191,0.9660608010294354,0.7818120692553371,0.3961044360003143,0.05718300800072029,1.8178872220014455,,,,,,,False,False,
refinement,rg_gamma60__raw,train,836,rg_gamma60,gamma60,region_growing,raw,0,0,both_tolerable,True,1.029961908617559,0.5,0.35958688819039064,0.35958688819039064,0.35958688819039064,0.0,6217,6217,6217,0,0.22090628218331618,0.22090628218331618,0.9660608010294354,0.9660608010294354,0.3961044360003143,0.05718300800072029,0.23614669000016875,,,,,,,False,False,
refinement,rg_gamma65__closing_c3_d1,train,836,rg_gamma65,gamma65,region_growing,closing_c3_d1,3,1,both_tolerable,True,1.029961908617559,0.5,0.5845267863908464,0.3444770520073821,0.5845267863908464,0.24004973438346433,12403,5865,12403,6538,0.20939385022804177,0.42559217301750774,0.9706734867860187,0.9329194549705716,0.39378745300200535,0.05509021599937114,1.5676784940005746,,,,,,,False,False,
refinement,rg_gamma65__conservative_c2_d1,train,836,rg_gamma65,gamma65,region_growing,conservative_c2_d1,2,1,both_tolerable,True,1.029961908617559,0.5,0.5841844473657599,0.3444770520073821,0.5841844473657599,0.23970739535837782,12368,5865,12368,6503,0.20939385022804177,0.424966897160512,0.9706734867860187,0.9341849935316947,0.39378745300200535,0.05509021599937114,0.6061677770012466,,,,,,,False,False,
refinement,rg_gamma65__current_c3_d2,train,836,rg_gamma65,gamma65,region_growing,current_c3_d2,3,2,both_tolerable,True,1.029961908617559,0.5,0.7211879432624113,0.3444770520073821,0.7211879432624113,0.3767108912550292,22444,5865,22444,16579,0.20939385022804177,0.6582683536854494,0.9706734867860187,0.7974068793441454,0.39378745300200535,0.05509021599937114,1.814124869000807,,,,,,,False,False,
refinement,rg_gamma65__raw,train,836,rg_gamma65,gamma65,region_growing,raw,0,0,both_tolerable,True,1.029961908617559,0.5,0.3444770520073821,0.3444770520073821,0.3444770520073821,0.0,5865,5865,5865,0,0.20939385022804177,0.20939385022804177,0.9706734867860187,0.9706734867860187,0.39378745300200535,0.05509021599937114,0.2361291169981996,,,,,,,False,False,
refinement,rg_gamma70__closing_c3_d1,train,836,rg_gamma70,gamma70,region_growing,closing_c3_d1,3,1,both_tolerable,True,1.029961908617559,0.5,0.5712454494180382,0.33109387406095403,0.5712454494180382,0.2401515753570842,11818,5558,11818,6260,0.19938943651611005,0.4097763719287921,0.9753508456279237,0.9427145033000508,0.3943237200001022,0.05216661600206862,1.55335048300185,,,,,,,False,False,
refinement,rg_gamma70__conservative_c2_d1,train,836,rg_gamma70,gamma70,region_growing,conservative_c2_d1,2,1,both_tolerable,True,1.029961908617559,0.5,0.5703871033987062,0.33109387406095403,0.5703871033987062,0.2392932293377522,11768,5558,11768,6210,0.19938943651611005,0.408636163013094,0.9753508456279237,0.9440856560163154,0.3943237200001022,0.05216661600206862,0.6056461660009518,,,,,,,False,False,
refinement,rg_gamma70__current_c3_d2,train,836,rg_gamma70,gamma70,region_growing,current_c3_d2,3,2,both_tolerable,True,1.029961908617559,0.5,0.7172612316233166,0.33109387406095403,0.7172612316233166,0.38616735756236253,21447,5558,21447,15889,0.19938943651611005,0.6415330292776225,0.9753508456279237,0.8132605958875367,0.3943237200001022,0.05216661600206862,1.8025866549978673,,,,,,,False,False,
refinement,rg_gamma70__raw,train,836,rg_gamma70,gamma70,region_growing,raw,0,0,both_tolerable,True,1.029961908617559,0.5,0.33109387406095403,0.33109387406095403,0.33109387406095403,0.0,5558,5558,5558,0,0.19938943651611005,0.19938943651611005,0.9753508456279237,0.9753508456279237,0.3943237200001022,0.05216661600206862,0.23390310499962652,,,,,,,False,False,
refinement,fc_alpha_018__closing_c3_d1,train,854,fc_alpha_018,current,fuzzy_connectedness,closing_c3_d1,3,1,both_tolerable,True,1.2734375,0.0,0.5720780747824724,0.354296875,0.5720780747824724,0.2177811997824724,13895,6344,13895,7551,0.2232523793895635,0.4490892681325894,0.8578184110970997,0.7878373515653113,0.3967253230002825,1.5346865479987173,1.5913818939989142,6344.0,566738.0,500000.0,0.18,8.0,False,False,True,
refinement,fc_alpha_018__conservative_c2_d1,train,854,fc_alpha_018,current,fuzzy_connectedness,conservative_c2_d1,2,1,both_tolerable,True,1.2734375,0.0,0.5716003869584543,0.354296875,0.5716003869584543,0.21730351195845427,13871,6344,13871,7527,0.2232523793895635,0.448432884804726,0.8578184110970997,0.78804700454185,0.3967253230002825,1.5346865479987173,0.6076463460012747,6344.0,566738.0,500000.0,0.18,8.0,False,False,True,
refinement,fc_alpha_018__current_c3_d2,train,854,fc_alpha_018,current,fuzzy_connectedness,current_c3_d2,3,2,both_tolerable,True,1.2734375,0.0,0.6271678034924889,0.354296875,0.6271678034924889,0.2728709284924889,25617,6344,25617,19273,0.2232523793895635,0.6431325894322284,0.8578184110970997,0.6119764219073272,0.3967253230002825,1.5346865479987173,1.877262060999783,6344.0,566738.0,500000.0,0.18,8.0,False,False,True,
refinement,fc_alpha_018__raw,train,854,fc_alpha_018,current,fuzzy_connectedness,raw,0,0,both_tolerable,True,1.2734375,0.0,0.354296875,0.354296875,0.354296875,0.0,6344,6344,6344,0,0.2232523793895635,0.2232523793895635,0.8578184110970997,0.8578184110970997,0.3967253230002825,1.5346865479987173,0.23737187200094922,6344.0,566738.0,500000.0,0.18,8.0,False,False,True,
refinement,fc_current__closing_c3_d1,train,854,fc_current,current,fuzzy_connectedness,closing_c3_d1,3,1,both_tolerable,True,1.2734375,0.0,0.5871295383915713,0.3759034610118763,0.5871295383915713,0.211226077379695,15203,7031,15203,8172,0.2421644240236298,0.4766573679028553,0.8395676290712558,0.7642570545287114,0.3967253230002825,1.5801263620014652,1.5440522419994522,7031.0,566738.0,500000.0,0.16,8.0,False,False,True,
refinement,fc_current__conservative_c2_d1,train,854,fc_current,current,fuzzy_connectedness,conservative_c2_d1,2,1,both_tolerable,True,1.2734375,0.0,0.5867057871307163,0.3759034610118763,0.5867057871307163,0.21080232611883998,15160,7031,15160,8129,0.2421644240236298,0.47579586478503444,0.8395676290712558,0.7650395778364116,0.3967253230002825,1.5801263620014652,0.6298805010010256,7031.0,566738.0,500000.0,0.16,8.0,False,False,True,
refinement,fc_current__current_c3_d2,train,854,fc_current,current,fuzzy_connectedness,current_c3_d2,3,2,both_tolerable,True,1.2734375,0.0,0.6256610715106922,0.3759034610118763,0.6256610715106922,0.24975761049881584,27812,7031,27812,20781,0.2421644240236298,0.6697571381686905,0.8395676290712558,0.5870128002301165,0.3967253230002825,1.5801263620014652,1.8013741089998803,7031.0,566738.0,500000.0,0.16,8.0,False,False,True,
refinement,fc_current__raw,train,854,fc_current,current,fuzzy_connectedness,raw,0,0,both_tolerable,True,1.2734375,0.0,0.3759034610118763,0.3759034610118763,0.3759034610118763,0.0,7031,7031,7031,0,0.2421644240236298,0.2421644240236298,0.8395676290712558,0.8395676290712558,0.3967253230002825,1.5801263620014652,0.2358031959993241,7031.0,566738.0,500000.0,0.16,8.0,False,False,True,
refinement,fc_floor_020__closing_c3_d1,train,854,fc_floor_020,current,fuzzy_connectedness,closing_c3_d1,3,1,both_tolerable,True,1.2734375,0.0,0.5883509833585476,0.3775792452230312,0.5883509833585476,0.21077173813551642,15284,7077,15284,8207,0.24360026255333114,0.47862651788644567,0.8390560972163346,0.7633472912850039,0.3967253230002825,1.6377871229997254,1.6517733140026394,7077.0,527076.0,500000.0,0.16,8.0,False,False,True,
refinement,fc_floor_020__conservative_c2_d1,train,854,fc_floor_020,current,fuzzy_connectedness,conservative_c2_d1,2,1,both_tolerable,True,1.2734375,0.0,0.5878937802907916,0.3775792452230312,0.5878937802907916,0.21031453506776043,15240,7077,15240,8163,0.24360026255333114,0.47772399081063344,0.8390560972163346,0.7641076115485564,0.3967253230002825,1.6377871229997254,0.6285070539997832,7077.0,527076.0,500000.0,0.16,8.0,False,False,True,
refinement,fc_floor_020__current_c3_d2,train,854,fc_floor_020,current,fuzzy_connectedness,current_c3_d2,3,2,both_tolerable,True,1.2734375,0.0,0.6252724144523035,0.3775792452230312,0.6252724144523035,0.24769316922927231,27934,7077,27934,20857,0.24360026255333114,0.6709058089924516,0.8390560972163346,0.5854514212071311,0.3967253230002825,1.6377871229997254,1.8639604429990868,7077.0,527076.0,500000.0,0.16,8.0,False,False,True,
refinement,fc_floor_020__raw,train,854,fc_floor_020,current,fuzzy_connectedness,raw,0,0,both_tolerable,True,1.2734375,0.0,0.3775792452230312,0.3775792452230312,0.3775792452230312,0.0,7077,7077,7077,0,0.24360026255333114,0.24360026255333114,0.8390560972163346,0.8390560972163346,0.3967253230002825,1.6377871229997254,0.24250107999978354,7077.0,527076.0,500000.0,0.16,8.0,False,False,True,
refinement,fc_floor_022__closing_c3_d1,train,854,fc_floor_022,current,fuzzy_connectedness,closing_c3_d1,3,1,both_tolerable,True,1.2734375,0.0,0.5894101370896743,0.3793595887150519,0.5894101370896743,0.2100505483746224,15379,7135,15379,8244,0.24520019691499836,0.4806366918280276,0.8377014716187806,0.7618180635932115,0.3967253230002825,1.6019479110000248,1.5859372449995135,7135.0,493827.0,493827.0,0.16,8.0,False,False,False,
refinement,fc_floor_022__conservative_c2_d1,train,854,fc_floor_022,current,fuzzy_connectedness,conservative_c2_d1,2,1,both_tolerable,True,1.2734375,0.0,0.5889996977938954,0.3793595887150519,0.5889996977938954,0.2096401090788435,15332,7135,15332,8197,0.24520019691499836,0.4797341647522153,0.8377014716187806,0.7627184972606313,0.3967253230002825,1.6019479110000248,0.6127312730022823,7135.0,493827.0,493827.0,0.16,8.0,False,False,False,
refinement,fc_floor_022__current_c3_d2,train,854,fc_floor_022,current,fuzzy_connectedness,current_c3_d2,3,2,both_tolerable,True,1.2734375,0.0,0.6248975155871642,0.3793595887150519,0.6248975155871642,0.24553792687211234,28071,7135,28071,20936,0.24520019691499836,0.67225959960617,0.8377014716187806,0.5837697267642763,0.3967253230002825,1.6019479110000248,1.8642558909996296,7135.0,493827.0,493827.0,0.16,8.0,False,False,False,
refinement,fc_floor_022__raw,train,854,fc_floor_022,current,fuzzy_connectedness,raw,0,0,both_tolerable,True,1.2734375,0.0,0.3793595887150519,0.3793595887150519,0.3793595887150519,0.0,7135,7135,7135,0,0.24520019691499836,0.24520019691499836,0.8377014716187806,0.8377014716187806,0.3967253230002825,1.6019479110000248,0.23919050299809896,7135.0,493827.0,493827.0,0.16,8.0,False,False,False,
refinement,fc_floor_022_alpha_018__closing_c3_d1,train,854,fc_floor_022_alpha_018,current,fuzzy_connectedness,closing_c3_d1,3,1,both_tolerable,True,1.2734375,0.0,0.5728203135121129,0.35735336982219773,0.5728203135121129,0.2154669436899152,14219,6501,14219,7718,0.22632917623892354,0.4534788316376764,0.8486386709736964,0.7774105070680076,0.3967253230002825,1.5615883949976705,1.5885892000005697,6501.0,493827.0,493827.0,0.18,8.0,False,False,False,
refinement,fc_floor_022_alpha_018__conservative_c2_d1,train,854,fc_floor_022_alpha_018,current,fuzzy_connectedness,conservative_c2_d1,2,1,both_tolerable,True,1.2734375,0.0,0.572273069045088,0.35735336982219773,0.572273069045088,0.21491969922289028,14193,6501,14193,7692,0.22632917623892354,0.45274040039383,0.8486386709736964,0.7775664059747763,0.3967253230002825,1.5615883949976705,0.6182220589980716,6501.0,493827.0,493827.0,0.18,8.0,False,False,False,
refinement,fc_floor_022_alpha_018__current_c3_d2,train,854,fc_floor_022_alpha_018,current,fuzzy_connectedness,current_c3_d2,3,2,both_tolerable,True,1.2734375,0.0,0.6231809553938628,0.35735336982219773,0.6231809553938628,0.265827585571665,26200,6501,26200,19699,0.22632917623892354,0.6464965539875287,0.8486386709736964,0.6014885496183207,0.3967253230002825,1.5615883949976705,1.869503125999472,6501.0,493827.0,493827.0,0.18,8.0,False,False,False,
refinement,fc_floor_022_alpha_018__raw,train,854,fc_floor_022_alpha_018,current,fuzzy_connectedness,raw,0,0,both_tolerable,True,1.2734375,0.0,0.35735336982219773,0.35735336982219773,0.35735336982219773,0.0,6501,6501,6501,0,0.22632917623892354,0.22632917623892354,0.8486386709736964,0.8486386709736964,0.3967253230002825,1.5615883949976705,0.2417929430012009,6501.0,493827.0,493827.0,0.18,8.0,False,False,False,
refinement,fc_floor_024__closing_c3_d1,train,854,fc_floor_024,current,fuzzy_connectedness,closing_c3_d1,3,1,both_tolerable,True,1.2734375,0.0,0.5896278463236032,0.38113637803255845,0.5896278463236032,0.20849146829104476,15500,7198,15500,8302,0.24684115523465705,0.48227765014768625,0.8359266462906363,0.7584516129032258,0.3967253230002825,1.5729446209988964,1.5962816439969174,7198.0,465448.0,465448.0,0.16,8.0,False,False,False,
refinement,fc_floor_024__conservative_c2_d1,train,854,fc_floor_024,current,fuzzy_connectedness,conservative_c2_d1,2,1,both_tolerable,True,1.2734375,0.0,0.5892839208596967,0.38113637803255845,0.5892839208596967,0.20814754282713827,15452,7198,15452,8254,0.24684115523465705,0.48141614702986546,0.8359266462906363,0.7594486150660109,0.3967253230002825,1.5729446209988964,0.6147930229999474,7198.0,465448.0,465448.0,0.16,8.0,False,False,False,
refinement,fc_floor_024__current_c3_d2,train,854,fc_floor_024,current,fuzzy_connectedness,current_c3_d2,3,2,both_tolerable,True,1.2734375,0.0,0.6233711962922159,0.38113637803255845,0.6233711962922159,0.24223481825965748,28270,7198,28270,21072,0.24684115523465705,0.6731621266819823,0.8359266462906363,0.5804386275203396,0.3967253230002825,1.5729446209988964,1.836620469999616,7198.0,465448.0,465448.0,0.16,8.0,False,False,False,
refinement,fc_floor_024__raw,train,854,fc_floor_024,current,fuzzy_connectedness,raw,0,0,both_tolerable,True,1.2734375,0.0,0.38113637803255845,0.38113637803255845,0.38113637803255845,0.0,7198,7198,7198,0,0.24684115523465705,0.24684115523465705,0.8359266462906363,0.8359266462906363,0.3967253230002825,1.5729446209988964,0.23934505099896342,7198.0,465448.0,465448.0,0.16,8.0,False,False,False,
refinement,rg_gamma55__closing_c3_d1,train,854,rg_gamma55,current,region_growing,closing_c3_d1,3,1,both_tolerable,True,1.2734375,0.0,0.5734296238852268,0.3544778491069726,0.5734296238852268,0.21895177477825417,16888,7090,16888,9798,0.22879061371841156,0.4853544469970463,0.7866008462623413,0.7005566082425391,0.3967253230002825,0.06520287999956054,1.5425788329994248,,,,,,,False,False,
refinement,rg_gamma55__conservative_c2_d1,train,854,rg_gamma55,current,region_growing,conservative_c2_d1,2,1,both_tolerable,True,1.2734375,0.0,0.5736331892657437,0.3544778491069726,0.5736331892657437,0.21915534015877108,16577,7090,16577,9487,0.22879061371841156,0.4818674105677716,0.7866008462623413,0.7085721179948121,0.3967253230002825,0.06520287999956054,0.6050623129995074,,,,,,,False,False,
refinement,rg_gamma55__current_c3_d2,train,854,rg_gamma55,current,region_growing,current_c3_d2,3,2,both_tolerable,True,1.2734375,0.0,0.6225757090495,0.3544778491069726,0.6225757090495,0.2680978599425274,31826,7090,31826,24736,0.22879061371841156,0.7177141450607154,0.7866008462623413,0.5497077860868472,0.3967253230002825,0.06520287999956054,1.830284780000511,,,,,,,False,False,
refinement,rg_gamma55__raw,train,854,rg_gamma55,current,region_growing,raw,0,0,both_tolerable,True,1.2734375,0.0,0.3544778491069726,0.3544778491069726,0.3544778491069726,0.0,7090,7090,7090,0,0.22879061371841156,0.22879061371841156,0.7866008462623413,0.7866008462623413,0.3967253230002825,0.06520287999956054,0.23753445799957262,,,,,,,False,False,
refinement,rg_gamma60__closing_c3_d1,train,854,rg_gamma60,gamma60,region_growing,closing_c3_d1,3,1,both_tolerable,True,1.2734375,0.0,0.5632741535920727,0.3361394084313276,0.5632741535920727,0.22713474516074506,14376,6153,14376,8223,0.21049392845421727,0.447735477518871,0.8339021615472128,0.7591819699499165,0.3944863529977738,0.05958690899933572,1.561321682002017,,,,,,,False,False,
refinement,rg_gamma60__conservative_c2_d1,train,854,rg_gamma60,gamma60,region_growing,conservative_c2_d1,2,1,both_tolerable,True,1.2734375,0.0,0.5630751731982215,0.3361394084313276,0.5630751731982215,0.22693576476689392,14308,6153,14308,8155,0.21049392845421727,0.44679192648506727,0.8339021615472128,0.7611825552138664,0.3944863529977738,0.05958690899933572,0.6159390059983707,,,,,,,False,False,
refinement,rg_gamma60__current_c3_d2,train,854,rg_gamma60,gamma60,region_growing,current_c3_d2,3,2,both_tolerable,True,1.2734375,0.0,0.6347504692609865,0.3361394084313276,0.6347504692609865,0.29861106082965894,27301,6153,27301,21148,0.21049392845421727,0.6728339350180506,0.8339021615472128,0.6007472253763598,0.3944863529977738,0.05958690899933572,1.832679179002298,,,,,,,False,False,
refinement,rg_gamma60__raw,train,854,rg_gamma60,gamma60,region_growing,raw,0,0,both_tolerable,True,1.2734375,0.0,0.3361394084313276,0.3361394084313276,0.3361394084313276,0.0,6153,6153,6153,0,0.21049392845421727,0.21049392845421727,0.8339021615472128,0.8339021615472128,0.3944863529977738,0.05958690899933572,0.24354766499891412,,,,,,,False,False,
refinement,rg_gamma65__closing_c3_d1,train,854,rg_gamma65,gamma65,region_growing,closing_c3_d1,3,1,both_tolerable,True,1.2734375,0.0,0.5593737561363938,0.32428837456770415,0.5593737561363938,0.2350853815686897,13309,5696,13309,7613,0.20003281916639318,0.43239251723006233,0.8560393258426966,0.7919453001728154,0.39007034200039925,0.054268364001472946,1.559567791999143,,,,,,,False,False,
refinement,rg_gamma65__conservative_c2_d1,train,854,rg_gamma65,gamma65,region_growing,conservative_c2_d1,2,1,both_tolerable,True,1.2734375,0.0,0.5587508962001115,0.32428837456770415,0.5587508962001115,0.23446252163240738,13283,5696,13283,7587,0.20003281916639318,0.43161306202822447,0.8560393258426966,0.7920650455469397,0.39007034200039925,0.054268364001472946,0.6052462549996562,,,,,,,False,False,
refinement,rg_gamma65__current_c3_d2,train,854,rg_gamma65,gamma65,region_growing,current_c3_d2,3,2,both_tolerable,True,1.2734375,0.0,0.6456130494974017,0.32428837456770415,0.6456130494974017,0.3213246749296976,25465,5696,25465,19769,0.20003281916639318,0.6600344601247128,0.8560393258426966,0.6318083644217554,0.39007034200039925,0.054268364001472946,1.8086467600005562,,,,,,,False,False,
refinement,rg_gamma65__raw,train,854,rg_gamma65,gamma65,region_growing,raw,0,0,both_tolerable,True,1.2734375,0.0,0.32428837456770415,0.32428837456770415,0.32428837456770415,0.0,5696,5696,5696,0,0.20003281916639318,0.20003281916639318,0.8560393258426966,0.8560393258426966,0.39007034200039925,0.054268364001472946,0.23603659299988067,,,,,,,False,False,
refinement,rg_gamma70__closing_c3_d1,train,854,rg_gamma70,gamma70,region_growing,closing_c3_d1,3,1,both_tolerable,True,1.2734375,0.0,0.5385410996189439,0.3056624147938179,0.5385410996189439,0.23287868482512603,12364,5258,12364,7106,0.18579750574335413,0.4058500164095832,0.8613541270445036,0.8001455839534132,0.3911241669993615,0.05059188200175413,1.5648293200029002,,,,,,,False,False,
refinement,rg_gamma70__conservative_c2_d1,train,854,rg_gamma70,gamma70,region_growing,conservative_c2_d1,2,1,both_tolerable,True,1.2734375,0.0,0.537931410204026,0.3056624147938179,0.537931410204026,0.23226899541020812,12335,5258,12335,7077,0.18579750574335413,0.4050705612077453,0.8613541270445036,0.8004864207539522,0.3911241669993615,0.05059188200175413,0.608666242002073,,,,,,,False,False,
refinement,rg_gamma70__current_c3_d2,train,854,rg_gamma70,gamma70,region_growing,current_c3_d2,3,2,both_tolerable,True,1.2734375,0.0,0.6363183253032065,0.3056624147938179,0.6363183253032065,0.33065591050938864,23776,5258,23776,18518,0.18579750574335413,0.6284870364292747,0.8613541270445036,0.6443472409152086,0.3911241669993615,0.05059188200175413,1.823997600000439,,,,,,,False,False,
refinement,rg_gamma70__raw,train,854,rg_gamma70,gamma70,region_growing,raw,0,0,both_tolerable,True,1.2734375,0.0,0.3056624147938179,0.3056624147938179,0.3056624147938179,0.0,5258,5258,5258,0,0.18579750574335413,0.18579750574335413,0.8613541270445036,0.8613541270445036,0.3911241669993615,0.05059188200175413,0.2368503609977779,,,,,,,False,False,
refinement,fc_alpha_018__closing_c3_d1,train,887,fc_alpha_018,current,fuzzy_connectedness,closing_c3_d1,3,1,both_tolerable,True,0.7890625,0.5,0.4197136038186158,0.2520390212697905,0.4197136038186158,0.16767458254882528,9205,4823,9205,4382,0.14460926747209055,0.2689402049243004,0.9803027161517728,0.9552417164584465,0.4241879910005082,1.1552493439994578,1.553683980000642,4823.0,621624.0,500000.0,0.18,8.0,False,False,True,
refinement,fc_alpha_018__conservative_c2_d1,train,887,fc_alpha_018,current,fuzzy_connectedness,conservative_c2_d1,2,1,both_tolerable,True,0.7890625,0.5,0.41928090531442486,0.2520390212697905,0.41928090531442486,0.16724188404463436,9191,4823,9191,4368,0.14460926747209055,0.26857317632665545,0.9803027161517728,0.9553911435099554,0.4241879910005082,1.1552493439994578,0.6270802359977097,4823.0,621624.0,500000.0,0.18,8.0,False,False,True,
refinement,fc_alpha_018__current_c3_d2,train,887,fc_alpha_018,current,fuzzy_connectedness,current_c3_d2,3,2,both_tolerable,True,0.7890625,0.5,0.5503797363574281,0.2520390212697905,0.5503797363574281,0.2983407150876376,15628,4823,15628,10805,0.14460926747209055,0.4067288576234898,0.9803027161517728,0.8509086255438956,0.4241879910005082,1.1552493439994578,1.791785424000409,4823.0,621624.0,500000.0,0.18,8.0,False,False,True,
refinement,fc_alpha_018__raw,train,887,fc_alpha_018,current,fuzzy_connectedness,raw,0,0,both_tolerable,True,0.7890625,0.5,0.2520390212697905,0.2520390212697905,0.2520390212697905,0.0,4823,4823,4823,0,0.14460926747209055,0.14460926747209055,0.9803027161517728,0.9803027161517728,0.4241879910005082,1.1552493439994578,0.23308482200081926,4823.0,621624.0,500000.0,0.18,8.0,False,False,True,
refinement,fc_current__closing_c3_d1,train,887,fc_current,current,fuzzy_connectedness,closing_c3_d1,3,1,both_tolerable,True,0.7890625,0.5,0.4319720669073065,0.2658461863511515,0.4319720669073065,0.16612588055615501,9692,5169,9692,4523,0.15393791099556506,0.28001223428658817,0.9736893016057264,0.9445934791580685,0.4241879910005082,1.202022584999213,1.5339111369976308,5169.0,621624.0,500000.0,0.16,8.0,False,False,True,
refinement,fc_current__conservative_c2_d1,train,887,fc_current,current,fuzzy_connectedness,conservative_c2_d1,2,1,both_tolerable,True,0.7890625,0.5,0.4317473803455112,0.2658461863511515,0.4317473803455112,0.1659011939943597,9677,5169,9677,4508,0.15393791099556506,0.2797675485548249,0.9736893016057264,0.945230960008267,0.4241879910005082,1.202022584999213,0.5983071139999083,5169.0,621624.0,500000.0,0.16,8.0,False,False,True,
refinement,fc_current__current_c3_d2,train,887,fc_current,current,fuzzy_connectedness,current_c3_d2,3,2,both_tolerable,True,0.7890625,0.5,0.5553764208893696,0.2658461863511515,0.5553764208893696,0.2895302345382181,16306,5169,16306,11137,0.15393791099556506,0.416179844012846,0.9736893016057264,0.8344781062185699,0.4241879910005082,1.202022584999213,1.7970352570009709,5169.0,621624.0,500000.0,0.16,8.0,False,False,True,
refinement,fc_current__raw,train,887,fc_current,current,fuzzy_connectedness,raw,0,0,both_tolerable,True,0.7890625,0.5,0.2658461863511515,0.2658461863511515,0.2658461863511515,0.0,5169,5169,5169,0,0.15393791099556506,0.15393791099556506,0.9736893016057264,0.9736893016057264,0.4241879910005082,1.202022584999213,0.23291130600046017,5169.0,621624.0,500000.0,0.16,8.0,False,False,True,
refinement,fc_floor_020__closing_c3_d1,train,887,fc_floor_020,current,fuzzy_connectedness,closing_c3_d1,3,1,both_tolerable,True,0.7890625,0.5,0.4330693815987934,0.2668778041699657,0.4330693815987934,0.16619157742882767,9737,5195,9737,4542,0.15464138247438447,0.28102156293011166,0.9732435033686236,0.9436171305330184,0.4241879910005082,1.1852659569995012,1.5350502080000297,5195.0,581477.0,500000.0,0.16,8.0,False,False,True,
refinement,fc_floor_020__conservative_c2_d1,train,887,fc_floor_020,current,fuzzy_connectedness,conservative_c2_d1,2,1,both_tolerable,True,0.7890625,0.5,0.43280837419841567,0.2668778041699657,0.43280837419841567,0.16593057002844996,9721,5195,9721,4526,0.15464138247438447,0.28074629148187796,0.9732435033686236,0.9442444192984261,0.4241879910005082,1.1852659569995012,0.5989634930010652,5195.0,581477.0,500000.0,0.16,8.0,False,False,True,
refinement,fc_floor_020__current_c3_d2,train,887,fc_floor_020,current,fuzzy_connectedness,current_c3_d2,3,2,both_tolerable,True,0.7890625,0.5,0.5556416109571173,0.2668778041699657,0.5556416109571173,0.2887638067871516,16369,5195,16369,11174,0.15464138247438447,0.4169139012081358,0.9732435033686236,0.8327326043130308,0.4241879910005082,1.1852659569995012,1.7910532940004487,5195.0,581477.0,500000.0,0.16,8.0,False,False,True,
refinement,fc_floor_020__raw,train,887,fc_floor_020,current,fuzzy_connectedness,raw,0,0,both_tolerable,True,0.7890625,0.5,0.2668778041699657,0.2668778041699657,0.2668778041699657,0.0,5195,5195,5195,0,0.15464138247438447,0.15464138247438447,0.9732435033686236,0.9732435033686236,0.4241879910005082,1.1852659569995012,0.232809837001696,5195.0,581477.0,500000.0,0.16,8.0,False,False,True,
refinement,fc_floor_022__closing_c3_d1,train,887,fc_floor_022,current,fuzzy_connectedness,closing_c3_d1,3,1,both_tolerable,True,0.7890625,0.5,0.4342012335797354,0.2680379746835443,0.4342012335797354,0.1661632588961911,9783,5225,9783,4558,0.15543661110261509,0.2820614772901055,0.9726315789473684,0.942655627108249,0.4241879910005082,1.1933272320020478,1.5347174199996516,5225.0,547497.0,500000.0,0.16,8.0,False,False,True,
refinement,fc_floor_022__conservative_c2_d1,train,887,fc_floor_022,current,fuzzy_connectedness,conservative_c2_d1,2,1,both_tolerable,True,0.7890625,0.5,0.43405157188272697,0.2680379746835443,0.43405157188272697,0.16601359719918268,9770,5225,9770,4545,0.15543661110261509,0.2818779629912831,0.9726315789473684,0.9432958034800409,0.4241879910005082,1.1933272320020478,0.5968922329993802,5225.0,547497.0,500000.0,0.16,8.0,False,False,True,
refinement,fc_floor_022__current_c3_d2,train,887,fc_floor_022,current,fuzzy_connectedness,current_c3_d2,3,2,both_tolerable,True,0.7890625,0.5,0.5562859992265891,0.2680379746835443,0.5562859992265891,0.28824802454304477,16438,5225,16438,11213,0.15543661110261509,0.41798440128460007,0.9726315789473684,0.8313663462708358,0.4241879910005082,1.1933272320020478,1.794409910999093,5225.0,547497.0,500000.0,0.16,8.0,False,False,True,
refinement,fc_floor_022__raw,train,887,fc_floor_022,current,fuzzy_connectedness,raw,0,0,both_tolerable,True,0.7890625,0.5,0.2680379746835443,0.2680379746835443,0.2680379746835443,0.0,5225,5225,5225,0,0.15543661110261509,0.15543661110261509,0.9726315789473684,0.9726315789473684,0.4241879910005082,1.1933272320020478,0.2329446950025158,5225.0,547497.0,500000.0,0.16,8.0,False,False,True,
refinement,fc_floor_022_alpha_018__closing_c3_d1,train,887,fc_floor_022_alpha_018,current,fuzzy_connectedness,closing_c3_d1,3,1,both_tolerable,True,0.7890625,0.5,0.42201791158536583,0.2546828437633035,0.42201791158536583,0.1673350678220623,9289,4889,9289,4400,0.1463832390273742,0.2709588622113473,0.9789322969932501,0.9537086876951233,0.4241879910005082,1.1664448430019547,1.5345524759977707,4889.0,547497.0,500000.0,0.18,8.0,False,False,True,
refinement,fc_floor_022_alpha_018__conservative_c2_d1,train,887,fc_floor_022_alpha_018,current,fuzzy_connectedness,conservative_c2_d1,2,1,both_tolerable,True,0.7890625,0.5,0.42189770588655695,0.2546828437633035,0.42189770588655695,0.16721486212325343,9282,4889,9282,4393,0.1463832390273742,0.27083651934546565,0.9789322969932501,0.9539969834087482,0.4241879910005082,1.1664448430019547,0.5993439430021681,4889.0,547497.0,500000.0,0.18,8.0,False,False,True,
refinement,fc_floor_022_alpha_018__current_c3_d2,train,887,fc_floor_022_alpha_018,current,fuzzy_connectedness,current_c3_d2,3,2,both_tolerable,True,0.7890625,0.5,0.5514223194748359,0.2546828437633035,0.5514223194748359,0.29673947571153236,15747,4889,15747,10858,0.1463832390273742,0.4085028291787735,0.9789322969932501,0.8481615545818251,0.4241879910005082,1.1664448430019547,1.793540266000491,4889.0,547497.0,500000.0,0.18,8.0,False,False,True,
refinement,fc_floor_022_alpha_018__raw,train,887,fc_floor_022_alpha_018,current,fuzzy_connectedness,raw,0,0,both_tolerable,True,0.7890625,0.5,0.2546828437633035,0.2546828437633035,0.2546828437633035,0.0,4889,4889,4889,0,0.1463832390273742,0.1463832390273742,0.9789322969932501,0.9789322969932501,0.4241879910005082,1.1664448430019547,0.23400787799982936,4889.0,547497.0,500000.0,0.18,8.0,False,False,True,
refinement,fc_floor_024__closing_c3_d1,train,887,fc_floor_024,current,fuzzy_connectedness,closing_c3_d1,3,1,both_tolerable,True,0.7890625,0.5,0.4350382128159906,0.26888719070331235,0.4350382128159906,0.16615102211267824,9830,5254,9830,4576,0.15604832543202324,0.28291787735127694,0.9710696612105063,0.940996948118006,0.4241879910005082,1.1711489260014787,1.5302829350002867,5254.0,517832.0,500000.0,0.16,8.0,False,False,True,
refinement,fc_floor_024__conservative_c2_d1,train,887,fc_floor_024,current,fuzzy_connectedness,conservative_c2_d1,2,1,both_tolerable,True,0.7890625,0.5,0.43470487213870657,0.26888719070331235,0.43470487213870657,0.16581768143539422,9812,5254,9812,4558,0.15604832543202324,0.2825814344701025,0.9710696612105063,0.9416021198532409,0.4241879910005082,1.1711489260014787,0.6009700600006909,5254.0,517832.0,500000.0,0.16,8.0,False,False,True,
refinement,fc_floor_024__current_c3_d2,train,887,fc_floor_024,current,fuzzy_connectedness,current_c3_d2,3,2,both_tolerable,True,0.7890625,0.5,0.5562442841174677,0.26888719070331235,0.5562442841174677,0.2873570934141554,16510,5254,16510,11256,0.15604832543202324,0.41856552989753787,0.9710696612105063,0.8288915808600847,0.4241879910005082,1.1711489260014787,1.7925838349983678,5254.0,517832.0,500000.0,0.16,8.0,False,False,True,
refinement,fc_floor_024__raw,train,887,fc_floor_024,current,fuzzy_connectedness,raw,0,0,both_tolerable,True,0.7890625,0.5,0.26888719070331235,0.26888719070331235,0.26888719070331235,0.0,5254,5254,5254,0,0.15604832543202324,0.15604832543202324,0.9710696612105063,0.9710696612105063,0.4241879910005082,1.1711489260014787,0.23459131900017383,5254.0,517832.0,500000.0,0.16,8.0,False,False,True,
refinement,rg_gamma55__closing_c3_d1,train,887,rg_gamma55,current,region_growing,closing_c3_d1,3,1,both_tolerable,True,0.7890625,0.5,0.41709912087391293,0.2478541344564696,0.41709912087391293,0.16924498641744334,9506,4819,9506,4687,0.14219299587092826,0.2691848906560636,0.9647229715708653,0.925836313907006,0.4241879910005082,0.04635207100000116,1.533718693000992,,,,,,,False,False,
refinement,rg_gamma55__conservative_c2_d1,train,887,rg_gamma55,current,region_growing,conservative_c2_d1,2,1,both_tolerable,True,0.7890625,0.5,0.4163998956628963,0.2478541344564696,0.4163998956628963,0.16854576120642673,9476,4819,9476,4657,0.14219299587092826,0.26854259061018504,0.9647229715708653,0.9265512874630646,0.4241879910005082,0.04635207100000116,0.5964365729996643,,,,,,,False,False,
refinement,rg_gamma55__current_c3_d2,train,887,rg_gamma55,current,region_growing,current_c3_d2,3,2,both_tolerable,True,0.7890625,0.5,0.5486754428733951,0.2478541344564696,0.5486754428733951,0.3008213084169255,16529,4819,16529,11710,0.14219299587092826,0.4130295152163939,0.9647229715708653,0.816988323552544,0.4241879910005082,0.04635207100000116,1.7935726520008757,,,,,,,False,False,
refinement,rg_gamma55__raw,train,887,rg_gamma55,current,region_growing,raw,0,0,both_tolerable,True,0.7890625,0.5,0.2478541344564696,0.2478541344564696,0.2478541344564696,0.0,4819,4819,4819,0,0.14219299587092826,0.14219299587092826,0.9647229715708653,0.9647229715708653,0.4241879910005082,0.04635207100000116,0.23297630600063712,,,,,,,False,False,
refinement,rg_gamma60__closing_c3_d1,train,887,rg_gamma60,gamma60,region_growing,closing_c3_d1,3,1,both_tolerable,True,0.7890625,0.5,0.39897463181059706,0.23307561757495757,0.39897463181059706,0.1658990142356395,8656,4426,8656,4230,0.1323138094509864,0.2523015751643982,0.9774062358788974,0.9529805914972274,0.41271944899926893,0.04330334599944763,1.5385611540004902,,,,,,,False,False,
refinement,rg_gamma60__conservative_c2_d1,train,887,rg_gamma60,gamma60,region_growing,conservative_c2_d1,2,1,both_tolerable,True,0.7890625,0.5,0.39839365202245014,0.23307561757495757,0.39839365202245014,0.16531803444749257,8641,4426,8641,4215,0.1323138094509864,0.2518427894173421,0.9774062358788974,0.9528989700266173,0.41271944899926893,0.04330334599944763,0.6090124969996396,,,,,,,False,False,
refinement,rg_gamma60__current_c3_d2,train,887,rg_gamma60,gamma60,region_growing,current_c3_d2,3,2,both_tolerable,True,0.7890625,0.5,0.539725165215567,0.23307561757495757,0.539725165215567,0.3066495476406095,14970,4426,14970,10544,0.1323138094509864,0.3934240709588622,0.9774062358788974,0.8592518370073481,0.41271944899926893,0.04330334599944763,1.798130224000488,,,,,,,False,False,
refinement,rg_gamma60__raw,train,887,rg_gamma60,gamma60,region_growing,raw,0,0,both_tolerable,True,0.7890625,0.5,0.23307561757495757,0.23307561757495757,0.23307561757495757,0.0,4426,4426,4426,0,0.1323138094509864,0.1323138094509864,0.9774062358788974,0.9774062358788974,0.41271944899926893,0.04330334599944763,0.2322777440022037,,,,,,,False,False,
refinement,rg_gamma65__closing_c3_d1,train,887,rg_gamma65,gamma65,region_growing,closing_c3_d1,3,1,both_tolerable,True,0.7890625,0.5,0.3907704302909215,0.22521863915739312,0.3907704302909215,0.1655517911335284,8347,4238,8347,4109,0.1272059948004282,0.24526686037620432,0.9813591316658802,0.9607044447106745,0.40925104100097087,0.04159084300044924,1.537537036001595,,,,,,,False,False,
refinement,rg_gamma65__conservative_c2_d1,train,887,rg_gamma65,gamma65,region_growing,conservative_c2_d1,2,1,both_tolerable,True,0.7890625,0.5,0.3904364992322878,0.22521863915739312,0.3904364992322878,0.16521786007489467,8336,4238,8336,4098,0.1272059948004282,0.24499158892797063,0.9813591316658802,0.9608925143953935,0.40925104100097087,0.04159084300044924,0.5983000670021283,,,,,,,False,False,
refinement,rg_gamma65__current_c3_d2,train,887,rg_gamma65,gamma65,region_growing,current_c3_d2,3,2,both_tolerable,True,0.7890625,0.5,0.5367187334421296,0.22521863915739312,0.5367187334421296,0.31150009428473646,14488,4238,14488,10250,0.1272059948004282,0.3872763419483101,0.9813591316658802,0.873964660408614,0.40925104100097087,0.04159084300044924,1.7914146130024164,,,,,,,False,False,
refinement,rg_gamma65__raw,train,887,rg_gamma65,gamma65,region_growing,raw,0,0,both_tolerable,True,0.7890625,0.5,0.22521863915739312,0.22521863915739312,0.22521863915739312,0.0,4238,4238,4238,0,0.1272059948004282,0.1272059948004282,0.9813591316658802,0.9813591316658802,0.40925104100097087,0.04159084300044924,0.23251847999927122,,,,,,,False,False,
refinement,rg_gamma70__closing_c3_d1,train,887,rg_gamma70,gamma70,region_growing,closing_c3_d1,3,1,both_tolerable,True,0.7890625,0.5,0.3822180810631881,0.2167796010558685,0.3822180810631881,0.16543848000731962,8088,4052,8088,4036,0.12182290870163634,0.23838507417036245,0.9829713721618953,0.9636498516320475,0.4123650639994594,0.0404941989982035,1.537055471999338,,,,,,,False,False,
refinement,rg_gamma70__conservative_c2_d1,train,887,rg_gamma70,gamma70,region_growing,conservative_c2_d1,2,1,both_tolerable,True,0.7890625,0.5,0.381384622933124,0.2167796010558685,0.381384622933124,0.16460502187725548,8067,4052,8067,4015,0.12182290870163634,0.23774277412448386,0.9829713721618953,0.9635552249907029,0.4123650639994594,0.0404941989982035,0.6035571469983552,,,,,,,False,False,
refinement,rg_gamma70__current_c3_d2,train,887,rg_gamma70,gamma70,region_growing,current_c3_d2,3,2,both_tolerable,True,0.7890625,0.5,0.5311719100403665,0.2167796010558685,0.5311719100403665,0.314392308984498,14126,4052,14126,10074,0.12182290870163634,0.38033338430952746,0.9829713721618953,0.8802916607673793,0.4123650639994594,0.0404941989982035,1.7876237480013515,,,,,,,False,False,
refinement,rg_gamma70__raw,train,887,rg_gamma70,gamma70,region_growing,raw,0,0,both_tolerable,True,0.7890625,0.5,0.2167796010558685,0.2167796010558685,0.2167796010558685,0.0,4052,4052,4052,0,0.12182290870163634,0.12182290870163634,0.9829713721618953,0.9829713721618953,0.4123650639994594,0.0404941989982035,0.23232085199924768,,,,,,,False,False,
refinement,fc_alpha_018__closing_c3_d1,train,937,fc_alpha_018,current,fuzzy_connectedness,closing_c3_d1,3,1,both_tolerable,True,0.8564224849081498,3.2663725220992474,0.5971558865592703,0.3682594767752269,0.5971558865592703,0.2288964097840434,13036,5945,13036,7091,0.22969654081505225,0.4606002580860009,0.928174936921783,0.8488033138999693,0.39344006199826254,1.390393050001876,1.5541551979986252,5945.0,574032.0,500000.0,0.18,8.0,False,False,True,
refinement,fc_alpha_018__conservative_c2_d1,train,937,fc_alpha_018,current,fuzzy_connectedness,conservative_c2_d1,2,1,both_tolerable,True,0.8564224849081498,3.2663725220992474,0.5938219129869778,0.3682594767752269,0.5938219129869778,0.22556243621175093,12914,5945,12914,6969,0.22969654081505225,0.4565208342005578,0.928174936921783,0.8492333901192505,0.39344006199826254,1.390393050001876,0.6368708749978396,5945.0,574032.0,500000.0,0.18,8.0,False,False,True,
refinement,fc_alpha_018__current_c3_d2,train,937,fc_alpha_018,current,fuzzy_connectedness,current_c3_d2,3,2,both_tolerable,True,0.8564224849081498,3.2663725220992474,0.6441081306752948,0.3682594767752269,0.6441081306752948,0.2758486539000679,23882,5945,23882,17937,0.22969654081505225,0.6422178745369022,0.928174936921783,0.6460095469391173,0.39344006199826254,1.390393050001876,1.8099106250010664,5945.0,574032.0,500000.0,0.18,8.0,False,False,True,
refinement,fc_alpha_018__raw,train,937,fc_alpha_018,current,fuzzy_connectedness,raw,0,0,both_tolerable,True,0.8564224849081498,3.2663725220992474,0.3682594767752269,0.3682594767752269,0.3682594767752269,0.0,5945,5945,5945,0,0.22969654081505225,0.22969654081505225,0.928174936921783,0.928174936921783,0.39344006199826254,1.390393050001876,0.23670436600150424,5945.0,574032.0,500000.0,0.18,8.0,False,False,True,
refinement,fc_current__closing_c3_d1,train,937,fc_current,current,fuzzy_connectedness,closing_c3_d1,3,1,both_tolerable,True,0.8564224849081498,3.2663725220992474,0.6079670111813064,0.38403054339597803,0.6079670111813064,0.22393646778532833,13808,6360,13808,7448,0.24285060150688922,0.4787079049244474,0.9172955974842767,0.8328505214368482,0.39344006199826254,1.4329641430012998,1.5558721430024889,6360.0,574032.0,500000.0,0.16,8.0,False,False,True,
refinement,fc_current__conservative_c2_d1,train,937,fc_current,current,fuzzy_connectedness,conservative_c2_d1,2,1,both_tolerable,True,0.8564224849081498,3.2663725220992474,0.6050607394833165,0.38403054339597803,0.6050607394833165,0.22103019608733848,13679,6360,13679,7319,0.24285060150688922,0.47479498813636933,0.9172955974842767,0.8338328825206521,0.39344006199826254,1.4329641430012998,0.61319371600257,6360.0,574032.0,500000.0,0.16,8.0,False,False,True,
refinement,fc_current__current_c3_d2,train,937,fc_current,current,fuzzy_connectedness,current_c3_d2,3,2,both_tolerable,True,0.8564224849081498,3.2663725220992474,0.6409201954397394,0.38403054339597803,0.6409201954397394,0.2568896520437614,25097,6360,25097,18737,0.24285060150688922,0.6552470549057153,0.9172955974842767,0.6272064390166155,0.39344006199826254,1.4329641430012998,1.8227788630028954,6360.0,574032.0,500000.0,0.16,8.0,False,False,True,
refinement,fc_current__raw,train,937,fc_current,current,fuzzy_connectedness,raw,0,0,both_tolerable,True,0.8564224849081498,3.2663725220992474,0.38403054339597803,0.38403054339597803,0.38403054339597803,0.0,6360,6360,6360,0,0.24285060150688922,0.24285060150688922,0.9172955974842767,0.9172955974842767,0.39344006199826254,1.4329641430012998,0.23835648899694206,6360.0,574032.0,500000.0,0.16,8.0,False,False,True,
refinement,fc_floor_020__closing_c3_d1,train,937,fc_floor_020,current,fuzzy_connectedness,closing_c3_d1,3,1,both_tolerable,True,0.8564224849081498,3.2663725220992474,0.6084181655150588,0.38511848029710455,0.6084181655150588,0.22329968521795424,13895,6404,13895,7491,0.24389127086542065,0.48016484202639137,0.914896939412867,0.8301547319179561,0.39344006199826254,1.4491320279994397,1.5728422779975517,6404.0,532899.0,500000.0,0.16,8.0,False,False,True,
refinement,fc_floor_020__conservative_c2_d1,train,937,fc_floor_020,current,fuzzy_connectedness,conservative_c2_d1,2,1,both_tolerable,True,0.8564224849081498,3.2663725220992474,0.6053725023157338,0.38511848029710455,0.6053725023157338,0.22025402201862926,13762,6404,13762,7358,0.24389127086542065,0.47608541814094824,0.914896939412867,0.8310565324807441,0.39344006199826254,1.4491320279994397,0.6131006780015014,6404.0,532899.0,500000.0,0.16,8.0,False,False,True,
refinement,fc_floor_020__current_c3_d2,train,937,fc_floor_020,current,fuzzy_connectedness,current_c3_d2,3,2,both_tolerable,True,0.8564224849081498,3.2663725220992474,0.6405796513161901,0.38511848029710455,0.6405796513161901,0.25546117101908555,25248,6404,25248,18844,0.24389127086542065,0.6569121258793656,0.914896939412867,0.6250396070975919,0.39344006199826254,1.4491320279994397,1.8489515729997947,6404.0,532899.0,500000.0,0.16,8.0,False,False,True,
refinement,fc_floor_020__raw,train,937,fc_floor_020,current,fuzzy_connectedness,raw,0,0,both_tolerable,True,0.8564224849081498,3.2663725220992474,0.38511848029710455,0.38511848029710455,0.38511848029710455,0.0,6404,6404,6404,0,0.24389127086542065,0.24389127086542065,0.914896939412867,0.914896939412867,0.39344006199826254,1.4491320279994397,0.2371641890022147,6404.0,532899.0,500000.0,0.16,8.0,False,False,True,
refinement,fc_floor_022__closing_c3_d1,train,937,fc_floor_022,current,fuzzy_connectedness,closing_c3_d1,3,1,both_tolerable,True,0.8564224849081498,3.2663725220992474,0.609666210382226,0.3865524147214288,0.609666210382226,0.2231137956607972,13965,6436,13965,7529,0.2450568205469758,0.4820380468717479,0.9146985705407085,0.8292158968850698,0.39344006199826254,1.4356903330008208,1.5859799130012107,6436.0,497967.0,497967.0,0.16,8.0,False,False,False,
refinement,fc_floor_022__conservative_c2_d1,train,937,fc_floor_022,current,fuzzy_connectedness,conservative_c2_d1,2,1,both_tolerable,True,0.8564224849081498,3.2663725220992474,0.6065474145903242,0.3865524147214288,0.6065474145903242,0.21999499986889542,13824,6436,13824,7388,0.2450568205469758,0.4777921158889398,0.9146985705407085,0.8302951388888888,0.39344006199826254,1.4356903330008208,0.6094549159970484,6436.0,497967.0,497967.0,0.16,8.0,False,False,False,
refinement,fc_floor_022__current_c3_d2,train,937,fc_floor_022,current,fuzzy_connectedness,current_c3_d2,3,2,both_tolerable,True,0.8564224849081498,3.2663725220992474,0.6402009236004212,0.3865524147214288,0.6402009236004212,0.25364850887899243,25349,6436,25349,18913,0.2450568205469758,0.6578695416892145,0.9146985705407085,0.6234565466093337,0.39344006199826254,1.4356903330008208,1.875243941001827,6436.0,497967.0,497967.0,0.16,8.0,False,False,False,
refinement,fc_floor_022__raw,train,937,fc_floor_022,current,fuzzy_connectedness,raw,0,0,both_tolerable,True,0.8564224849081498,3.2663725220992474,0.3865524147214288,0.3865524147214288,0.3865524147214288,0.0,6436,6436,6436,0,0.2450568205469758,0.2450568205469758,0.9146985705407085,0.9146985705407085,0.39344006199826254,1.4356903330008208,0.24072363300001598,6436.0,497967.0,497967.0,0.16,8.0,False,False,False,
refinement,fc_floor_022_alpha_018__closing_c3_d1,train,937,fc_floor_022_alpha_018,current,fuzzy_connectedness,closing_c3_d1,3,1,both_tolerable,True,0.8564224849081498,3.2663725220992474,0.5988278309495645,0.37080933515331094,0.5988278309495645,0.22801849579625355,13173,6014,13173,7159,0.2318195063064563,0.46359738583857135,0.9260059860325907,0.8454414332346466,0.39344006199826254,1.3943041290003748,1.569968300002074,6014.0,497967.0,497967.0,0.18,8.0,False,False,False,
refinement,fc_floor_022_alpha_018__conservative_c2_d1,train,937,fc_floor_022_alpha_018,current,fuzzy_connectedness,conservative_c2_d1,2,1,both_tolerable,True,0.8564224849081498,3.2663725220992474,0.5955920041004613,0.37080933515331094,0.5955920041004613,0.22478266894715038,13046,6014,13046,7032,0.2318195063064563,0.4595179619531283,0.9260059860325907,0.8461597424497931,0.39344006199826254,1.3943041290003748,0.6171091979995253,6014.0,497967.0,497967.0,0.18,8.0,False,False,False,
refinement,fc_floor_022_alpha_018__current_c3_d2,train,937,fc_floor_022_alpha_018,current,fuzzy_connectedness,current_c3_d2,3,2,both_tolerable,True,0.8564224849081498,3.2663725220992474,0.6430575472286302,0.37080933515331094,0.6430575472286302,0.27224821207531924,24094,6014,24094,18080,0.2318195063064563,0.6440078258335762,0.9260059860325907,0.6421100688968208,0.39344006199826254,1.3943041290003748,1.8232860559983237,6014.0,497967.0,497967.0,0.18,8.0,False,False,False,
refinement,fc_floor_022_alpha_018__raw,train,937,fc_floor_022_alpha_018,current,fuzzy_connectedness,raw,0,0,both_tolerable,True,0.8564224849081498,3.2663725220992474,0.37080933515331094,0.37080933515331094,0.37080933515331094,0.0,6014,6014,6014,0,0.2318195063064563,0.2318195063064563,0.9260059860325907,0.9260059860325907,0.39344006199826254,1.3943041290003748,0.24635458499687957,6014.0,497967.0,497967.0,0.18,8.0,False,False,False,
refinement,fc_floor_024__closing_c3_d1,train,937,fc_floor_024,current,fuzzy_connectedness,closing_c3_d1,3,1,both_tolerable,True,0.8564224849081498,3.2663725220992474,0.6105998592246931,0.388562091503268,0.6105998592246931,0.22203776772142508,14336,6577,14336,7759,0.24747117345876868,0.4874911543104525,0.9039075566367645,0.81689453125,0.39344006199826254,1.4412448369985214,1.6179907799996727,6577.0,467822.0,467822.0,0.16,8.0,False,False,False,
refinement,fc_floor_024__conservative_c2_d1,train,937,fc_floor_024,current,fuzzy_connectedness,conservative_c2_d1,2,1,both_tolerable,True,0.8564224849081498,3.2663725220992474,0.6075260375778511,0.388562091503268,0.6075260375778511,0.21896394607458308,14191,6577,14191,7614,0.24747117345876868,0.4832035965533031,0.9039075566367645,0.8179832288069904,0.39344006199826254,1.4412448369985214,0.6132613170011609,6577.0,467822.0,467822.0,0.16,8.0,False,False,False,
refinement,fc_floor_024__current_c3_d2,train,937,fc_floor_024,current,fuzzy_connectedness,current_c3_d2,3,2,both_tolerable,True,0.8564224849081498,3.2663725220992474,0.6370861456128439,0.388562091503268,0.6370861456128439,0.24852405410957595,26055,6577,26055,19478,0.24747117345876868,0.6640303042917204,0.9039075566367645,0.6122433314143159,0.39344006199826254,1.4412448369985214,1.8247416189988144,6577.0,467822.0,467822.0,0.16,8.0,False,False,False,
refinement,fc_floor_024__raw,train,937,fc_floor_024,current,fuzzy_connectedness,raw,0,0,both_tolerable,True,0.8564224849081498,3.2663725220992474,0.388562091503268,0.388562091503268,0.388562091503268,0.0,6577,6577,6577,0,0.24747117345876868,0.24747117345876868,0.9039075566367645,0.9039075566367645,0.39344006199826254,1.4412448369985214,0.23809554400213528,6577.0,467822.0,467822.0,0.16,8.0,False,False,False,
refinement,rg_gamma55__closing_c3_d1,train,937,rg_gamma55,current,region_growing,closing_c3_d1,3,1,both_tolerable,True,0.8564224849081498,3.2663725220992474,0.6290956085447128,0.37419608872555454,0.6290956085447128,0.25489951981915826,15440,6453,15440,8987,0.2373558672938434,0.5167131498980144,0.8836200216953355,0.8039507772020725,0.39344006199826254,0.06123004400069476,1.5665589639975224,,,,,,,False,False,
refinement,rg_gamma55__conservative_c2_d1,train,937,rg_gamma55,current,region_growing,conservative_c2_d1,2,1,both_tolerable,True,0.8564224849081498,3.2663725220992474,0.6235534030079021,0.37419608872555454,0.6235534030079021,0.24935731428234753,15207,6453,15207,8754,0.2373558672938434,0.5091370769679058,0.8836200216953355,0.8043006510159795,0.39344006199826254,0.06123004400069476,0.6195061359976535,,,,,,,False,False,
refinement,rg_gamma55__current_c3_d2,train,937,rg_gamma55,current,region_growing,current_c3_d2,3,2,both_tolerable,True,0.8564224849081498,3.2663725220992474,0.677582948144544,0.37419608872555454,0.677582948144544,0.30338685941898946,29414,6453,29414,22961,0.2373558672938434,0.753611122674104,0.8836200216953355,0.6154892228190657,0.39344006199826254,0.06123004400069476,1.8298769389984955,,,,,,,False,False,
refinement,rg_gamma55__raw,train,937,rg_gamma55,current,region_growing,raw,0,0,both_tolerable,True,0.8564224849081498,3.2663725220992474,0.37419608872555454,0.37419608872555454,0.37419608872555454,0.0,6453,6453,6453,0,0.2373558672938434,0.2373558672938434,0.8836200216953355,0.8836200216953355,0.39344006199826254,0.06123004400069476,0.23837473900130135,,,,,,,False,False,
refinement,rg_gamma60__closing_c3_d1,train,937,rg_gamma60,gamma60,region_growing,closing_c3_d1,3,1,both_tolerable,True,0.8564224849081498,3.2663725220992474,0.6020879502309562,0.348765951715546,0.6020879502309562,0.2533219985154102,13430,5676,13430,7754,0.21558506431336635,0.46934188069766475,0.9124383368569415,0.8395383469843634,0.401937981001538,0.05511934099922655,1.5722466360020917,,,,,,,False,False,
refinement,rg_gamma60__conservative_c2_d1,train,937,rg_gamma60,gamma60,region_growing,conservative_c2_d1,2,1,both_tolerable,True,0.8564224849081498,3.2663725220992474,0.5967954051370139,0.348765951715546,0.5967954051370139,0.24802945342146793,13236,5676,13236,7560,0.21558506431336635,0.4628064771260875,0.9124383368569415,0.8399818676337262,0.401937981001538,0.05511934099922655,0.6130290330002026,,,,,,,False,False,
refinement,rg_gamma60__current_c3_d2,train,937,rg_gamma60,gamma60,region_growing,current_c3_d2,3,2,both_tolerable,True,0.8564224849081498,3.2663725220992474,0.6734042123135384,0.348765951715546,0.6734042123135384,0.32463826059799245,25451,5676,25451,19775,0.21558506431336635,0.6934188069766474,0.9124383368569415,0.6545125928254293,0.401937981001538,0.05511934099922655,1.8590960030014685,,,,,,,False,False,
refinement,rg_gamma60__raw,train,937,rg_gamma60,gamma60,region_growing,raw,0,0,both_tolerable,True,0.8564224849081498,3.2663725220992474,0.348765951715546,0.348765951715546,0.348765951715546,0.0,5676,5676,5676,0,0.21558506431336635,0.21558506431336635,0.9124383368569415,0.9124383368569415,0.401937981001538,0.05511934099922655,0.24216244099807227,,,,,,,False,False,
refinement,rg_gamma65__closing_c3_d1,train,937,rg_gamma65,gamma65,region_growing,closing_c3_d1,3,1,both_tolerable,True,0.8564224849081498,3.2663725220992474,0.5723596995139196,0.3290472607892757,0.5723596995139196,0.24331243872464392,12185,5219,12185,6966,0.20026641135578405,0.43133663572409775,0.9218241042345277,0.8503898235535494,0.3908491160000267,0.05203839900059393,1.5524254999982077,,,,,,,False,False,
refinement,rg_gamma65__conservative_c2_d1,train,937,rg_gamma65,gamma65,region_growing,conservative_c2_d1,2,1,both_tolerable,True,0.8564224849081498,3.2663725220992474,0.5691259554669326,0.3290472607892757,0.5691259554669326,0.24007869467765686,12085,5219,12085,6866,0.20026641135578405,0.4277151063564084,0.9218241042345277,0.8502275548200249,0.3908491160000267,0.05203839900059393,0.6118183620019408,,,,,,,False,False,
refinement,rg_gamma65__current_c3_d2,train,937,rg_gamma65,gamma65,region_growing,current_c3_d2,3,2,both_tolerable,True,0.8564224849081498,3.2663725220992474,0.6555312970303325,0.3290472607892757,0.6555312970303325,0.3264840362410568,23154,5219,23154,17935,0.20026641135578405,0.6436748116388461,0.9218241042345277,0.6678327718752699,0.3908491160000267,0.05203839900059393,1.8213789090004866,,,,,,,False,False,
refinement,rg_gamma65__raw,train,937,rg_gamma65,gamma65,region_growing,raw,0,0,both_tolerable,True,0.8564224849081498,3.2663725220992474,0.3290472607892757,0.3290472607892757,0.3290472607892757,0.0,5219,5219,5219,0,0.20026641135578405,0.20026641135578405,0.9218241042345277,0.9218241042345277,0.3908491160000267,0.05203839900059393,0.2455579380002746,,,,,,,False,False,
refinement,rg_gamma70__closing_c3_d1,train,937,rg_gamma70,gamma70,region_growing,closing_c3_d1,3,1,both_tolerable,True,0.8564224849081498,3.2663725220992474,0.5601465614430665,0.31760843269396927,0.5601465614430665,0.24253812874909725,11457,4912,11457,6545,0.19127502809807267,0.4136452566290638,0.9354641693811075,0.867330016583748,0.3907238589999906,0.048311538997950265,1.5672142980001809,,,,,,,False,False,
refinement,rg_gamma70__conservative_c2_d1,train,937,rg_gamma70,gamma70,region_growing,conservative_c2_d1,2,1,both_tolerable,True,0.8564224849081498,3.2663725220992474,0.5576678624897602,0.31760843269396927,0.5576678624897602,0.24005942979579092,11378,4912,11378,6466,0.19127502809807267,0.4108978895225409,0.9354641693811075,0.8675514150114255,0.3907238589999906,0.048311538997950265,0.6139293689993792,,,,,,,False,False,
refinement,rg_gamma70__current_c3_d2,train,937,rg_gamma70,gamma70,region_growing,current_c3_d2,3,2,both_tolerable,True,0.8564224849081498,3.2663725220992474,0.6525079669969878,0.31760843269396927,0.6525079669969878,0.3348995343030185,21791,4912,21791,16879,0.19127502809807267,0.6221953960787578,0.9354641693811075,0.6859253820384562,0.3907238589999906,0.048311538997950265,1.8253081490001932,,,,,,,False,False,
refinement,rg_gamma70__raw,train,937,rg_gamma70,gamma70,region_growing,raw,0,0,both_tolerable,True,0.8564224849081498,3.2663725220992474,0.31760843269396927,0.31760843269396927,0.31760843269396927,0.0,4912,4912,4912,0,0.19127502809807267,0.19127502809807267,0.9354641693811075,0.9354641693811075,0.3907238589999906,0.048311538997950265,0.23542685699794674,,,,,,,False,False,
refinement,fc_alpha_018__closing_c3_d1,train,965,fc_alpha_018,current,fuzzy_connectedness,closing_c3_d1,3,1,both_tolerable,True,0.7734375,0.7734375,0.5742000868683944,0.3540258143822987,0.5742000868683944,0.22017427248609572,13779,6504,13779,7275,0.2186313848823338,0.4301051946643531,0.9298892988929889,0.8634879163945134,0.3979146130004665,1.5409596019999299,1.54864283599818,6504.0,575716.0,500000.0,0.18,8.0,False,False,True,
refinement,fc_alpha_018__conservative_c2_d1,train,965,fc_alpha_018,current,fuzzy_connectedness,conservative_c2_d1,2,1,both_tolerable,True,0.7734375,0.7734375,0.5728110710570247,0.3540258143822987,0.5728110710570247,0.21878525667472598,13670,6504,13670,7166,0.2186313848823338,0.42793623251274265,0.9298892988929889,0.8659839063643013,0.3979146130004665,1.5409596019999299,0.6050657949999731,6504.0,575716.0,500000.0,0.18,8.0,False,False,True,
refinement,fc_alpha_018__current_c3_d2,train,965,fc_alpha_018,current,fuzzy_connectedness,current_c3_d2,3,2,both_tolerable,True,0.7734375,0.7734375,0.6351208850202273,0.3540258143822987,0.6351208850202273,0.28109507063792866,24494,6504,24494,17990,0.2186313848823338,0.598742001952066,0.9298892988929889,0.6762064178982607,0.3979146130004665,1.5409596019999299,1.814524232999247,6504.0,575716.0,500000.0,0.18,8.0,False,False,True,
refinement,fc_alpha_018__raw,train,965,fc_alpha_018,current,fuzzy_connectedness,raw,0,0,both_tolerable,True,0.7734375,0.7734375,0.3540258143822987,0.3540258143822987,0.3540258143822987,0.0,6504,6504,6504,0,0.2186313848823338,0.2186313848823338,0.9298892988929889,0.9298892988929889,0.3979146130004665,1.5409596019999299,0.2358031990006566,6504.0,575716.0,500000.0,0.18,8.0,False,False,True,
refinement,fc_current__closing_c3_d1,train,965,fc_current,current,fuzzy_connectedness,closing_c3_d1,3,1,both_tolerable,True,0.7734375,0.7734375,0.6327832688106927,0.40839284237227386,0.6327832688106927,0.22439042643841883,18574,8606,18574,9968,0.2677222282471171,0.5288291219318223,0.8605623983267487,0.7876063314310326,0.3979146130004665,1.9367167359996529,1.5355151879994082,8606.0,575716.0,500000.0,0.16,8.0,False,False,True,
refinement,fc_current__conservative_c2_d1,train,965,fc_current,current,fuzzy_connectedness,conservative_c2_d1,2,1,both_tolerable,True,0.7734375,0.7734375,0.6314045984526534,0.40839284237227386,0.6314045984526534,0.22301175608037954,18222,8606,18222,9616,0.2677222282471171,0.5236597621371507,0.8605623983267487,0.7949731094281638,0.3979146130004665,1.9367167359996529,0.6007391540006211,8606.0,575716.0,500000.0,0.16,8.0,False,False,True,
refinement,fc_current__current_c3_d2,train,965,fc_current,current,fuzzy_connectedness,current_c3_d2,3,2,both_tolerable,True,0.7734375,0.7734375,0.6673505178518249,0.40839284237227386,0.6673505178518249,0.258957675479551,32779,8606,32779,24173,0.2677222282471171,0.7290604778946608,0.8605623983267487,0.6152719729094848,0.3979146130004665,1.9367167359996529,1.7890716340007202,8606.0,575716.0,500000.0,0.16,8.0,False,False,True,
refinement,fc_current__raw,train,965,fc_current,current,fuzzy_connectedness,raw,0,0,both_tolerable,True,0.7734375,0.7734375,0.40839284237227386,0.40839284237227386,0.40839284237227386,0.0,8606,8606,8606,0,0.2677222282471171,0.2677222282471171,0.8605623983267487,0.8605623983267487,0.3979146130004665,1.9367167359996529,0.23262211399924126,8606.0,575716.0,500000.0,0.16,8.0,False,False,True,
refinement,fc_floor_020__closing_c3_d1,train,965,fc_floor_020,current,fuzzy_connectedness,closing_c3_d1,3,1,both_tolerable,True,0.7734375,0.7734375,0.6343304505359415,0.4102352455633512,0.6343304505359415,0.22409520497259028,18704,8682,18704,10022,0.26949354733759895,0.5316126233597224,0.8586731167933656,0.7862489307100086,0.3979146130004665,1.9652368889983336,1.5640160129987635,8682.0,536257.0,500000.0,0.16,8.0,False,False,True,
refinement,fc_floor_020__conservative_c2_d1,train,965,fc_floor_020,current,fuzzy_connectedness,conservative_c2_d1,2,1,both_tolerable,True,0.7734375,0.7734375,0.6327501901553841,0.4102352455633512,0.6327501901553841,0.22251494459203291,18352,8682,18352,9670,0.26949354733759895,0.5262625167190833,0.8586731167933656,0.7932650392327811,0.3979146130004665,1.9652368889983336,0.6305882259985083,8682.0,536257.0,500000.0,0.16,8.0,False,False,True,
refinement,fc_floor_020__current_c3_d2,train,965,fc_floor_020,current,fuzzy_connectedness,current_c3_d2,3,2,both_tolerable,True,0.7734375,0.7734375,0.6667436413419985,0.4102352455633512,0.6667436413419985,0.25650839577864726,32963,8682,32963,24281,0.26949354733759895,0.7306149007699816,0.8586731167933656,0.6131420077056093,0.3979146130004665,1.9652368889983336,1.781889781002974,8682.0,536257.0,500000.0,0.16,8.0,False,False,True,
refinement,fc_floor_020__raw,train,965,fc_floor_020,current,fuzzy_connectedness,raw,0,0,both_tolerable,True,0.7734375,0.7734375,0.4102352455633512,0.4102352455633512,0.4102352455633512,0.0,8682,8682,8682,0,0.26949354733759895,0.26949354733759895,0.8586731167933656,0.8586731167933656,0.3979146130004665,1.9652368889983336,0.2332934900005057,8682.0,536257.0,500000.0,0.16,8.0,False,False,True,
refinement,fc_floor_022__closing_c3_d1,train,965,fc_floor_022,current,fuzzy_connectedness,closing_c3_d1,3,1,both_tolerable,True,0.7734375,0.7734375,0.6376166424107526,0.41439960549026056,0.6376166424107526,0.223217036920492,19061,8838,19061,10223,0.2733976792104978,0.5384810035064889,0.8557365919891378,0.781491002570694,0.3979146130004665,1.999272450000717,1.5575521460013988,8838.0,502611.0,500000.0,0.16,8.0,False,False,True,
refinement,fc_floor_022__conservative_c2_d1,train,965,fc_floor_022,current,fuzzy_connectedness,conservative_c2_d1,2,1,both_tolerable,True,0.7734375,0.7734375,0.6356753025433052,0.41439960549026056,0.6356753025433052,0.22127569705304462,18694,8838,18694,9856,0.2733976792104978,0.5326248056971405,0.8557365919891378,0.7881673264148925,0.3979146130004665,1.999272450000717,0.6125088879998657,8838.0,502611.0,500000.0,0.16,8.0,False,False,True,
refinement,fc_floor_022__current_c3_d2,train,965,fc_floor_022,current,fuzzy_connectedness,current_c3_d2,3,2,both_tolerable,True,0.7734375,0.7734375,0.6668408760554639,0.41439960549026056,0.6668408760554639,0.2524412705652034,33566,8838,33566,24728,0.2733976792104978,0.7379893720854571,0.8557365919891378,0.6082047309777752,0.3979146130004665,1.999272450000717,1.8113844349973078,8838.0,502611.0,500000.0,0.16,8.0,False,False,True,
refinement,fc_floor_022__raw,train,965,fc_floor_022,current,fuzzy_connectedness,raw,0,0,both_tolerable,True,0.7734375,0.7734375,0.41439960549026056,0.41439960549026056,0.41439960549026056,0.0,8838,8838,8838,0,0.2733976792104978,0.2733976792104978,0.8557365919891378,0.8557365919891378,0.3979146130004665,1.999272450000717,0.23989424600222264,8838.0,502611.0,500000.0,0.16,8.0,False,False,True,
refinement,fc_floor_022_alpha_018__closing_c3_d1,train,965,fc_floor_022_alpha_018,current,fuzzy_connectedness,closing_c3_d1,3,1,both_tolerable,True,0.7734375,0.7734375,0.5756759357259694,0.3569676439668263,0.5756759357259694,0.21870829175914314,13909,6581,13909,7328,0.22094494451071828,0.4325633517695116,0.9287342349187053,0.8603062765116112,0.3979146130004665,1.572961922000104,1.5937250210008642,6581.0,502611.0,500000.0,0.18,8.0,False,False,True,
refinement,fc_floor_022_alpha_018__conservative_c2_d1,train,965,fc_floor_022_alpha_018,current,fuzzy_connectedness,conservative_c2_d1,2,1,both_tolerable,True,0.7734375,0.7734375,0.5743715926086747,0.3569676439668263,0.5743715926086747,0.21740394864184837,13791,6581,13791,7210,0.22094494451071828,0.43035824024870767,0.9287342349187053,0.8632441447320717,0.3979146130004665,1.572961922000104,0.6092107850017783,6581.0,502611.0,500000.0,0.18,8.0,False,False,True,
refinement,fc_floor_022_alpha_018__current_c3_d2,train,965,fc_floor_022_alpha_018,current,fuzzy_connectedness,current_c3_d2,3,2,both_tolerable,True,0.7734375,0.7734375,0.6341370218944633,0.3569676439668263,0.6341370218944633,0.277169377927637,24679,6581,24679,18098,0.22094494451071828,0.5999349311354517,0.9287342349187053,0.6724745735240488,0.3979146130004665,1.572961922000104,1.8842138159998285,6581.0,502611.0,500000.0,0.18,8.0,False,False,True,
refinement,fc_floor_022_alpha_018__raw,train,965,fc_floor_022_alpha_018,current,fuzzy_connectedness,raw,0,0,both_tolerable,True,0.7734375,0.7734375,0.3569676439668263,0.3569676439668263,0.3569676439668263,0.0,6581,6581,6581,0,0.22094494451071828,0.22094494451071828,0.9287342349187053,0.9287342349187053,0.3979146130004665,1.572961922000104,0.23784983700170415,6581.0,502611.0,500000.0,0.18,8.0,False,False,True,
refinement,fc_floor_024__closing_c3_d1,train,965,fc_floor_024,current,fuzzy_connectedness,closing_c3_d1,3,1,both_tolerable,True,0.7734375,0.7734375,0.6391990265354482,0.41669627969275347,0.6391990265354482,0.22250274684269478,19180,8920,19180,10260,0.27553049199291474,0.5411922061960018,0.8544843049327354,0.7805526590198123,0.3979146130004665,1.95302843600075,1.5627551570032665,8920.0,473534.0,473534.0,0.16,8.0,False,False,False,
refinement,fc_floor_024__conservative_c2_d1,train,965,fc_floor_024,current,fuzzy_connectedness,conservative_c2_d1,2,1,both_tolerable,True,0.7734375,0.7734375,0.6371871839562757,0.41669627969275347,0.6371871839562757,0.22049090426352225,18810,8920,18810,9890,0.27553049199291474,0.5352275602790731,0.8544843049327354,0.7871345029239766,0.3979146130004665,1.95302843600075,0.6120220269986021,8920.0,473534.0,473534.0,0.16,8.0,False,False,False,
refinement,fc_floor_024__current_c3_d2,train,965,fc_floor_024,current,fuzzy_connectedness,current_c3_d2,3,2,both_tolerable,True,0.7734375,0.7734375,0.6662540515008877,0.41669627969275347,0.6662540515008877,0.2495577718081342,33734,8920,33734,24814,0.27553049199291474,0.7393630481148104,0.8544843049327354,0.6063022469911662,0.3979146130004665,1.95302843600075,1.806238855002448,8920.0,473534.0,473534.0,0.16,8.0,False,False,False,
refinement,fc_floor_024__raw,train,965,fc_floor_024,current,fuzzy_connectedness,raw,0,0,both_tolerable,True,0.7734375,0.7734375,0.41669627969275347,0.41669627969275347,0.41669627969275347,0.0,8920,8920,8920,0,0.27553049199291474,0.27553049199291474,0.8544843049327354,0.8544843049327354,0.3979146130004665,1.95302843600075,0.23696982900219155,8920.0,473534.0,473534.0,0.16,8.0,False,False,False,
refinement,rg_gamma55__closing_c3_d1,train,965,rg_gamma55,current,region_growing,closing_c3_d1,3,1,both_tolerable,True,0.7734375,0.7734375,0.5604261195502072,0.3619781219075129,0.5604261195502072,0.19844799764269427,23027,9726,23027,13301,0.24462278133246576,0.5134656400245816,0.6957639317293851,0.6168410995787553,0.3979146130004665,0.085390054002346,1.5438043319991266,,,,,,,False,False,
refinement,rg_gamma55__conservative_c2_d1,train,965,rg_gamma55,current,region_growing,conservative_c2_d1,2,1,both_tolerable,True,0.7734375,0.7734375,0.5602787177382216,0.3619781219075129,0.5602787177382216,0.1983005958307087,22280,9726,22280,12554,0.24462278133246576,0.5057658243863644,0.6957639317293851,0.6279622980251347,0.3979146130004665,0.085390054002346,0.5978973769997538,,,,,,,False,False,
refinement,rg_gamma55__current_c3_d2,train,965,rg_gamma55,current,region_growing,current_c3_d2,3,2,both_tolerable,True,0.7734375,0.7734375,0.5927214189208613,0.3619781219075129,0.5927214189208613,0.2307432970133484,41911,9726,41911,32185,0.24462278133246576,0.7453638434009326,0.6957639317293851,0.4919710815776288,0.3979146130004665,0.085390054002346,1.7891987900002277,,,,,,,False,False,
refinement,rg_gamma55__raw,train,965,rg_gamma55,current,region_growing,raw,0,0,both_tolerable,True,0.7734375,0.7734375,0.3619781219075129,0.3619781219075129,0.3619781219075129,0.0,9726,9726,9726,0,0.24462278133246576,0.24462278133246576,0.6957639317293851,0.6957639317293851,0.3979146130004665,0.085390054002346,0.2361678759989445,,,,,,,False,False,
refinement,rg_gamma60__closing_c3_d1,train,965,rg_gamma60,gamma60,region_growing,closing_c3_d1,3,1,both_tolerable,True,0.7734375,0.7734375,0.5923600908240951,0.35572649572649573,0.5923600908240951,0.2366335950975994,17259,7437,17259,9822,0.22568051187506777,0.48096735711961824,0.8394513916901977,0.7709021380149487,0.40326174200163223,0.06732981899767765,1.5605930689998786,,,,,,,False,False,
refinement,rg_gamma60__conservative_c2_d1,train,965,rg_gamma60,gamma60,region_growing,conservative_c2_d1,2,1,both_tolerable,True,0.7734375,0.7734375,0.5897689028494503,0.35572649572649573,0.5897689028494503,0.23404240712295454,16907,7437,16907,9470,0.22568051187506777,0.47511115931027004,0.8394513916901977,0.7773703199858047,0.40326174200163223,0.06732981899767765,0.6100493820013071,,,,,,,False,False,
refinement,rg_gamma60__current_c3_d2,train,965,rg_gamma60,gamma60,region_growing,current_c3_d2,3,2,both_tolerable,True,0.7734375,0.7734375,0.6626800303208962,0.35572649572649573,0.6626800303208962,0.30695353459440045,31702,7437,31702,24265,0.22568051187506777,0.711058092036294,0.8394513916901977,0.6204655857674595,0.40326174200163223,0.06732981899767765,1.8196843940022518,,,,,,,False,False,
refinement,rg_gamma60__raw,train,965,rg_gamma60,gamma60,region_growing,raw,0,0,both_tolerable,True,0.7734375,0.7734375,0.35572649572649573,0.35572649572649573,0.35572649572649573,0.0,7437,7437,7437,0,0.22568051187506777,0.22568051187506777,0.8394513916901977,0.8394513916901977,0.40326174200163223,0.06732981899767765,0.23613406300137285,,,,,,,False,False,
refinement,rg_gamma65__closing_c3_d1,train,965,rg_gamma65,gamma65,region_growing,closing_c3_d1,3,1,both_tolerable,True,0.7734375,0.7734375,0.584713983773096,0.34208092485549135,0.584713983773096,0.24263305891760467,16338,6937,16338,9401,0.21393196688717783,0.4650254853052814,0.8531065302003747,0.7873668747704737,0.3899810900002194,0.06365672600077232,1.5456035370007157,,,,,,,False,False,
refinement,rg_gamma65__conservative_c2_d1,train,965,rg_gamma65,gamma65,region_growing,conservative_c2_d1,2,1,both_tolerable,True,0.7734375,0.7734375,0.5814725752891332,0.34208092485549135,0.5814725752891332,0.23939165043364186,16002,6937,16002,9065,0.21393196688717783,0.45891624191157865,0.8531065302003747,0.7933383327084115,0.3899810900002194,0.06365672600077232,0.6046746419997362,,,,,,,False,False,
refinement,rg_gamma65__current_c3_d2,train,965,rg_gamma65,gamma65,region_growing,current_c3_d2,3,2,both_tolerable,True,0.7734375,0.7734375,0.6665746666436667,0.34208092485549135,0.6665746666436667,0.32449374178817536,30308,6937,30308,23371,0.21393196688717783,0.6984419621877598,0.8531065302003747,0.6374884518938894,0.3899810900002194,0.06365672600077232,1.7857721500004118,,,,,,,False,False,
refinement,rg_gamma65__raw,train,965,rg_gamma65,gamma65,region_growing,raw,0,0,both_tolerable,True,0.7734375,0.7734375,0.34208092485549135,0.34208092485549135,0.34208092485549135,0.0,6937,6937,6937,0,0.21393196688717783,0.21393196688717783,0.8531065302003747,0.8531065302003747,0.3899810900002194,0.06365672600077232,0.23910002999764401,,,,,,,False,False,
refinement,rg_gamma70__closing_c3_d1,train,965,rg_gamma70,gamma70,region_growing,closing_c3_d1,3,1,both_tolerable,True,0.7734375,0.7734375,0.5618145083702136,0.3188569391634981,0.5618145083702136,0.24295756920671552,13913,6001,13913,7912,0.19401366446155516,0.42218848281097493,0.8943509415097484,0.8394307482210882,0.389653616999567,0.05562105100034387,1.5428702739991422,,,,,,,False,False,
refinement,rg_gamma70__conservative_c2_d1,train,965,rg_gamma70,gamma70,region_growing,conservative_c2_d1,2,1,both_tolerable,True,0.7734375,0.7734375,0.5586013173188686,0.3188569391634981,0.5586013173188686,0.23974437815537053,13633,6001,13633,7632,0.19401366446155516,0.41694682427791635,0.8943509415097484,0.8460353553876623,0.389653616999567,0.05562105100034387,0.618279350001103,,,,,,,False,False,
refinement,rg_gamma70__current_c3_d2,train,965,rg_gamma70,gamma70,region_growing,current_c3_d2,3,2,both_tolerable,True,0.7734375,0.7734375,0.6677537861748388,0.3188569391634981,0.6677537861748388,0.3488968470113407,25689,6001,25689,19688,0.19401366446155516,0.6439287134439504,0.8943509415097484,0.6934096305811827,0.389653616999567,0.05562105100034387,1.7934723229991505,,,,,,,False,False,
refinement,rg_gamma70__raw,train,965,rg_gamma70,gamma70,region_growing,raw,0,0,both_tolerable,True,0.7734375,0.7734375,0.3188569391634981,0.3188569391634981,0.3188569391634981,0.0,6001,6001,6001,0,0.19401366446155516,0.19401366446155516,0.8943509415097484,0.8943509415097484,0.389653616999567,0.05562105100034387,0.23255300199889462,,,,,,,False,False,
