{
  "execution_info": {
    "timestamp": "2026-03-08T20:50:24.714853",
    "split_name": "val",
    "num_images": 90,
    "image_ids": [
      28,
      380,
      854,
      937,
      315,
      428,
      752,
      13,
      538,
      965,
      447,
      836,
      603,
      676,
      44,
      129,
      518,
      793,
      550,
      631,
      330,
      90,
      608,
      887,
      175,
      760,
      696,
      194,
      305,
      344,
      867,
      450,
      788,
      362,
      10,
      605,
      23,
      553,
      922,
      682,
      934,
      737,
      510,
      2,
      420,
      881,
      11,
      906,
      251,
      409,
      134,
      822,
      248,
      907,
      873,
      376,
      821,
      988,
      750,
      459,
      798,
      545,
      230,
      293,
      567,
      32,
      647,
      526,
      339,
      810,
      570,
      899,
      606,
      364,
      813,
      883,
      352,
      444,
      434,
      291,
      705,
      219,
      227,
      512,
      769,
      870,
      184,
      384,
      266,
      764
    ],
    "execution_time_seconds": 7288.537588834763,
    "python_version": "3.12.0",
    "platform": "Linux-5.15.0-170-generic-x86_64-with-glibc2.35"
  },
  "preprocessing_config": {
    "downscale_method": "scipy",
    "opencv_interpolation": null,
    "downscale_factors": [
      2,
      2,
      1
    ],
    "max_threshold_percentile": 99.7
  },
  "vesselness_config": {
    "ostios": {
      "sigmas": [
        2.5
      ],
      "alpha": 0.5,
      "beta": 1,
      "gamma": 30
    },
    "artery": {
      "sigmas": [
        1.5,
        2.0,
        2.5,
        3.0
      ],
      "alpha": 0.5,
      "beta": 0.5,
      "gamma": 55
    }
  },
  "circle_detection_config": {
    "radii_start_mm": 38,
    "radii_end_mm": 62,
    "tol_radius_mm": 9.0,
    "tol_distance_mm": 20.0,
    "max_slice_miss_threshold": 5,
    "neighbor_distance_threshold": 5,
    "total_num_peaks_initial": 15,
    "total_num_peaks": 15,
    "canny_sigma": 3
  },
  "level_set_config": {
    "radius_reduction_factor": 0.15,
    "num_iter": 35,
    "balloon": 0.8,
    "smoothing": 2
  },
  "ostia_detection_config": {
    "top_n": 2000,
    "max_z_diff_mm": 40.0,
    "lower_fraction": 0.8,
    "min_center_distance_factor": 0.85,
    "min_lateral_factor": 0.4,
    "erosion_radius": 4
  },
  "postprocessing_config": {
    "closing_radius": 3,
    "dilation_radius": 2
  },
  "cache_config": {
    "load_cache": false,
    "save_cache": false
  },
  "evaluation_config": {
    "tolerable_distance_mm": 7.0
  },
  "results_summary": {
    "total_processed": 90,
    "both_correct": 9,
    "both_correct_percent": 10.0,
    "both_tolerable": 69,
    "both_tolerable_percent": 76.66666666666667,
    "total_success": 78,
    "total_success_percent": 86.66666666666667,
    "left_correct": 30,
    "right_correct": 22,
    "errors": 0,
    "dice_artery_mean": 0.6347419572961731,
    "dice_artery_std": 0.13156785689158174,
    "dice_artery_median": 0.6863035722570305
  },
  "paths": {
    "base_path": "/data04/home/mpmaia/ImageCAS/database/1-1000",
    "base_save_path": "/media/matheus/HD/DatasetsCCTA/Processed_ImageCAS",
    "output_dir": "/data04/home/projetos/dac_seg_dlag/mssilva.ppgmc/matheus_codes/coronary-centerline-detection/output"
  }
}